id,root,quality,quality_label,formula,level,category,shape_name,fret_code,frets,string_set,inversion,triad_inversion,priority,max_fret,fret_span_excluding_open,notes_sharp,intervals,related_suspended_ids
C_diminished_triad_position_triad_6-5-4_second_inversion_b5-1-b3_2-3-1-x-x-x,C,diminished,dim,1 b3 b5,advanced_reference,triad_position,triad_6-5-4_second_inversion_b5-1-b3,2-3-1-x-x-x,"[2, 3, 1, null, null, null]",6-5-4,second_inversion,second_inversion,60,3,2,F# C D# None None None,b5 1 b3 None None None,{}
C_diminished_triad_position_triad_4-3-2_second_inversion_b5-1-b3_x-x-4-5-4-x,C,diminished,dim,1 b3 b5,advanced_reference,triad_position,triad_4-3-2_second_inversion_b5-1-b3,x-x-4-5-4-x,"[null, null, 4, 5, 4, null]",4-3-2,second_inversion,second_inversion,60,5,1,None None F# C D# None,None None b5 1 b3 None,{}
C_diminished_triad_position_triad_3-2-1_root_position_1-b3-b5_x-x-x-5-4-2,C,diminished,dim,1 b3 b5,advanced_reference,triad_position,triad_3-2-1_root_position_1-b3-b5,x-x-x-5-4-2,"[null, null, null, 5, 4, 2]",3-2-1,root_position,root_position,60,5,3,None None None C D# F#,None None None 1 b3 b5,{}
C_diminished_triad_position_triad_5-4-3_first_inversion_b3-b5-1_x-6-4-5-x-x,C,diminished,dim,1 b3 b5,advanced_reference,triad_position,triad_5-4-3_first_inversion_b3-b5-1,x-6-4-5-x-x,"[null, 6, 4, 5, null, null]",5-4-3,first_inversion_or_suspended_bass,first_inversion,60,6,2,None D# F# C None None,None b3 b5 1 None None,{}
C_diminished_triad_position_triad_6-5-4_root_position_1-b3-b5_8-6-4-x-x-x,C,diminished,dim,1 b3 b5,advanced_reference,triad_position,triad_6-5-4_root_position_1-b3-b5,8-6-4-x-x-x,"[8, 6, 4, null, null, null]",6-5-4,root_position,root_position,60,8,4,C D# F# None None None,1 b3 b5 None None None,{}
C_diminished_triad_position_triad_3-2-1_first_inversion_b3-b5-1_x-x-x-8-7-8,C,diminished,dim,1 b3 b5,advanced_reference,triad_position,triad_3-2-1_first_inversion_b3-b5-1,x-x-x-8-7-8,"[null, null, null, 8, 7, 8]",3-2-1,first_inversion_or_suspended_bass,first_inversion,60,8,1,None None None D# F# C,None None None b3 b5 1,{}
C_diminished_triad_position_triad_5-4-3_second_inversion_b5-1-b3_x-9-10-8-x-x,C,diminished,dim,1 b3 b5,advanced_reference,triad_position,triad_5-4-3_second_inversion_b5-1-b3,x-9-10-8-x-x,"[null, 9, 10, 8, null, null]",5-4-3,second_inversion,second_inversion,60,10,2,None F# C D# None None,None b5 1 b3 None None,{}
C_diminished_triad_position_triad_4-3-2_root_position_1-b3-b5_x-x-10-8-7-x,C,diminished,dim,1 b3 b5,advanced_reference,triad_position,triad_4-3-2_root_position_1-b3-b5,x-x-10-8-7-x,"[null, null, 10, 8, 7, null]",4-3-2,root_position,root_position,60,10,3,None None C D# F# None,None None 1 b3 b5 None,{}
C_diminished_triad_position_triad_6-5-4_first_inversion_b3-b5-1_11-9-10-x-x-x,C,diminished,dim,1 b3 b5,advanced_reference,triad_position,triad_6-5-4_first_inversion_b3-b5-1,11-9-10-x-x-x,"[11, 9, 10, null, null, null]",6-5-4,first_inversion_or_suspended_bass,first_inversion,60,11,2,D# F# C None None None,b3 b5 1 None None None,{}
C_diminished_triad_position_triad_4-3-2_first_inversion_b3-b5-1_x-x-13-11-13-x,C,diminished,dim,1 b3 b5,advanced_reference,triad_position,triad_4-3-2_first_inversion_b3-b5-1,x-x-13-11-13-x,"[null, null, 13, 11, 13, null]",4-3-2,first_inversion_or_suspended_bass,first_inversion,60,13,2,None None D# F# C None,None None b3 b5 1 None,{}
C_diminished_triad_position_triad_3-2-1_second_inversion_b5-1-b3_x-x-x-11-13-11,C,diminished,dim,1 b3 b5,advanced_reference,triad_position,triad_3-2-1_second_inversion_b5-1-b3,x-x-x-11-13-11,"[null, null, null, 11, 13, 11]",3-2-1,second_inversion,second_inversion,60,13,2,None None None F# C D#,None None None b5 1 b3,{}
C_diminished_triad_position_triad_6-5-4_second_inversion_b5-1-b3_14-15-13-x-x-x,C,diminished,dim,1 b3 b5,advanced_reference,triad_position,triad_6-5-4_second_inversion_b5-1-b3,14-15-13-x-x-x,"[14, 15, 13, null, null, null]",6-5-4,second_inversion,second_inversion,60,15,2,F# C D# None None None,b5 1 b3 None None None,{}
C_diminished_triad_position_triad_5-4-3_root_position_1-b3-b5_x-15-13-11-x-x,C,diminished,dim,1 b3 b5,advanced_reference,triad_position,triad_5-4-3_root_position_1-b3-b5,x-15-13-11-x-x,"[null, 15, 13, 11, null, null]",5-4-3,root_position,root_position,60,15,4,None C D# F# None None,None 1 b3 b5 None None,{}
C_diminished_triad_position_triad_4-3-2_second_inversion_b5-1-b3_x-x-16-17-16-x,C,diminished,dim,1 b3 b5,advanced_reference,triad_position,triad_4-3-2_second_inversion_b5-1-b3,x-x-16-17-16-x,"[null, null, 16, 17, 16, null]",4-3-2,second_inversion,second_inversion,60,17,1,None None F# C D# None,None None b5 1 b3 None,{}
C_diminished_triad_position_triad_3-2-1_root_position_1-b3-b5_x-x-x-17-16-14,C,diminished,dim,1 b3 b5,advanced_reference,triad_position,triad_3-2-1_root_position_1-b3-b5,x-x-x-17-16-14,"[null, null, null, 17, 16, 14]",3-2-1,root_position,root_position,60,17,3,None None None C D# F#,None None None 1 b3 b5,{}
C_diminished_triad_position_triad_5-4-3_first_inversion_b3-b5-1_x-18-16-17-x-x,C,diminished,dim,1 b3 b5,advanced_reference,triad_position,triad_5-4-3_first_inversion_b3-b5-1,x-18-16-17-x-x,"[null, 18, 16, 17, null, null]",5-4-3,first_inversion_or_suspended_bass,first_inversion,60,18,2,None D# F# C None None,None b3 b5 1 None None,{}
C_diminished7_movable_diminished_A_root_dim7_diamond_x-3-4-2-4-x,C,diminished7,dim7,1 b3 b5 bb7,intermediate_core,movable_diminished,A_root_dim7_diamond,x-3-4-2-4-x,"[null, 3, 4, 2, 4, null]",,root_position,,45,4,2,None C F# A D# None,None 1 b5 6/bb7 b3 None,{}
C_diminished7_movable_diminished_E_root_dim7_barre_8-x-7-8-7-x,C,diminished7,dim7,1 b3 b5 bb7,intermediate_core,movable_diminished,E_root_dim7_barre,8-x-7-8-7-x,"[8, null, 7, 8, 7, null]",,root_position,,45,8,1,C None A D# F# None,1 None 6/bb7 b3 b5 None,{}
C_diminished7_compact_seventh_position_seventh_4-3-2-1_b3-bb7-1-b5_x-x-1-2-1-2,C,diminished7,dim7,1 b3 b5 bb7,advanced_reference,compact_seventh_position,seventh_4-3-2-1_b3-bb7-1-b5,x-x-1-2-1-2,"[null, null, 1, 2, 1, 2]",4-3-2-1,first_inversion_or_suspended_bass,,80,2,1,None None D# A C F#,None None b3 6/bb7 1 b5,{}
C_diminished7_compact_seventh_position_seventh_6-5-4-3_b5-1-b3-bb7_2-3-1-2-x-x,C,diminished7,dim7,1 b3 b5 bb7,advanced_reference,compact_seventh_position,seventh_6-5-4-3_b5-1-b3-bb7,2-3-1-2-x-x,"[2, 3, 1, 2, null, null]",6-5-4-3,second_inversion,,80,3,2,F# C D# A None None,b5 1 b3 6/bb7 None None,{}
C_diminished7_compact_seventh_position_seventh_6-5-4-3_b5-bb7-b3-1_2-0-1-5-x-x,C,diminished7,dim7,1 b3 b5 bb7,advanced_reference,compact_seventh_position,seventh_6-5-4-3_b5-bb7-b3-1,2-0-1-5-x-x,"[2, 0, 1, 5, null, null]",6-5-4-3,second_inversion,,80,5,4,F# A D# C None None,b5 6/bb7 b3 1 None None,{}
C_diminished7_compact_seventh_position_seventh_5-4-3-2_bb7-b5-1-b3_x-0-4-5-4-x,C,diminished7,dim7,1 b3 b5 bb7,advanced_reference,compact_seventh_position,seventh_5-4-3-2_bb7-b5-1-b3,x-0-4-5-4-x,"[null, 0, 4, 5, 4, null]",5-4-3-2,seventh_in_bass,,80,5,1,None A F# C D# None,None 6/bb7 b5 1 b3 None,{}
C_diminished7_compact_seventh_position_seventh_4-3-2-1_b5-1-b3-bb7_x-x-4-5-4-5,C,diminished7,dim7,1 b3 b5 bb7,advanced_reference,compact_seventh_position,seventh_4-3-2-1_b5-1-b3-bb7,x-x-4-5-4-5,"[null, null, 4, 5, 4, 5]",4-3-2-1,second_inversion,,80,5,1,None None F# C D# A,None None b5 1 b3 6/bb7,{}
C_diminished7_compact_seventh_position_seventh_6-5-4-3_bb7-b3-b5-1_5-6-4-5-x-x,C,diminished7,dim7,1 b3 b5 bb7,advanced_reference,compact_seventh_position,seventh_6-5-4-3_bb7-b3-b5-1,5-6-4-5-x-x,"[5, 6, 4, 5, null, null]",6-5-4-3,seventh_in_bass,,80,6,2,A D# F# C None None,6/bb7 b3 b5 1 None None,{}
C_diminished7_compact_seventh_position_seventh_5-4-3-2_b3-bb7-1-b5_x-6-7-5-7-x,C,diminished7,dim7,1 b3 b5 bb7,advanced_reference,compact_seventh_position,seventh_5-4-3-2_b3-bb7-1-b5,x-6-7-5-7-x,"[null, 6, 7, 5, 7, null]",5-4-3-2,first_inversion_or_suspended_bass,,80,7,2,None D# A C F# None,None b3 6/bb7 1 b5 None,{}
C_diminished7_compact_seventh_position_seventh_4-3-2-1_bb7-b3-b5-1_x-x-7-8-7-8,C,diminished7,dim7,1 b3 b5 bb7,advanced_reference,compact_seventh_position,seventh_4-3-2-1_bb7-b3-b5-1,x-x-7-8-7-8,"[null, null, 7, 8, 7, 8]",4-3-2-1,seventh_in_bass,,80,8,1,None None A D# F# C,None None 6/bb7 b3 b5 1,{}
C_diminished7_compact_seventh_position_seventh_6-5-4-3_1-b5-bb7-b3_8-9-7-8-x-x,C,diminished7,dim7,1 b3 b5 bb7,advanced_reference,compact_seventh_position,seventh_6-5-4-3_1-b5-bb7-b3,8-9-7-8-x-x,"[8, 9, 7, 8, null, null]",6-5-4-3,root_position,,80,9,2,C F# A D# None None,1 b5 6/bb7 b3 None None,{}
C_diminished7_compact_seventh_position_seventh_5-4-3-2_b5-1-b3-bb7_x-9-10-8-10-x,C,diminished7,dim7,1 b3 b5 bb7,advanced_reference,compact_seventh_position,seventh_5-4-3-2_b5-1-b3-bb7,x-9-10-8-10-x,"[null, 9, 10, 8, 10, null]",5-4-3-2,second_inversion,,80,10,2,None F# C D# A None,None b5 1 b3 6/bb7 None,{}
C_diminished7_compact_seventh_position_seventh_4-3-2-1_1-b5-bb7-b3_x-x-10-11-10-11,C,diminished7,dim7,1 b3 b5 bb7,advanced_reference,compact_seventh_position,seventh_4-3-2-1_1-b5-bb7-b3,x-x-10-11-10-11,"[null, null, 10, 11, 10, 11]",4-3-2-1,root_position,,80,11,1,None None C F# A D#,None None 1 b5 6/bb7 b3,{}
C_diminished7_compact_seventh_position_seventh_6-5-4-3_b3-bb7-1-b5_11-12-10-11-x-x,C,diminished7,dim7,1 b3 b5 bb7,advanced_reference,compact_seventh_position,seventh_6-5-4-3_b3-bb7-1-b5,11-12-10-11-x-x,"[11, 12, 10, 11, null, null]",6-5-4-3,first_inversion_or_suspended_bass,,80,12,2,D# A C F# None None,b3 6/bb7 1 b5 None None,{}
C_diminished7_compact_seventh_position_seventh_5-4-3-2_bb7-b3-b5-1_x-12-13-11-13-x,C,diminished7,dim7,1 b3 b5 bb7,advanced_reference,compact_seventh_position,seventh_5-4-3-2_bb7-b3-b5-1,x-12-13-11-13-x,"[null, 12, 13, 11, 13, null]",5-4-3-2,seventh_in_bass,,80,13,2,None A D# F# C None,None 6/bb7 b3 b5 1 None,{}
C_diminished7_compact_seventh_position_seventh_4-3-2-1_b3-bb7-1-b5_x-x-13-14-13-14,C,diminished7,dim7,1 b3 b5 bb7,advanced_reference,compact_seventh_position,seventh_4-3-2-1_b3-bb7-1-b5,x-x-13-14-13-14,"[null, null, 13, 14, 13, 14]",4-3-2-1,first_inversion_or_suspended_bass,,80,14,1,None None D# A C F#,None None b3 6/bb7 1 b5,{}
C_diminished7_compact_seventh_position_seventh_6-5-4-3_b5-1-b3-bb7_14-15-13-14-x-x,C,diminished7,dim7,1 b3 b5 bb7,advanced_reference,compact_seventh_position,seventh_6-5-4-3_b5-1-b3-bb7,14-15-13-14-x-x,"[14, 15, 13, 14, null, null]",6-5-4-3,second_inversion,,80,15,2,F# C D# A None None,b5 1 b3 6/bb7 None None,{}
C_diminished7_compact_seventh_position_seventh_5-4-3-2_1-b5-bb7-b3_x-15-16-14-16-x,C,diminished7,dim7,1 b3 b5 bb7,advanced_reference,compact_seventh_position,seventh_5-4-3-2_1-b5-bb7-b3,x-15-16-14-16-x,"[null, 15, 16, 14, 16, null]",5-4-3-2,root_position,,80,16,2,None C F# A D# None,None 1 b5 6/bb7 b3 None,{}
C_diminished7_compact_seventh_position_seventh_4-3-2-1_b5-1-b3-bb7_x-x-16-17-16-17,C,diminished7,dim7,1 b3 b5 bb7,advanced_reference,compact_seventh_position,seventh_4-3-2-1_b5-1-b3-bb7,x-x-16-17-16-17,"[null, null, 16, 17, 16, 17]",4-3-2-1,second_inversion,,80,17,1,None None F# C D# A,None None b5 1 b3 6/bb7,{}
C_diminished7_compact_seventh_position_seventh_6-5-4-3_bb7-b3-b5-1_17-18-16-17-x-x,C,diminished7,dim7,1 b3 b5 bb7,advanced_reference,compact_seventh_position,seventh_6-5-4-3_bb7-b3-b5-1,17-18-16-17-x-x,"[17, 18, 16, 17, null, null]",6-5-4-3,seventh_in_bass,,80,18,2,A D# F# C None None,6/bb7 b3 b5 1 None None,{}
C_dominant7_caged_seventh_A_shape_7_x-3-5-3-5-3,C,dominant7,7,1 3 5 b7,intermediate_core,caged_seventh,A_shape_7,x-3-5-3-5-3,"[null, 3, 5, 3, 5, 3]",,root_position,,35,5,2,None C G A# E G,None 1 5 b7 3 5,{}
C_dominant7_caged_seventh_G_shape_7_8-7-5-5-5-6,C,dominant7,7,1 3 5 b7,intermediate_core,caged_seventh,G_shape_7,8-7-5-5-5-6,"[8, 7, 5, 5, 5, 6]",,root_position,,35,8,3,C E G C E A#,1 3 5 1 3 b7,{}
C_dominant7_caged_seventh_E_shape_7_8-10-8-9-8-8,C,dominant7,7,1 3 5 b7,intermediate_core,caged_seventh,E_shape_7,8-10-8-9-8-8,"[8, 10, 8, 9, 8, 8]",,root_position,,35,10,2,C G A# E G C,1 5 b7 3 5 1,{}
C_dominant7_caged_seventh_D_shape_7_x-x-10-12-11-12,C,dominant7,7,1 3 5 b7,intermediate_core,caged_seventh,D_shape_7,x-x-10-12-11-12,"[null, null, 10, 12, 11, 12]",,root_position,,35,12,2,None None C G A# E,None None 1 5 b7 3,{}
C_dominant7_compact_seventh_position_seventh_5-4-3-2_b7-3-5-1_x-1-2-0-1-x,C,dominant7,7,1 3 5 b7,advanced_reference,compact_seventh_position,seventh_5-4-3-2_b7-3-5-1,x-1-2-0-1-x,"[null, 1, 2, 0, 1, null]",5-4-3-2,seventh_in_bass,,80,2,1,None A# E G C None,None b7 3 5 1 None,{}
C_dominant7_compact_seventh_position_seventh_6-5-4-3_5-1-3-b7_3-3-2-3-x-x,C,dominant7,7,1 3 5 b7,advanced_reference,compact_seventh_position,seventh_6-5-4-3_5-1-3-b7,3-3-2-3-x-x,"[3, 3, 2, 3, null, null]",6-5-4-3,second_inversion,,80,3,1,G C E A# None None,5 1 3 b7 None None,{}
C_dominant7_compact_seventh_position_seventh_4-3-2-1_3-b7-1-5_x-x-2-3-1-3,C,dominant7,7,1 3 5 b7,advanced_reference,compact_seventh_position,seventh_4-3-2-1_3-b7-1-5,x-x-2-3-1-3,"[null, null, 2, 3, 1, 3]",4-3-2-1,first_inversion_or_suspended_bass,,80,3,2,None None E A# C G,None None 3 b7 1 5,{}
C_dominant7_compact_seventh_position_seventh_6-5-4-3_3-b7-5-1_0-1-5-5-x-x,C,dominant7,7,1 3 5 b7,advanced_reference,compact_seventh_position,seventh_6-5-4-3_3-b7-5-1,0-1-5-5-x-x,"[0, 1, 5, 5, null, null]",6-5-4-3,first_inversion_or_suspended_bass,,80,5,4,E A# G C None None,3 b7 5 1 None None,{}
C_dominant7_compact_seventh_position_seventh_6-5-4-3_3-1-5-b7_0-3-5-3-x-x,C,dominant7,7,1 3 5 b7,advanced_reference,compact_seventh_position,seventh_6-5-4-3_3-1-5-b7,0-3-5-3-x-x,"[0, 3, 5, 3, null, null]",6-5-4-3,first_inversion_or_suspended_bass,,80,5,2,E C G A# None None,3 1 5 b7 None None,{}
C_dominant7_compact_seventh_position_seventh_6-5-4-3_5-b7-3-1_3-1-2-5-x-x,C,dominant7,7,1 3 5 b7,advanced_reference,compact_seventh_position,seventh_6-5-4-3_5-b7-3-1,3-1-2-5-x-x,"[3, 1, 2, 5, null, null]",6-5-4-3,second_inversion,,80,5,4,G A# E C None None,5 b7 3 1 None None,{}
C_dominant7_compact_seventh_position_seventh_5-4-3-2_b7-5-1-3_x-1-5-5-5-x,C,dominant7,7,1 3 5 b7,advanced_reference,compact_seventh_position,seventh_5-4-3-2_b7-5-1-3,x-1-5-5-5-x,"[null, 1, 5, 5, 5, null]",5-4-3-2,seventh_in_bass,,80,5,4,None A# G C E None,None b7 5 1 3 None,{}
C_dominant7_compact_seventh_position_seventh_5-4-3-2_1-5-b7-3_x-3-5-3-5-x,C,dominant7,7,1 3 5 b7,advanced_reference,compact_seventh_position,seventh_5-4-3-2_1-5-b7-3,x-3-5-3-5-x,"[null, 3, 5, 3, 5, null]",5-4-3-2,root_position,,80,5,2,None C G A# E None,None 1 5 b7 3 None,{}
C_dominant7_compact_seventh_position_seventh_4-3-2-1_5-b7-1-3_x-x-5-3-1-0,C,dominant7,7,1 3 5 b7,advanced_reference,compact_seventh_position,seventh_4-3-2-1_5-b7-1-3,x-x-5-3-1-0,"[null, null, 5, 3, 1, 0]",4-3-2-1,second_inversion,,80,5,4,None None G A# C E,None None 5 b7 1 3,{}
C_dominant7_compact_seventh_position_seventh_4-3-2-1_5-1-3-b7_x-x-5-5-5-6,C,dominant7,7,1 3 5 b7,advanced_reference,compact_seventh_position,seventh_4-3-2-1_5-1-3-b7,x-x-5-5-5-6,"[null, null, 5, 5, 5, 6]",4-3-2-1,second_inversion,,80,6,1,None None G C E A#,None None 5 1 3 b7,{}
C_dominant7_compact_seventh_position_seventh_6-5-4-3_b7-3-5-1_6-7-5-5-x-x,C,dominant7,7,1 3 5 b7,advanced_reference,compact_seventh_position,seventh_6-5-4-3_b7-3-5-1,6-7-5-5-x-x,"[6, 7, 5, 5, null, null]",6-5-4-3,seventh_in_bass,,80,7,2,A# E G C None None,b7 3 5 1 None None,{}
C_dominant7_compact_seventh_position_seventh_5-4-3-2_3-b7-1-5_x-7-8-5-8-x,C,dominant7,7,1 3 5 b7,advanced_reference,compact_seventh_position,seventh_5-4-3-2_3-b7-1-5,x-7-8-5-8-x,"[null, 7, 8, 5, 8, null]",5-4-3-2,first_inversion_or_suspended_bass,,80,8,3,None E A# C G None,None 3 b7 1 5 None,{}
C_dominant7_compact_seventh_position_seventh_4-3-2-1_b7-3-5-1_x-x-8-9-8-8,C,dominant7,7,1 3 5 b7,advanced_reference,compact_seventh_position,seventh_4-3-2-1_b7-3-5-1,x-x-8-9-8-8,"[null, null, 8, 9, 8, 8]",4-3-2-1,seventh_in_bass,,80,9,1,None None A# E G C,None None b7 3 5 1,{}
C_dominant7_compact_seventh_position_seventh_6-5-4-3_b7-5-1-3_6-10-10-9-x-x,C,dominant7,7,1 3 5 b7,advanced_reference,compact_seventh_position,seventh_6-5-4-3_b7-5-1-3,6-10-10-9-x-x,"[6, 10, 10, 9, null, null]",6-5-4-3,seventh_in_bass,,80,10,4,A# G C E None None,b7 5 1 3 None None,{}
C_dominant7_compact_seventh_position_seventh_6-5-4-3_1-5-b7-3_8-10-8-9-x-x,C,dominant7,7,1 3 5 b7,advanced_reference,compact_seventh_position,seventh_6-5-4-3_1-5-b7-3,8-10-8-9-x-x,"[8, 10, 8, 9, null, null]",6-5-4-3,root_position,,80,10,2,C G A# E None None,1 5 b7 3 None None,{}
C_dominant7_compact_seventh_position_seventh_4-3-2-1_1-3-5-b7_x-x-10-9-8-6,C,dominant7,7,1 3 5 b7,advanced_reference,compact_seventh_position,seventh_4-3-2-1_1-3-5-b7,x-x-10-9-8-6,"[null, null, 10, 9, 8, 6]",4-3-2-1,root_position,,80,10,4,None None C E G A#,None None 1 3 5 b7,{}
C_dominant7_compact_seventh_position_seventh_5-4-3-2_5-1-3-b7_x-10-10-9-11-x,C,dominant7,7,1 3 5 b7,advanced_reference,compact_seventh_position,seventh_5-4-3-2_5-1-3-b7,x-10-10-9-11-x,"[null, 10, 10, 9, 11, null]",5-4-3-2,second_inversion,,80,11,2,None G C E A# None,None 5 1 3 b7 None,{}
C_dominant7_compact_seventh_position_seventh_6-5-4-3_3-b7-1-5_12-13-10-12-x-x,C,dominant7,7,1 3 5 b7,advanced_reference,compact_seventh_position,seventh_6-5-4-3_3-b7-1-5,12-13-10-12-x-x,"[12, 13, 10, 12, null, null]",6-5-4-3,first_inversion_or_suspended_bass,,80,13,3,E A# C G None None,3 b7 1 5 None None,{}
C_dominant7_compact_seventh_position_seventh_5-4-3-2_b7-3-5-1_x-13-14-12-13-x,C,dominant7,7,1 3 5 b7,advanced_reference,compact_seventh_position,seventh_5-4-3-2_b7-3-5-1,x-13-14-12-13-x,"[null, 13, 14, 12, 13, null]",5-4-3-2,seventh_in_bass,,80,14,2,None A# E G C None,None b7 3 5 1 None,{}
C_dominant7_compact_seventh_position_seventh_6-5-4-3_5-1-3-b7_15-15-14-15-x-x,C,dominant7,7,1 3 5 b7,advanced_reference,compact_seventh_position,seventh_6-5-4-3_5-1-3-b7,15-15-14-15-x-x,"[15, 15, 14, 15, null, null]",6-5-4-3,second_inversion,,80,15,1,G C E A# None None,5 1 3 b7 None None,{}
C_dominant7_compact_seventh_position_seventh_5-4-3-2_1-3-5-b7_x-15-14-12-11-x,C,dominant7,7,1 3 5 b7,advanced_reference,compact_seventh_position,seventh_5-4-3-2_1-3-5-b7,x-15-14-12-11-x,"[null, 15, 14, 12, 11, null]",5-4-3-2,root_position,,80,15,4,None C E G A# None,None 1 3 5 b7 None,{}
C_dominant7_compact_seventh_position_seventh_4-3-2-1_3-b7-1-5_x-x-14-15-13-15,C,dominant7,7,1 3 5 b7,advanced_reference,compact_seventh_position,seventh_4-3-2-1_3-b7-1-5,x-x-14-15-13-15,"[null, null, 14, 15, 13, 15]",4-3-2-1,first_inversion_or_suspended_bass,,80,15,2,None None E A# C G,None None 3 b7 1 5,{}
C_dominant7_compact_seventh_position_seventh_6-5-4-3_5-b7-3-1_15-13-14-17-x-x,C,dominant7,7,1 3 5 b7,advanced_reference,compact_seventh_position,seventh_6-5-4-3_5-b7-3-1,15-13-14-17-x-x,"[15, 13, 14, 17, null, null]",6-5-4-3,second_inversion,,80,17,4,G A# E C None None,5 b7 3 1 None None,{}
C_dominant7_compact_seventh_position_seventh_5-4-3-2_b7-5-1-3_x-13-17-17-17-x,C,dominant7,7,1 3 5 b7,advanced_reference,compact_seventh_position,seventh_5-4-3-2_b7-5-1-3,x-13-17-17-17-x,"[null, 13, 17, 17, 17, null]",5-4-3-2,seventh_in_bass,,80,17,4,None A# G C E None,None b7 5 1 3 None,{}
C_dominant7_compact_seventh_position_seventh_5-4-3-2_1-5-b7-3_x-15-17-15-17-x,C,dominant7,7,1 3 5 b7,advanced_reference,compact_seventh_position,seventh_5-4-3-2_1-5-b7-3,x-15-17-15-17-x,"[null, 15, 17, 15, 17, null]",5-4-3-2,root_position,,80,17,2,None C G A# E None,None 1 5 b7 3 None,{}
C_dominant7_compact_seventh_position_seventh_4-3-2-1_5-1-3-b7_x-x-17-17-17-18,C,dominant7,7,1 3 5 b7,advanced_reference,compact_seventh_position,seventh_4-3-2-1_5-1-3-b7,x-x-17-17-17-18,"[null, null, 17, 17, 17, 18]",4-3-2-1,second_inversion,,80,18,1,None None G C E A#,None None 5 1 3 b7,{}
C_half_diminished7_movable_diminished_A_root_m7b5_x-3-4-3-4-x,C,half_diminished7,m7b5,1 b3 b5 b7,intermediate_core,movable_diminished,A_root_m7b5,x-3-4-3-4-x,"[null, 3, 4, 3, 4, null]",,root_position,,45,4,1,None C F# A# D# None,None 1 b5 b7 b3 None,{}
C_half_diminished7_movable_diminished_E_root_m7b5_8-x-8-8-7-x,C,half_diminished7,m7b5,1 b3 b5 b7,intermediate_core,movable_diminished,E_root_m7b5,8-x-8-8-7-x,"[8, null, 8, 8, 7, null]",,root_position,,45,8,1,C None A# D# F# None,1 None b7 b3 b5 None,{}
C_half_diminished7_compact_seventh_position_seventh_6-5-4-3_b5-1-b3-b7_2-3-1-3-x-x,C,half_diminished7,m7b5,1 b3 b5 b7,advanced_reference,compact_seventh_position,seventh_6-5-4-3_b5-1-b3-b7,2-3-1-3-x-x,"[2, 3, 1, 3, null, null]",6-5-4-3,second_inversion,,80,3,2,F# C D# A# None None,b5 1 b3 b7 None None,{}
C_half_diminished7_compact_seventh_position_seventh_4-3-2-1_b3-b7-1-b5_x-x-1-3-1-2,C,half_diminished7,m7b5,1 b3 b5 b7,advanced_reference,compact_seventh_position,seventh_4-3-2-1_b3-b7-1-b5,x-x-1-3-1-2,"[null, null, 1, 3, 1, 2]",4-3-2-1,first_inversion_or_suspended_bass,,80,3,2,None None D# A# C F#,None None b3 b7 1 b5,{}
C_half_diminished7_compact_seventh_position_seventh_6-5-4-3_b5-b7-b3-1_2-1-1-5-x-x,C,half_diminished7,m7b5,1 b3 b5 b7,advanced_reference,compact_seventh_position,seventh_6-5-4-3_b5-b7-b3-1,2-1-1-5-x-x,"[2, 1, 1, 5, null, null]",6-5-4-3,second_inversion,,80,5,4,F# A# D# C None None,b5 b7 b3 1 None None,{}
C_half_diminished7_compact_seventh_position_seventh_5-4-3-2_b7-b5-1-b3_x-1-4-5-4-x,C,half_diminished7,m7b5,1 b3 b5 b7,advanced_reference,compact_seventh_position,seventh_5-4-3-2_b7-b5-1-b3,x-1-4-5-4-x,"[null, 1, 4, 5, 4, null]",5-4-3-2,seventh_in_bass,,80,5,4,None A# F# C D# None,None b7 b5 1 b3 None,{}
C_half_diminished7_compact_seventh_position_seventh_6-5-4-3_b7-b3-b5-1_6-6-4-5-x-x,C,half_diminished7,m7b5,1 b3 b5 b7,advanced_reference,compact_seventh_position,seventh_6-5-4-3_b7-b3-b5-1,6-6-4-5-x-x,"[6, 6, 4, 5, null, null]",6-5-4-3,seventh_in_bass,,80,6,2,A# D# F# C None None,b7 b3 b5 1 None None,{}
C_half_diminished7_compact_seventh_position_seventh_4-3-2-1_b5-1-b3-b7_x-x-4-5-4-6,C,half_diminished7,m7b5,1 b3 b5 b7,advanced_reference,compact_seventh_position,seventh_4-3-2-1_b5-1-b3-b7,x-x-4-5-4-6,"[null, null, 4, 5, 4, 6]",4-3-2-1,second_inversion,,80,6,2,None None F# C D# A#,None None b5 1 b3 b7,{}
C_half_diminished7_compact_seventh_position_seventh_5-4-3-2_b3-b7-1-b5_x-6-8-5-7-x,C,half_diminished7,m7b5,1 b3 b5 b7,advanced_reference,compact_seventh_position,seventh_5-4-3-2_b3-b7-1-b5,x-6-8-5-7-x,"[null, 6, 8, 5, 7, null]",5-4-3-2,first_inversion_or_suspended_bass,,80,8,3,None D# A# C F# None,None b3 b7 1 b5 None,{}
C_half_diminished7_compact_seventh_position_seventh_4-3-2-1_b7-b3-b5-1_x-x-8-8-7-8,C,half_diminished7,m7b5,1 b3 b5 b7,advanced_reference,compact_seventh_position,seventh_4-3-2-1_b7-b3-b5-1,x-x-8-8-7-8,"[null, null, 8, 8, 7, 8]",4-3-2-1,seventh_in_bass,,80,8,1,None None A# D# F# C,None None b7 b3 b5 1,{}
C_half_diminished7_compact_seventh_position_seventh_6-5-4-3_1-b5-b7-b3_8-9-8-8-x-x,C,half_diminished7,m7b5,1 b3 b5 b7,advanced_reference,compact_seventh_position,seventh_6-5-4-3_1-b5-b7-b3,8-9-8-8-x-x,"[8, 9, 8, 8, null, null]",6-5-4-3,root_position,,80,9,1,C F# A# D# None None,1 b5 b7 b3 None None,{}
C_half_diminished7_compact_seventh_position_seventh_6-5-4-3_b7-b5-1-b3_6-9-10-8-x-x,C,half_diminished7,m7b5,1 b3 b5 b7,advanced_reference,compact_seventh_position,seventh_6-5-4-3_b7-b5-1-b3,6-9-10-8-x-x,"[6, 9, 10, 8, null, null]",6-5-4-3,seventh_in_bass,,80,10,4,A# F# C D# None None,b7 b5 1 b3 None None,{}
C_half_diminished7_compact_seventh_position_seventh_4-3-2-1_1-b3-b5-b7_x-x-10-8-7-6,C,half_diminished7,m7b5,1 b3 b5 b7,advanced_reference,compact_seventh_position,seventh_4-3-2-1_1-b3-b5-b7,x-x-10-8-7-6,"[null, null, 10, 8, 7, 6]",4-3-2-1,root_position,,80,10,4,None None C D# F# A#,None None 1 b3 b5 b7,{}
C_half_diminished7_compact_seventh_position_seventh_5-4-3-2_b5-1-b3-b7_x-9-10-8-11-x,C,half_diminished7,m7b5,1 b3 b5 b7,advanced_reference,compact_seventh_position,seventh_5-4-3-2_b5-1-b3-b7,x-9-10-8-11-x,"[null, 9, 10, 8, 11, null]",5-4-3-2,second_inversion,,80,11,3,None F# C D# A# None,None b5 1 b3 b7 None,{}
C_half_diminished7_compact_seventh_position_seventh_4-3-2-1_1-b5-b7-b3_x-x-10-11-11-11,C,half_diminished7,m7b5,1 b3 b5 b7,advanced_reference,compact_seventh_position,seventh_4-3-2-1_1-b5-b7-b3,x-x-10-11-11-11,"[null, null, 10, 11, 11, 11]",4-3-2-1,root_position,,80,11,1,None None C F# A# D#,None None 1 b5 b7 b3,{}
C_half_diminished7_compact_seventh_position_seventh_6-5-4-3_b3-b7-1-b5_11-13-10-11-x-x,C,half_diminished7,m7b5,1 b3 b5 b7,advanced_reference,compact_seventh_position,seventh_6-5-4-3_b3-b7-1-b5,11-13-10-11-x-x,"[11, 13, 10, 11, null, null]",6-5-4-3,first_inversion_or_suspended_bass,,80,13,3,D# A# C F# None None,b3 b7 1 b5 None None,{}
C_half_diminished7_compact_seventh_position_seventh_5-4-3-2_b7-b3-b5-1_x-13-13-11-13-x,C,half_diminished7,m7b5,1 b3 b5 b7,advanced_reference,compact_seventh_position,seventh_5-4-3-2_b7-b3-b5-1,x-13-13-11-13-x,"[null, 13, 13, 11, 13, null]",5-4-3-2,seventh_in_bass,,80,13,2,None A# D# F# C None,None b7 b3 b5 1 None,{}
C_half_diminished7_compact_seventh_position_seventh_6-5-4-3_b5-1-b3-b7_14-15-13-15-x-x,C,half_diminished7,m7b5,1 b3 b5 b7,advanced_reference,compact_seventh_position,seventh_6-5-4-3_b5-1-b3-b7,14-15-13-15-x-x,"[14, 15, 13, 15, null, null]",6-5-4-3,second_inversion,,80,15,2,F# C D# A# None None,b5 1 b3 b7 None None,{}
C_half_diminished7_compact_seventh_position_seventh_5-4-3-2_1-b3-b5-b7_x-15-13-11-11-x,C,half_diminished7,m7b5,1 b3 b5 b7,advanced_reference,compact_seventh_position,seventh_5-4-3-2_1-b3-b5-b7,x-15-13-11-11-x,"[null, 15, 13, 11, 11, null]",5-4-3-2,root_position,,80,15,4,None C D# F# A# None,None 1 b3 b5 b7 None,{}
C_half_diminished7_compact_seventh_position_seventh_4-3-2-1_b3-b7-1-b5_x-x-13-15-13-14,C,half_diminished7,m7b5,1 b3 b5 b7,advanced_reference,compact_seventh_position,seventh_4-3-2-1_b3-b7-1-b5,x-x-13-15-13-14,"[null, null, 13, 15, 13, 14]",4-3-2-1,first_inversion_or_suspended_bass,,80,15,2,None None D# A# C F#,None None b3 b7 1 b5,{}
C_half_diminished7_compact_seventh_position_seventh_5-4-3-2_1-b5-b7-b3_x-15-16-15-16-x,C,half_diminished7,m7b5,1 b3 b5 b7,advanced_reference,compact_seventh_position,seventh_5-4-3-2_1-b5-b7-b3,x-15-16-15-16-x,"[null, 15, 16, 15, 16, null]",5-4-3-2,root_position,,80,16,1,None C F# A# D# None,None 1 b5 b7 b3 None,{}
C_half_diminished7_compact_seventh_position_seventh_6-5-4-3_b5-b7-b3-1_14-13-13-17-x-x,C,half_diminished7,m7b5,1 b3 b5 b7,advanced_reference,compact_seventh_position,seventh_6-5-4-3_b5-b7-b3-1,14-13-13-17-x-x,"[14, 13, 13, 17, null, null]",6-5-4-3,second_inversion,,80,17,4,F# A# D# C None None,b5 b7 b3 1 None None,{}
C_half_diminished7_compact_seventh_position_seventh_5-4-3-2_b7-b5-1-b3_x-13-16-17-16-x,C,half_diminished7,m7b5,1 b3 b5 b7,advanced_reference,compact_seventh_position,seventh_5-4-3-2_b7-b5-1-b3,x-13-16-17-16-x,"[null, 13, 16, 17, 16, null]",5-4-3-2,seventh_in_bass,,80,17,4,None A# F# C D# None,None b7 b5 1 b3 None,{}
C_half_diminished7_compact_seventh_position_seventh_6-5-4-3_b7-b3-b5-1_18-18-16-17-x-x,C,half_diminished7,m7b5,1 b3 b5 b7,advanced_reference,compact_seventh_position,seventh_6-5-4-3_b7-b3-b5-1,18-18-16-17-x-x,"[18, 18, 16, 17, null, null]",6-5-4-3,seventh_in_bass,,80,18,2,A# D# F# C None None,b7 b3 b5 1 None None,{}
C_half_diminished7_compact_seventh_position_seventh_4-3-2-1_b5-1-b3-b7_x-x-16-17-16-18,C,half_diminished7,m7b5,1 b3 b5 b7,advanced_reference,compact_seventh_position,seventh_4-3-2-1_b5-1-b3-b7,x-x-16-17-16-18,"[null, null, 16, 17, 16, 18]",4-3-2-1,second_inversion,,80,18,2,None None F# C D# A#,None None b5 1 b3 b7,{}
C_m7_caged_seventh_A_shape_m7_x-3-5-3-4-3,C,m7,m7,1 b3 5 b7,intermediate_core,caged_seventh,A_shape_m7,x-3-5-3-4-3,"[null, 3, 5, 3, 4, 3]",,root_position,,35,5,2,None C G A# D# G,None 1 5 b7 b3 5,{}
C_m7_caged_seventh_E_shape_m7_8-10-8-8-8-8,C,m7,m7,1 b3 5 b7,intermediate_core,caged_seventh,E_shape_m7,8-10-8-8-8-8,"[8, 10, 8, 8, 8, 8]",,root_position,,35,10,2,C G A# D# G C,1 5 b7 b3 5 1,{}
C_m7_caged_seventh_D_shape_m7_x-x-10-12-11-11,C,m7,m7,1 b3 5 b7,intermediate_core,caged_seventh,D_shape_m7,x-x-10-12-11-11,"[null, null, 10, 12, 11, 11]",,root_position,,35,12,2,None None C G A# D#,None None 1 5 b7 b3,{}
C_m7_compact_seventh_position_seventh_5-4-3-2_b7-b3-5-1_x-1-1-0-1-x,C,m7,m7,1 b3 5 b7,advanced_reference,compact_seventh_position,seventh_5-4-3-2_b7-b3-5-1,x-1-1-0-1-x,"[null, 1, 1, 0, 1, null]",5-4-3-2,seventh_in_bass,,80,1,0,None A# D# G C None,None b7 b3 5 1 None,{}
C_m7_compact_seventh_position_seventh_6-5-4-3_5-1-b3-b7_3-3-1-3-x-x,C,m7,m7,1 b3 5 b7,advanced_reference,compact_seventh_position,seventh_6-5-4-3_5-1-b3-b7,3-3-1-3-x-x,"[3, 3, 1, 3, null, null]",6-5-4-3,second_inversion,,80,3,2,G C D# A# None None,5 1 b3 b7 None None,{}
C_m7_compact_seventh_position_seventh_4-3-2-1_b3-b7-1-5_x-x-1-3-1-3,C,m7,m7,1 b3 5 b7,advanced_reference,compact_seventh_position,seventh_4-3-2-1_b3-b7-1-5,x-x-1-3-1-3,"[null, null, 1, 3, 1, 3]",4-3-2-1,first_inversion_or_suspended_bass,,80,3,2,None None D# A# C G,None None b3 b7 1 5,{}
C_m7_compact_seventh_position_seventh_6-5-4-3_5-b7-b3-1_3-1-1-5-x-x,C,m7,m7,1 b3 5 b7,advanced_reference,compact_seventh_position,seventh_6-5-4-3_5-b7-b3-1,3-1-1-5-x-x,"[3, 1, 1, 5, null, null]",6-5-4-3,second_inversion,,80,5,4,G A# D# C None None,5 b7 b3 1 None None,{}
C_m7_compact_seventh_position_seventh_5-4-3-2_b7-5-1-b3_x-1-5-5-4-x,C,m7,m7,1 b3 5 b7,advanced_reference,compact_seventh_position,seventh_5-4-3-2_b7-5-1-b3,x-1-5-5-4-x,"[null, 1, 5, 5, 4, null]",5-4-3-2,seventh_in_bass,,80,5,4,None A# G C D# None,None b7 5 1 b3 None,{}
C_m7_compact_seventh_position_seventh_5-4-3-2_1-5-b7-b3_x-3-5-3-4-x,C,m7,m7,1 b3 5 b7,advanced_reference,compact_seventh_position,seventh_5-4-3-2_1-5-b7-b3,x-3-5-3-4-x,"[null, 3, 5, 3, 4, null]",5-4-3-2,root_position,,80,5,2,None C G A# D# None,None 1 5 b7 b3 None,{}
C_m7_compact_seventh_position_seventh_6-5-4-3_b7-b3-5-1_6-6-5-5-x-x,C,m7,m7,1 b3 5 b7,advanced_reference,compact_seventh_position,seventh_6-5-4-3_b7-b3-5-1,6-6-5-5-x-x,"[6, 6, 5, 5, null, null]",6-5-4-3,seventh_in_bass,,80,6,1,A# D# G C None None,b7 b3 5 1 None None,{}
C_m7_compact_seventh_position_seventh_4-3-2-1_5-1-b3-b7_x-x-5-5-4-6,C,m7,m7,1 b3 5 b7,advanced_reference,compact_seventh_position,seventh_4-3-2-1_5-1-b3-b7,x-x-5-5-4-6,"[null, null, 5, 5, 4, 6]",4-3-2-1,second_inversion,,80,6,2,None None G C D# A#,None None 5 1 b3 b7,{}
C_m7_compact_seventh_position_seventh_5-4-3-2_b3-b7-1-5_x-6-8-5-8-x,C,m7,m7,1 b3 5 b7,advanced_reference,compact_seventh_position,seventh_5-4-3-2_b3-b7-1-5,x-6-8-5-8-x,"[null, 6, 8, 5, 8, null]",5-4-3-2,first_inversion_or_suspended_bass,,80,8,3,None D# A# C G None,None b3 b7 1 5 None,{}
C_m7_compact_seventh_position_seventh_4-3-2-1_b7-b3-5-1_x-x-8-8-8-8,C,m7,m7,1 b3 5 b7,advanced_reference,compact_seventh_position,seventh_4-3-2-1_b7-b3-5-1,x-x-8-8-8-8,"[null, null, 8, 8, 8, 8]",4-3-2-1,seventh_in_bass,,80,8,0,None None A# D# G C,None None b7 b3 5 1,{}
C_m7_compact_seventh_position_seventh_6-5-4-3_b7-5-1-b3_6-10-10-8-x-x,C,m7,m7,1 b3 5 b7,advanced_reference,compact_seventh_position,seventh_6-5-4-3_b7-5-1-b3,6-10-10-8-x-x,"[6, 10, 10, 8, null, null]",6-5-4-3,seventh_in_bass,,80,10,4,A# G C D# None None,b7 5 1 b3 None None,{}
C_m7_compact_seventh_position_seventh_6-5-4-3_1-5-b7-b3_8-10-8-8-x-x,C,m7,m7,1 b3 5 b7,advanced_reference,compact_seventh_position,seventh_6-5-4-3_1-5-b7-b3,8-10-8-8-x-x,"[8, 10, 8, 8, null, null]",6-5-4-3,root_position,,80,10,2,C G A# D# None None,1 5 b7 b3 None None,{}
C_m7_compact_seventh_position_seventh_4-3-2-1_1-b3-5-b7_x-x-10-8-8-6,C,m7,m7,1 b3 5 b7,advanced_reference,compact_seventh_position,seventh_4-3-2-1_1-b3-5-b7,x-x-10-8-8-6,"[null, null, 10, 8, 8, 6]",4-3-2-1,root_position,,80,10,4,None None C D# G A#,None None 1 b3 5 b7,{}
C_m7_compact_seventh_position_seventh_5-4-3-2_5-1-b3-b7_x-10-10-8-11-x,C,m7,m7,1 b3 5 b7,advanced_reference,compact_seventh_position,seventh_5-4-3-2_5-1-b3-b7,x-10-10-8-11-x,"[null, 10, 10, 8, 11, null]",5-4-3-2,second_inversion,,80,11,3,None G C D# A# None,None 5 1 b3 b7 None,{}
C_m7_compact_seventh_position_seventh_6-5-4-3_b3-b7-1-5_11-13-10-12-x-x,C,m7,m7,1 b3 5 b7,advanced_reference,compact_seventh_position,seventh_6-5-4-3_b3-b7-1-5,11-13-10-12-x-x,"[11, 13, 10, 12, null, null]",6-5-4-3,first_inversion_or_suspended_bass,,80,13,3,D# A# C G None None,b3 b7 1 5 None None,{}
C_m7_compact_seventh_position_seventh_5-4-3-2_b7-b3-5-1_x-13-13-12-13-x,C,m7,m7,1 b3 5 b7,advanced_reference,compact_seventh_position,seventh_5-4-3-2_b7-b3-5-1,x-13-13-12-13-x,"[null, 13, 13, 12, 13, null]",5-4-3-2,seventh_in_bass,,80,13,1,None A# D# G C None,None b7 b3 5 1 None,{}
C_m7_compact_seventh_position_seventh_6-5-4-3_5-1-b3-b7_15-15-13-15-x-x,C,m7,m7,1 b3 5 b7,advanced_reference,compact_seventh_position,seventh_6-5-4-3_5-1-b3-b7,15-15-13-15-x-x,"[15, 15, 13, 15, null, null]",6-5-4-3,second_inversion,,80,15,2,G C D# A# None None,5 1 b3 b7 None None,{}
C_m7_compact_seventh_position_seventh_5-4-3-2_1-b3-5-b7_x-15-13-12-11-x,C,m7,m7,1 b3 5 b7,advanced_reference,compact_seventh_position,seventh_5-4-3-2_1-b3-5-b7,x-15-13-12-11-x,"[null, 15, 13, 12, 11, null]",5-4-3-2,root_position,,80,15,4,None C D# G A# None,None 1 b3 5 b7 None,{}
C_m7_compact_seventh_position_seventh_4-3-2-1_b3-b7-1-5_x-x-13-15-13-15,C,m7,m7,1 b3 5 b7,advanced_reference,compact_seventh_position,seventh_4-3-2-1_b3-b7-1-5,x-x-13-15-13-15,"[null, null, 13, 15, 13, 15]",4-3-2-1,first_inversion_or_suspended_bass,,80,15,2,None None D# A# C G,None None b3 b7 1 5,{}
C_m7_compact_seventh_position_seventh_6-5-4-3_5-b7-b3-1_15-13-13-17-x-x,C,m7,m7,1 b3 5 b7,advanced_reference,compact_seventh_position,seventh_6-5-4-3_5-b7-b3-1,15-13-13-17-x-x,"[15, 13, 13, 17, null, null]",6-5-4-3,second_inversion,,80,17,4,G A# D# C None None,5 b7 b3 1 None None,{}
C_m7_compact_seventh_position_seventh_5-4-3-2_b7-5-1-b3_x-13-17-17-16-x,C,m7,m7,1 b3 5 b7,advanced_reference,compact_seventh_position,seventh_5-4-3-2_b7-5-1-b3,x-13-17-17-16-x,"[null, 13, 17, 17, 16, null]",5-4-3-2,seventh_in_bass,,80,17,4,None A# G C D# None,None b7 5 1 b3 None,{}
C_m7_compact_seventh_position_seventh_5-4-3-2_1-5-b7-b3_x-15-17-15-16-x,C,m7,m7,1 b3 5 b7,advanced_reference,compact_seventh_position,seventh_5-4-3-2_1-5-b7-b3,x-15-17-15-16-x,"[null, 15, 17, 15, 16, null]",5-4-3-2,root_position,,80,17,2,None C G A# D# None,None 1 5 b7 b3 None,{}
C_m7_compact_seventh_position_seventh_6-5-4-3_b7-b3-5-1_18-18-17-17-x-x,C,m7,m7,1 b3 5 b7,advanced_reference,compact_seventh_position,seventh_6-5-4-3_b7-b3-5-1,18-18-17-17-x-x,"[18, 18, 17, 17, null, null]",6-5-4-3,seventh_in_bass,,80,18,1,A# D# G C None None,b7 b3 5 1 None None,{}
C_m7_compact_seventh_position_seventh_4-3-2-1_5-1-b3-b7_x-x-17-17-16-18,C,m7,m7,1 b3 5 b7,advanced_reference,compact_seventh_position,seventh_4-3-2-1_5-1-b3-b7,x-x-17-17-16-18,"[null, null, 17, 17, 16, 18]",4-3-2-1,second_inversion,,80,18,2,None None G C D# A#,None None 5 1 b3 b7,{}
C_maj7_curated_common_open_common_Cmaj7_x-3-2-0-0-0,C,maj7,maj7,1 3 5 7,beginner_core,curated_common_open,common_Cmaj7,x-3-2-0-0-0,"[null, 3, 2, 0, 0, 0]",,root_position,,0,3,1,None C E G B E,None 1 3 5 7 3,{}
C_maj7_caged_seventh_A_shape_maj7_x-3-5-4-5-3,C,maj7,maj7,1 3 5 7,intermediate_core,caged_seventh,A_shape_maj7,x-3-5-4-5-3,"[null, 3, 5, 4, 5, 3]",,root_position,,35,5,2,None C G B E G,None 1 5 7 3 5,{}
C_maj7_caged_seventh_G_shape_maj7_8-x-9-9-8-x,C,maj7,maj7,1 3 5 7,intermediate_core,caged_seventh,G_shape_maj7,8-x-9-9-8-x,"[8, null, 9, 9, 8, null]",,root_position,,35,9,1,C None B E G None,1 None 7 3 5 None,{}
C_maj7_caged_seventh_E_shape_maj7_8-10-9-9-8-8,C,maj7,maj7,1 3 5 7,intermediate_core,caged_seventh,E_shape_maj7,8-10-9-9-8-8,"[8, 10, 9, 9, 8, 8]",,root_position,,35,10,2,C G B E G C,1 5 7 3 5 1,{}
C_maj7_compact_seventh_position_seventh_5-4-3-2_7-3-5-1_x-2-2-0-1-x,C,maj7,maj7,1 3 5 7,advanced_reference,compact_seventh_position,seventh_5-4-3-2_7-3-5-1,x-2-2-0-1-x,"[null, 2, 2, 0, 1, null]",5-4-3-2,seventh_in_bass,,80,2,1,None B E G C None,None 7 3 5 1 None,{}
C_maj7_compact_seventh_position_seventh_5-4-3-2_1-3-5-7_x-3-2-0-0-x,C,maj7,maj7,1 3 5 7,advanced_reference,compact_seventh_position,seventh_5-4-3-2_1-3-5-7,x-3-2-0-0-x,"[null, 3, 2, 0, 0, null]",5-4-3-2,root_position,,80,3,1,None C E G B None,None 1 3 5 7 None,{}
C_maj7_compact_seventh_position_seventh_6-5-4-3_5-1-3-7_3-3-2-4-x-x,C,maj7,maj7,1 3 5 7,advanced_reference,compact_seventh_position,seventh_6-5-4-3_5-1-3-7,3-3-2-4-x-x,"[3, 3, 2, 4, null, null]",6-5-4-3,second_inversion,,80,4,2,G C E B None None,5 1 3 7 None None,{}
C_maj7_compact_seventh_position_seventh_4-3-2-1_3-7-1-5_x-x-2-4-1-3,C,maj7,maj7,1 3 5 7,advanced_reference,compact_seventh_position,seventh_4-3-2-1_3-7-1-5,x-x-2-4-1-3,"[null, null, 2, 4, 1, 3]",4-3-2-1,first_inversion_or_suspended_bass,,80,4,3,None None E B C G,None None 3 7 1 5,{}
C_maj7_compact_seventh_position_seventh_6-5-4-3_3-7-5-1_0-2-5-5-x-x,C,maj7,maj7,1 3 5 7,advanced_reference,compact_seventh_position,seventh_6-5-4-3_3-7-5-1,0-2-5-5-x-x,"[0, 2, 5, 5, null, null]",6-5-4-3,first_inversion_or_suspended_bass,,80,5,3,E B G C None None,3 7 5 1 None None,{}
C_maj7_compact_seventh_position_seventh_6-5-4-3_3-1-5-7_0-3-5-4-x-x,C,maj7,maj7,1 3 5 7,advanced_reference,compact_seventh_position,seventh_6-5-4-3_3-1-5-7,0-3-5-4-x-x,"[0, 3, 5, 4, null, null]",6-5-4-3,first_inversion_or_suspended_bass,,80,5,2,E C G B None None,3 1 5 7 None None,{}
C_maj7_compact_seventh_position_seventh_6-5-4-3_5-7-3-1_3-2-2-5-x-x,C,maj7,maj7,1 3 5 7,advanced_reference,compact_seventh_position,seventh_6-5-4-3_5-7-3-1,3-2-2-5-x-x,"[3, 2, 2, 5, null, null]",6-5-4-3,second_inversion,,80,5,3,G B E C None None,5 7 3 1 None None,{}
C_maj7_compact_seventh_position_seventh_5-4-3-2_7-5-1-3_x-2-5-5-5-x,C,maj7,maj7,1 3 5 7,advanced_reference,compact_seventh_position,seventh_5-4-3-2_7-5-1-3,x-2-5-5-5-x,"[null, 2, 5, 5, 5, null]",5-4-3-2,seventh_in_bass,,80,5,3,None B G C E None,None 7 5 1 3 None,{}
C_maj7_compact_seventh_position_seventh_5-4-3-2_1-5-7-3_x-3-5-4-5-x,C,maj7,maj7,1 3 5 7,advanced_reference,compact_seventh_position,seventh_5-4-3-2_1-5-7-3,x-3-5-4-5-x,"[null, 3, 5, 4, 5, null]",5-4-3-2,root_position,,80,5,2,None C G B E None,None 1 5 7 3 None,{}
C_maj7_compact_seventh_position_seventh_4-3-2-1_3-1-7-5_x-x-2-5-0-3,C,maj7,maj7,1 3 5 7,advanced_reference,compact_seventh_position,seventh_4-3-2-1_3-1-7-5,x-x-2-5-0-3,"[null, null, 2, 5, 0, 3]",4-3-2-1,first_inversion_or_suspended_bass,,80,5,3,None None E C B G,None None 3 1 7 5,{}
C_maj7_compact_seventh_position_seventh_4-3-2-1_5-7-1-3_x-x-5-4-1-0,C,maj7,maj7,1 3 5 7,advanced_reference,compact_seventh_position,seventh_4-3-2-1_5-7-1-3,x-x-5-4-1-0,"[null, null, 5, 4, 1, 0]",4-3-2-1,second_inversion,,80,5,4,None None G B C E,None None 5 7 1 3,{}
C_maj7_compact_seventh_position_seventh_4-3-2-1_5-1-7-3_x-x-5-5-0-0,C,maj7,maj7,1 3 5 7,advanced_reference,compact_seventh_position,seventh_4-3-2-1_5-1-7-3,x-x-5-5-0-0,"[null, null, 5, 5, 0, 0]",4-3-2-1,second_inversion,,80,5,0,None None G C B E,None None 5 1 7 3,{}
C_maj7_compact_seventh_position_seventh_6-5-4-3_7-3-5-1_7-7-5-5-x-x,C,maj7,maj7,1 3 5 7,advanced_reference,compact_seventh_position,seventh_6-5-4-3_7-3-5-1,7-7-5-5-x-x,"[7, 7, 5, 5, null, null]",6-5-4-3,seventh_in_bass,,80,7,2,B E G C None None,7 3 5 1 None None,{}
C_maj7_compact_seventh_position_seventh_4-3-2-1_5-1-3-7_x-x-5-5-5-7,C,maj7,maj7,1 3 5 7,advanced_reference,compact_seventh_position,seventh_4-3-2-1_5-1-3-7,x-x-5-5-5-7,"[null, null, 5, 5, 5, 7]",4-3-2-1,second_inversion,,80,7,2,None None G C E B,None None 5 1 3 7,{}
C_maj7_compact_seventh_position_seventh_6-5-4-3_1-3-5-7_8-7-5-4-x-x,C,maj7,maj7,1 3 5 7,advanced_reference,compact_seventh_position,seventh_6-5-4-3_1-3-5-7,8-7-5-4-x-x,"[8, 7, 5, 4, null, null]",6-5-4-3,root_position,,80,8,4,C E G B None None,1 3 5 7 None None,{}
C_maj7_compact_seventh_position_seventh_4-3-2-1_5-7-3-1_x-x-5-4-5-8,C,maj7,maj7,1 3 5 7,advanced_reference,compact_seventh_position,seventh_4-3-2-1_5-7-3-1,x-x-5-4-5-8,"[null, null, 5, 4, 5, 8]",4-3-2-1,second_inversion,,80,8,4,None None G B E C,None None 5 7 3 1,{}
C_maj7_compact_seventh_position_seventh_5-4-3-2_3-7-1-5_x-7-9-5-8-x,C,maj7,maj7,1 3 5 7,advanced_reference,compact_seventh_position,seventh_5-4-3-2_3-7-1-5,x-7-9-5-8-x,"[null, 7, 9, 5, 8, null]",5-4-3-2,first_inversion_or_suspended_bass,,80,9,4,None E B C G None,None 3 7 1 5 None,{}
C_maj7_compact_seventh_position_seventh_4-3-2-1_7-3-5-1_x-x-9-9-8-8,C,maj7,maj7,1 3 5 7,advanced_reference,compact_seventh_position,seventh_4-3-2-1_7-3-5-1,x-x-9-9-8-8,"[null, null, 9, 9, 8, 8]",4-3-2-1,seventh_in_bass,,80,9,1,None None B E G C,None None 7 3 5 1,{}
C_maj7_compact_seventh_position_seventh_6-5-4-3_7-5-1-3_7-10-10-9-x-x,C,maj7,maj7,1 3 5 7,advanced_reference,compact_seventh_position,seventh_6-5-4-3_7-5-1-3,7-10-10-9-x-x,"[7, 10, 10, 9, null, null]",6-5-4-3,seventh_in_bass,,80,10,3,B G C E None None,7 5 1 3 None None,{}
C_maj7_compact_seventh_position_seventh_6-5-4-3_1-5-7-3_8-10-9-9-x-x,C,maj7,maj7,1 3 5 7,advanced_reference,compact_seventh_position,seventh_6-5-4-3_1-5-7-3,8-10-9-9-x-x,"[8, 10, 9, 9, null, null]",6-5-4-3,root_position,,80,10,2,C G B E None None,1 5 7 3 None None,{}
C_maj7_compact_seventh_position_seventh_4-3-2-1_1-3-5-7_x-x-10-9-8-7,C,maj7,maj7,1 3 5 7,advanced_reference,compact_seventh_position,seventh_4-3-2-1_1-3-5-7,x-x-10-9-8-7,"[null, null, 10, 9, 8, 7]",4-3-2-1,root_position,,80,10,3,None None C E G B,None None 1 3 5 7,{}
C_maj7_compact_seventh_position_seventh_5-4-3-2_5-1-3-7_x-10-10-9-12-x,C,maj7,maj7,1 3 5 7,advanced_reference,compact_seventh_position,seventh_5-4-3-2_5-1-3-7,x-10-10-9-12-x,"[null, 10, 10, 9, 12, null]",5-4-3-2,second_inversion,,80,12,3,None G C E B None,None 5 1 3 7 None,{}
C_maj7_compact_seventh_position_seventh_4-3-2-1_1-5-7-3_x-x-10-12-12-12,C,maj7,maj7,1 3 5 7,advanced_reference,compact_seventh_position,seventh_4-3-2-1_1-5-7-3,x-x-10-12-12-12,"[null, null, 10, 12, 12, 12]",4-3-2-1,root_position,,80,12,2,None None C G B E,None None 1 5 7 3,{}
C_maj7_compact_seventh_position_seventh_5-4-3-2_5-7-3-1_x-10-9-9-13-x,C,maj7,maj7,1 3 5 7,advanced_reference,compact_seventh_position,seventh_5-4-3-2_5-7-3-1,x-10-9-9-13-x,"[null, 10, 9, 9, 13, null]",5-4-3-2,second_inversion,,80,13,4,None G B E C None,None 5 7 3 1 None,{}
C_maj7_compact_seventh_position_seventh_4-3-2-1_7-5-1-3_x-x-9-12-13-12,C,maj7,maj7,1 3 5 7,advanced_reference,compact_seventh_position,seventh_4-3-2-1_7-5-1-3,x-x-9-12-13-12,"[null, null, 9, 12, 13, 12]",4-3-2-1,seventh_in_bass,,80,13,4,None None B G C E,None None 7 5 1 3,{}
C_maj7_compact_seventh_position_seventh_6-5-4-3_3-7-1-5_12-14-10-12-x-x,C,maj7,maj7,1 3 5 7,advanced_reference,compact_seventh_position,seventh_6-5-4-3_3-7-1-5,12-14-10-12-x-x,"[12, 14, 10, 12, null, null]",6-5-4-3,first_inversion_or_suspended_bass,,80,14,4,E B C G None None,3 7 1 5 None None,{}
C_maj7_compact_seventh_position_seventh_5-4-3-2_7-3-5-1_x-14-14-12-13-x,C,maj7,maj7,1 3 5 7,advanced_reference,compact_seventh_position,seventh_5-4-3-2_7-3-5-1,x-14-14-12-13-x,"[null, 14, 14, 12, 13, null]",5-4-3-2,seventh_in_bass,,80,14,2,None B E G C None,None 7 3 5 1 None,{}
C_maj7_compact_seventh_position_seventh_5-4-3-2_1-3-5-7_x-15-14-12-12-x,C,maj7,maj7,1 3 5 7,advanced_reference,compact_seventh_position,seventh_5-4-3-2_1-3-5-7,x-15-14-12-12-x,"[null, 15, 14, 12, 12, null]",5-4-3-2,root_position,,80,15,3,None C E G B None,None 1 3 5 7 None,{}
C_maj7_compact_seventh_position_seventh_6-5-4-3_5-1-3-7_15-15-14-16-x-x,C,maj7,maj7,1 3 5 7,advanced_reference,compact_seventh_position,seventh_6-5-4-3_5-1-3-7,15-15-14-16-x-x,"[15, 15, 14, 16, null, null]",6-5-4-3,second_inversion,,80,16,2,G C E B None None,5 1 3 7 None None,{}
C_maj7_compact_seventh_position_seventh_4-3-2-1_3-7-1-5_x-x-14-16-13-15,C,maj7,maj7,1 3 5 7,advanced_reference,compact_seventh_position,seventh_4-3-2-1_3-7-1-5,x-x-14-16-13-15,"[null, null, 14, 16, 13, 15]",4-3-2-1,first_inversion_or_suspended_bass,,80,16,3,None None E B C G,None None 3 7 1 5,{}
C_maj7_compact_seventh_position_seventh_6-5-4-3_5-7-3-1_15-14-14-17-x-x,C,maj7,maj7,1 3 5 7,advanced_reference,compact_seventh_position,seventh_6-5-4-3_5-7-3-1,15-14-14-17-x-x,"[15, 14, 14, 17, null, null]",6-5-4-3,second_inversion,,80,17,3,G B E C None None,5 7 3 1 None None,{}
C_maj7_compact_seventh_position_seventh_5-4-3-2_7-5-1-3_x-14-17-17-17-x,C,maj7,maj7,1 3 5 7,advanced_reference,compact_seventh_position,seventh_5-4-3-2_7-5-1-3,x-14-17-17-17-x,"[null, 14, 17, 17, 17, null]",5-4-3-2,seventh_in_bass,,80,17,3,None B G C E None,None 7 5 1 3 None,{}
C_maj7_compact_seventh_position_seventh_5-4-3-2_1-5-7-3_x-15-17-16-17-x,C,maj7,maj7,1 3 5 7,advanced_reference,compact_seventh_position,seventh_5-4-3-2_1-5-7-3,x-15-17-16-17-x,"[null, 15, 17, 16, 17, null]",5-4-3-2,root_position,,80,17,2,None C G B E None,None 1 5 7 3 None,{}
C_major_caged_major_C_shape_x-3-2-0-1-0,C,major,major,1 3 5,beginner_core,caged_major,C_shape,x-3-2-0-1-0,"[null, 3, 2, 0, 1, 0]",,root_position,,1,3,2,None C E G C E,None 1 3 5 1 3,{}
C_major_caged_major_A_shape_x-3-5-5-5-3,C,major,major,1 3 5,beginner_core,caged_major,A_shape,x-3-5-5-5-3,"[null, 3, 5, 5, 5, 3]",,root_position,,2,5,2,None C G C E G,None 1 5 1 3 5,{}
C_major_caged_major_G_shape_8-7-5-5-5-8,C,major,major,1 3 5,beginner_core,caged_major,G_shape,8-7-5-5-5-8,"[8, 7, 5, 5, 5, 8]",,root_position,,3,8,3,C E G C E C,1 3 5 1 3 1,{}
C_major_caged_major_E_shape_8-10-10-9-8-8,C,major,major,1 3 5,beginner_core,caged_major,E_shape,8-10-10-9-8-8,"[8, 10, 10, 9, 8, 8]",,root_position,,4,10,2,C G C E G C,1 5 1 3 5 1,{}
C_major_caged_major_D_shape_x-x-10-12-13-12,C,major,major,1 3 5,beginner_core,caged_major,D_shape,x-x-10-12-13-12,"[null, null, 10, 12, 13, 12]",,root_position,,5,13,3,None None C G C E,None None 1 5 1 3,{}
C_major_triad_position_triad_3-2-1_second_inversion_5-1-3_x-x-x-0-1-0,C,major,major,1 3 5,intermediate_core,triad_position,triad_3-2-1_second_inversion_5-1-3,x-x-x-0-1-0,"[null, null, null, 0, 1, 0]",3-2-1,second_inversion,second_inversion,60,1,0,None None None G C E,None None None 5 1 3,"{""sus4"": ""C_sus4_triad_related_suspended_from_C_major_triad_position_triad_3-2-1_second_inversion_5-1-3_x-x-x-0-1-0_sus4_x-x-x-0-1-1""}"
C_major_triad_position_triad_4-3-2_first_inversion_3-5-1_x-x-2-0-1-x,C,major,major,1 3 5,intermediate_core,triad_position,triad_4-3-2_first_inversion_3-5-1,x-x-2-0-1-x,"[null, null, 2, 0, 1, null]",4-3-2,first_inversion_or_suspended_bass,first_inversion,60,2,1,None None E G C None,None None 3 5 1 None,"{""sus2"": ""C_sus2_triad_related_suspended_from_C_major_triad_position_triad_4-3-2_first_inversion_3-5-1_x-x-2-0-1-x_sus2_x-x-0-0-1-x"", ""sus4"": ""C_sus4_triad_related_suspended_from_C_major_triad_position_triad_4-3-2_first_inversion_3-5-1_x-x-2-0-1-x_sus4_x-x-3-0-1-x""}"
C_major_triad_position_triad_6-5-4_second_inversion_5-1-3_3-3-2-x-x-x,C,major,major,1 3 5,intermediate_core,triad_position,triad_6-5-4_second_inversion_5-1-3,3-3-2-x-x-x,"[3, 3, 2, null, null, null]",6-5-4,second_inversion,second_inversion,60,3,1,G C E None None None,5 1 3 None None None,"{""sus2"": ""C_sus2_triad_related_suspended_from_C_major_triad_position_triad_6-5-4_second_inversion_5-1-3_3-3-2-x-x-x_sus2_3-3-0-x-x-x"", ""sus4"": ""C_sus4_triad_related_suspended_from_C_major_triad_position_triad_6-5-4_second_inversion_5-1-3_3-3-2-x-x-x_sus4_3-3-3-x-x-x""}"
C_major_triad_position_triad_5-4-3_root_position_1-3-5_x-3-2-0-x-x,C,major,major,1 3 5,intermediate_core,triad_position,triad_5-4-3_root_position_1-3-5,x-3-2-0-x-x,"[null, 3, 2, 0, null, null]",5-4-3,root_position,root_position,60,3,1,None C E G None None,None 1 3 5 None None,"{""sus2"": ""C_sus2_triad_related_suspended_from_C_major_triad_position_triad_5-4-3_root_position_1-3-5_x-3-2-0-x-x_sus2_x-3-0-0-x-x"", ""sus4"": ""C_sus4_triad_related_suspended_from_C_major_triad_position_triad_5-4-3_root_position_1-3-5_x-3-2-0-x-x_sus4_x-3-3-0-x-x""}"
C_major_triad_position_triad_6-5-4_first_inversion_3-1-5_0-3-5-x-x-x,C,major,major,1 3 5,intermediate_core,triad_position,triad_6-5-4_first_inversion_3-1-5,0-3-5-x-x-x,"[0, 3, 5, null, null, null]",6-5-4,first_inversion_or_suspended_bass,first_inversion,60,5,2,E C G None None None,3 1 5 None None None,"{""sus4"": ""C_sus4_triad_related_suspended_from_C_major_triad_position_triad_6-5-4_first_inversion_3-1-5_0-3-5-x-x-x_sus4_1-3-5-x-x-x""}"
C_major_triad_position_triad_4-3-2_second_inversion_5-1-3_x-x-5-5-5-x,C,major,major,1 3 5,intermediate_core,triad_position,triad_4-3-2_second_inversion_5-1-3,x-x-5-5-5-x,"[null, null, 5, 5, 5, null]",4-3-2,second_inversion,second_inversion,60,5,0,None None G C E None,None None 5 1 3 None,"{""sus2"": ""C_sus2_triad_related_suspended_from_C_major_triad_position_triad_4-3-2_second_inversion_5-1-3_x-x-5-5-5-x_sus2_x-x-5-5-3-x"", ""sus4"": ""C_sus4_triad_related_suspended_from_C_major_triad_position_triad_4-3-2_second_inversion_5-1-3_x-x-5-5-5-x_sus4_x-x-5-5-6-x""}"
C_major_triad_position_triad_3-2-1_root_position_1-3-5_x-x-x-5-5-3,C,major,major,1 3 5,intermediate_core,triad_position,triad_3-2-1_root_position_1-3-5,x-x-x-5-5-3,"[null, null, null, 5, 5, 3]",3-2-1,root_position,root_position,60,5,2,None None None C E G,None None None 1 3 5,"{""sus2"": ""C_sus2_triad_related_suspended_from_C_major_triad_position_triad_3-2-1_root_position_1-3-5_x-x-x-5-5-3_sus2_x-x-x-5-3-3"", ""sus4"": ""C_sus4_triad_related_suspended_from_C_major_triad_position_triad_3-2-1_root_position_1-3-5_x-x-x-5-5-3_sus4_x-x-x-5-6-3""}"
C_major_triad_position_triad_5-4-3_first_inversion_3-5-1_x-7-5-5-x-x,C,major,major,1 3 5,intermediate_core,triad_position,triad_5-4-3_first_inversion_3-5-1,x-7-5-5-x-x,"[null, 7, 5, 5, null, null]",5-4-3,first_inversion_or_suspended_bass,first_inversion,60,7,2,None E G C None None,None 3 5 1 None None,"{""sus2"": ""C_sus2_triad_related_suspended_from_C_major_triad_position_triad_5-4-3_first_inversion_3-5-1_x-7-5-5-x-x_sus2_x-5-5-5-x-x"", ""sus4"": ""C_sus4_triad_related_suspended_from_C_major_triad_position_triad_5-4-3_first_inversion_3-5-1_x-7-5-5-x-x_sus4_x-8-5-5-x-x""}"
C_major_triad_position_triad_6-5-4_root_position_1-3-5_8-7-5-x-x-x,C,major,major,1 3 5,intermediate_core,triad_position,triad_6-5-4_root_position_1-3-5,8-7-5-x-x-x,"[8, 7, 5, null, null, null]",6-5-4,root_position,root_position,60,8,3,C E G None None None,1 3 5 None None None,"{""sus2"": ""C_sus2_triad_related_suspended_from_C_major_triad_position_triad_6-5-4_root_position_1-3-5_8-7-5-x-x-x_sus2_8-5-5-x-x-x"", ""sus4"": ""C_sus4_triad_related_suspended_from_C_major_triad_position_triad_6-5-4_root_position_1-3-5_8-7-5-x-x-x_sus4_8-8-5-x-x-x""}"
C_major_triad_position_triad_3-2-1_first_inversion_3-5-1_x-x-x-9-8-8,C,major,major,1 3 5,intermediate_core,triad_position,triad_3-2-1_first_inversion_3-5-1,x-x-x-9-8-8,"[null, null, null, 9, 8, 8]",3-2-1,first_inversion_or_suspended_bass,first_inversion,60,9,1,None None None E G C,None None None 3 5 1,"{""sus2"": ""C_sus2_triad_related_suspended_from_C_major_triad_position_triad_3-2-1_first_inversion_3-5-1_x-x-x-9-8-8_sus2_x-x-x-7-8-8"", ""sus4"": ""C_sus4_triad_related_suspended_from_C_major_triad_position_triad_3-2-1_first_inversion_3-5-1_x-x-x-9-8-8_sus4_x-x-x-10-8-8""}"
C_major_triad_position_triad_5-4-3_second_inversion_5-1-3_x-10-10-9-x-x,C,major,major,1 3 5,intermediate_core,triad_position,triad_5-4-3_second_inversion_5-1-3,x-10-10-9-x-x,"[null, 10, 10, 9, null, null]",5-4-3,second_inversion,second_inversion,60,10,1,None G C E None None,None 5 1 3 None None,"{""sus2"": ""C_sus2_triad_related_suspended_from_C_major_triad_position_triad_5-4-3_second_inversion_5-1-3_x-10-10-9-x-x_sus2_x-10-10-7-x-x"", ""sus4"": ""C_sus4_triad_related_suspended_from_C_major_triad_position_triad_5-4-3_second_inversion_5-1-3_x-10-10-9-x-x_sus4_x-10-10-10-x-x""}"
C_major_triad_position_triad_4-3-2_root_position_1-3-5_x-x-10-9-8-x,C,major,major,1 3 5,intermediate_core,triad_position,triad_4-3-2_root_position_1-3-5,x-x-10-9-8-x,"[null, null, 10, 9, 8, null]",4-3-2,root_position,root_position,60,10,2,None None C E G None,None None 1 3 5 None,"{""sus2"": ""C_sus2_triad_related_suspended_from_C_major_triad_position_triad_4-3-2_root_position_1-3-5_x-x-10-9-8-x_sus2_x-x-10-7-8-x"", ""sus4"": ""C_sus4_triad_related_suspended_from_C_major_triad_position_triad_4-3-2_root_position_1-3-5_x-x-10-9-8-x_sus4_x-x-10-10-8-x""}"
C_major_triad_position_triad_6-5-4_first_inversion_3-5-1_12-10-10-x-x-x,C,major,major,1 3 5,intermediate_core,triad_position,triad_6-5-4_first_inversion_3-5-1,12-10-10-x-x-x,"[12, 10, 10, null, null, null]",6-5-4,first_inversion_or_suspended_bass,first_inversion,60,12,2,E G C None None None,3 5 1 None None None,"{""sus2"": ""C_sus2_triad_related_suspended_from_C_major_triad_position_triad_6-5-4_first_inversion_3-5-1_12-10-10-x-x-x_sus2_10-10-10-x-x-x"", ""sus4"": ""C_sus4_triad_related_suspended_from_C_major_triad_position_triad_6-5-4_first_inversion_3-5-1_12-10-10-x-x-x_sus4_13-10-10-x-x-x""}"
C_major_triad_position_triad_3-2-1_second_inversion_5-1-3_x-x-x-12-13-12,C,major,major,1 3 5,intermediate_core,triad_position,triad_3-2-1_second_inversion_5-1-3,x-x-x-12-13-12,"[null, null, null, 12, 13, 12]",3-2-1,second_inversion,second_inversion,60,13,1,None None None G C E,None None None 5 1 3,"{""sus2"": ""C_sus2_triad_related_suspended_from_C_major_triad_position_triad_3-2-1_second_inversion_5-1-3_x-x-x-12-13-12_sus2_x-x-x-12-13-10"", ""sus4"": ""C_sus4_triad_related_suspended_from_C_major_triad_position_triad_3-2-1_second_inversion_5-1-3_x-x-x-12-13-12_sus4_x-x-x-12-13-13""}"
C_major_triad_position_triad_4-3-2_first_inversion_3-5-1_x-x-14-12-13-x,C,major,major,1 3 5,intermediate_core,triad_position,triad_4-3-2_first_inversion_3-5-1,x-x-14-12-13-x,"[null, null, 14, 12, 13, null]",4-3-2,first_inversion_or_suspended_bass,first_inversion,60,14,2,None None E G C None,None None 3 5 1 None,"{""sus2"": ""C_sus2_triad_related_suspended_from_C_major_triad_position_triad_4-3-2_first_inversion_3-5-1_x-x-14-12-13-x_sus2_x-x-12-12-13-x"", ""sus4"": ""C_sus4_triad_related_suspended_from_C_major_triad_position_triad_4-3-2_first_inversion_3-5-1_x-x-14-12-13-x_sus4_x-x-15-12-13-x""}"
C_major_triad_position_triad_6-5-4_second_inversion_5-1-3_15-15-14-x-x-x,C,major,major,1 3 5,intermediate_core,triad_position,triad_6-5-4_second_inversion_5-1-3,15-15-14-x-x-x,"[15, 15, 14, null, null, null]",6-5-4,second_inversion,second_inversion,60,15,1,G C E None None None,5 1 3 None None None,"{""sus2"": ""C_sus2_triad_related_suspended_from_C_major_triad_position_triad_6-5-4_second_inversion_5-1-3_15-15-14-x-x-x_sus2_15-15-12-x-x-x"", ""sus4"": ""C_sus4_triad_related_suspended_from_C_major_triad_position_triad_6-5-4_second_inversion_5-1-3_15-15-14-x-x-x_sus4_15-15-15-x-x-x""}"
C_major_triad_position_triad_5-4-3_root_position_1-3-5_x-15-14-12-x-x,C,major,major,1 3 5,intermediate_core,triad_position,triad_5-4-3_root_position_1-3-5,x-15-14-12-x-x,"[null, 15, 14, 12, null, null]",5-4-3,root_position,root_position,60,15,3,None C E G None None,None 1 3 5 None None,"{""sus2"": ""C_sus2_triad_related_suspended_from_C_major_triad_position_triad_5-4-3_root_position_1-3-5_x-15-14-12-x-x_sus2_x-15-12-12-x-x"", ""sus4"": ""C_sus4_triad_related_suspended_from_C_major_triad_position_triad_5-4-3_root_position_1-3-5_x-15-14-12-x-x_sus4_x-15-15-12-x-x""}"
C_major_triad_position_triad_4-3-2_second_inversion_5-1-3_x-x-17-17-17-x,C,major,major,1 3 5,intermediate_core,triad_position,triad_4-3-2_second_inversion_5-1-3,x-x-17-17-17-x,"[null, null, 17, 17, 17, null]",4-3-2,second_inversion,second_inversion,60,17,0,None None G C E None,None None 5 1 3 None,"{""sus2"": ""C_sus2_triad_related_suspended_from_C_major_triad_position_triad_4-3-2_second_inversion_5-1-3_x-x-17-17-17-x_sus2_x-x-17-17-15-x"", ""sus4"": ""C_sus4_triad_related_suspended_from_C_major_triad_position_triad_4-3-2_second_inversion_5-1-3_x-x-17-17-17-x_sus4_x-x-17-17-18-x""}"
C_major_triad_position_triad_3-2-1_root_position_1-3-5_x-x-x-17-17-15,C,major,major,1 3 5,intermediate_core,triad_position,triad_3-2-1_root_position_1-3-5,x-x-x-17-17-15,"[null, null, null, 17, 17, 15]",3-2-1,root_position,root_position,60,17,2,None None None C E G,None None None 1 3 5,"{""sus2"": ""C_sus2_triad_related_suspended_from_C_major_triad_position_triad_3-2-1_root_position_1-3-5_x-x-x-17-17-15_sus2_x-x-x-17-15-15"", ""sus4"": ""C_sus4_triad_related_suspended_from_C_major_triad_position_triad_3-2-1_root_position_1-3-5_x-x-x-17-17-15_sus4_x-x-x-17-18-15""}"
C_minor_caged_minor_C_shape_minor_x-3-1-0-1-3,C,minor,minor,1 b3 5,beginner_core,caged_minor,C_shape_minor,x-3-1-0-1-3,"[null, 3, 1, 0, 1, 3]",,root_position,,10,3,2,None C D# G C G,None 1 b3 5 1 5,{}
C_minor_caged_minor_A_shape_minor_x-3-5-5-4-3,C,minor,minor,1 b3 5,beginner_core,caged_minor,A_shape_minor,x-3-5-5-4-3,"[null, 3, 5, 5, 4, 3]",,root_position,,11,5,2,None C G C D# G,None 1 5 1 b3 5,{}
C_minor_caged_minor_G_shape_minor_8-6-5-5-8-8,C,minor,minor,1 b3 5,beginner_core,caged_minor,G_shape_minor,8-6-5-5-8-8,"[8, 6, 5, 5, 8, 8]",,root_position,,12,8,3,C D# G C G C,1 b3 5 1 5 1,{}
C_minor_caged_minor_E_shape_minor_8-10-10-8-8-8,C,minor,minor,1 b3 5,beginner_core,caged_minor,E_shape_minor,8-10-10-8-8-8,"[8, 10, 10, 8, 8, 8]",,root_position,,13,10,2,C G C D# G C,1 5 1 b3 5 1,{}
C_minor_caged_minor_D_shape_minor_x-x-10-12-13-11,C,minor,minor,1 b3 5,beginner_core,caged_minor,D_shape_minor,x-x-10-12-13-11,"[null, null, 10, 12, 13, 11]",,root_position,,14,13,3,None None C G C D#,None None 1 5 1 b3,{}
C_minor_triad_position_triad_4-3-2_first_inversion_b3-5-1_x-x-1-0-1-x,C,minor,minor,1 b3 5,intermediate_core,triad_position,triad_4-3-2_first_inversion_b3-5-1,x-x-1-0-1-x,"[null, null, 1, 0, 1, null]",4-3-2,first_inversion_or_suspended_bass,first_inversion,60,1,0,None None D# G C None,None None b3 5 1 None,{}
C_minor_triad_position_triad_6-5-4_second_inversion_5-1-b3_3-3-1-x-x-x,C,minor,minor,1 b3 5,intermediate_core,triad_position,triad_6-5-4_second_inversion_5-1-b3,3-3-1-x-x-x,"[3, 3, 1, null, null, null]",6-5-4,second_inversion,second_inversion,60,3,2,G C D# None None None,5 1 b3 None None None,{}
C_minor_triad_position_triad_5-4-3_root_position_1-b3-5_x-3-1-0-x-x,C,minor,minor,1 b3 5,intermediate_core,triad_position,triad_5-4-3_root_position_1-b3-5,x-3-1-0-x-x,"[null, 3, 1, 0, null, null]",5-4-3,root_position,root_position,60,3,2,None C D# G None None,None 1 b3 5 None None,{}
C_minor_triad_position_triad_4-3-2_second_inversion_5-1-b3_x-x-5-5-4-x,C,minor,minor,1 b3 5,intermediate_core,triad_position,triad_4-3-2_second_inversion_5-1-b3,x-x-5-5-4-x,"[null, null, 5, 5, 4, null]",4-3-2,second_inversion,second_inversion,60,5,1,None None G C D# None,None None 5 1 b3 None,{}
C_minor_triad_position_triad_3-2-1_root_position_1-b3-5_x-x-x-5-4-3,C,minor,minor,1 b3 5,intermediate_core,triad_position,triad_3-2-1_root_position_1-b3-5,x-x-x-5-4-3,"[null, null, null, 5, 4, 3]",3-2-1,root_position,root_position,60,5,2,None None None C D# G,None None None 1 b3 5,{}
C_minor_triad_position_triad_5-4-3_first_inversion_b3-5-1_x-6-5-5-x-x,C,minor,minor,1 b3 5,intermediate_core,triad_position,triad_5-4-3_first_inversion_b3-5-1,x-6-5-5-x-x,"[null, 6, 5, 5, null, null]",5-4-3,first_inversion_or_suspended_bass,first_inversion,60,6,1,None D# G C None None,None b3 5 1 None None,{}
C_minor_triad_position_triad_6-5-4_root_position_1-b3-5_8-6-5-x-x-x,C,minor,minor,1 b3 5,intermediate_core,triad_position,triad_6-5-4_root_position_1-b3-5,8-6-5-x-x-x,"[8, 6, 5, null, null, null]",6-5-4,root_position,root_position,60,8,3,C D# G None None None,1 b3 5 None None None,{}
C_minor_triad_position_triad_3-2-1_first_inversion_b3-5-1_x-x-x-8-8-8,C,minor,minor,1 b3 5,intermediate_core,triad_position,triad_3-2-1_first_inversion_b3-5-1,x-x-x-8-8-8,"[null, null, null, 8, 8, 8]",3-2-1,first_inversion_or_suspended_bass,first_inversion,60,8,0,None None None D# G C,None None None b3 5 1,{}
C_minor_triad_position_triad_5-4-3_second_inversion_5-1-b3_x-10-10-8-x-x,C,minor,minor,1 b3 5,intermediate_core,triad_position,triad_5-4-3_second_inversion_5-1-b3,x-10-10-8-x-x,"[null, 10, 10, 8, null, null]",5-4-3,second_inversion,second_inversion,60,10,2,None G C D# None None,None 5 1 b3 None None,{}
C_minor_triad_position_triad_4-3-2_root_position_1-b3-5_x-x-10-8-8-x,C,minor,minor,1 b3 5,intermediate_core,triad_position,triad_4-3-2_root_position_1-b3-5,x-x-10-8-8-x,"[null, null, 10, 8, 8, null]",4-3-2,root_position,root_position,60,10,2,None None C D# G None,None None 1 b3 5 None,{}
C_minor_triad_position_triad_6-5-4_first_inversion_b3-5-1_11-10-10-x-x-x,C,minor,minor,1 b3 5,intermediate_core,triad_position,triad_6-5-4_first_inversion_b3-5-1,11-10-10-x-x-x,"[11, 10, 10, null, null, null]",6-5-4,first_inversion_or_suspended_bass,first_inversion,60,11,1,D# G C None None None,b3 5 1 None None None,{}
C_minor_triad_position_triad_4-3-2_first_inversion_b3-5-1_x-x-13-12-13-x,C,minor,minor,1 b3 5,intermediate_core,triad_position,triad_4-3-2_first_inversion_b3-5-1,x-x-13-12-13-x,"[null, null, 13, 12, 13, null]",4-3-2,first_inversion_or_suspended_bass,first_inversion,60,13,1,None None D# G C None,None None b3 5 1 None,{}
C_minor_triad_position_triad_3-2-1_second_inversion_5-1-b3_x-x-x-12-13-11,C,minor,minor,1 b3 5,intermediate_core,triad_position,triad_3-2-1_second_inversion_5-1-b3,x-x-x-12-13-11,"[null, null, null, 12, 13, 11]",3-2-1,second_inversion,second_inversion,60,13,2,None None None G C D#,None None None 5 1 b3,{}
C_minor_triad_position_triad_6-5-4_second_inversion_5-1-b3_15-15-13-x-x-x,C,minor,minor,1 b3 5,intermediate_core,triad_position,triad_6-5-4_second_inversion_5-1-b3,15-15-13-x-x-x,"[15, 15, 13, null, null, null]",6-5-4,second_inversion,second_inversion,60,15,2,G C D# None None None,5 1 b3 None None None,{}
C_minor_triad_position_triad_5-4-3_root_position_1-b3-5_x-15-13-12-x-x,C,minor,minor,1 b3 5,intermediate_core,triad_position,triad_5-4-3_root_position_1-b3-5,x-15-13-12-x-x,"[null, 15, 13, 12, null, null]",5-4-3,root_position,root_position,60,15,3,None C D# G None None,None 1 b3 5 None None,{}
C_minor_triad_position_triad_4-3-2_second_inversion_5-1-b3_x-x-17-17-16-x,C,minor,minor,1 b3 5,intermediate_core,triad_position,triad_4-3-2_second_inversion_5-1-b3,x-x-17-17-16-x,"[null, null, 17, 17, 16, null]",4-3-2,second_inversion,second_inversion,60,17,1,None None G C D# None,None None 5 1 b3 None,{}
C_minor_triad_position_triad_3-2-1_root_position_1-b3-5_x-x-x-17-16-15,C,minor,minor,1 b3 5,intermediate_core,triad_position,triad_3-2-1_root_position_1-b3-5,x-x-x-17-16-15,"[null, null, null, 17, 16, 15]",3-2-1,root_position,root_position,60,17,2,None None None C D# G,None None None 1 b3 5,{}
C_minor_triad_position_triad_5-4-3_first_inversion_b3-5-1_x-18-17-17-x-x,C,minor,minor,1 b3 5,intermediate_core,triad_position,triad_5-4-3_first_inversion_b3-5-1,x-18-17-17-x-x,"[null, 18, 17, 17, null, null]",5-4-3,first_inversion_or_suspended_bass,first_inversion,60,18,1,None D# G C None None,None b3 5 1 None None,"{""sus2"": ""C_sus2_triad_related_suspended_from_C_minor_triad_position_triad_5-4-3_first_inversion_b3-5-1_x-18-17-17-x-x_sus2_x-17-17-17-x-x""}"
C_sus2_caged_suspended_C_shape_sus2_x-3-0-0-1-3,C,sus2,sus2,1 2 5,intermediate_core,caged_suspended,C_shape_sus2,x-3-0-0-1-3,"[null, 3, 0, 0, 1, 3]",,root_position,,30,3,2,None C D G C G,None 1 2 5 1 5,{}
C_sus2_caged_suspended_A_shape_sus2_x-3-5-5-3-3,C,sus2,sus2,1 2 5,intermediate_core,caged_suspended,A_shape_sus2,x-3-5-5-3-3,"[null, 3, 5, 5, 3, 3]",,root_position,,30,5,2,None C G C D G,None 1 5 1 2 5,{}
C_sus2_caged_suspended_E_shape_sus2_8-10-12-12-8-8,C,sus2,sus2,1 2 5,intermediate_core,caged_suspended,E_shape_sus2,8-10-12-12-8-8,"[8, 10, 12, 12, 8, 8]",,root_position,,30,12,4,C G D G G C,1 5 2 5 5 1,{}
C_sus2_caged_suspended_D_shape_sus2_x-x-10-12-13-10,C,sus2,sus2,1 2 5,intermediate_core,caged_suspended,D_shape_sus2,x-x-10-12-13-10,"[null, null, 10, 12, 13, 10]",,root_position,,30,13,3,None None C G C D,None None 1 5 1 2,{}
C_sus2_triad_related_suspended_from_C_major_triad_position_triad_4-3-2_first_inversion_3-5-1_x-x-2-0-1-x_sus2_x-x-0-0-1-x,C,sus2,sus2,1 2 5,intermediate_core,triad_related_suspended,from_C_major_triad_position_triad_4-3-2_first_inversion_3-5-1_x-x-2-0-1-x_sus2,x-x-0-0-1-x,"[null, null, 0, 0, 1, null]",4-3-2,first_inversion_or_suspended_bass,,65,1,0,None None D G C None,None None 2 5 1 None,{}
C_sus2_triad_related_suspended_from_C_major_triad_position_triad_6-5-4_second_inversion_5-1-3_3-3-2-x-x-x_sus2_3-3-0-x-x-x,C,sus2,sus2,1 2 5,intermediate_core,triad_related_suspended,from_C_major_triad_position_triad_6-5-4_second_inversion_5-1-3_3-3-2-x-x-x_sus2,3-3-0-x-x-x,"[3, 3, 0, null, null, null]",6-5-4,second_inversion,,65,3,0,G C D None None None,5 1 2 None None None,{}
C_sus2_triad_related_suspended_from_C_major_triad_position_triad_5-4-3_root_position_1-3-5_x-3-2-0-x-x_sus2_x-3-0-0-x-x,C,sus2,sus2,1 2 5,intermediate_core,triad_related_suspended,from_C_major_triad_position_triad_5-4-3_root_position_1-3-5_x-3-2-0-x-x_sus2,x-3-0-0-x-x,"[null, 3, 0, 0, null, null]",5-4-3,root_position,,65,3,0,None C D G None None,None 1 2 5 None None,{}
C_sus2_triad_related_suspended_from_C_major_triad_position_triad_5-4-3_first_inversion_3-5-1_x-7-5-5-x-x_sus2_x-5-5-5-x-x,C,sus2,sus2,1 2 5,intermediate_core,triad_related_suspended,from_C_major_triad_position_triad_5-4-3_first_inversion_3-5-1_x-7-5-5-x-x_sus2,x-5-5-5-x-x,"[null, 5, 5, 5, null, null]",5-4-3,first_inversion_or_suspended_bass,,65,5,0,None D G C None None,None 2 5 1 None None,{}
C_sus2_triad_related_suspended_from_C_major_triad_position_triad_4-3-2_second_inversion_5-1-3_x-x-5-5-5-x_sus2_x-x-5-5-3-x,C,sus2,sus2,1 2 5,intermediate_core,triad_related_suspended,from_C_major_triad_position_triad_4-3-2_second_inversion_5-1-3_x-x-5-5-5-x_sus2,x-x-5-5-3-x,"[null, null, 5, 5, 3, null]",4-3-2,second_inversion,,65,5,2,None None G C D None,None None 5 1 2 None,{}
C_sus2_triad_related_suspended_from_C_major_triad_position_triad_3-2-1_root_position_1-3-5_x-x-x-5-5-3_sus2_x-x-x-5-3-3,C,sus2,sus2,1 2 5,intermediate_core,triad_related_suspended,from_C_major_triad_position_triad_3-2-1_root_position_1-3-5_x-x-x-5-5-3_sus2,x-x-x-5-3-3,"[null, null, null, 5, 3, 3]",3-2-1,root_position,,65,5,2,None None None C D G,None None None 1 2 5,{}
C_sus2_triad_related_suspended_from_C_major_triad_position_triad_6-5-4_root_position_1-3-5_8-7-5-x-x-x_sus2_8-5-5-x-x-x,C,sus2,sus2,1 2 5,intermediate_core,triad_related_suspended,from_C_major_triad_position_triad_6-5-4_root_position_1-3-5_8-7-5-x-x-x_sus2,8-5-5-x-x-x,"[8, 5, 5, null, null, null]",6-5-4,root_position,,65,8,3,C D G None None None,1 2 5 None None None,{}
C_sus2_triad_related_suspended_from_C_major_triad_position_triad_3-2-1_first_inversion_3-5-1_x-x-x-9-8-8_sus2_x-x-x-7-8-8,C,sus2,sus2,1 2 5,intermediate_core,triad_related_suspended,from_C_major_triad_position_triad_3-2-1_first_inversion_3-5-1_x-x-x-9-8-8_sus2,x-x-x-7-8-8,"[null, null, null, 7, 8, 8]",3-2-1,first_inversion_or_suspended_bass,,65,8,1,None None None D G C,None None None 2 5 1,{}
C_sus2_triad_related_suspended_from_C_major_triad_position_triad_6-5-4_first_inversion_3-5-1_12-10-10-x-x-x_sus2_10-10-10-x-x-x,C,sus2,sus2,1 2 5,intermediate_core,triad_related_suspended,from_C_major_triad_position_triad_6-5-4_first_inversion_3-5-1_12-10-10-x-x-x_sus2,10-10-10-x-x-x,"[10, 10, 10, null, null, null]",6-5-4,first_inversion_or_suspended_bass,,65,10,0,D G C None None None,2 5 1 None None None,{}
C_sus2_triad_related_suspended_from_C_major_triad_position_triad_5-4-3_second_inversion_5-1-3_x-10-10-9-x-x_sus2_x-10-10-7-x-x,C,sus2,sus2,1 2 5,intermediate_core,triad_related_suspended,from_C_major_triad_position_triad_5-4-3_second_inversion_5-1-3_x-10-10-9-x-x_sus2,x-10-10-7-x-x,"[null, 10, 10, 7, null, null]",5-4-3,second_inversion,,65,10,3,None G C D None None,None 5 1 2 None None,{}
C_sus2_triad_related_suspended_from_C_major_triad_position_triad_4-3-2_root_position_1-3-5_x-x-10-9-8-x_sus2_x-x-10-7-8-x,C,sus2,sus2,1 2 5,intermediate_core,triad_related_suspended,from_C_major_triad_position_triad_4-3-2_root_position_1-3-5_x-x-10-9-8-x_sus2,x-x-10-7-8-x,"[null, null, 10, 7, 8, null]",4-3-2,root_position,,65,10,3,None None C D G None,None None 1 2 5 None,{}
C_sus2_triad_related_suspended_from_C_major_triad_position_triad_4-3-2_first_inversion_3-5-1_x-x-14-12-13-x_sus2_x-x-12-12-13-x,C,sus2,sus2,1 2 5,intermediate_core,triad_related_suspended,from_C_major_triad_position_triad_4-3-2_first_inversion_3-5-1_x-x-14-12-13-x_sus2,x-x-12-12-13-x,"[null, null, 12, 12, 13, null]",4-3-2,first_inversion_or_suspended_bass,,65,13,1,None None D G C None,None None 2 5 1 None,{}
C_sus2_triad_related_suspended_from_C_major_triad_position_triad_3-2-1_second_inversion_5-1-3_x-x-x-12-13-12_sus2_x-x-x-12-13-10,C,sus2,sus2,1 2 5,intermediate_core,triad_related_suspended,from_C_major_triad_position_triad_3-2-1_second_inversion_5-1-3_x-x-x-12-13-12_sus2,x-x-x-12-13-10,"[null, null, null, 12, 13, 10]",3-2-1,second_inversion,,65,13,3,None None None G C D,None None None 5 1 2,{}
C_sus2_triad_related_suspended_from_C_major_triad_position_triad_6-5-4_second_inversion_5-1-3_15-15-14-x-x-x_sus2_15-15-12-x-x-x,C,sus2,sus2,1 2 5,intermediate_core,triad_related_suspended,from_C_major_triad_position_triad_6-5-4_second_inversion_5-1-3_15-15-14-x-x-x_sus2,15-15-12-x-x-x,"[15, 15, 12, null, null, null]",6-5-4,second_inversion,,65,15,3,G C D None None None,5 1 2 None None None,{}
C_sus2_triad_related_suspended_from_C_major_triad_position_triad_5-4-3_root_position_1-3-5_x-15-14-12-x-x_sus2_x-15-12-12-x-x,C,sus2,sus2,1 2 5,intermediate_core,triad_related_suspended,from_C_major_triad_position_triad_5-4-3_root_position_1-3-5_x-15-14-12-x-x_sus2,x-15-12-12-x-x,"[null, 15, 12, 12, null, null]",5-4-3,root_position,,65,15,3,None C D G None None,None 1 2 5 None None,{}
C_sus2_triad_related_suspended_from_C_minor_triad_position_triad_5-4-3_first_inversion_b3-5-1_x-18-17-17-x-x_sus2_x-17-17-17-x-x,C,sus2,sus2,1 2 5,intermediate_core,triad_related_suspended,from_C_minor_triad_position_triad_5-4-3_first_inversion_b3-5-1_x-18-17-17-x-x_sus2,x-17-17-17-x-x,"[null, 17, 17, 17, null, null]",5-4-3,first_inversion_or_suspended_bass,,65,17,0,None D G C None None,None 2 5 1 None None,{}
C_sus2_triad_related_suspended_from_C_major_triad_position_triad_4-3-2_second_inversion_5-1-3_x-x-17-17-17-x_sus2_x-x-17-17-15-x,C,sus2,sus2,1 2 5,intermediate_core,triad_related_suspended,from_C_major_triad_position_triad_4-3-2_second_inversion_5-1-3_x-x-17-17-17-x_sus2,x-x-17-17-15-x,"[null, null, 17, 17, 15, null]",4-3-2,second_inversion,,65,17,2,None None G C D None,None None 5 1 2 None,{}
C_sus2_triad_related_suspended_from_C_major_triad_position_triad_3-2-1_root_position_1-3-5_x-x-x-17-17-15_sus2_x-x-x-17-15-15,C,sus2,sus2,1 2 5,intermediate_core,triad_related_suspended,from_C_major_triad_position_triad_3-2-1_root_position_1-3-5_x-x-x-17-17-15_sus2,x-x-x-17-15-15,"[null, null, null, 17, 15, 15]",3-2-1,root_position,,65,17,2,None None None C D G,None None None 1 2 5,{}
C_sus4_caged_suspended_C_shape_sus4_x-3-3-0-1-1,C,sus4,sus4,1 4 5,intermediate_core,caged_suspended,C_shape_sus4,x-3-3-0-1-1,"[null, 3, 3, 0, 1, 1]",,root_position,,30,3,2,None C F G C F,None 1 4 5 1 4,{}
C_sus4_caged_suspended_A_shape_sus4_x-3-5-5-6-3,C,sus4,sus4,1 4 5,intermediate_core,caged_suspended,A_shape_sus4,x-3-5-5-6-3,"[null, 3, 5, 5, 6, 3]",,root_position,,30,6,3,None C G C F G,None 1 5 1 4 5,{}
C_sus4_caged_suspended_E_shape_sus4_8-10-10-10-8-8,C,sus4,sus4,1 4 5,intermediate_core,caged_suspended,E_shape_sus4,8-10-10-10-8-8,"[8, 10, 10, 10, 8, 8]",,root_position,,30,10,2,C G C F G C,1 5 1 4 5 1,{}
C_sus4_caged_suspended_D_shape_sus4_x-x-10-12-13-13,C,sus4,sus4,1 4 5,intermediate_core,caged_suspended,D_shape_sus4,x-x-10-12-13-13,"[null, null, 10, 12, 13, 13]",,root_position,,30,13,3,None None C G C F,None None 1 5 1 4,{}
C_sus4_triad_related_suspended_from_C_major_triad_position_triad_3-2-1_second_inversion_5-1-3_x-x-x-0-1-0_sus4_x-x-x-0-1-1,C,sus4,sus4,1 4 5,intermediate_core,triad_related_suspended,from_C_major_triad_position_triad_3-2-1_second_inversion_5-1-3_x-x-x-0-1-0_sus4,x-x-x-0-1-1,"[null, null, null, 0, 1, 1]",3-2-1,second_inversion,,65,1,0,None None None G C F,None None None 5 1 4,{}
C_sus4_triad_related_suspended_from_C_major_triad_position_triad_6-5-4_second_inversion_5-1-3_3-3-2-x-x-x_sus4_3-3-3-x-x-x,C,sus4,sus4,1 4 5,intermediate_core,triad_related_suspended,from_C_major_triad_position_triad_6-5-4_second_inversion_5-1-3_3-3-2-x-x-x_sus4,3-3-3-x-x-x,"[3, 3, 3, null, null, null]",6-5-4,second_inversion,,65,3,0,G C F None None None,5 1 4 None None None,{}
C_sus4_triad_related_suspended_from_C_major_triad_position_triad_5-4-3_root_position_1-3-5_x-3-2-0-x-x_sus4_x-3-3-0-x-x,C,sus4,sus4,1 4 5,intermediate_core,triad_related_suspended,from_C_major_triad_position_triad_5-4-3_root_position_1-3-5_x-3-2-0-x-x_sus4,x-3-3-0-x-x,"[null, 3, 3, 0, null, null]",5-4-3,root_position,,65,3,0,None C F G None None,None 1 4 5 None None,{}
C_sus4_triad_related_suspended_from_C_major_triad_position_triad_4-3-2_first_inversion_3-5-1_x-x-2-0-1-x_sus4_x-x-3-0-1-x,C,sus4,sus4,1 4 5,intermediate_core,triad_related_suspended,from_C_major_triad_position_triad_4-3-2_first_inversion_3-5-1_x-x-2-0-1-x_sus4,x-x-3-0-1-x,"[null, null, 3, 0, 1, null]",4-3-2,first_inversion_or_suspended_bass,,65,3,2,None None F G C None,None None 4 5 1 None,{}
C_sus4_triad_related_suspended_from_C_major_triad_position_triad_6-5-4_first_inversion_3-1-5_0-3-5-x-x-x_sus4_1-3-5-x-x-x,C,sus4,sus4,1 4 5,intermediate_core,triad_related_suspended,from_C_major_triad_position_triad_6-5-4_first_inversion_3-1-5_0-3-5-x-x-x_sus4,1-3-5-x-x-x,"[1, 3, 5, null, null, null]",6-5-4,first_inversion_or_suspended_bass,,65,5,4,F C G None None None,4 1 5 None None None,{}
C_sus4_triad_related_suspended_from_C_major_triad_position_triad_4-3-2_second_inversion_5-1-3_x-x-5-5-5-x_sus4_x-x-5-5-6-x,C,sus4,sus4,1 4 5,intermediate_core,triad_related_suspended,from_C_major_triad_position_triad_4-3-2_second_inversion_5-1-3_x-x-5-5-5-x_sus4,x-x-5-5-6-x,"[null, null, 5, 5, 6, null]",4-3-2,second_inversion,,65,6,1,None None G C F None,None None 5 1 4 None,{}
C_sus4_triad_related_suspended_from_C_major_triad_position_triad_3-2-1_root_position_1-3-5_x-x-x-5-5-3_sus4_x-x-x-5-6-3,C,sus4,sus4,1 4 5,intermediate_core,triad_related_suspended,from_C_major_triad_position_triad_3-2-1_root_position_1-3-5_x-x-x-5-5-3_sus4,x-x-x-5-6-3,"[null, null, null, 5, 6, 3]",3-2-1,root_position,,65,6,3,None None None C F G,None None None 1 4 5,{}
C_sus4_triad_related_suspended_from_C_major_triad_position_triad_6-5-4_root_position_1-3-5_8-7-5-x-x-x_sus4_8-8-5-x-x-x,C,sus4,sus4,1 4 5,intermediate_core,triad_related_suspended,from_C_major_triad_position_triad_6-5-4_root_position_1-3-5_8-7-5-x-x-x_sus4,8-8-5-x-x-x,"[8, 8, 5, null, null, null]",6-5-4,root_position,,65,8,3,C F G None None None,1 4 5 None None None,{}
C_sus4_triad_related_suspended_from_C_major_triad_position_triad_5-4-3_first_inversion_3-5-1_x-7-5-5-x-x_sus4_x-8-5-5-x-x,C,sus4,sus4,1 4 5,intermediate_core,triad_related_suspended,from_C_major_triad_position_triad_5-4-3_first_inversion_3-5-1_x-7-5-5-x-x_sus4,x-8-5-5-x-x,"[null, 8, 5, 5, null, null]",5-4-3,first_inversion_or_suspended_bass,,65,8,3,None F G C None None,None 4 5 1 None None,{}
C_sus4_triad_related_suspended_from_C_major_triad_position_triad_5-4-3_second_inversion_5-1-3_x-10-10-9-x-x_sus4_x-10-10-10-x-x,C,sus4,sus4,1 4 5,intermediate_core,triad_related_suspended,from_C_major_triad_position_triad_5-4-3_second_inversion_5-1-3_x-10-10-9-x-x_sus4,x-10-10-10-x-x,"[null, 10, 10, 10, null, null]",5-4-3,second_inversion,,65,10,0,None G C F None None,None 5 1 4 None None,{}
C_sus4_triad_related_suspended_from_C_major_triad_position_triad_4-3-2_root_position_1-3-5_x-x-10-9-8-x_sus4_x-x-10-10-8-x,C,sus4,sus4,1 4 5,intermediate_core,triad_related_suspended,from_C_major_triad_position_triad_4-3-2_root_position_1-3-5_x-x-10-9-8-x_sus4,x-x-10-10-8-x,"[null, null, 10, 10, 8, null]",4-3-2,root_position,,65,10,2,None None C F G None,None None 1 4 5 None,{}
C_sus4_triad_related_suspended_from_C_major_triad_position_triad_3-2-1_first_inversion_3-5-1_x-x-x-9-8-8_sus4_x-x-x-10-8-8,C,sus4,sus4,1 4 5,intermediate_core,triad_related_suspended,from_C_major_triad_position_triad_3-2-1_first_inversion_3-5-1_x-x-x-9-8-8_sus4,x-x-x-10-8-8,"[null, null, null, 10, 8, 8]",3-2-1,first_inversion_or_suspended_bass,,65,10,2,None None None F G C,None None None 4 5 1,{}
C_sus4_triad_related_suspended_from_C_major_triad_position_triad_6-5-4_first_inversion_3-5-1_12-10-10-x-x-x_sus4_13-10-10-x-x-x,C,sus4,sus4,1 4 5,intermediate_core,triad_related_suspended,from_C_major_triad_position_triad_6-5-4_first_inversion_3-5-1_12-10-10-x-x-x_sus4,13-10-10-x-x-x,"[13, 10, 10, null, null, null]",6-5-4,first_inversion_or_suspended_bass,,65,13,3,F G C None None None,4 5 1 None None None,{}
C_sus4_triad_related_suspended_from_C_major_triad_position_triad_3-2-1_second_inversion_5-1-3_x-x-x-12-13-12_sus4_x-x-x-12-13-13,C,sus4,sus4,1 4 5,intermediate_core,triad_related_suspended,from_C_major_triad_position_triad_3-2-1_second_inversion_5-1-3_x-x-x-12-13-12_sus4,x-x-x-12-13-13,"[null, null, null, 12, 13, 13]",3-2-1,second_inversion,,65,13,1,None None None G C F,None None None 5 1 4,{}
C_sus4_triad_related_suspended_from_C_major_triad_position_triad_6-5-4_second_inversion_5-1-3_15-15-14-x-x-x_sus4_15-15-15-x-x-x,C,sus4,sus4,1 4 5,intermediate_core,triad_related_suspended,from_C_major_triad_position_triad_6-5-4_second_inversion_5-1-3_15-15-14-x-x-x_sus4,15-15-15-x-x-x,"[15, 15, 15, null, null, null]",6-5-4,second_inversion,,65,15,0,G C F None None None,5 1 4 None None None,{}
C_sus4_triad_related_suspended_from_C_major_triad_position_triad_5-4-3_root_position_1-3-5_x-15-14-12-x-x_sus4_x-15-15-12-x-x,C,sus4,sus4,1 4 5,intermediate_core,triad_related_suspended,from_C_major_triad_position_triad_5-4-3_root_position_1-3-5_x-15-14-12-x-x_sus4,x-15-15-12-x-x,"[null, 15, 15, 12, null, null]",5-4-3,root_position,,65,15,3,None C F G None None,None 1 4 5 None None,{}
C_sus4_triad_related_suspended_from_C_major_triad_position_triad_4-3-2_first_inversion_3-5-1_x-x-14-12-13-x_sus4_x-x-15-12-13-x,C,sus4,sus4,1 4 5,intermediate_core,triad_related_suspended,from_C_major_triad_position_triad_4-3-2_first_inversion_3-5-1_x-x-14-12-13-x_sus4,x-x-15-12-13-x,"[null, null, 15, 12, 13, null]",4-3-2,first_inversion_or_suspended_bass,,65,15,3,None None F G C None,None None 4 5 1 None,{}
C_sus4_triad_related_suspended_from_C_major_triad_position_triad_4-3-2_second_inversion_5-1-3_x-x-17-17-17-x_sus4_x-x-17-17-18-x,C,sus4,sus4,1 4 5,intermediate_core,triad_related_suspended,from_C_major_triad_position_triad_4-3-2_second_inversion_5-1-3_x-x-17-17-17-x_sus4,x-x-17-17-18-x,"[null, null, 17, 17, 18, null]",4-3-2,second_inversion,,65,18,1,None None G C F None,None None 5 1 4 None,{}
C_sus4_triad_related_suspended_from_C_major_triad_position_triad_3-2-1_root_position_1-3-5_x-x-x-17-17-15_sus4_x-x-x-17-18-15,C,sus4,sus4,1 4 5,intermediate_core,triad_related_suspended,from_C_major_triad_position_triad_3-2-1_root_position_1-3-5_x-x-x-17-17-15_sus4,x-x-x-17-18-15,"[null, null, null, 17, 18, 15]",3-2-1,root_position,,65,18,3,None None None C F G,None None None 1 4 5,{}
C#_diminished_triad_position_triad_4-3-2_first_inversion_b3-b5-1_x-x-2-0-2-x,C#,diminished,dim,1 b3 b5,advanced_reference,triad_position,triad_4-3-2_first_inversion_b3-b5-1,x-x-2-0-2-x,"[null, null, 2, 0, 2, null]",4-3-2,first_inversion_or_suspended_bass,first_inversion,60,2,0,None None E G C# None,None None b3 b5 1 None,{}
C#_diminished_triad_position_triad_3-2-1_second_inversion_b5-1-b3_x-x-x-0-2-0,C#,diminished,dim,1 b3 b5,advanced_reference,triad_position,triad_3-2-1_second_inversion_b5-1-b3,x-x-x-0-2-0,"[null, null, null, 0, 2, 0]",3-2-1,second_inversion,second_inversion,60,2,0,None None None G C# E,None None None b5 1 b3,{}
C#_diminished_triad_position_triad_6-5-4_second_inversion_b5-1-b3_3-4-2-x-x-x,C#,diminished,dim,1 b3 b5,advanced_reference,triad_position,triad_6-5-4_second_inversion_b5-1-b3,3-4-2-x-x-x,"[3, 4, 2, null, null, null]",6-5-4,second_inversion,second_inversion,60,4,2,G C# E None None None,b5 1 b3 None None None,{}
C#_diminished_triad_position_triad_5-4-3_root_position_1-b3-b5_x-4-2-0-x-x,C#,diminished,dim,1 b3 b5,advanced_reference,triad_position,triad_5-4-3_root_position_1-b3-b5,x-4-2-0-x-x,"[null, 4, 2, 0, null, null]",5-4-3,root_position,root_position,60,4,2,None C# E G None None,None 1 b3 b5 None None,{}
C#_diminished_triad_position_triad_6-5-4_first_inversion_b3-1-b5_0-4-5-x-x-x,C#,diminished,dim,1 b3 b5,advanced_reference,triad_position,triad_6-5-4_first_inversion_b3-1-b5,0-4-5-x-x-x,"[0, 4, 5, null, null, null]",6-5-4,first_inversion_or_suspended_bass,first_inversion,60,5,1,E C# G None None None,b3 1 b5 None None None,{}
C#_diminished_triad_position_triad_4-3-2_second_inversion_b5-1-b3_x-x-5-6-5-x,C#,diminished,dim,1 b3 b5,advanced_reference,triad_position,triad_4-3-2_second_inversion_b5-1-b3,x-x-5-6-5-x,"[null, null, 5, 6, 5, null]",4-3-2,second_inversion,second_inversion,60,6,1,None None G C# E None,None None b5 1 b3 None,{}
C#_diminished_triad_position_triad_3-2-1_root_position_1-b3-b5_x-x-x-6-5-3,C#,diminished,dim,1 b3 b5,advanced_reference,triad_position,triad_3-2-1_root_position_1-b3-b5,x-x-x-6-5-3,"[null, null, null, 6, 5, 3]",3-2-1,root_position,root_position,60,6,3,None None None C# E G,None None None 1 b3 b5,{}
C#_diminished_triad_position_triad_5-4-3_first_inversion_b3-b5-1_x-7-5-6-x-x,C#,diminished,dim,1 b3 b5,advanced_reference,triad_position,triad_5-4-3_first_inversion_b3-b5-1,x-7-5-6-x-x,"[null, 7, 5, 6, null, null]",5-4-3,first_inversion_or_suspended_bass,first_inversion,60,7,2,None E G C# None None,None b3 b5 1 None None,{}
C#_diminished_triad_position_triad_6-5-4_root_position_1-b3-b5_9-7-5-x-x-x,C#,diminished,dim,1 b3 b5,advanced_reference,triad_position,triad_6-5-4_root_position_1-b3-b5,9-7-5-x-x-x,"[9, 7, 5, null, null, null]",6-5-4,root_position,root_position,60,9,4,C# E G None None None,1 b3 b5 None None None,{}
C#_diminished_triad_position_triad_3-2-1_first_inversion_b3-b5-1_x-x-x-9-8-9,C#,diminished,dim,1 b3 b5,advanced_reference,triad_position,triad_3-2-1_first_inversion_b3-b5-1,x-x-x-9-8-9,"[null, null, null, 9, 8, 9]",3-2-1,first_inversion_or_suspended_bass,first_inversion,60,9,1,None None None E G C#,None None None b3 b5 1,{}
C#_diminished_triad_position_triad_5-4-3_second_inversion_b5-1-b3_x-10-11-9-x-x,C#,diminished,dim,1 b3 b5,advanced_reference,triad_position,triad_5-4-3_second_inversion_b5-1-b3,x-10-11-9-x-x,"[null, 10, 11, 9, null, null]",5-4-3,second_inversion,second_inversion,60,11,2,None G C# E None None,None b5 1 b3 None None,{}
C#_diminished_triad_position_triad_4-3-2_root_position_1-b3-b5_x-x-11-9-8-x,C#,diminished,dim,1 b3 b5,advanced_reference,triad_position,triad_4-3-2_root_position_1-b3-b5,x-x-11-9-8-x,"[null, null, 11, 9, 8, null]",4-3-2,root_position,root_position,60,11,3,None None C# E G None,None None 1 b3 b5 None,{}
C#_diminished_triad_position_triad_6-5-4_first_inversion_b3-b5-1_12-10-11-x-x-x,C#,diminished,dim,1 b3 b5,advanced_reference,triad_position,triad_6-5-4_first_inversion_b3-b5-1,12-10-11-x-x-x,"[12, 10, 11, null, null, null]",6-5-4,first_inversion_or_suspended_bass,first_inversion,60,12,2,E G C# None None None,b3 b5 1 None None None,{}
C#_diminished_triad_position_triad_4-3-2_first_inversion_b3-b5-1_x-x-14-12-14-x,C#,diminished,dim,1 b3 b5,advanced_reference,triad_position,triad_4-3-2_first_inversion_b3-b5-1,x-x-14-12-14-x,"[null, null, 14, 12, 14, null]",4-3-2,first_inversion_or_suspended_bass,first_inversion,60,14,2,None None E G C# None,None None b3 b5 1 None,{}
C#_diminished_triad_position_triad_3-2-1_second_inversion_b5-1-b3_x-x-x-12-14-12,C#,diminished,dim,1 b3 b5,advanced_reference,triad_position,triad_3-2-1_second_inversion_b5-1-b3,x-x-x-12-14-12,"[null, null, null, 12, 14, 12]",3-2-1,second_inversion,second_inversion,60,14,2,None None None G C# E,None None None b5 1 b3,{}
C#_diminished_triad_position_triad_6-5-4_second_inversion_b5-1-b3_15-16-14-x-x-x,C#,diminished,dim,1 b3 b5,advanced_reference,triad_position,triad_6-5-4_second_inversion_b5-1-b3,15-16-14-x-x-x,"[15, 16, 14, null, null, null]",6-5-4,second_inversion,second_inversion,60,16,2,G C# E None None None,b5 1 b3 None None None,{}
C#_diminished_triad_position_triad_5-4-3_root_position_1-b3-b5_x-16-14-12-x-x,C#,diminished,dim,1 b3 b5,advanced_reference,triad_position,triad_5-4-3_root_position_1-b3-b5,x-16-14-12-x-x,"[null, 16, 14, 12, null, null]",5-4-3,root_position,root_position,60,16,4,None C# E G None None,None 1 b3 b5 None None,{}
C#_diminished_triad_position_triad_4-3-2_second_inversion_b5-1-b3_x-x-17-18-17-x,C#,diminished,dim,1 b3 b5,advanced_reference,triad_position,triad_4-3-2_second_inversion_b5-1-b3,x-x-17-18-17-x,"[null, null, 17, 18, 17, null]",4-3-2,second_inversion,second_inversion,60,18,1,None None G C# E None,None None b5 1 b3 None,{}
C#_diminished_triad_position_triad_3-2-1_root_position_1-b3-b5_x-x-x-18-17-15,C#,diminished,dim,1 b3 b5,advanced_reference,triad_position,triad_3-2-1_root_position_1-b3-b5,x-x-x-18-17-15,"[null, null, null, 18, 17, 15]",3-2-1,root_position,root_position,60,18,3,None None None C# E G,None None None 1 b3 b5,{}
C#_diminished7_movable_diminished_A_root_dim7_diamond_x-4-5-3-5-x,C#,diminished7,dim7,1 b3 b5 bb7,intermediate_core,movable_diminished,A_root_dim7_diamond,x-4-5-3-5-x,"[null, 4, 5, 3, 5, null]",,root_position,,45,5,2,None C# G A# E None,None 1 b5 6/bb7 b3 None,{}
C#_diminished7_movable_diminished_E_root_dim7_barre_9-x-8-9-8-x,C#,diminished7,dim7,1 b3 b5 bb7,intermediate_core,movable_diminished,E_root_dim7_barre,9-x-8-9-8-x,"[9, null, 8, 9, 8, null]",,root_position,,45,9,1,C# None A# E G None,1 None 6/bb7 b3 b5 None,{}
C#_diminished7_compact_seventh_position_seventh_5-4-3-2_bb7-b3-b5-1_x-1-2-0-2-x,C#,diminished7,dim7,1 b3 b5 bb7,advanced_reference,compact_seventh_position,seventh_5-4-3-2_bb7-b3-b5-1,x-1-2-0-2-x,"[null, 1, 2, 0, 2, null]",5-4-3-2,seventh_in_bass,,80,2,1,None A# E G C# None,None 6/bb7 b3 b5 1 None,{}
C#_diminished7_compact_seventh_position_seventh_4-3-2-1_b3-bb7-1-b5_x-x-2-3-2-3,C#,diminished7,dim7,1 b3 b5 bb7,advanced_reference,compact_seventh_position,seventh_4-3-2-1_b3-bb7-1-b5,x-x-2-3-2-3,"[null, null, 2, 3, 2, 3]",4-3-2-1,first_inversion_or_suspended_bass,,80,3,1,None None E A# C# G,None None b3 6/bb7 1 b5,{}
C#_diminished7_compact_seventh_position_seventh_6-5-4-3_b5-1-b3-bb7_3-4-2-3-x-x,C#,diminished7,dim7,1 b3 b5 bb7,advanced_reference,compact_seventh_position,seventh_6-5-4-3_b5-1-b3-bb7,3-4-2-3-x-x,"[3, 4, 2, 3, null, null]",6-5-4-3,second_inversion,,80,4,2,G C# E A# None None,b5 1 b3 6/bb7 None None,{}
C#_diminished7_compact_seventh_position_seventh_6-5-4-3_b3-1-b5-bb7_0-4-5-3-x-x,C#,diminished7,dim7,1 b3 b5 bb7,advanced_reference,compact_seventh_position,seventh_6-5-4-3_b3-1-b5-bb7,0-4-5-3-x-x,"[0, 4, 5, 3, null, null]",6-5-4-3,first_inversion_or_suspended_bass,,80,5,2,E C# G A# None None,b3 1 b5 6/bb7 None None,{}
C#_diminished7_compact_seventh_position_seventh_4-3-2-1_b5-bb7-1-b3_x-x-5-3-2-0,C#,diminished7,dim7,1 b3 b5 bb7,advanced_reference,compact_seventh_position,seventh_4-3-2-1_b5-bb7-1-b3,x-x-5-3-2-0,"[null, null, 5, 3, 2, 0]",4-3-2-1,second_inversion,,80,5,3,None None G A# C# E,None None b5 6/bb7 1 b3,{}
C#_diminished7_compact_seventh_position_seventh_4-3-2-1_b5-1-b3-bb7_x-x-5-6-5-6,C#,diminished7,dim7,1 b3 b5 bb7,advanced_reference,compact_seventh_position,seventh_4-3-2-1_b5-1-b3-bb7,x-x-5-6-5-6,"[null, null, 5, 6, 5, 6]",4-3-2-1,second_inversion,,80,6,1,None None G C# E A#,None None b5 1 b3 6/bb7,{}
C#_diminished7_compact_seventh_position_seventh_6-5-4-3_bb7-b3-b5-1_6-7-5-6-x-x,C#,diminished7,dim7,1 b3 b5 bb7,advanced_reference,compact_seventh_position,seventh_6-5-4-3_bb7-b3-b5-1,6-7-5-6-x-x,"[6, 7, 5, 6, null, null]",6-5-4-3,seventh_in_bass,,80,7,2,A# E G C# None None,6/bb7 b3 b5 1 None None,{}
C#_diminished7_compact_seventh_position_seventh_5-4-3-2_b3-bb7-1-b5_x-7-8-6-8-x,C#,diminished7,dim7,1 b3 b5 bb7,advanced_reference,compact_seventh_position,seventh_5-4-3-2_b3-bb7-1-b5,x-7-8-6-8-x,"[null, 7, 8, 6, 8, null]",5-4-3-2,first_inversion_or_suspended_bass,,80,8,2,None E A# C# G None,None b3 6/bb7 1 b5 None,{}
C#_diminished7_compact_seventh_position_seventh_4-3-2-1_bb7-b3-b5-1_x-x-8-9-8-9,C#,diminished7,dim7,1 b3 b5 bb7,advanced_reference,compact_seventh_position,seventh_4-3-2-1_bb7-b3-b5-1,x-x-8-9-8-9,"[null, null, 8, 9, 8, 9]",4-3-2-1,seventh_in_bass,,80,9,1,None None A# E G C#,None None 6/bb7 b3 b5 1,{}
C#_diminished7_compact_seventh_position_seventh_6-5-4-3_1-b5-bb7-b3_9-10-8-9-x-x,C#,diminished7,dim7,1 b3 b5 bb7,advanced_reference,compact_seventh_position,seventh_6-5-4-3_1-b5-bb7-b3,9-10-8-9-x-x,"[9, 10, 8, 9, null, null]",6-5-4-3,root_position,,80,10,2,C# G A# E None None,1 b5 6/bb7 b3 None None,{}
C#_diminished7_compact_seventh_position_seventh_5-4-3-2_b5-1-b3-bb7_x-10-11-9-11-x,C#,diminished7,dim7,1 b3 b5 bb7,advanced_reference,compact_seventh_position,seventh_5-4-3-2_b5-1-b3-bb7,x-10-11-9-11-x,"[null, 10, 11, 9, 11, null]",5-4-3-2,second_inversion,,80,11,2,None G C# E A# None,None b5 1 b3 6/bb7 None,{}
C#_diminished7_compact_seventh_position_seventh_4-3-2-1_1-b5-bb7-b3_x-x-11-12-11-12,C#,diminished7,dim7,1 b3 b5 bb7,advanced_reference,compact_seventh_position,seventh_4-3-2-1_1-b5-bb7-b3,x-x-11-12-11-12,"[null, null, 11, 12, 11, 12]",4-3-2-1,root_position,,80,12,1,None None C# G A# E,None None 1 b5 6/bb7 b3,{}
C#_diminished7_compact_seventh_position_seventh_6-5-4-3_b3-bb7-1-b5_12-13-11-12-x-x,C#,diminished7,dim7,1 b3 b5 bb7,advanced_reference,compact_seventh_position,seventh_6-5-4-3_b3-bb7-1-b5,12-13-11-12-x-x,"[12, 13, 11, 12, null, null]",6-5-4-3,first_inversion_or_suspended_bass,,80,13,2,E A# C# G None None,b3 6/bb7 1 b5 None None,{}
C#_diminished7_compact_seventh_position_seventh_5-4-3-2_bb7-b3-b5-1_x-13-14-12-14-x,C#,diminished7,dim7,1 b3 b5 bb7,advanced_reference,compact_seventh_position,seventh_5-4-3-2_bb7-b3-b5-1,x-13-14-12-14-x,"[null, 13, 14, 12, 14, null]",5-4-3-2,seventh_in_bass,,80,14,2,None A# E G C# None,None 6/bb7 b3 b5 1 None,{}
C#_diminished7_compact_seventh_position_seventh_4-3-2-1_b3-bb7-1-b5_x-x-14-15-14-15,C#,diminished7,dim7,1 b3 b5 bb7,advanced_reference,compact_seventh_position,seventh_4-3-2-1_b3-bb7-1-b5,x-x-14-15-14-15,"[null, null, 14, 15, 14, 15]",4-3-2-1,first_inversion_or_suspended_bass,,80,15,1,None None E A# C# G,None None b3 6/bb7 1 b5,{}
C#_diminished7_compact_seventh_position_seventh_6-5-4-3_b5-1-b3-bb7_15-16-14-15-x-x,C#,diminished7,dim7,1 b3 b5 bb7,advanced_reference,compact_seventh_position,seventh_6-5-4-3_b5-1-b3-bb7,15-16-14-15-x-x,"[15, 16, 14, 15, null, null]",6-5-4-3,second_inversion,,80,16,2,G C# E A# None None,b5 1 b3 6/bb7 None None,{}
C#_diminished7_compact_seventh_position_seventh_5-4-3-2_1-b5-bb7-b3_x-16-17-15-17-x,C#,diminished7,dim7,1 b3 b5 bb7,advanced_reference,compact_seventh_position,seventh_5-4-3-2_1-b5-bb7-b3,x-16-17-15-17-x,"[null, 16, 17, 15, 17, null]",5-4-3-2,root_position,,80,17,2,None C# G A# E None,None 1 b5 6/bb7 b3 None,{}
C#_diminished7_compact_seventh_position_seventh_4-3-2-1_b5-1-b3-bb7_x-x-17-18-17-18,C#,diminished7,dim7,1 b3 b5 bb7,advanced_reference,compact_seventh_position,seventh_4-3-2-1_b5-1-b3-bb7,x-x-17-18-17-18,"[null, null, 17, 18, 17, 18]",4-3-2-1,second_inversion,,80,18,1,None None G C# E A#,None None b5 1 b3 6/bb7,{}
C#_dominant7_caged_seventh_A_shape_7_x-4-6-4-6-4,C#,dominant7,7,1 3 5 b7,intermediate_core,caged_seventh,A_shape_7,x-4-6-4-6-4,"[null, 4, 6, 4, 6, 4]",,root_position,,35,6,2,None C# G# B F G#,None 1 5 b7 3 5,{}
C#_dominant7_caged_seventh_G_shape_7_9-8-6-6-6-7,C#,dominant7,7,1 3 5 b7,intermediate_core,caged_seventh,G_shape_7,9-8-6-6-6-7,"[9, 8, 6, 6, 6, 7]",,root_position,,35,9,3,C# F G# C# F B,1 3 5 1 3 b7,{}
C#_dominant7_caged_seventh_E_shape_7_9-11-9-10-9-9,C#,dominant7,7,1 3 5 b7,intermediate_core,caged_seventh,E_shape_7,9-11-9-10-9-9,"[9, 11, 9, 10, 9, 9]",,root_position,,35,11,2,C# G# B F G# C#,1 5 b7 3 5 1,{}
C#_dominant7_caged_seventh_D_shape_7_x-x-11-13-12-13,C#,dominant7,7,1 3 5 b7,intermediate_core,caged_seventh,D_shape_7,x-x-11-13-12-13,"[null, null, 11, 13, 12, 13]",,root_position,,35,13,2,None None C# G# B F,None None 1 5 b7 3,{}
C#_dominant7_compact_seventh_position_seventh_5-4-3-2_b7-3-5-1_x-2-3-1-2-x,C#,dominant7,7,1 3 5 b7,advanced_reference,compact_seventh_position,seventh_5-4-3-2_b7-3-5-1,x-2-3-1-2-x,"[null, 2, 3, 1, 2, null]",5-4-3-2,seventh_in_bass,,80,3,2,None B F G# C# None,None b7 3 5 1 None,{}
C#_dominant7_compact_seventh_position_seventh_6-5-4-3_5-1-3-b7_4-4-3-4-x-x,C#,dominant7,7,1 3 5 b7,advanced_reference,compact_seventh_position,seventh_6-5-4-3_5-1-3-b7,4-4-3-4-x-x,"[4, 4, 3, 4, null, null]",6-5-4-3,second_inversion,,80,4,1,G# C# F B None None,5 1 3 b7 None None,{}
C#_dominant7_compact_seventh_position_seventh_5-4-3-2_1-3-5-b7_x-4-3-1-0-x,C#,dominant7,7,1 3 5 b7,advanced_reference,compact_seventh_position,seventh_5-4-3-2_1-3-5-b7,x-4-3-1-0-x,"[null, 4, 3, 1, 0, null]",5-4-3-2,root_position,,80,4,3,None C# F G# B None,None 1 3 5 b7 None,{}
C#_dominant7_compact_seventh_position_seventh_4-3-2-1_3-b7-1-5_x-x-3-4-2-4,C#,dominant7,7,1 3 5 b7,advanced_reference,compact_seventh_position,seventh_4-3-2-1_3-b7-1-5,x-x-3-4-2-4,"[null, null, 3, 4, 2, 4]",4-3-2-1,first_inversion_or_suspended_bass,,80,4,2,None None F B C# G#,None None 3 b7 1 5,{}
C#_dominant7_compact_seventh_position_seventh_6-5-4-3_5-b7-3-1_4-2-3-6-x-x,C#,dominant7,7,1 3 5 b7,advanced_reference,compact_seventh_position,seventh_6-5-4-3_5-b7-3-1,4-2-3-6-x-x,"[4, 2, 3, 6, null, null]",6-5-4-3,second_inversion,,80,6,4,G# B F C# None None,5 b7 3 1 None None,{}
C#_dominant7_compact_seventh_position_seventh_5-4-3-2_b7-5-1-3_x-2-6-6-6-x,C#,dominant7,7,1 3 5 b7,advanced_reference,compact_seventh_position,seventh_5-4-3-2_b7-5-1-3,x-2-6-6-6-x,"[null, 2, 6, 6, 6, null]",5-4-3-2,seventh_in_bass,,80,6,4,None B G# C# F None,None b7 5 1 3 None,{}
C#_dominant7_compact_seventh_position_seventh_5-4-3-2_1-5-b7-3_x-4-6-4-6-x,C#,dominant7,7,1 3 5 b7,advanced_reference,compact_seventh_position,seventh_5-4-3-2_1-5-b7-3,x-4-6-4-6-x,"[null, 4, 6, 4, 6, null]",5-4-3-2,root_position,,80,6,2,None C# G# B F None,None 1 5 b7 3 None,{}
C#_dominant7_compact_seventh_position_seventh_4-3-2-1_5-1-3-b7_x-x-6-6-6-7,C#,dominant7,7,1 3 5 b7,advanced_reference,compact_seventh_position,seventh_4-3-2-1_5-1-3-b7,x-x-6-6-6-7,"[null, null, 6, 6, 6, 7]",4-3-2-1,second_inversion,,80,7,1,None None G# C# F B,None None 5 1 3 b7,{}
C#_dominant7_compact_seventh_position_seventh_6-5-4-3_b7-3-5-1_7-8-6-6-x-x,C#,dominant7,7,1 3 5 b7,advanced_reference,compact_seventh_position,seventh_6-5-4-3_b7-3-5-1,7-8-6-6-x-x,"[7, 8, 6, 6, null, null]",6-5-4-3,seventh_in_bass,,80,8,2,B F G# C# None None,b7 3 5 1 None None,{}
C#_dominant7_compact_seventh_position_seventh_5-4-3-2_3-b7-1-5_x-8-9-6-9-x,C#,dominant7,7,1 3 5 b7,advanced_reference,compact_seventh_position,seventh_5-4-3-2_3-b7-1-5,x-8-9-6-9-x,"[null, 8, 9, 6, 9, null]",5-4-3-2,first_inversion_or_suspended_bass,,80,9,3,None F B C# G# None,None 3 b7 1 5 None,{}
C#_dominant7_compact_seventh_position_seventh_4-3-2-1_b7-3-5-1_x-x-9-10-9-9,C#,dominant7,7,1 3 5 b7,advanced_reference,compact_seventh_position,seventh_4-3-2-1_b7-3-5-1,x-x-9-10-9-9,"[null, null, 9, 10, 9, 9]",4-3-2-1,seventh_in_bass,,80,10,1,None None B F G# C#,None None b7 3 5 1,{}
C#_dominant7_compact_seventh_position_seventh_6-5-4-3_b7-5-1-3_7-11-11-10-x-x,C#,dominant7,7,1 3 5 b7,advanced_reference,compact_seventh_position,seventh_6-5-4-3_b7-5-1-3,7-11-11-10-x-x,"[7, 11, 11, 10, null, null]",6-5-4-3,seventh_in_bass,,80,11,4,B G# C# F None None,b7 5 1 3 None None,{}
C#_dominant7_compact_seventh_position_seventh_6-5-4-3_1-5-b7-3_9-11-9-10-x-x,C#,dominant7,7,1 3 5 b7,advanced_reference,compact_seventh_position,seventh_6-5-4-3_1-5-b7-3,9-11-9-10-x-x,"[9, 11, 9, 10, null, null]",6-5-4-3,root_position,,80,11,2,C# G# B F None None,1 5 b7 3 None None,{}
C#_dominant7_compact_seventh_position_seventh_4-3-2-1_1-3-5-b7_x-x-11-10-9-7,C#,dominant7,7,1 3 5 b7,advanced_reference,compact_seventh_position,seventh_4-3-2-1_1-3-5-b7,x-x-11-10-9-7,"[null, null, 11, 10, 9, 7]",4-3-2-1,root_position,,80,11,4,None None C# F G# B,None None 1 3 5 b7,{}
C#_dominant7_compact_seventh_position_seventh_5-4-3-2_5-1-3-b7_x-11-11-10-12-x,C#,dominant7,7,1 3 5 b7,advanced_reference,compact_seventh_position,seventh_5-4-3-2_5-1-3-b7,x-11-11-10-12-x,"[null, 11, 11, 10, 12, null]",5-4-3-2,second_inversion,,80,12,2,None G# C# F B None,None 5 1 3 b7 None,{}
C#_dominant7_compact_seventh_position_seventh_6-5-4-3_3-b7-1-5_13-14-11-13-x-x,C#,dominant7,7,1 3 5 b7,advanced_reference,compact_seventh_position,seventh_6-5-4-3_3-b7-1-5,13-14-11-13-x-x,"[13, 14, 11, 13, null, null]",6-5-4-3,first_inversion_or_suspended_bass,,80,14,3,F B C# G# None None,3 b7 1 5 None None,{}
C#_dominant7_compact_seventh_position_seventh_5-4-3-2_b7-3-5-1_x-14-15-13-14-x,C#,dominant7,7,1 3 5 b7,advanced_reference,compact_seventh_position,seventh_5-4-3-2_b7-3-5-1,x-14-15-13-14-x,"[null, 14, 15, 13, 14, null]",5-4-3-2,seventh_in_bass,,80,15,2,None B F G# C# None,None b7 3 5 1 None,{}
C#_dominant7_compact_seventh_position_seventh_6-5-4-3_5-1-3-b7_16-16-15-16-x-x,C#,dominant7,7,1 3 5 b7,advanced_reference,compact_seventh_position,seventh_6-5-4-3_5-1-3-b7,16-16-15-16-x-x,"[16, 16, 15, 16, null, null]",6-5-4-3,second_inversion,,80,16,1,G# C# F B None None,5 1 3 b7 None None,{}
C#_dominant7_compact_seventh_position_seventh_5-4-3-2_1-3-5-b7_x-16-15-13-12-x,C#,dominant7,7,1 3 5 b7,advanced_reference,compact_seventh_position,seventh_5-4-3-2_1-3-5-b7,x-16-15-13-12-x,"[null, 16, 15, 13, 12, null]",5-4-3-2,root_position,,80,16,4,None C# F G# B None,None 1 3 5 b7 None,{}
C#_dominant7_compact_seventh_position_seventh_4-3-2-1_3-b7-1-5_x-x-15-16-14-16,C#,dominant7,7,1 3 5 b7,advanced_reference,compact_seventh_position,seventh_4-3-2-1_3-b7-1-5,x-x-15-16-14-16,"[null, null, 15, 16, 14, 16]",4-3-2-1,first_inversion_or_suspended_bass,,80,16,2,None None F B C# G#,None None 3 b7 1 5,{}
C#_dominant7_compact_seventh_position_seventh_6-5-4-3_5-b7-3-1_16-14-15-18-x-x,C#,dominant7,7,1 3 5 b7,advanced_reference,compact_seventh_position,seventh_6-5-4-3_5-b7-3-1,16-14-15-18-x-x,"[16, 14, 15, 18, null, null]",6-5-4-3,second_inversion,,80,18,4,G# B F C# None None,5 b7 3 1 None None,{}
C#_dominant7_compact_seventh_position_seventh_5-4-3-2_b7-5-1-3_x-14-18-18-18-x,C#,dominant7,7,1 3 5 b7,advanced_reference,compact_seventh_position,seventh_5-4-3-2_b7-5-1-3,x-14-18-18-18-x,"[null, 14, 18, 18, 18, null]",5-4-3-2,seventh_in_bass,,80,18,4,None B G# C# F None,None b7 5 1 3 None,{}
C#_dominant7_compact_seventh_position_seventh_5-4-3-2_1-5-b7-3_x-16-18-16-18-x,C#,dominant7,7,1 3 5 b7,advanced_reference,compact_seventh_position,seventh_5-4-3-2_1-5-b7-3,x-16-18-16-18-x,"[null, 16, 18, 16, 18, null]",5-4-3-2,root_position,,80,18,2,None C# G# B F None,None 1 5 b7 3 None,{}
C#_half_diminished7_movable_diminished_A_root_m7b5_x-4-5-4-5-x,C#,half_diminished7,m7b5,1 b3 b5 b7,intermediate_core,movable_diminished,A_root_m7b5,x-4-5-4-5-x,"[null, 4, 5, 4, 5, null]",,root_position,,45,5,1,None C# G B E None,None 1 b5 b7 b3 None,{}
C#_half_diminished7_movable_diminished_E_root_m7b5_9-x-9-9-8-x,C#,half_diminished7,m7b5,1 b3 b5 b7,intermediate_core,movable_diminished,E_root_m7b5,9-x-9-9-8-x,"[9, null, 9, 9, 8, null]",,root_position,,45,9,1,C# None B E G None,1 None b7 b3 b5 None,{}
C#_half_diminished7_compact_seventh_position_seventh_5-4-3-2_b7-b3-b5-1_x-2-2-0-2-x,C#,half_diminished7,m7b5,1 b3 b5 b7,advanced_reference,compact_seventh_position,seventh_5-4-3-2_b7-b3-b5-1,x-2-2-0-2-x,"[null, 2, 2, 0, 2, null]",5-4-3-2,seventh_in_bass,,80,2,0,None B E G C# None,None b7 b3 b5 1 None,{}
C#_half_diminished7_compact_seventh_position_seventh_6-5-4-3_b5-1-b3-b7_3-4-2-4-x-x,C#,half_diminished7,m7b5,1 b3 b5 b7,advanced_reference,compact_seventh_position,seventh_6-5-4-3_b5-1-b3-b7,3-4-2-4-x-x,"[3, 4, 2, 4, null, null]",6-5-4-3,second_inversion,,80,4,2,G C# E B None None,b5 1 b3 b7 None None,{}
C#_half_diminished7_compact_seventh_position_seventh_5-4-3-2_1-b3-b5-b7_x-4-2-0-0-x,C#,half_diminished7,m7b5,1 b3 b5 b7,advanced_reference,compact_seventh_position,seventh_5-4-3-2_1-b3-b5-b7,x-4-2-0-0-x,"[null, 4, 2, 0, 0, null]",5-4-3-2,root_position,,80,4,2,None C# E G B None,None 1 b3 b5 b7 None,{}
C#_half_diminished7_compact_seventh_position_seventh_4-3-2-1_b3-b7-1-b5_x-x-2-4-2-3,C#,half_diminished7,m7b5,1 b3 b5 b7,advanced_reference,compact_seventh_position,seventh_4-3-2-1_b3-b7-1-b5,x-x-2-4-2-3,"[null, null, 2, 4, 2, 3]",4-3-2-1,first_inversion_or_suspended_bass,,80,4,2,None None E B C# G,None None b3 b7 1 b5,{}
C#_half_diminished7_compact_seventh_position_seventh_6-5-4-3_b3-1-b5-b7_0-4-5-4-x-x,C#,half_diminished7,m7b5,1 b3 b5 b7,advanced_reference,compact_seventh_position,seventh_6-5-4-3_b3-1-b5-b7,0-4-5-4-x-x,"[0, 4, 5, 4, null, null]",6-5-4-3,first_inversion_or_suspended_bass,,80,5,1,E C# G B None None,b3 1 b5 b7 None None,{}
C#_half_diminished7_compact_seventh_position_seventh_4-3-2-1_b5-b7-1-b3_x-x-5-4-2-0,C#,half_diminished7,m7b5,1 b3 b5 b7,advanced_reference,compact_seventh_position,seventh_4-3-2-1_b5-b7-1-b3,x-x-5-4-2-0,"[null, null, 5, 4, 2, 0]",4-3-2-1,second_inversion,,80,5,3,None None G B C# E,None None b5 b7 1 b3,{}
C#_half_diminished7_compact_seventh_position_seventh_6-5-4-3_b5-b7-b3-1_3-2-2-6-x-x,C#,half_diminished7,m7b5,1 b3 b5 b7,advanced_reference,compact_seventh_position,seventh_6-5-4-3_b5-b7-b3-1,3-2-2-6-x-x,"[3, 2, 2, 6, null, null]",6-5-4-3,second_inversion,,80,6,4,G B E C# None None,b5 b7 b3 1 None None,{}
C#_half_diminished7_compact_seventh_position_seventh_5-4-3-2_b7-b5-1-b3_x-2-5-6-5-x,C#,half_diminished7,m7b5,1 b3 b5 b7,advanced_reference,compact_seventh_position,seventh_5-4-3-2_b7-b5-1-b3,x-2-5-6-5-x,"[null, 2, 5, 6, 5, null]",5-4-3-2,seventh_in_bass,,80,6,4,None B G C# E None,None b7 b5 1 b3 None,{}
C#_half_diminished7_compact_seventh_position_seventh_6-5-4-3_b7-b3-b5-1_7-7-5-6-x-x,C#,half_diminished7,m7b5,1 b3 b5 b7,advanced_reference,compact_seventh_position,seventh_6-5-4-3_b7-b3-b5-1,7-7-5-6-x-x,"[7, 7, 5, 6, null, null]",6-5-4-3,seventh_in_bass,,80,7,2,B E G C# None None,b7 b3 b5 1 None None,{}
C#_half_diminished7_compact_seventh_position_seventh_4-3-2-1_b5-1-b3-b7_x-x-5-6-5-7,C#,half_diminished7,m7b5,1 b3 b5 b7,advanced_reference,compact_seventh_position,seventh_4-3-2-1_b5-1-b3-b7,x-x-5-6-5-7,"[null, null, 5, 6, 5, 7]",4-3-2-1,second_inversion,,80,7,2,None None G C# E B,None None b5 1 b3 b7,{}
C#_half_diminished7_compact_seventh_position_seventh_5-4-3-2_b3-b7-1-b5_x-7-9-6-8-x,C#,half_diminished7,m7b5,1 b3 b5 b7,advanced_reference,compact_seventh_position,seventh_5-4-3-2_b3-b7-1-b5,x-7-9-6-8-x,"[null, 7, 9, 6, 8, null]",5-4-3-2,first_inversion_or_suspended_bass,,80,9,3,None E B C# G None,None b3 b7 1 b5 None,{}
C#_half_diminished7_compact_seventh_position_seventh_4-3-2-1_b7-b3-b5-1_x-x-9-9-8-9,C#,half_diminished7,m7b5,1 b3 b5 b7,advanced_reference,compact_seventh_position,seventh_4-3-2-1_b7-b3-b5-1,x-x-9-9-8-9,"[null, null, 9, 9, 8, 9]",4-3-2-1,seventh_in_bass,,80,9,1,None None B E G C#,None None b7 b3 b5 1,{}
C#_half_diminished7_compact_seventh_position_seventh_6-5-4-3_1-b5-b7-b3_9-10-9-9-x-x,C#,half_diminished7,m7b5,1 b3 b5 b7,advanced_reference,compact_seventh_position,seventh_6-5-4-3_1-b5-b7-b3,9-10-9-9-x-x,"[9, 10, 9, 9, null, null]",6-5-4-3,root_position,,80,10,1,C# G B E None None,1 b5 b7 b3 None None,{}
C#_half_diminished7_compact_seventh_position_seventh_6-5-4-3_b7-b5-1-b3_7-10-11-9-x-x,C#,half_diminished7,m7b5,1 b3 b5 b7,advanced_reference,compact_seventh_position,seventh_6-5-4-3_b7-b5-1-b3,7-10-11-9-x-x,"[7, 10, 11, 9, null, null]",6-5-4-3,seventh_in_bass,,80,11,4,B G C# E None None,b7 b5 1 b3 None None,{}
C#_half_diminished7_compact_seventh_position_seventh_4-3-2-1_1-b3-b5-b7_x-x-11-9-8-7,C#,half_diminished7,m7b5,1 b3 b5 b7,advanced_reference,compact_seventh_position,seventh_4-3-2-1_1-b3-b5-b7,x-x-11-9-8-7,"[null, null, 11, 9, 8, 7]",4-3-2-1,root_position,,80,11,4,None None C# E G B,None None 1 b3 b5 b7,{}
C#_half_diminished7_compact_seventh_position_seventh_5-4-3-2_b5-1-b3-b7_x-10-11-9-12-x,C#,half_diminished7,m7b5,1 b3 b5 b7,advanced_reference,compact_seventh_position,seventh_5-4-3-2_b5-1-b3-b7,x-10-11-9-12-x,"[null, 10, 11, 9, 12, null]",5-4-3-2,second_inversion,,80,12,3,None G C# E B None,None b5 1 b3 b7 None,{}
C#_half_diminished7_compact_seventh_position_seventh_4-3-2-1_1-b5-b7-b3_x-x-11-12-12-12,C#,half_diminished7,m7b5,1 b3 b5 b7,advanced_reference,compact_seventh_position,seventh_4-3-2-1_1-b5-b7-b3,x-x-11-12-12-12,"[null, null, 11, 12, 12, 12]",4-3-2-1,root_position,,80,12,1,None None C# G B E,None None 1 b5 b7 b3,{}
C#_half_diminished7_compact_seventh_position_seventh_6-5-4-3_b3-b7-1-b5_12-14-11-12-x-x,C#,half_diminished7,m7b5,1 b3 b5 b7,advanced_reference,compact_seventh_position,seventh_6-5-4-3_b3-b7-1-b5,12-14-11-12-x-x,"[12, 14, 11, 12, null, null]",6-5-4-3,first_inversion_or_suspended_bass,,80,14,3,E B C# G None None,b3 b7 1 b5 None None,{}
C#_half_diminished7_compact_seventh_position_seventh_5-4-3-2_b7-b3-b5-1_x-14-14-12-14-x,C#,half_diminished7,m7b5,1 b3 b5 b7,advanced_reference,compact_seventh_position,seventh_5-4-3-2_b7-b3-b5-1,x-14-14-12-14-x,"[null, 14, 14, 12, 14, null]",5-4-3-2,seventh_in_bass,,80,14,2,None B E G C# None,None b7 b3 b5 1 None,{}
C#_half_diminished7_compact_seventh_position_seventh_6-5-4-3_b5-1-b3-b7_15-16-14-16-x-x,C#,half_diminished7,m7b5,1 b3 b5 b7,advanced_reference,compact_seventh_position,seventh_6-5-4-3_b5-1-b3-b7,15-16-14-16-x-x,"[15, 16, 14, 16, null, null]",6-5-4-3,second_inversion,,80,16,2,G C# E B None None,b5 1 b3 b7 None None,{}
C#_half_diminished7_compact_seventh_position_seventh_5-4-3-2_1-b3-b5-b7_x-16-14-12-12-x,C#,half_diminished7,m7b5,1 b3 b5 b7,advanced_reference,compact_seventh_position,seventh_5-4-3-2_1-b3-b5-b7,x-16-14-12-12-x,"[null, 16, 14, 12, 12, null]",5-4-3-2,root_position,,80,16,4,None C# E G B None,None 1 b3 b5 b7 None,{}
C#_half_diminished7_compact_seventh_position_seventh_4-3-2-1_b3-b7-1-b5_x-x-14-16-14-15,C#,half_diminished7,m7b5,1 b3 b5 b7,advanced_reference,compact_seventh_position,seventh_4-3-2-1_b3-b7-1-b5,x-x-14-16-14-15,"[null, null, 14, 16, 14, 15]",4-3-2-1,first_inversion_or_suspended_bass,,80,16,2,None None E B C# G,None None b3 b7 1 b5,{}
C#_half_diminished7_compact_seventh_position_seventh_5-4-3-2_1-b5-b7-b3_x-16-17-16-17-x,C#,half_diminished7,m7b5,1 b3 b5 b7,advanced_reference,compact_seventh_position,seventh_5-4-3-2_1-b5-b7-b3,x-16-17-16-17-x,"[null, 16, 17, 16, 17, null]",5-4-3-2,root_position,,80,17,1,None C# G B E None,None 1 b5 b7 b3 None,{}
C#_half_diminished7_compact_seventh_position_seventh_6-5-4-3_b5-b7-b3-1_15-14-14-18-x-x,C#,half_diminished7,m7b5,1 b3 b5 b7,advanced_reference,compact_seventh_position,seventh_6-5-4-3_b5-b7-b3-1,15-14-14-18-x-x,"[15, 14, 14, 18, null, null]",6-5-4-3,second_inversion,,80,18,4,G B E C# None None,b5 b7 b3 1 None None,{}
C#_half_diminished7_compact_seventh_position_seventh_5-4-3-2_b7-b5-1-b3_x-14-17-18-17-x,C#,half_diminished7,m7b5,1 b3 b5 b7,advanced_reference,compact_seventh_position,seventh_5-4-3-2_b7-b5-1-b3,x-14-17-18-17-x,"[null, 14, 17, 18, 17, null]",5-4-3-2,seventh_in_bass,,80,18,4,None B G C# E None,None b7 b5 1 b3 None,{}
C#_m7_caged_seventh_A_shape_m7_x-4-6-4-5-4,C#,m7,m7,1 b3 5 b7,intermediate_core,caged_seventh,A_shape_m7,x-4-6-4-5-4,"[null, 4, 6, 4, 5, 4]",,root_position,,35,6,2,None C# G# B E G#,None 1 5 b7 b3 5,{}
C#_m7_caged_seventh_E_shape_m7_9-11-9-9-9-9,C#,m7,m7,1 b3 5 b7,intermediate_core,caged_seventh,E_shape_m7,9-11-9-9-9-9,"[9, 11, 9, 9, 9, 9]",,root_position,,35,11,2,C# G# B E G# C#,1 5 b7 b3 5 1,{}
C#_m7_caged_seventh_D_shape_m7_x-x-11-13-12-12,C#,m7,m7,1 b3 5 b7,intermediate_core,caged_seventh,D_shape_m7,x-x-11-13-12-12,"[null, null, 11, 13, 12, 12]",,root_position,,35,13,2,None None C# G# B E,None None 1 5 b7 b3,{}
C#_m7_compact_seventh_position_seventh_5-4-3-2_b7-b3-5-1_x-2-2-1-2-x,C#,m7,m7,1 b3 5 b7,advanced_reference,compact_seventh_position,seventh_5-4-3-2_b7-b3-5-1,x-2-2-1-2-x,"[null, 2, 2, 1, 2, null]",5-4-3-2,seventh_in_bass,,80,2,1,None B E G# C# None,None b7 b3 5 1 None,{}
C#_m7_compact_seventh_position_seventh_6-5-4-3_5-1-b3-b7_4-4-2-4-x-x,C#,m7,m7,1 b3 5 b7,advanced_reference,compact_seventh_position,seventh_6-5-4-3_5-1-b3-b7,4-4-2-4-x-x,"[4, 4, 2, 4, null, null]",6-5-4-3,second_inversion,,80,4,2,G# C# E B None None,5 1 b3 b7 None None,{}
C#_m7_compact_seventh_position_seventh_5-4-3-2_1-b3-5-b7_x-4-2-1-0-x,C#,m7,m7,1 b3 5 b7,advanced_reference,compact_seventh_position,seventh_5-4-3-2_1-b3-5-b7,x-4-2-1-0-x,"[null, 4, 2, 1, 0, null]",5-4-3-2,root_position,,80,4,3,None C# E G# B None,None 1 b3 5 b7 None,{}
C#_m7_compact_seventh_position_seventh_4-3-2-1_b3-b7-1-5_x-x-2-4-2-4,C#,m7,m7,1 b3 5 b7,advanced_reference,compact_seventh_position,seventh_4-3-2-1_b3-b7-1-5,x-x-2-4-2-4,"[null, null, 2, 4, 2, 4]",4-3-2-1,first_inversion_or_suspended_bass,,80,4,2,None None E B C# G#,None None b3 b7 1 5,{}
C#_m7_compact_seventh_position_seventh_6-5-4-3_5-b7-b3-1_4-2-2-6-x-x,C#,m7,m7,1 b3 5 b7,advanced_reference,compact_seventh_position,seventh_6-5-4-3_5-b7-b3-1,4-2-2-6-x-x,"[4, 2, 2, 6, null, null]",6-5-4-3,second_inversion,,80,6,4,G# B E C# None None,5 b7 b3 1 None None,{}
C#_m7_compact_seventh_position_seventh_5-4-3-2_b7-5-1-b3_x-2-6-6-5-x,C#,m7,m7,1 b3 5 b7,advanced_reference,compact_seventh_position,seventh_5-4-3-2_b7-5-1-b3,x-2-6-6-5-x,"[null, 2, 6, 6, 5, null]",5-4-3-2,seventh_in_bass,,80,6,4,None B G# C# E None,None b7 5 1 b3 None,{}
C#_m7_compact_seventh_position_seventh_5-4-3-2_1-5-b7-b3_x-4-6-4-5-x,C#,m7,m7,1 b3 5 b7,advanced_reference,compact_seventh_position,seventh_5-4-3-2_1-5-b7-b3,x-4-6-4-5-x,"[null, 4, 6, 4, 5, null]",5-4-3-2,root_position,,80,6,2,None C# G# B E None,None 1 5 b7 b3 None,{}
C#_m7_compact_seventh_position_seventh_6-5-4-3_b7-b3-5-1_7-7-6-6-x-x,C#,m7,m7,1 b3 5 b7,advanced_reference,compact_seventh_position,seventh_6-5-4-3_b7-b3-5-1,7-7-6-6-x-x,"[7, 7, 6, 6, null, null]",6-5-4-3,seventh_in_bass,,80,7,1,B E G# C# None None,b7 b3 5 1 None None,{}
C#_m7_compact_seventh_position_seventh_4-3-2-1_5-1-b3-b7_x-x-6-6-5-7,C#,m7,m7,1 b3 5 b7,advanced_reference,compact_seventh_position,seventh_4-3-2-1_5-1-b3-b7,x-x-6-6-5-7,"[null, null, 6, 6, 5, 7]",4-3-2-1,second_inversion,,80,7,2,None None G# C# E B,None None 5 1 b3 b7,{}
C#_m7_compact_seventh_position_seventh_5-4-3-2_b3-b7-1-5_x-7-9-6-9-x,C#,m7,m7,1 b3 5 b7,advanced_reference,compact_seventh_position,seventh_5-4-3-2_b3-b7-1-5,x-7-9-6-9-x,"[null, 7, 9, 6, 9, null]",5-4-3-2,first_inversion_or_suspended_bass,,80,9,3,None E B C# G# None,None b3 b7 1 5 None,{}
C#_m7_compact_seventh_position_seventh_4-3-2-1_b7-b3-5-1_x-x-9-9-9-9,C#,m7,m7,1 b3 5 b7,advanced_reference,compact_seventh_position,seventh_4-3-2-1_b7-b3-5-1,x-x-9-9-9-9,"[null, null, 9, 9, 9, 9]",4-3-2-1,seventh_in_bass,,80,9,0,None None B E G# C#,None None b7 b3 5 1,{}
C#_m7_compact_seventh_position_seventh_6-5-4-3_b7-5-1-b3_7-11-11-9-x-x,C#,m7,m7,1 b3 5 b7,advanced_reference,compact_seventh_position,seventh_6-5-4-3_b7-5-1-b3,7-11-11-9-x-x,"[7, 11, 11, 9, null, null]",6-5-4-3,seventh_in_bass,,80,11,4,B G# C# E None None,b7 5 1 b3 None None,{}
C#_m7_compact_seventh_position_seventh_6-5-4-3_1-5-b7-b3_9-11-9-9-x-x,C#,m7,m7,1 b3 5 b7,advanced_reference,compact_seventh_position,seventh_6-5-4-3_1-5-b7-b3,9-11-9-9-x-x,"[9, 11, 9, 9, null, null]",6-5-4-3,root_position,,80,11,2,C# G# B E None None,1 5 b7 b3 None None,{}
C#_m7_compact_seventh_position_seventh_4-3-2-1_1-b3-5-b7_x-x-11-9-9-7,C#,m7,m7,1 b3 5 b7,advanced_reference,compact_seventh_position,seventh_4-3-2-1_1-b3-5-b7,x-x-11-9-9-7,"[null, null, 11, 9, 9, 7]",4-3-2-1,root_position,,80,11,4,None None C# E G# B,None None 1 b3 5 b7,{}
C#_m7_compact_seventh_position_seventh_5-4-3-2_5-1-b3-b7_x-11-11-9-12-x,C#,m7,m7,1 b3 5 b7,advanced_reference,compact_seventh_position,seventh_5-4-3-2_5-1-b3-b7,x-11-11-9-12-x,"[null, 11, 11, 9, 12, null]",5-4-3-2,second_inversion,,80,12,3,None G# C# E B None,None 5 1 b3 b7 None,{}
C#_m7_compact_seventh_position_seventh_6-5-4-3_b3-b7-1-5_12-14-11-13-x-x,C#,m7,m7,1 b3 5 b7,advanced_reference,compact_seventh_position,seventh_6-5-4-3_b3-b7-1-5,12-14-11-13-x-x,"[12, 14, 11, 13, null, null]",6-5-4-3,first_inversion_or_suspended_bass,,80,14,3,E B C# G# None None,b3 b7 1 5 None None,{}
C#_m7_compact_seventh_position_seventh_5-4-3-2_b7-b3-5-1_x-14-14-13-14-x,C#,m7,m7,1 b3 5 b7,advanced_reference,compact_seventh_position,seventh_5-4-3-2_b7-b3-5-1,x-14-14-13-14-x,"[null, 14, 14, 13, 14, null]",5-4-3-2,seventh_in_bass,,80,14,1,None B E G# C# None,None b7 b3 5 1 None,{}
C#_m7_compact_seventh_position_seventh_6-5-4-3_5-1-b3-b7_16-16-14-16-x-x,C#,m7,m7,1 b3 5 b7,advanced_reference,compact_seventh_position,seventh_6-5-4-3_5-1-b3-b7,16-16-14-16-x-x,"[16, 16, 14, 16, null, null]",6-5-4-3,second_inversion,,80,16,2,G# C# E B None None,5 1 b3 b7 None None,{}
C#_m7_compact_seventh_position_seventh_5-4-3-2_1-b3-5-b7_x-16-14-13-12-x,C#,m7,m7,1 b3 5 b7,advanced_reference,compact_seventh_position,seventh_5-4-3-2_1-b3-5-b7,x-16-14-13-12-x,"[null, 16, 14, 13, 12, null]",5-4-3-2,root_position,,80,16,4,None C# E G# B None,None 1 b3 5 b7 None,{}
C#_m7_compact_seventh_position_seventh_4-3-2-1_b3-b7-1-5_x-x-14-16-14-16,C#,m7,m7,1 b3 5 b7,advanced_reference,compact_seventh_position,seventh_4-3-2-1_b3-b7-1-5,x-x-14-16-14-16,"[null, null, 14, 16, 14, 16]",4-3-2-1,first_inversion_or_suspended_bass,,80,16,2,None None E B C# G#,None None b3 b7 1 5,{}
C#_m7_compact_seventh_position_seventh_6-5-4-3_5-b7-b3-1_16-14-14-18-x-x,C#,m7,m7,1 b3 5 b7,advanced_reference,compact_seventh_position,seventh_6-5-4-3_5-b7-b3-1,16-14-14-18-x-x,"[16, 14, 14, 18, null, null]",6-5-4-3,second_inversion,,80,18,4,G# B E C# None None,5 b7 b3 1 None None,{}
C#_m7_compact_seventh_position_seventh_5-4-3-2_b7-5-1-b3_x-14-18-18-17-x,C#,m7,m7,1 b3 5 b7,advanced_reference,compact_seventh_position,seventh_5-4-3-2_b7-5-1-b3,x-14-18-18-17-x,"[null, 14, 18, 18, 17, null]",5-4-3-2,seventh_in_bass,,80,18,4,None B G# C# E None,None b7 5 1 b3 None,{}
C#_m7_compact_seventh_position_seventh_5-4-3-2_1-5-b7-b3_x-16-18-16-17-x,C#,m7,m7,1 b3 5 b7,advanced_reference,compact_seventh_position,seventh_5-4-3-2_1-5-b7-b3,x-16-18-16-17-x,"[null, 16, 18, 16, 17, null]",5-4-3-2,root_position,,80,18,2,None C# G# B E None,None 1 5 b7 b3 None,{}
C#_maj7_caged_seventh_A_shape_maj7_x-4-6-5-6-4,C#,maj7,maj7,1 3 5 7,intermediate_core,caged_seventh,A_shape_maj7,x-4-6-5-6-4,"[null, 4, 6, 5, 6, 4]",,root_position,,35,6,2,None C# G# C F G#,None 1 5 7 3 5,{}
C#_maj7_caged_seventh_G_shape_maj7_9-x-10-10-9-x,C#,maj7,maj7,1 3 5 7,intermediate_core,caged_seventh,G_shape_maj7,9-x-10-10-9-x,"[9, null, 10, 10, 9, null]",,root_position,,35,10,1,C# None C F G# None,1 None 7 3 5 None,{}
C#_maj7_caged_seventh_E_shape_maj7_9-11-10-10-9-9,C#,maj7,maj7,1 3 5 7,intermediate_core,caged_seventh,E_shape_maj7,9-11-10-10-9-9,"[9, 11, 10, 10, 9, 9]",,root_position,,35,11,2,C# G# C F G# C#,1 5 7 3 5 1,{}
C#_maj7_compact_seventh_position_seventh_5-4-3-2_7-3-5-1_x-3-3-1-2-x,C#,maj7,maj7,1 3 5 7,advanced_reference,compact_seventh_position,seventh_5-4-3-2_7-3-5-1,x-3-3-1-2-x,"[null, 3, 3, 1, 2, null]",5-4-3-2,seventh_in_bass,,80,3,2,None C F G# C# None,None 7 3 5 1 None,{}
C#_maj7_compact_seventh_position_seventh_5-4-3-2_1-3-5-7_x-4-3-1-1-x,C#,maj7,maj7,1 3 5 7,advanced_reference,compact_seventh_position,seventh_5-4-3-2_1-3-5-7,x-4-3-1-1-x,"[null, 4, 3, 1, 1, null]",5-4-3-2,root_position,,80,4,3,None C# F G# C None,None 1 3 5 7 None,{}
C#_maj7_compact_seventh_position_seventh_6-5-4-3_5-1-3-7_4-4-3-5-x-x,C#,maj7,maj7,1 3 5 7,advanced_reference,compact_seventh_position,seventh_6-5-4-3_5-1-3-7,4-4-3-5-x-x,"[4, 4, 3, 5, null, null]",6-5-4-3,second_inversion,,80,5,2,G# C# F C None None,5 1 3 7 None None,{}
C#_maj7_compact_seventh_position_seventh_4-3-2-1_3-7-1-5_x-x-3-5-2-4,C#,maj7,maj7,1 3 5 7,advanced_reference,compact_seventh_position,seventh_4-3-2-1_3-7-1-5,x-x-3-5-2-4,"[null, null, 3, 5, 2, 4]",4-3-2-1,first_inversion_or_suspended_bass,,80,5,3,None None F C C# G#,None None 3 7 1 5,{}
C#_maj7_compact_seventh_position_seventh_6-5-4-3_5-7-3-1_4-3-3-6-x-x,C#,maj7,maj7,1 3 5 7,advanced_reference,compact_seventh_position,seventh_6-5-4-3_5-7-3-1,4-3-3-6-x-x,"[4, 3, 3, 6, null, null]",6-5-4-3,second_inversion,,80,6,3,G# C F C# None None,5 7 3 1 None None,{}
C#_maj7_compact_seventh_position_seventh_5-4-3-2_7-5-1-3_x-3-6-6-6-x,C#,maj7,maj7,1 3 5 7,advanced_reference,compact_seventh_position,seventh_5-4-3-2_7-5-1-3,x-3-6-6-6-x,"[null, 3, 6, 6, 6, null]",5-4-3-2,seventh_in_bass,,80,6,3,None C G# C# F None,None 7 5 1 3 None,{}
C#_maj7_compact_seventh_position_seventh_5-4-3-2_1-5-7-3_x-4-6-5-6-x,C#,maj7,maj7,1 3 5 7,advanced_reference,compact_seventh_position,seventh_5-4-3-2_1-5-7-3,x-4-6-5-6-x,"[null, 4, 6, 5, 6, null]",5-4-3-2,root_position,,80,6,2,None C# G# C F None,None 1 5 7 3 None,{}
C#_maj7_compact_seventh_position_seventh_6-5-4-3_7-3-5-1_8-8-6-6-x-x,C#,maj7,maj7,1 3 5 7,advanced_reference,compact_seventh_position,seventh_6-5-4-3_7-3-5-1,8-8-6-6-x-x,"[8, 8, 6, 6, null, null]",6-5-4-3,seventh_in_bass,,80,8,2,C F G# C# None None,7 3 5 1 None None,{}
C#_maj7_compact_seventh_position_seventh_4-3-2-1_5-1-3-7_x-x-6-6-6-8,C#,maj7,maj7,1 3 5 7,advanced_reference,compact_seventh_position,seventh_4-3-2-1_5-1-3-7,x-x-6-6-6-8,"[null, null, 6, 6, 6, 8]",4-3-2-1,second_inversion,,80,8,2,None None G# C# F C,None None 5 1 3 7,{}
C#_maj7_compact_seventh_position_seventh_6-5-4-3_1-3-5-7_9-8-6-5-x-x,C#,maj7,maj7,1 3 5 7,advanced_reference,compact_seventh_position,seventh_6-5-4-3_1-3-5-7,9-8-6-5-x-x,"[9, 8, 6, 5, null, null]",6-5-4-3,root_position,,80,9,4,C# F G# C None None,1 3 5 7 None None,{}
C#_maj7_compact_seventh_position_seventh_4-3-2-1_5-7-3-1_x-x-6-5-6-9,C#,maj7,maj7,1 3 5 7,advanced_reference,compact_seventh_position,seventh_4-3-2-1_5-7-3-1,x-x-6-5-6-9,"[null, null, 6, 5, 6, 9]",4-3-2-1,second_inversion,,80,9,4,None None G# C F C#,None None 5 7 3 1,{}
C#_maj7_compact_seventh_position_seventh_5-4-3-2_3-7-1-5_x-8-10-6-9-x,C#,maj7,maj7,1 3 5 7,advanced_reference,compact_seventh_position,seventh_5-4-3-2_3-7-1-5,x-8-10-6-9-x,"[null, 8, 10, 6, 9, null]",5-4-3-2,first_inversion_or_suspended_bass,,80,10,4,None F C C# G# None,None 3 7 1 5 None,{}
C#_maj7_compact_seventh_position_seventh_4-3-2-1_7-3-5-1_x-x-10-10-9-9,C#,maj7,maj7,1 3 5 7,advanced_reference,compact_seventh_position,seventh_4-3-2-1_7-3-5-1,x-x-10-10-9-9,"[null, null, 10, 10, 9, 9]",4-3-2-1,seventh_in_bass,,80,10,1,None None C F G# C#,None None 7 3 5 1,{}
C#_maj7_compact_seventh_position_seventh_6-5-4-3_7-5-1-3_8-11-11-10-x-x,C#,maj7,maj7,1 3 5 7,advanced_reference,compact_seventh_position,seventh_6-5-4-3_7-5-1-3,8-11-11-10-x-x,"[8, 11, 11, 10, null, null]",6-5-4-3,seventh_in_bass,,80,11,3,C G# C# F None None,7 5 1 3 None None,{}
C#_maj7_compact_seventh_position_seventh_6-5-4-3_1-5-7-3_9-11-10-10-x-x,C#,maj7,maj7,1 3 5 7,advanced_reference,compact_seventh_position,seventh_6-5-4-3_1-5-7-3,9-11-10-10-x-x,"[9, 11, 10, 10, null, null]",6-5-4-3,root_position,,80,11,2,C# G# C F None None,1 5 7 3 None None,{}
C#_maj7_compact_seventh_position_seventh_4-3-2-1_1-3-5-7_x-x-11-10-9-8,C#,maj7,maj7,1 3 5 7,advanced_reference,compact_seventh_position,seventh_4-3-2-1_1-3-5-7,x-x-11-10-9-8,"[null, null, 11, 10, 9, 8]",4-3-2-1,root_position,,80,11,3,None None C# F G# C,None None 1 3 5 7,{}
C#_maj7_compact_seventh_position_seventh_5-4-3-2_5-1-3-7_x-11-11-10-13-x,C#,maj7,maj7,1 3 5 7,advanced_reference,compact_seventh_position,seventh_5-4-3-2_5-1-3-7,x-11-11-10-13-x,"[null, 11, 11, 10, 13, null]",5-4-3-2,second_inversion,,80,13,3,None G# C# F C None,None 5 1 3 7 None,{}
C#_maj7_compact_seventh_position_seventh_4-3-2-1_1-5-7-3_x-x-11-13-13-13,C#,maj7,maj7,1 3 5 7,advanced_reference,compact_seventh_position,seventh_4-3-2-1_1-5-7-3,x-x-11-13-13-13,"[null, null, 11, 13, 13, 13]",4-3-2-1,root_position,,80,13,2,None None C# G# C F,None None 1 5 7 3,{}
C#_maj7_compact_seventh_position_seventh_5-4-3-2_5-7-3-1_x-11-10-10-14-x,C#,maj7,maj7,1 3 5 7,advanced_reference,compact_seventh_position,seventh_5-4-3-2_5-7-3-1,x-11-10-10-14-x,"[null, 11, 10, 10, 14, null]",5-4-3-2,second_inversion,,80,14,4,None G# C F C# None,None 5 7 3 1 None,{}
C#_maj7_compact_seventh_position_seventh_4-3-2-1_7-5-1-3_x-x-10-13-14-13,C#,maj7,maj7,1 3 5 7,advanced_reference,compact_seventh_position,seventh_4-3-2-1_7-5-1-3,x-x-10-13-14-13,"[null, null, 10, 13, 14, 13]",4-3-2-1,seventh_in_bass,,80,14,4,None None C G# C# F,None None 7 5 1 3,{}
C#_maj7_compact_seventh_position_seventh_6-5-4-3_3-7-1-5_13-15-11-13-x-x,C#,maj7,maj7,1 3 5 7,advanced_reference,compact_seventh_position,seventh_6-5-4-3_3-7-1-5,13-15-11-13-x-x,"[13, 15, 11, 13, null, null]",6-5-4-3,first_inversion_or_suspended_bass,,80,15,4,F C C# G# None None,3 7 1 5 None None,{}
C#_maj7_compact_seventh_position_seventh_5-4-3-2_7-3-5-1_x-15-15-13-14-x,C#,maj7,maj7,1 3 5 7,advanced_reference,compact_seventh_position,seventh_5-4-3-2_7-3-5-1,x-15-15-13-14-x,"[null, 15, 15, 13, 14, null]",5-4-3-2,seventh_in_bass,,80,15,2,None C F G# C# None,None 7 3 5 1 None,{}
C#_maj7_compact_seventh_position_seventh_5-4-3-2_1-3-5-7_x-16-15-13-13-x,C#,maj7,maj7,1 3 5 7,advanced_reference,compact_seventh_position,seventh_5-4-3-2_1-3-5-7,x-16-15-13-13-x,"[null, 16, 15, 13, 13, null]",5-4-3-2,root_position,,80,16,3,None C# F G# C None,None 1 3 5 7 None,{}
C#_maj7_compact_seventh_position_seventh_6-5-4-3_5-1-3-7_16-16-15-17-x-x,C#,maj7,maj7,1 3 5 7,advanced_reference,compact_seventh_position,seventh_6-5-4-3_5-1-3-7,16-16-15-17-x-x,"[16, 16, 15, 17, null, null]",6-5-4-3,second_inversion,,80,17,2,G# C# F C None None,5 1 3 7 None None,{}
C#_maj7_compact_seventh_position_seventh_4-3-2-1_3-7-1-5_x-x-15-17-14-16,C#,maj7,maj7,1 3 5 7,advanced_reference,compact_seventh_position,seventh_4-3-2-1_3-7-1-5,x-x-15-17-14-16,"[null, null, 15, 17, 14, 16]",4-3-2-1,first_inversion_or_suspended_bass,,80,17,3,None None F C C# G#,None None 3 7 1 5,{}
C#_maj7_compact_seventh_position_seventh_6-5-4-3_5-7-3-1_16-15-15-18-x-x,C#,maj7,maj7,1 3 5 7,advanced_reference,compact_seventh_position,seventh_6-5-4-3_5-7-3-1,16-15-15-18-x-x,"[16, 15, 15, 18, null, null]",6-5-4-3,second_inversion,,80,18,3,G# C F C# None None,5 7 3 1 None None,{}
C#_maj7_compact_seventh_position_seventh_5-4-3-2_7-5-1-3_x-15-18-18-18-x,C#,maj7,maj7,1 3 5 7,advanced_reference,compact_seventh_position,seventh_5-4-3-2_7-5-1-3,x-15-18-18-18-x,"[null, 15, 18, 18, 18, null]",5-4-3-2,seventh_in_bass,,80,18,3,None C G# C# F None,None 7 5 1 3 None,{}
C#_maj7_compact_seventh_position_seventh_5-4-3-2_1-5-7-3_x-16-18-17-18-x,C#,maj7,maj7,1 3 5 7,advanced_reference,compact_seventh_position,seventh_5-4-3-2_1-5-7-3,x-16-18-17-18-x,"[null, 16, 18, 17, 18, null]",5-4-3-2,root_position,,80,18,2,None C# G# C F None,None 1 5 7 3 None,{}
C#_major_caged_major_C_shape_x-4-3-1-2-1,C#,major,major,1 3 5,beginner_core,caged_major,C_shape,x-4-3-1-2-1,"[null, 4, 3, 1, 2, 1]",,root_position,,1,4,3,None C# F G# C# F,None 1 3 5 1 3,{}
C#_major_caged_major_A_shape_x-4-6-6-6-4,C#,major,major,1 3 5,beginner_core,caged_major,A_shape,x-4-6-6-6-4,"[null, 4, 6, 6, 6, 4]",,root_position,,2,6,2,None C# G# C# F G#,None 1 5 1 3 5,{}
C#_major_caged_major_G_shape_9-8-6-6-6-9,C#,major,major,1 3 5,beginner_core,caged_major,G_shape,9-8-6-6-6-9,"[9, 8, 6, 6, 6, 9]",,root_position,,3,9,3,C# F G# C# F C#,1 3 5 1 3 1,{}
C#_major_caged_major_E_shape_9-11-11-10-9-9,C#,major,major,1 3 5,beginner_core,caged_major,E_shape,9-11-11-10-9-9,"[9, 11, 11, 10, 9, 9]",,root_position,,4,11,2,C# G# C# F G# C#,1 5 1 3 5 1,{}
C#_major_caged_major_D_shape_x-x-11-13-14-13,C#,major,major,1 3 5,beginner_core,caged_major,D_shape,x-x-11-13-14-13,"[null, null, 11, 13, 14, 13]",,root_position,,5,14,3,None None C# G# C# F,None None 1 5 1 3,{}
C#_major_triad_position_triad_3-2-1_second_inversion_5-1-3_x-x-x-1-2-1,C#,major,major,1 3 5,intermediate_core,triad_position,triad_3-2-1_second_inversion_5-1-3,x-x-x-1-2-1,"[null, null, null, 1, 2, 1]",3-2-1,second_inversion,second_inversion,60,2,1,None None None G# C# F,None None None 5 1 3,"{""sus4"": ""C#_sus4_triad_related_suspended_from_C#_major_triad_position_triad_3-2-1_second_inversion_5-1-3_x-x-x-1-2-1_sus4_x-x-x-1-2-2""}"
C#_major_triad_position_triad_4-3-2_first_inversion_3-5-1_x-x-3-1-2-x,C#,major,major,1 3 5,intermediate_core,triad_position,triad_4-3-2_first_inversion_3-5-1,x-x-3-1-2-x,"[null, null, 3, 1, 2, null]",4-3-2,first_inversion_or_suspended_bass,first_inversion,60,3,2,None None F G# C# None,None None 3 5 1 None,"{""sus2"": ""C#_sus2_triad_related_suspended_from_C#_major_triad_position_triad_4-3-2_first_inversion_3-5-1_x-x-3-1-2-x_sus2_x-x-1-1-2-x"", ""sus4"": ""C#_sus4_triad_related_suspended_from_C#_major_triad_position_triad_4-3-2_first_inversion_3-5-1_x-x-3-1-2-x_sus4_x-x-4-1-2-x""}"
C#_major_triad_position_triad_6-5-4_second_inversion_5-1-3_4-4-3-x-x-x,C#,major,major,1 3 5,intermediate_core,triad_position,triad_6-5-4_second_inversion_5-1-3,4-4-3-x-x-x,"[4, 4, 3, null, null, null]",6-5-4,second_inversion,second_inversion,60,4,1,G# C# F None None None,5 1 3 None None None,"{""sus2"": ""C#_sus2_triad_related_suspended_from_C#_major_triad_position_triad_6-5-4_second_inversion_5-1-3_4-4-3-x-x-x_sus2_4-4-1-x-x-x"", ""sus4"": ""C#_sus4_triad_related_suspended_from_C#_major_triad_position_triad_6-5-4_second_inversion_5-1-3_4-4-3-x-x-x_sus4_4-4-4-x-x-x""}"
C#_major_triad_position_triad_5-4-3_root_position_1-3-5_x-4-3-1-x-x,C#,major,major,1 3 5,intermediate_core,triad_position,triad_5-4-3_root_position_1-3-5,x-4-3-1-x-x,"[null, 4, 3, 1, null, null]",5-4-3,root_position,root_position,60,4,3,None C# F G# None None,None 1 3 5 None None,"{""sus2"": ""C#_sus2_triad_related_suspended_from_C#_major_triad_position_triad_5-4-3_root_position_1-3-5_x-4-3-1-x-x_sus2_x-4-1-1-x-x"", ""sus4"": ""C#_sus4_triad_related_suspended_from_C#_major_triad_position_triad_5-4-3_root_position_1-3-5_x-4-3-1-x-x_sus4_x-4-4-1-x-x""}"
C#_major_triad_position_triad_4-3-2_second_inversion_5-1-3_x-x-6-6-6-x,C#,major,major,1 3 5,intermediate_core,triad_position,triad_4-3-2_second_inversion_5-1-3,x-x-6-6-6-x,"[null, null, 6, 6, 6, null]",4-3-2,second_inversion,second_inversion,60,6,0,None None G# C# F None,None None 5 1 3 None,"{""sus2"": ""C#_sus2_triad_related_suspended_from_C#_major_triad_position_triad_4-3-2_second_inversion_5-1-3_x-x-6-6-6-x_sus2_x-x-6-6-4-x"", ""sus4"": ""C#_sus4_triad_related_suspended_from_C#_major_triad_position_triad_4-3-2_second_inversion_5-1-3_x-x-6-6-6-x_sus4_x-x-6-6-7-x""}"
C#_major_triad_position_triad_3-2-1_root_position_1-3-5_x-x-x-6-6-4,C#,major,major,1 3 5,intermediate_core,triad_position,triad_3-2-1_root_position_1-3-5,x-x-x-6-6-4,"[null, null, null, 6, 6, 4]",3-2-1,root_position,root_position,60,6,2,None None None C# F G#,None None None 1 3 5,"{""sus2"": ""C#_sus2_triad_related_suspended_from_C#_major_triad_position_triad_3-2-1_root_position_1-3-5_x-x-x-6-6-4_sus2_x-x-x-6-4-4"", ""sus4"": ""C#_sus4_triad_related_suspended_from_C#_major_triad_position_triad_3-2-1_root_position_1-3-5_x-x-x-6-6-4_sus4_x-x-x-6-7-4""}"
C#_major_triad_position_triad_5-4-3_first_inversion_3-5-1_x-8-6-6-x-x,C#,major,major,1 3 5,intermediate_core,triad_position,triad_5-4-3_first_inversion_3-5-1,x-8-6-6-x-x,"[null, 8, 6, 6, null, null]",5-4-3,first_inversion_or_suspended_bass,first_inversion,60,8,2,None F G# C# None None,None 3 5 1 None None,"{""sus2"": ""C#_sus2_triad_related_suspended_from_C#_major_triad_position_triad_5-4-3_first_inversion_3-5-1_x-8-6-6-x-x_sus2_x-6-6-6-x-x"", ""sus4"": ""C#_sus4_triad_related_suspended_from_C#_major_triad_position_triad_5-4-3_first_inversion_3-5-1_x-8-6-6-x-x_sus4_x-9-6-6-x-x""}"
C#_major_triad_position_triad_6-5-4_root_position_1-3-5_9-8-6-x-x-x,C#,major,major,1 3 5,intermediate_core,triad_position,triad_6-5-4_root_position_1-3-5,9-8-6-x-x-x,"[9, 8, 6, null, null, null]",6-5-4,root_position,root_position,60,9,3,C# F G# None None None,1 3 5 None None None,"{""sus2"": ""C#_sus2_triad_related_suspended_from_C#_major_triad_position_triad_6-5-4_root_position_1-3-5_9-8-6-x-x-x_sus2_9-6-6-x-x-x"", ""sus4"": ""C#_sus4_triad_related_suspended_from_C#_major_triad_position_triad_6-5-4_root_position_1-3-5_9-8-6-x-x-x_sus4_9-9-6-x-x-x""}"
C#_major_triad_position_triad_3-2-1_first_inversion_3-5-1_x-x-x-10-9-9,C#,major,major,1 3 5,intermediate_core,triad_position,triad_3-2-1_first_inversion_3-5-1,x-x-x-10-9-9,"[null, null, null, 10, 9, 9]",3-2-1,first_inversion_or_suspended_bass,first_inversion,60,10,1,None None None F G# C#,None None None 3 5 1,"{""sus2"": ""C#_sus2_triad_related_suspended_from_C#_major_triad_position_triad_3-2-1_first_inversion_3-5-1_x-x-x-10-9-9_sus2_x-x-x-8-9-9"", ""sus4"": ""C#_sus4_triad_related_suspended_from_C#_major_triad_position_triad_3-2-1_first_inversion_3-5-1_x-x-x-10-9-9_sus4_x-x-x-11-9-9""}"
C#_major_triad_position_triad_5-4-3_second_inversion_5-1-3_x-11-11-10-x-x,C#,major,major,1 3 5,intermediate_core,triad_position,triad_5-4-3_second_inversion_5-1-3,x-11-11-10-x-x,"[null, 11, 11, 10, null, null]",5-4-3,second_inversion,second_inversion,60,11,1,None G# C# F None None,None 5 1 3 None None,"{""sus2"": ""C#_sus2_triad_related_suspended_from_C#_major_triad_position_triad_5-4-3_second_inversion_5-1-3_x-11-11-10-x-x_sus2_x-11-11-8-x-x"", ""sus4"": ""C#_sus4_triad_related_suspended_from_C#_major_triad_position_triad_5-4-3_second_inversion_5-1-3_x-11-11-10-x-x_sus4_x-11-11-11-x-x""}"
C#_major_triad_position_triad_4-3-2_root_position_1-3-5_x-x-11-10-9-x,C#,major,major,1 3 5,intermediate_core,triad_position,triad_4-3-2_root_position_1-3-5,x-x-11-10-9-x,"[null, null, 11, 10, 9, null]",4-3-2,root_position,root_position,60,11,2,None None C# F G# None,None None 1 3 5 None,"{""sus2"": ""C#_sus2_triad_related_suspended_from_C#_major_triad_position_triad_4-3-2_root_position_1-3-5_x-x-11-10-9-x_sus2_x-x-11-8-9-x"", ""sus4"": ""C#_sus4_triad_related_suspended_from_C#_major_triad_position_triad_4-3-2_root_position_1-3-5_x-x-11-10-9-x_sus4_x-x-11-11-9-x""}"
C#_major_triad_position_triad_6-5-4_first_inversion_3-5-1_13-11-11-x-x-x,C#,major,major,1 3 5,intermediate_core,triad_position,triad_6-5-4_first_inversion_3-5-1,13-11-11-x-x-x,"[13, 11, 11, null, null, null]",6-5-4,first_inversion_or_suspended_bass,first_inversion,60,13,2,F G# C# None None None,3 5 1 None None None,"{""sus2"": ""C#_sus2_triad_related_suspended_from_C#_major_triad_position_triad_6-5-4_first_inversion_3-5-1_13-11-11-x-x-x_sus2_11-11-11-x-x-x"", ""sus4"": ""C#_sus4_triad_related_suspended_from_C#_major_triad_position_triad_6-5-4_first_inversion_3-5-1_13-11-11-x-x-x_sus4_14-11-11-x-x-x""}"
C#_major_triad_position_triad_3-2-1_second_inversion_5-1-3_x-x-x-13-14-13,C#,major,major,1 3 5,intermediate_core,triad_position,triad_3-2-1_second_inversion_5-1-3,x-x-x-13-14-13,"[null, null, null, 13, 14, 13]",3-2-1,second_inversion,second_inversion,60,14,1,None None None G# C# F,None None None 5 1 3,"{""sus2"": ""C#_sus2_triad_related_suspended_from_C#_major_triad_position_triad_3-2-1_second_inversion_5-1-3_x-x-x-13-14-13_sus2_x-x-x-13-14-11"", ""sus4"": ""C#_sus4_triad_related_suspended_from_C#_major_triad_position_triad_3-2-1_second_inversion_5-1-3_x-x-x-13-14-13_sus4_x-x-x-13-14-14""}"
C#_major_triad_position_triad_4-3-2_first_inversion_3-5-1_x-x-15-13-14-x,C#,major,major,1 3 5,intermediate_core,triad_position,triad_4-3-2_first_inversion_3-5-1,x-x-15-13-14-x,"[null, null, 15, 13, 14, null]",4-3-2,first_inversion_or_suspended_bass,first_inversion,60,15,2,None None F G# C# None,None None 3 5 1 None,"{""sus2"": ""C#_sus2_triad_related_suspended_from_C#_major_triad_position_triad_4-3-2_first_inversion_3-5-1_x-x-15-13-14-x_sus2_x-x-13-13-14-x"", ""sus4"": ""C#_sus4_triad_related_suspended_from_C#_major_triad_position_triad_4-3-2_first_inversion_3-5-1_x-x-15-13-14-x_sus4_x-x-16-13-14-x""}"
C#_major_triad_position_triad_6-5-4_second_inversion_5-1-3_16-16-15-x-x-x,C#,major,major,1 3 5,intermediate_core,triad_position,triad_6-5-4_second_inversion_5-1-3,16-16-15-x-x-x,"[16, 16, 15, null, null, null]",6-5-4,second_inversion,second_inversion,60,16,1,G# C# F None None None,5 1 3 None None None,"{""sus2"": ""C#_sus2_triad_related_suspended_from_C#_major_triad_position_triad_6-5-4_second_inversion_5-1-3_16-16-15-x-x-x_sus2_16-16-13-x-x-x"", ""sus4"": ""C#_sus4_triad_related_suspended_from_C#_major_triad_position_triad_6-5-4_second_inversion_5-1-3_16-16-15-x-x-x_sus4_16-16-16-x-x-x""}"
C#_major_triad_position_triad_5-4-3_root_position_1-3-5_x-16-15-13-x-x,C#,major,major,1 3 5,intermediate_core,triad_position,triad_5-4-3_root_position_1-3-5,x-16-15-13-x-x,"[null, 16, 15, 13, null, null]",5-4-3,root_position,root_position,60,16,3,None C# F G# None None,None 1 3 5 None None,"{""sus2"": ""C#_sus2_triad_related_suspended_from_C#_major_triad_position_triad_5-4-3_root_position_1-3-5_x-16-15-13-x-x_sus2_x-16-13-13-x-x"", ""sus4"": ""C#_sus4_triad_related_suspended_from_C#_major_triad_position_triad_5-4-3_root_position_1-3-5_x-16-15-13-x-x_sus4_x-16-16-13-x-x""}"
C#_major_triad_position_triad_4-3-2_second_inversion_5-1-3_x-x-18-18-18-x,C#,major,major,1 3 5,intermediate_core,triad_position,triad_4-3-2_second_inversion_5-1-3,x-x-18-18-18-x,"[null, null, 18, 18, 18, null]",4-3-2,second_inversion,second_inversion,60,18,0,None None G# C# F None,None None 5 1 3 None,"{""sus2"": ""C#_sus2_triad_related_suspended_from_C#_major_triad_position_triad_4-3-2_second_inversion_5-1-3_x-x-18-18-18-x_sus2_x-x-18-18-16-x""}"
C#_major_triad_position_triad_3-2-1_root_position_1-3-5_x-x-x-18-18-16,C#,major,major,1 3 5,intermediate_core,triad_position,triad_3-2-1_root_position_1-3-5,x-x-x-18-18-16,"[null, null, null, 18, 18, 16]",3-2-1,root_position,root_position,60,18,2,None None None C# F G#,None None None 1 3 5,"{""sus2"": ""C#_sus2_triad_related_suspended_from_C#_major_triad_position_triad_3-2-1_root_position_1-3-5_x-x-x-18-18-16_sus2_x-x-x-18-16-16""}"
C#_minor_caged_minor_C_shape_minor_x-4-2-1-2-4,C#,minor,minor,1 b3 5,beginner_core,caged_minor,C_shape_minor,x-4-2-1-2-4,"[null, 4, 2, 1, 2, 4]",,root_position,,10,4,3,None C# E G# C# G#,None 1 b3 5 1 5,{}
C#_minor_caged_minor_A_shape_minor_x-4-6-6-5-4,C#,minor,minor,1 b3 5,beginner_core,caged_minor,A_shape_minor,x-4-6-6-5-4,"[null, 4, 6, 6, 5, 4]",,root_position,,11,6,2,None C# G# C# E G#,None 1 5 1 b3 5,{}
C#_minor_caged_minor_G_shape_minor_9-7-6-6-9-9,C#,minor,minor,1 b3 5,beginner_core,caged_minor,G_shape_minor,9-7-6-6-9-9,"[9, 7, 6, 6, 9, 9]",,root_position,,12,9,3,C# E G# C# G# C#,1 b3 5 1 5 1,{}
C#_minor_caged_minor_E_shape_minor_9-11-11-9-9-9,C#,minor,minor,1 b3 5,beginner_core,caged_minor,E_shape_minor,9-11-11-9-9-9,"[9, 11, 11, 9, 9, 9]",,root_position,,13,11,2,C# G# C# E G# C#,1 5 1 b3 5 1,{}
C#_minor_caged_minor_D_shape_minor_x-x-11-13-14-12,C#,minor,minor,1 b3 5,beginner_core,caged_minor,D_shape_minor,x-x-11-13-14-12,"[null, null, 11, 13, 14, 12]",,root_position,,14,14,3,None None C# G# C# E,None None 1 5 1 b3,{}
C#_minor_triad_position_triad_4-3-2_first_inversion_b3-5-1_x-x-2-1-2-x,C#,minor,minor,1 b3 5,intermediate_core,triad_position,triad_4-3-2_first_inversion_b3-5-1,x-x-2-1-2-x,"[null, null, 2, 1, 2, null]",4-3-2,first_inversion_or_suspended_bass,first_inversion,60,2,1,None None E G# C# None,None None b3 5 1 None,{}
C#_minor_triad_position_triad_3-2-1_second_inversion_5-1-b3_x-x-x-1-2-0,C#,minor,minor,1 b3 5,intermediate_core,triad_position,triad_3-2-1_second_inversion_5-1-b3,x-x-x-1-2-0,"[null, null, null, 1, 2, 0]",3-2-1,second_inversion,second_inversion,60,2,1,None None None G# C# E,None None None 5 1 b3,{}
C#_minor_triad_position_triad_6-5-4_second_inversion_5-1-b3_4-4-2-x-x-x,C#,minor,minor,1 b3 5,intermediate_core,triad_position,triad_6-5-4_second_inversion_5-1-b3,4-4-2-x-x-x,"[4, 4, 2, null, null, null]",6-5-4,second_inversion,second_inversion,60,4,2,G# C# E None None None,5 1 b3 None None None,{}
C#_minor_triad_position_triad_5-4-3_root_position_1-b3-5_x-4-2-1-x-x,C#,minor,minor,1 b3 5,intermediate_core,triad_position,triad_5-4-3_root_position_1-b3-5,x-4-2-1-x-x,"[null, 4, 2, 1, null, null]",5-4-3,root_position,root_position,60,4,3,None C# E G# None None,None 1 b3 5 None None,{}
C#_minor_triad_position_triad_4-3-2_second_inversion_5-1-b3_x-x-6-6-5-x,C#,minor,minor,1 b3 5,intermediate_core,triad_position,triad_4-3-2_second_inversion_5-1-b3,x-x-6-6-5-x,"[null, null, 6, 6, 5, null]",4-3-2,second_inversion,second_inversion,60,6,1,None None G# C# E None,None None 5 1 b3 None,{}
C#_minor_triad_position_triad_3-2-1_root_position_1-b3-5_x-x-x-6-5-4,C#,minor,minor,1 b3 5,intermediate_core,triad_position,triad_3-2-1_root_position_1-b3-5,x-x-x-6-5-4,"[null, null, null, 6, 5, 4]",3-2-1,root_position,root_position,60,6,2,None None None C# E G#,None None None 1 b3 5,{}
C#_minor_triad_position_triad_5-4-3_first_inversion_b3-5-1_x-7-6-6-x-x,C#,minor,minor,1 b3 5,intermediate_core,triad_position,triad_5-4-3_first_inversion_b3-5-1,x-7-6-6-x-x,"[null, 7, 6, 6, null, null]",5-4-3,first_inversion_or_suspended_bass,first_inversion,60,7,1,None E G# C# None None,None b3 5 1 None None,{}
C#_minor_triad_position_triad_6-5-4_root_position_1-b3-5_9-7-6-x-x-x,C#,minor,minor,1 b3 5,intermediate_core,triad_position,triad_6-5-4_root_position_1-b3-5,9-7-6-x-x-x,"[9, 7, 6, null, null, null]",6-5-4,root_position,root_position,60,9,3,C# E G# None None None,1 b3 5 None None None,{}
C#_minor_triad_position_triad_3-2-1_first_inversion_b3-5-1_x-x-x-9-9-9,C#,minor,minor,1 b3 5,intermediate_core,triad_position,triad_3-2-1_first_inversion_b3-5-1,x-x-x-9-9-9,"[null, null, null, 9, 9, 9]",3-2-1,first_inversion_or_suspended_bass,first_inversion,60,9,0,None None None E G# C#,None None None b3 5 1,{}
C#_minor_triad_position_triad_5-4-3_second_inversion_5-1-b3_x-11-11-9-x-x,C#,minor,minor,1 b3 5,intermediate_core,triad_position,triad_5-4-3_second_inversion_5-1-b3,x-11-11-9-x-x,"[null, 11, 11, 9, null, null]",5-4-3,second_inversion,second_inversion,60,11,2,None G# C# E None None,None 5 1 b3 None None,{}
C#_minor_triad_position_triad_4-3-2_root_position_1-b3-5_x-x-11-9-9-x,C#,minor,minor,1 b3 5,intermediate_core,triad_position,triad_4-3-2_root_position_1-b3-5,x-x-11-9-9-x,"[null, null, 11, 9, 9, null]",4-3-2,root_position,root_position,60,11,2,None None C# E G# None,None None 1 b3 5 None,{}
C#_minor_triad_position_triad_6-5-4_first_inversion_b3-5-1_12-11-11-x-x-x,C#,minor,minor,1 b3 5,intermediate_core,triad_position,triad_6-5-4_first_inversion_b3-5-1,12-11-11-x-x-x,"[12, 11, 11, null, null, null]",6-5-4,first_inversion_or_suspended_bass,first_inversion,60,12,1,E G# C# None None None,b3 5 1 None None None,{}
C#_minor_triad_position_triad_4-3-2_first_inversion_b3-5-1_x-x-14-13-14-x,C#,minor,minor,1 b3 5,intermediate_core,triad_position,triad_4-3-2_first_inversion_b3-5-1,x-x-14-13-14-x,"[null, null, 14, 13, 14, null]",4-3-2,first_inversion_or_suspended_bass,first_inversion,60,14,1,None None E G# C# None,None None b3 5 1 None,{}
C#_minor_triad_position_triad_3-2-1_second_inversion_5-1-b3_x-x-x-13-14-12,C#,minor,minor,1 b3 5,intermediate_core,triad_position,triad_3-2-1_second_inversion_5-1-b3,x-x-x-13-14-12,"[null, null, null, 13, 14, 12]",3-2-1,second_inversion,second_inversion,60,14,2,None None None G# C# E,None None None 5 1 b3,{}
C#_minor_triad_position_triad_6-5-4_second_inversion_5-1-b3_16-16-14-x-x-x,C#,minor,minor,1 b3 5,intermediate_core,triad_position,triad_6-5-4_second_inversion_5-1-b3,16-16-14-x-x-x,"[16, 16, 14, null, null, null]",6-5-4,second_inversion,second_inversion,60,16,2,G# C# E None None None,5 1 b3 None None None,{}
C#_minor_triad_position_triad_5-4-3_root_position_1-b3-5_x-16-14-13-x-x,C#,minor,minor,1 b3 5,intermediate_core,triad_position,triad_5-4-3_root_position_1-b3-5,x-16-14-13-x-x,"[null, 16, 14, 13, null, null]",5-4-3,root_position,root_position,60,16,3,None C# E G# None None,None 1 b3 5 None None,{}
C#_minor_triad_position_triad_4-3-2_second_inversion_5-1-b3_x-x-18-18-17-x,C#,minor,minor,1 b3 5,intermediate_core,triad_position,triad_4-3-2_second_inversion_5-1-b3,x-x-18-18-17-x,"[null, null, 18, 18, 17, null]",4-3-2,second_inversion,second_inversion,60,18,1,None None G# C# E None,None None 5 1 b3 None,{}
C#_minor_triad_position_triad_3-2-1_root_position_1-b3-5_x-x-x-18-17-16,C#,minor,minor,1 b3 5,intermediate_core,triad_position,triad_3-2-1_root_position_1-b3-5,x-x-x-18-17-16,"[null, null, null, 18, 17, 16]",3-2-1,root_position,root_position,60,18,2,None None None C# E G#,None None None 1 b3 5,{}
C#_sus2_caged_suspended_C_shape_sus2_x-4-1-1-2-4,C#,sus2,sus2,1 2 5,intermediate_core,caged_suspended,C_shape_sus2,x-4-1-1-2-4,"[null, 4, 1, 1, 2, 4]",,root_position,,30,4,3,None C# D# G# C# G#,None 1 2 5 1 5,{}
C#_sus2_caged_suspended_A_shape_sus2_x-4-6-6-4-4,C#,sus2,sus2,1 2 5,intermediate_core,caged_suspended,A_shape_sus2,x-4-6-6-4-4,"[null, 4, 6, 6, 4, 4]",,root_position,,30,6,2,None C# G# C# D# G#,None 1 5 1 2 5,{}
C#_sus2_caged_suspended_E_shape_sus2_9-11-13-13-9-9,C#,sus2,sus2,1 2 5,intermediate_core,caged_suspended,E_shape_sus2,9-11-13-13-9-9,"[9, 11, 13, 13, 9, 9]",,root_position,,30,13,4,C# G# D# G# G# C#,1 5 2 5 5 1,{}
C#_sus2_caged_suspended_D_shape_sus2_x-x-11-13-14-11,C#,sus2,sus2,1 2 5,intermediate_core,caged_suspended,D_shape_sus2,x-x-11-13-14-11,"[null, null, 11, 13, 14, 11]",,root_position,,30,14,3,None None C# G# C# D#,None None 1 5 1 2,{}
C#_sus2_triad_related_suspended_from_C#_major_triad_position_triad_4-3-2_first_inversion_3-5-1_x-x-3-1-2-x_sus2_x-x-1-1-2-x,C#,sus2,sus2,1 2 5,intermediate_core,triad_related_suspended,from_C#_major_triad_position_triad_4-3-2_first_inversion_3-5-1_x-x-3-1-2-x_sus2,x-x-1-1-2-x,"[null, null, 1, 1, 2, null]",4-3-2,first_inversion_or_suspended_bass,,65,2,1,None None D# G# C# None,None None 2 5 1 None,{}
C#_sus2_triad_related_suspended_from_C#_major_triad_position_triad_6-5-4_second_inversion_5-1-3_4-4-3-x-x-x_sus2_4-4-1-x-x-x,C#,sus2,sus2,1 2 5,intermediate_core,triad_related_suspended,from_C#_major_triad_position_triad_6-5-4_second_inversion_5-1-3_4-4-3-x-x-x_sus2,4-4-1-x-x-x,"[4, 4, 1, null, null, null]",6-5-4,second_inversion,,65,4,3,G# C# D# None None None,5 1 2 None None None,{}
C#_sus2_triad_related_suspended_from_C#_major_triad_position_triad_5-4-3_root_position_1-3-5_x-4-3-1-x-x_sus2_x-4-1-1-x-x,C#,sus2,sus2,1 2 5,intermediate_core,triad_related_suspended,from_C#_major_triad_position_triad_5-4-3_root_position_1-3-5_x-4-3-1-x-x_sus2,x-4-1-1-x-x,"[null, 4, 1, 1, null, null]",5-4-3,root_position,,65,4,3,None C# D# G# None None,None 1 2 5 None None,{}
C#_sus2_triad_related_suspended_from_C#_major_triad_position_triad_5-4-3_first_inversion_3-5-1_x-8-6-6-x-x_sus2_x-6-6-6-x-x,C#,sus2,sus2,1 2 5,intermediate_core,triad_related_suspended,from_C#_major_triad_position_triad_5-4-3_first_inversion_3-5-1_x-8-6-6-x-x_sus2,x-6-6-6-x-x,"[null, 6, 6, 6, null, null]",5-4-3,first_inversion_or_suspended_bass,,65,6,0,None D# G# C# None None,None 2 5 1 None None,{}
C#_sus2_triad_related_suspended_from_C#_major_triad_position_triad_4-3-2_second_inversion_5-1-3_x-x-6-6-6-x_sus2_x-x-6-6-4-x,C#,sus2,sus2,1 2 5,intermediate_core,triad_related_suspended,from_C#_major_triad_position_triad_4-3-2_second_inversion_5-1-3_x-x-6-6-6-x_sus2,x-x-6-6-4-x,"[null, null, 6, 6, 4, null]",4-3-2,second_inversion,,65,6,2,None None G# C# D# None,None None 5 1 2 None,{}
C#_sus2_triad_related_suspended_from_C#_major_triad_position_triad_3-2-1_root_position_1-3-5_x-x-x-6-6-4_sus2_x-x-x-6-4-4,C#,sus2,sus2,1 2 5,intermediate_core,triad_related_suspended,from_C#_major_triad_position_triad_3-2-1_root_position_1-3-5_x-x-x-6-6-4_sus2,x-x-x-6-4-4,"[null, null, null, 6, 4, 4]",3-2-1,root_position,,65,6,2,None None None C# D# G#,None None None 1 2 5,{}
C#_sus2_triad_related_suspended_from_C#_major_triad_position_triad_6-5-4_root_position_1-3-5_9-8-6-x-x-x_sus2_9-6-6-x-x-x,C#,sus2,sus2,1 2 5,intermediate_core,triad_related_suspended,from_C#_major_triad_position_triad_6-5-4_root_position_1-3-5_9-8-6-x-x-x_sus2,9-6-6-x-x-x,"[9, 6, 6, null, null, null]",6-5-4,root_position,,65,9,3,C# D# G# None None None,1 2 5 None None None,{}
C#_sus2_triad_related_suspended_from_C#_major_triad_position_triad_3-2-1_first_inversion_3-5-1_x-x-x-10-9-9_sus2_x-x-x-8-9-9,C#,sus2,sus2,1 2 5,intermediate_core,triad_related_suspended,from_C#_major_triad_position_triad_3-2-1_first_inversion_3-5-1_x-x-x-10-9-9_sus2,x-x-x-8-9-9,"[null, null, null, 8, 9, 9]",3-2-1,first_inversion_or_suspended_bass,,65,9,1,None None None D# G# C#,None None None 2 5 1,{}
C#_sus2_triad_related_suspended_from_C#_major_triad_position_triad_6-5-4_first_inversion_3-5-1_13-11-11-x-x-x_sus2_11-11-11-x-x-x,C#,sus2,sus2,1 2 5,intermediate_core,triad_related_suspended,from_C#_major_triad_position_triad_6-5-4_first_inversion_3-5-1_13-11-11-x-x-x_sus2,11-11-11-x-x-x,"[11, 11, 11, null, null, null]",6-5-4,first_inversion_or_suspended_bass,,65,11,0,D# G# C# None None None,2 5 1 None None None,{}
C#_sus2_triad_related_suspended_from_C#_major_triad_position_triad_5-4-3_second_inversion_5-1-3_x-11-11-10-x-x_sus2_x-11-11-8-x-x,C#,sus2,sus2,1 2 5,intermediate_core,triad_related_suspended,from_C#_major_triad_position_triad_5-4-3_second_inversion_5-1-3_x-11-11-10-x-x_sus2,x-11-11-8-x-x,"[null, 11, 11, 8, null, null]",5-4-3,second_inversion,,65,11,3,None G# C# D# None None,None 5 1 2 None None,{}
C#_sus2_triad_related_suspended_from_C#_major_triad_position_triad_4-3-2_root_position_1-3-5_x-x-11-10-9-x_sus2_x-x-11-8-9-x,C#,sus2,sus2,1 2 5,intermediate_core,triad_related_suspended,from_C#_major_triad_position_triad_4-3-2_root_position_1-3-5_x-x-11-10-9-x_sus2,x-x-11-8-9-x,"[null, null, 11, 8, 9, null]",4-3-2,root_position,,65,11,3,None None C# D# G# None,None None 1 2 5 None,{}
C#_sus2_triad_related_suspended_from_C#_major_triad_position_triad_4-3-2_first_inversion_3-5-1_x-x-15-13-14-x_sus2_x-x-13-13-14-x,C#,sus2,sus2,1 2 5,intermediate_core,triad_related_suspended,from_C#_major_triad_position_triad_4-3-2_first_inversion_3-5-1_x-x-15-13-14-x_sus2,x-x-13-13-14-x,"[null, null, 13, 13, 14, null]",4-3-2,first_inversion_or_suspended_bass,,65,14,1,None None D# G# C# None,None None 2 5 1 None,{}
C#_sus2_triad_related_suspended_from_C#_major_triad_position_triad_3-2-1_second_inversion_5-1-3_x-x-x-13-14-13_sus2_x-x-x-13-14-11,C#,sus2,sus2,1 2 5,intermediate_core,triad_related_suspended,from_C#_major_triad_position_triad_3-2-1_second_inversion_5-1-3_x-x-x-13-14-13_sus2,x-x-x-13-14-11,"[null, null, null, 13, 14, 11]",3-2-1,second_inversion,,65,14,3,None None None G# C# D#,None None None 5 1 2,{}
C#_sus2_triad_related_suspended_from_C#_major_triad_position_triad_6-5-4_second_inversion_5-1-3_16-16-15-x-x-x_sus2_16-16-13-x-x-x,C#,sus2,sus2,1 2 5,intermediate_core,triad_related_suspended,from_C#_major_triad_position_triad_6-5-4_second_inversion_5-1-3_16-16-15-x-x-x_sus2,16-16-13-x-x-x,"[16, 16, 13, null, null, null]",6-5-4,second_inversion,,65,16,3,G# C# D# None None None,5 1 2 None None None,{}
C#_sus2_triad_related_suspended_from_C#_major_triad_position_triad_5-4-3_root_position_1-3-5_x-16-15-13-x-x_sus2_x-16-13-13-x-x,C#,sus2,sus2,1 2 5,intermediate_core,triad_related_suspended,from_C#_major_triad_position_triad_5-4-3_root_position_1-3-5_x-16-15-13-x-x_sus2,x-16-13-13-x-x,"[null, 16, 13, 13, null, null]",5-4-3,root_position,,65,16,3,None C# D# G# None None,None 1 2 5 None None,{}
C#_sus2_triad_related_suspended_from_C#_major_triad_position_triad_4-3-2_second_inversion_5-1-3_x-x-18-18-18-x_sus2_x-x-18-18-16-x,C#,sus2,sus2,1 2 5,intermediate_core,triad_related_suspended,from_C#_major_triad_position_triad_4-3-2_second_inversion_5-1-3_x-x-18-18-18-x_sus2,x-x-18-18-16-x,"[null, null, 18, 18, 16, null]",4-3-2,second_inversion,,65,18,2,None None G# C# D# None,None None 5 1 2 None,{}
C#_sus2_triad_related_suspended_from_C#_major_triad_position_triad_3-2-1_root_position_1-3-5_x-x-x-18-18-16_sus2_x-x-x-18-16-16,C#,sus2,sus2,1 2 5,intermediate_core,triad_related_suspended,from_C#_major_triad_position_triad_3-2-1_root_position_1-3-5_x-x-x-18-18-16_sus2,x-x-x-18-16-16,"[null, null, null, 18, 16, 16]",3-2-1,root_position,,65,18,2,None None None C# D# G#,None None None 1 2 5,{}
C#_sus4_caged_suspended_C_shape_sus4_x-4-4-1-2-2,C#,sus4,sus4,1 4 5,intermediate_core,caged_suspended,C_shape_sus4,x-4-4-1-2-2,"[null, 4, 4, 1, 2, 2]",,root_position,,30,4,3,None C# F# G# C# F#,None 1 4 5 1 4,{}
C#_sus4_caged_suspended_A_shape_sus4_x-4-6-6-7-4,C#,sus4,sus4,1 4 5,intermediate_core,caged_suspended,A_shape_sus4,x-4-6-6-7-4,"[null, 4, 6, 6, 7, 4]",,root_position,,30,7,3,None C# G# C# F# G#,None 1 5 1 4 5,{}
C#_sus4_caged_suspended_E_shape_sus4_9-11-11-11-9-9,C#,sus4,sus4,1 4 5,intermediate_core,caged_suspended,E_shape_sus4,9-11-11-11-9-9,"[9, 11, 11, 11, 9, 9]",,root_position,,30,11,2,C# G# C# F# G# C#,1 5 1 4 5 1,{}
C#_sus4_caged_suspended_D_shape_sus4_x-x-11-13-14-14,C#,sus4,sus4,1 4 5,intermediate_core,caged_suspended,D_shape_sus4,x-x-11-13-14-14,"[null, null, 11, 13, 14, 14]",,root_position,,30,14,3,None None C# G# C# F#,None None 1 5 1 4,{}
C#_sus4_triad_related_suspended_from_C#_major_triad_position_triad_3-2-1_second_inversion_5-1-3_x-x-x-1-2-1_sus4_x-x-x-1-2-2,C#,sus4,sus4,1 4 5,intermediate_core,triad_related_suspended,from_C#_major_triad_position_triad_3-2-1_second_inversion_5-1-3_x-x-x-1-2-1_sus4,x-x-x-1-2-2,"[null, null, null, 1, 2, 2]",3-2-1,second_inversion,,65,2,1,None None None G# C# F#,None None None 5 1 4,{}
C#_sus4_triad_related_suspended_from_C#_major_triad_position_triad_6-5-4_second_inversion_5-1-3_4-4-3-x-x-x_sus4_4-4-4-x-x-x,C#,sus4,sus4,1 4 5,intermediate_core,triad_related_suspended,from_C#_major_triad_position_triad_6-5-4_second_inversion_5-1-3_4-4-3-x-x-x_sus4,4-4-4-x-x-x,"[4, 4, 4, null, null, null]",6-5-4,second_inversion,,65,4,0,G# C# F# None None None,5 1 4 None None None,{}
C#_sus4_triad_related_suspended_from_C#_major_triad_position_triad_5-4-3_root_position_1-3-5_x-4-3-1-x-x_sus4_x-4-4-1-x-x,C#,sus4,sus4,1 4 5,intermediate_core,triad_related_suspended,from_C#_major_triad_position_triad_5-4-3_root_position_1-3-5_x-4-3-1-x-x_sus4,x-4-4-1-x-x,"[null, 4, 4, 1, null, null]",5-4-3,root_position,,65,4,3,None C# F# G# None None,None 1 4 5 None None,{}
C#_sus4_triad_related_suspended_from_C#_major_triad_position_triad_4-3-2_first_inversion_3-5-1_x-x-3-1-2-x_sus4_x-x-4-1-2-x,C#,sus4,sus4,1 4 5,intermediate_core,triad_related_suspended,from_C#_major_triad_position_triad_4-3-2_first_inversion_3-5-1_x-x-3-1-2-x_sus4,x-x-4-1-2-x,"[null, null, 4, 1, 2, null]",4-3-2,first_inversion_or_suspended_bass,,65,4,3,None None F# G# C# None,None None 4 5 1 None,{}
C#_sus4_triad_related_suspended_from_C#_major_triad_position_triad_4-3-2_second_inversion_5-1-3_x-x-6-6-6-x_sus4_x-x-6-6-7-x,C#,sus4,sus4,1 4 5,intermediate_core,triad_related_suspended,from_C#_major_triad_position_triad_4-3-2_second_inversion_5-1-3_x-x-6-6-6-x_sus4,x-x-6-6-7-x,"[null, null, 6, 6, 7, null]",4-3-2,second_inversion,,65,7,1,None None G# C# F# None,None None 5 1 4 None,{}
C#_sus4_triad_related_suspended_from_C#_major_triad_position_triad_3-2-1_root_position_1-3-5_x-x-x-6-6-4_sus4_x-x-x-6-7-4,C#,sus4,sus4,1 4 5,intermediate_core,triad_related_suspended,from_C#_major_triad_position_triad_3-2-1_root_position_1-3-5_x-x-x-6-6-4_sus4,x-x-x-6-7-4,"[null, null, null, 6, 7, 4]",3-2-1,root_position,,65,7,3,None None None C# F# G#,None None None 1 4 5,{}
C#_sus4_triad_related_suspended_from_C#_major_triad_position_triad_6-5-4_root_position_1-3-5_9-8-6-x-x-x_sus4_9-9-6-x-x-x,C#,sus4,sus4,1 4 5,intermediate_core,triad_related_suspended,from_C#_major_triad_position_triad_6-5-4_root_position_1-3-5_9-8-6-x-x-x_sus4,9-9-6-x-x-x,"[9, 9, 6, null, null, null]",6-5-4,root_position,,65,9,3,C# F# G# None None None,1 4 5 None None None,{}
C#_sus4_triad_related_suspended_from_C#_major_triad_position_triad_5-4-3_first_inversion_3-5-1_x-8-6-6-x-x_sus4_x-9-6-6-x-x,C#,sus4,sus4,1 4 5,intermediate_core,triad_related_suspended,from_C#_major_triad_position_triad_5-4-3_first_inversion_3-5-1_x-8-6-6-x-x_sus4,x-9-6-6-x-x,"[null, 9, 6, 6, null, null]",5-4-3,first_inversion_or_suspended_bass,,65,9,3,None F# G# C# None None,None 4 5 1 None None,{}
C#_sus4_triad_related_suspended_from_C#_major_triad_position_triad_5-4-3_second_inversion_5-1-3_x-11-11-10-x-x_sus4_x-11-11-11-x-x,C#,sus4,sus4,1 4 5,intermediate_core,triad_related_suspended,from_C#_major_triad_position_triad_5-4-3_second_inversion_5-1-3_x-11-11-10-x-x_sus4,x-11-11-11-x-x,"[null, 11, 11, 11, null, null]",5-4-3,second_inversion,,65,11,0,None G# C# F# None None,None 5 1 4 None None,{}
C#_sus4_triad_related_suspended_from_C#_major_triad_position_triad_4-3-2_root_position_1-3-5_x-x-11-10-9-x_sus4_x-x-11-11-9-x,C#,sus4,sus4,1 4 5,intermediate_core,triad_related_suspended,from_C#_major_triad_position_triad_4-3-2_root_position_1-3-5_x-x-11-10-9-x_sus4,x-x-11-11-9-x,"[null, null, 11, 11, 9, null]",4-3-2,root_position,,65,11,2,None None C# F# G# None,None None 1 4 5 None,{}
C#_sus4_triad_related_suspended_from_C#_major_triad_position_triad_3-2-1_first_inversion_3-5-1_x-x-x-10-9-9_sus4_x-x-x-11-9-9,C#,sus4,sus4,1 4 5,intermediate_core,triad_related_suspended,from_C#_major_triad_position_triad_3-2-1_first_inversion_3-5-1_x-x-x-10-9-9_sus4,x-x-x-11-9-9,"[null, null, null, 11, 9, 9]",3-2-1,first_inversion_or_suspended_bass,,65,11,2,None None None F# G# C#,None None None 4 5 1,{}
C#_sus4_triad_related_suspended_from_C#_major_triad_position_triad_6-5-4_first_inversion_3-5-1_13-11-11-x-x-x_sus4_14-11-11-x-x-x,C#,sus4,sus4,1 4 5,intermediate_core,triad_related_suspended,from_C#_major_triad_position_triad_6-5-4_first_inversion_3-5-1_13-11-11-x-x-x_sus4,14-11-11-x-x-x,"[14, 11, 11, null, null, null]",6-5-4,first_inversion_or_suspended_bass,,65,14,3,F# G# C# None None None,4 5 1 None None None,{}
C#_sus4_triad_related_suspended_from_C#_major_triad_position_triad_3-2-1_second_inversion_5-1-3_x-x-x-13-14-13_sus4_x-x-x-13-14-14,C#,sus4,sus4,1 4 5,intermediate_core,triad_related_suspended,from_C#_major_triad_position_triad_3-2-1_second_inversion_5-1-3_x-x-x-13-14-13_sus4,x-x-x-13-14-14,"[null, null, null, 13, 14, 14]",3-2-1,second_inversion,,65,14,1,None None None G# C# F#,None None None 5 1 4,{}
C#_sus4_triad_related_suspended_from_C#_major_triad_position_triad_6-5-4_second_inversion_5-1-3_16-16-15-x-x-x_sus4_16-16-16-x-x-x,C#,sus4,sus4,1 4 5,intermediate_core,triad_related_suspended,from_C#_major_triad_position_triad_6-5-4_second_inversion_5-1-3_16-16-15-x-x-x_sus4,16-16-16-x-x-x,"[16, 16, 16, null, null, null]",6-5-4,second_inversion,,65,16,0,G# C# F# None None None,5 1 4 None None None,{}
C#_sus4_triad_related_suspended_from_C#_major_triad_position_triad_5-4-3_root_position_1-3-5_x-16-15-13-x-x_sus4_x-16-16-13-x-x,C#,sus4,sus4,1 4 5,intermediate_core,triad_related_suspended,from_C#_major_triad_position_triad_5-4-3_root_position_1-3-5_x-16-15-13-x-x_sus4,x-16-16-13-x-x,"[null, 16, 16, 13, null, null]",5-4-3,root_position,,65,16,3,None C# F# G# None None,None 1 4 5 None None,{}
C#_sus4_triad_related_suspended_from_C#_major_triad_position_triad_4-3-2_first_inversion_3-5-1_x-x-15-13-14-x_sus4_x-x-16-13-14-x,C#,sus4,sus4,1 4 5,intermediate_core,triad_related_suspended,from_C#_major_triad_position_triad_4-3-2_first_inversion_3-5-1_x-x-15-13-14-x_sus4,x-x-16-13-14-x,"[null, null, 16, 13, 14, null]",4-3-2,first_inversion_or_suspended_bass,,65,16,3,None None F# G# C# None,None None 4 5 1 None,{}
D_diminished_triad_position_triad_4-3-2_first_inversion_b3-b5-1_x-x-3-1-3-x,D,diminished,dim,1 b3 b5,advanced_reference,triad_position,triad_4-3-2_first_inversion_b3-b5-1,x-x-3-1-3-x,"[null, null, 3, 1, 3, null]",4-3-2,first_inversion_or_suspended_bass,first_inversion,60,3,2,None None F G# D None,None None b3 b5 1 None,{}
D_diminished_triad_position_triad_3-2-1_second_inversion_b5-1-b3_x-x-x-1-3-1,D,diminished,dim,1 b3 b5,advanced_reference,triad_position,triad_3-2-1_second_inversion_b5-1-b3,x-x-x-1-3-1,"[null, null, null, 1, 3, 1]",3-2-1,second_inversion,second_inversion,60,3,2,None None None G# D F,None None None b5 1 b3,{}
D_diminished_triad_position_triad_6-5-4_second_inversion_b5-1-b3_4-5-3-x-x-x,D,diminished,dim,1 b3 b5,advanced_reference,triad_position,triad_6-5-4_second_inversion_b5-1-b3,4-5-3-x-x-x,"[4, 5, 3, null, null, null]",6-5-4,second_inversion,second_inversion,60,5,2,G# D F None None None,b5 1 b3 None None None,{}
D_diminished_triad_position_triad_5-4-3_root_position_1-b3-b5_x-5-3-1-x-x,D,diminished,dim,1 b3 b5,advanced_reference,triad_position,triad_5-4-3_root_position_1-b3-b5,x-5-3-1-x-x,"[null, 5, 3, 1, null, null]",5-4-3,root_position,root_position,60,5,4,None D F G# None None,None 1 b3 b5 None None,{}
D_diminished_triad_position_triad_4-3-2_second_inversion_b5-1-b3_x-x-6-7-6-x,D,diminished,dim,1 b3 b5,advanced_reference,triad_position,triad_4-3-2_second_inversion_b5-1-b3,x-x-6-7-6-x,"[null, null, 6, 7, 6, null]",4-3-2,second_inversion,second_inversion,60,7,1,None None G# D F None,None None b5 1 b3 None,{}
D_diminished_triad_position_triad_3-2-1_root_position_1-b3-b5_x-x-x-7-6-4,D,diminished,dim,1 b3 b5,advanced_reference,triad_position,triad_3-2-1_root_position_1-b3-b5,x-x-x-7-6-4,"[null, null, null, 7, 6, 4]",3-2-1,root_position,root_position,60,7,3,None None None D F G#,None None None 1 b3 b5,{}
D_diminished_triad_position_triad_5-4-3_first_inversion_b3-b5-1_x-8-6-7-x-x,D,diminished,dim,1 b3 b5,advanced_reference,triad_position,triad_5-4-3_first_inversion_b3-b5-1,x-8-6-7-x-x,"[null, 8, 6, 7, null, null]",5-4-3,first_inversion_or_suspended_bass,first_inversion,60,8,2,None F G# D None None,None b3 b5 1 None None,{}
D_diminished_triad_position_triad_6-5-4_root_position_1-b3-b5_10-8-6-x-x-x,D,diminished,dim,1 b3 b5,advanced_reference,triad_position,triad_6-5-4_root_position_1-b3-b5,10-8-6-x-x-x,"[10, 8, 6, null, null, null]",6-5-4,root_position,root_position,60,10,4,D F G# None None None,1 b3 b5 None None None,{}
D_diminished_triad_position_triad_3-2-1_first_inversion_b3-b5-1_x-x-x-10-9-10,D,diminished,dim,1 b3 b5,advanced_reference,triad_position,triad_3-2-1_first_inversion_b3-b5-1,x-x-x-10-9-10,"[null, null, null, 10, 9, 10]",3-2-1,first_inversion_or_suspended_bass,first_inversion,60,10,1,None None None F G# D,None None None b3 b5 1,{}
D_diminished_triad_position_triad_5-4-3_second_inversion_b5-1-b3_x-11-12-10-x-x,D,diminished,dim,1 b3 b5,advanced_reference,triad_position,triad_5-4-3_second_inversion_b5-1-b3,x-11-12-10-x-x,"[null, 11, 12, 10, null, null]",5-4-3,second_inversion,second_inversion,60,12,2,None G# D F None None,None b5 1 b3 None None,{}
D_diminished_triad_position_triad_4-3-2_root_position_1-b3-b5_x-x-12-10-9-x,D,diminished,dim,1 b3 b5,advanced_reference,triad_position,triad_4-3-2_root_position_1-b3-b5,x-x-12-10-9-x,"[null, null, 12, 10, 9, null]",4-3-2,root_position,root_position,60,12,3,None None D F G# None,None None 1 b3 b5 None,{}
D_diminished_triad_position_triad_6-5-4_first_inversion_b3-b5-1_13-11-12-x-x-x,D,diminished,dim,1 b3 b5,advanced_reference,triad_position,triad_6-5-4_first_inversion_b3-b5-1,13-11-12-x-x-x,"[13, 11, 12, null, null, null]",6-5-4,first_inversion_or_suspended_bass,first_inversion,60,13,2,F G# D None None None,b3 b5 1 None None None,{}
D_diminished_triad_position_triad_4-3-2_first_inversion_b3-b5-1_x-x-15-13-15-x,D,diminished,dim,1 b3 b5,advanced_reference,triad_position,triad_4-3-2_first_inversion_b3-b5-1,x-x-15-13-15-x,"[null, null, 15, 13, 15, null]",4-3-2,first_inversion_or_suspended_bass,first_inversion,60,15,2,None None F G# D None,None None b3 b5 1 None,{}
D_diminished_triad_position_triad_3-2-1_second_inversion_b5-1-b3_x-x-x-13-15-13,D,diminished,dim,1 b3 b5,advanced_reference,triad_position,triad_3-2-1_second_inversion_b5-1-b3,x-x-x-13-15-13,"[null, null, null, 13, 15, 13]",3-2-1,second_inversion,second_inversion,60,15,2,None None None G# D F,None None None b5 1 b3,{}
D_diminished_triad_position_triad_6-5-4_second_inversion_b5-1-b3_16-17-15-x-x-x,D,diminished,dim,1 b3 b5,advanced_reference,triad_position,triad_6-5-4_second_inversion_b5-1-b3,16-17-15-x-x-x,"[16, 17, 15, null, null, null]",6-5-4,second_inversion,second_inversion,60,17,2,G# D F None None None,b5 1 b3 None None None,{}
D_diminished_triad_position_triad_5-4-3_root_position_1-b3-b5_x-17-15-13-x-x,D,diminished,dim,1 b3 b5,advanced_reference,triad_position,triad_5-4-3_root_position_1-b3-b5,x-17-15-13-x-x,"[null, 17, 15, 13, null, null]",5-4-3,root_position,root_position,60,17,4,None D F G# None None,None 1 b3 b5 None None,{}
D_diminished7_movable_diminished_A_root_dim7_diamond_x-5-6-4-6-x,D,diminished7,dim7,1 b3 b5 bb7,intermediate_core,movable_diminished,A_root_dim7_diamond,x-5-6-4-6-x,"[null, 5, 6, 4, 6, null]",,root_position,,45,6,2,None D G# B F None,None 1 b5 6/bb7 b3 None,{}
D_diminished7_movable_diminished_E_root_dim7_barre_10-x-9-10-9-x,D,diminished7,dim7,1 b3 b5 bb7,intermediate_core,movable_diminished,E_root_dim7_barre,10-x-9-10-9-x,"[10, null, 9, 10, 9, null]",,root_position,,45,10,1,D None B F G# None,1 None 6/bb7 b3 b5 None,{}
D_diminished7_compact_seventh_position_seventh_4-3-2-1_1-b5-bb7-b3_x-x-0-1-0-1,D,diminished7,dim7,1 b3 b5 bb7,advanced_reference,compact_seventh_position,seventh_4-3-2-1_1-b5-bb7-b3,x-x-0-1-0-1,"[null, null, 0, 1, 0, 1]",4-3-2-1,root_position,,80,1,0,None None D G# B F,None None 1 b5 6/bb7 b3,{}
D_diminished7_compact_seventh_position_seventh_6-5-4-3_b3-bb7-1-b5_1-2-0-1-x-x,D,diminished7,dim7,1 b3 b5 bb7,advanced_reference,compact_seventh_position,seventh_6-5-4-3_b3-bb7-1-b5,1-2-0-1-x-x,"[1, 2, 0, 1, null, null]",6-5-4-3,first_inversion_or_suspended_bass,,80,2,1,F B D G# None None,b3 6/bb7 1 b5 None None,{}
D_diminished7_compact_seventh_position_seventh_5-4-3-2_bb7-b3-b5-1_x-2-3-1-3-x,D,diminished7,dim7,1 b3 b5 bb7,advanced_reference,compact_seventh_position,seventh_5-4-3-2_bb7-b3-b5-1,x-2-3-1-3-x,"[null, 2, 3, 1, 3, null]",5-4-3-2,seventh_in_bass,,80,3,2,None B F G# D None,None 6/bb7 b3 b5 1 None,{}
D_diminished7_compact_seventh_position_seventh_4-3-2-1_b3-bb7-1-b5_x-x-3-4-3-4,D,diminished7,dim7,1 b3 b5 bb7,advanced_reference,compact_seventh_position,seventh_4-3-2-1_b3-bb7-1-b5,x-x-3-4-3-4,"[null, null, 3, 4, 3, 4]",4-3-2-1,first_inversion_or_suspended_bass,,80,4,1,None None F B D G#,None None b3 6/bb7 1 b5,{}
D_diminished7_compact_seventh_position_seventh_6-5-4-3_b5-1-b3-bb7_4-5-3-4-x-x,D,diminished7,dim7,1 b3 b5 bb7,advanced_reference,compact_seventh_position,seventh_6-5-4-3_b5-1-b3-bb7,4-5-3-4-x-x,"[4, 5, 3, 4, null, null]",6-5-4-3,second_inversion,,80,5,2,G# D F B None None,b5 1 b3 6/bb7 None None,{}
D_diminished7_compact_seventh_position_seventh_5-4-3-2_1-b3-b5-bb7_x-5-3-1-0-x,D,diminished7,dim7,1 b3 b5 bb7,advanced_reference,compact_seventh_position,seventh_5-4-3-2_1-b3-b5-bb7,x-5-3-1-0-x,"[null, 5, 3, 1, 0, null]",5-4-3-2,root_position,,80,5,4,None D F G# B None,None 1 b3 b5 6/bb7 None,{}
D_diminished7_compact_seventh_position_seventh_4-3-2-1_b5-1-b3-bb7_x-x-6-7-6-7,D,diminished7,dim7,1 b3 b5 bb7,advanced_reference,compact_seventh_position,seventh_4-3-2-1_b5-1-b3-bb7,x-x-6-7-6-7,"[null, null, 6, 7, 6, 7]",4-3-2-1,second_inversion,,80,7,1,None None G# D F B,None None b5 1 b3 6/bb7,{}
D_diminished7_compact_seventh_position_seventh_6-5-4-3_bb7-b3-b5-1_7-8-6-7-x-x,D,diminished7,dim7,1 b3 b5 bb7,advanced_reference,compact_seventh_position,seventh_6-5-4-3_bb7-b3-b5-1,7-8-6-7-x-x,"[7, 8, 6, 7, null, null]",6-5-4-3,seventh_in_bass,,80,8,2,B F G# D None None,6/bb7 b3 b5 1 None None,{}
D_diminished7_compact_seventh_position_seventh_5-4-3-2_b3-bb7-1-b5_x-8-9-7-9-x,D,diminished7,dim7,1 b3 b5 bb7,advanced_reference,compact_seventh_position,seventh_5-4-3-2_b3-bb7-1-b5,x-8-9-7-9-x,"[null, 8, 9, 7, 9, null]",5-4-3-2,first_inversion_or_suspended_bass,,80,9,2,None F B D G# None,None b3 6/bb7 1 b5 None,{}
D_diminished7_compact_seventh_position_seventh_4-3-2-1_bb7-b3-b5-1_x-x-9-10-9-10,D,diminished7,dim7,1 b3 b5 bb7,advanced_reference,compact_seventh_position,seventh_4-3-2-1_bb7-b3-b5-1,x-x-9-10-9-10,"[null, null, 9, 10, 9, 10]",4-3-2-1,seventh_in_bass,,80,10,1,None None B F G# D,None None 6/bb7 b3 b5 1,{}
D_diminished7_compact_seventh_position_seventh_6-5-4-3_1-b5-bb7-b3_10-11-9-10-x-x,D,diminished7,dim7,1 b3 b5 bb7,advanced_reference,compact_seventh_position,seventh_6-5-4-3_1-b5-bb7-b3,10-11-9-10-x-x,"[10, 11, 9, 10, null, null]",6-5-4-3,root_position,,80,11,2,D G# B F None None,1 b5 6/bb7 b3 None None,{}
D_diminished7_compact_seventh_position_seventh_5-4-3-2_b5-1-b3-bb7_x-11-12-10-12-x,D,diminished7,dim7,1 b3 b5 bb7,advanced_reference,compact_seventh_position,seventh_5-4-3-2_b5-1-b3-bb7,x-11-12-10-12-x,"[null, 11, 12, 10, 12, null]",5-4-3-2,second_inversion,,80,12,2,None G# D F B None,None b5 1 b3 6/bb7 None,{}
D_diminished7_compact_seventh_position_seventh_4-3-2-1_1-b5-bb7-b3_x-x-12-13-12-13,D,diminished7,dim7,1 b3 b5 bb7,advanced_reference,compact_seventh_position,seventh_4-3-2-1_1-b5-bb7-b3,x-x-12-13-12-13,"[null, null, 12, 13, 12, 13]",4-3-2-1,root_position,,80,13,1,None None D G# B F,None None 1 b5 6/bb7 b3,{}
D_diminished7_compact_seventh_position_seventh_6-5-4-3_b3-bb7-1-b5_13-14-12-13-x-x,D,diminished7,dim7,1 b3 b5 bb7,advanced_reference,compact_seventh_position,seventh_6-5-4-3_b3-bb7-1-b5,13-14-12-13-x-x,"[13, 14, 12, 13, null, null]",6-5-4-3,first_inversion_or_suspended_bass,,80,14,2,F B D G# None None,b3 6/bb7 1 b5 None None,{}
D_diminished7_compact_seventh_position_seventh_5-4-3-2_bb7-b3-b5-1_x-14-15-13-15-x,D,diminished7,dim7,1 b3 b5 bb7,advanced_reference,compact_seventh_position,seventh_5-4-3-2_bb7-b3-b5-1,x-14-15-13-15-x,"[null, 14, 15, 13, 15, null]",5-4-3-2,seventh_in_bass,,80,15,2,None B F G# D None,None 6/bb7 b3 b5 1 None,{}
D_diminished7_compact_seventh_position_seventh_4-3-2-1_b3-bb7-1-b5_x-x-15-16-15-16,D,diminished7,dim7,1 b3 b5 bb7,advanced_reference,compact_seventh_position,seventh_4-3-2-1_b3-bb7-1-b5,x-x-15-16-15-16,"[null, null, 15, 16, 15, 16]",4-3-2-1,first_inversion_or_suspended_bass,,80,16,1,None None F B D G#,None None b3 6/bb7 1 b5,{}
D_diminished7_compact_seventh_position_seventh_6-5-4-3_b5-1-b3-bb7_16-17-15-16-x-x,D,diminished7,dim7,1 b3 b5 bb7,advanced_reference,compact_seventh_position,seventh_6-5-4-3_b5-1-b3-bb7,16-17-15-16-x-x,"[16, 17, 15, 16, null, null]",6-5-4-3,second_inversion,,80,17,2,G# D F B None None,b5 1 b3 6/bb7 None None,{}
D_diminished7_compact_seventh_position_seventh_5-4-3-2_1-b5-bb7-b3_x-17-18-16-18-x,D,diminished7,dim7,1 b3 b5 bb7,advanced_reference,compact_seventh_position,seventh_5-4-3-2_1-b5-bb7-b3,x-17-18-16-18-x,"[null, 17, 18, 16, 18, null]",5-4-3-2,root_position,,80,18,2,None D G# B F None,None 1 b5 6/bb7 b3 None,{}
D_dominant7_caged_seventh_D_shape_7_x-x-0-2-1-2,D,dominant7,7,1 3 5 b7,intermediate_core,caged_seventh,D_shape_7,x-x-0-2-1-2,"[null, null, 0, 2, 1, 2]",,root_position,,35,2,1,None None D A C F#,None None 1 5 b7 3,{}
D_dominant7_caged_seventh_A_shape_7_x-5-7-5-7-5,D,dominant7,7,1 3 5 b7,intermediate_core,caged_seventh,A_shape_7,x-5-7-5-7-5,"[null, 5, 7, 5, 7, 5]",,root_position,,35,7,2,None D A C F# A,None 1 5 b7 3 5,{}
D_dominant7_caged_seventh_G_shape_7_10-9-7-7-7-8,D,dominant7,7,1 3 5 b7,intermediate_core,caged_seventh,G_shape_7,10-9-7-7-7-8,"[10, 9, 7, 7, 7, 8]",,root_position,,35,10,3,D F# A D F# C,1 3 5 1 3 b7,{}
D_dominant7_caged_seventh_E_shape_7_10-12-10-11-10-10,D,dominant7,7,1 3 5 b7,intermediate_core,caged_seventh,E_shape_7,10-12-10-11-10-10,"[10, 12, 10, 11, 10, 10]",,root_position,,35,12,2,D A C F# A D,1 5 b7 3 5 1,{}
D_dominant7_compact_seventh_position_seventh_6-5-4-3_3-b7-1-5_2-3-0-2-x-x,D,dominant7,7,1 3 5 b7,advanced_reference,compact_seventh_position,seventh_6-5-4-3_3-b7-1-5,2-3-0-2-x-x,"[2, 3, 0, 2, null, null]",6-5-4-3,first_inversion_or_suspended_bass,,80,3,1,F# C D A None None,3 b7 1 5 None None,{}
D_dominant7_compact_seventh_position_seventh_5-4-3-2_b7-3-5-1_x-3-4-2-3-x,D,dominant7,7,1 3 5 b7,advanced_reference,compact_seventh_position,seventh_5-4-3-2_b7-3-5-1,x-3-4-2-3-x,"[null, 3, 4, 2, 3, null]",5-4-3-2,seventh_in_bass,,80,4,2,None C F# A D None,None b7 3 5 1 None,{}
D_dominant7_compact_seventh_position_seventh_6-5-4-3_3-5-1-b7_2-0-0-5-x-x,D,dominant7,7,1 3 5 b7,advanced_reference,compact_seventh_position,seventh_6-5-4-3_3-5-1-b7,2-0-0-5-x-x,"[2, 0, 0, 5, null, null]",6-5-4-3,first_inversion_or_suspended_bass,,80,5,3,F# A D C None None,3 5 1 b7 None None,{}
D_dominant7_compact_seventh_position_seventh_6-5-4-3_5-1-3-b7_5-5-4-5-x-x,D,dominant7,7,1 3 5 b7,advanced_reference,compact_seventh_position,seventh_6-5-4-3_5-1-3-b7,5-5-4-5-x-x,"[5, 5, 4, 5, null, null]",6-5-4-3,second_inversion,,80,5,1,A D F# C None None,5 1 3 b7 None None,{}
D_dominant7_compact_seventh_position_seventh_5-4-3-2_5-3-b7-1_x-0-4-5-3-x,D,dominant7,7,1 3 5 b7,advanced_reference,compact_seventh_position,seventh_5-4-3-2_5-3-b7-1,x-0-4-5-3-x,"[null, 0, 4, 5, 3, null]",5-4-3-2,second_inversion,,80,5,2,None A F# C D None,None 5 3 b7 1 None,{}
D_dominant7_compact_seventh_position_seventh_5-4-3-2_1-3-5-b7_x-5-4-2-1-x,D,dominant7,7,1 3 5 b7,advanced_reference,compact_seventh_position,seventh_5-4-3-2_1-3-5-b7,x-5-4-2-1-x,"[null, 5, 4, 2, 1, null]",5-4-3-2,root_position,,80,5,4,None D F# A C None,None 1 3 5 b7 None,{}
D_dominant7_compact_seventh_position_seventh_4-3-2-1_3-b7-1-5_x-x-4-5-3-5,D,dominant7,7,1 3 5 b7,advanced_reference,compact_seventh_position,seventh_4-3-2-1_3-b7-1-5,x-x-4-5-3-5,"[null, null, 4, 5, 3, 5]",4-3-2-1,first_inversion_or_suspended_bass,,80,5,2,None None F# C D A,None None 3 b7 1 5,{}
D_dominant7_compact_seventh_position_seventh_6-5-4-3_5-b7-3-1_5-3-4-7-x-x,D,dominant7,7,1 3 5 b7,advanced_reference,compact_seventh_position,seventh_6-5-4-3_5-b7-3-1,5-3-4-7-x-x,"[5, 3, 4, 7, null, null]",6-5-4-3,second_inversion,,80,7,4,A C F# D None None,5 b7 3 1 None None,{}
D_dominant7_compact_seventh_position_seventh_5-4-3-2_b7-5-1-3_x-3-7-7-7-x,D,dominant7,7,1 3 5 b7,advanced_reference,compact_seventh_position,seventh_5-4-3-2_b7-5-1-3,x-3-7-7-7-x,"[null, 3, 7, 7, 7, null]",5-4-3-2,seventh_in_bass,,80,7,4,None C A D F# None,None b7 5 1 3 None,{}
D_dominant7_compact_seventh_position_seventh_5-4-3-2_1-5-b7-3_x-5-7-5-7-x,D,dominant7,7,1 3 5 b7,advanced_reference,compact_seventh_position,seventh_5-4-3-2_1-5-b7-3,x-5-7-5-7-x,"[null, 5, 7, 5, 7, null]",5-4-3-2,root_position,,80,7,2,None D A C F# None,None 1 5 b7 3 None,{}
D_dominant7_compact_seventh_position_seventh_4-3-2-1_5-1-3-b7_x-x-7-7-7-8,D,dominant7,7,1 3 5 b7,advanced_reference,compact_seventh_position,seventh_4-3-2-1_5-1-3-b7,x-x-7-7-7-8,"[null, null, 7, 7, 7, 8]",4-3-2-1,second_inversion,,80,8,1,None None A D F# C,None None 5 1 3 b7,{}
D_dominant7_compact_seventh_position_seventh_6-5-4-3_b7-3-5-1_8-9-7-7-x-x,D,dominant7,7,1 3 5 b7,advanced_reference,compact_seventh_position,seventh_6-5-4-3_b7-3-5-1,8-9-7-7-x-x,"[8, 9, 7, 7, null, null]",6-5-4-3,seventh_in_bass,,80,9,2,C F# A D None None,b7 3 5 1 None None,{}
D_dominant7_compact_seventh_position_seventh_5-4-3-2_3-b7-1-5_x-9-10-7-10-x,D,dominant7,7,1 3 5 b7,advanced_reference,compact_seventh_position,seventh_5-4-3-2_3-b7-1-5,x-9-10-7-10-x,"[null, 9, 10, 7, 10, null]",5-4-3-2,first_inversion_or_suspended_bass,,80,10,3,None F# C D A None,None 3 b7 1 5 None,{}
D_dominant7_compact_seventh_position_seventh_4-3-2-1_b7-3-5-1_x-x-10-11-10-10,D,dominant7,7,1 3 5 b7,advanced_reference,compact_seventh_position,seventh_4-3-2-1_b7-3-5-1,x-x-10-11-10-10,"[null, null, 10, 11, 10, 10]",4-3-2-1,seventh_in_bass,,80,11,1,None None C F# A D,None None b7 3 5 1,{}
D_dominant7_compact_seventh_position_seventh_6-5-4-3_1-5-b7-3_10-12-10-11-x-x,D,dominant7,7,1 3 5 b7,advanced_reference,compact_seventh_position,seventh_6-5-4-3_1-5-b7-3,10-12-10-11-x-x,"[10, 12, 10, 11, null, null]",6-5-4-3,root_position,,80,12,2,D A C F# None None,1 5 b7 3 None None,{}
D_dominant7_compact_seventh_position_seventh_6-5-4-3_b7-5-1-3_8-12-12-11-x-x,D,dominant7,7,1 3 5 b7,advanced_reference,compact_seventh_position,seventh_6-5-4-3_b7-5-1-3,8-12-12-11-x-x,"[8, 12, 12, 11, null, null]",6-5-4-3,seventh_in_bass,,80,12,4,C A D F# None None,b7 5 1 3 None None,{}
D_dominant7_compact_seventh_position_seventh_4-3-2-1_1-3-5-b7_x-x-12-11-10-8,D,dominant7,7,1 3 5 b7,advanced_reference,compact_seventh_position,seventh_4-3-2-1_1-3-5-b7,x-x-12-11-10-8,"[null, null, 12, 11, 10, 8]",4-3-2-1,root_position,,80,12,4,None None D F# A C,None None 1 3 5 b7,{}
D_dominant7_compact_seventh_position_seventh_5-4-3-2_5-1-3-b7_x-12-12-11-13-x,D,dominant7,7,1 3 5 b7,advanced_reference,compact_seventh_position,seventh_5-4-3-2_5-1-3-b7,x-12-12-11-13-x,"[null, 12, 12, 11, 13, null]",5-4-3-2,second_inversion,,80,13,2,None A D F# C None,None 5 1 3 b7 None,{}
D_dominant7_compact_seventh_position_seventh_4-3-2-1_1-5-b7-3_x-x-12-14-13-14,D,dominant7,7,1 3 5 b7,advanced_reference,compact_seventh_position,seventh_4-3-2-1_1-5-b7-3,x-x-12-14-13-14,"[null, null, 12, 14, 13, 14]",4-3-2-1,root_position,,80,14,2,None None D A C F#,None None 1 5 b7 3,{}
D_dominant7_compact_seventh_position_seventh_6-5-4-3_3-b7-1-5_14-15-12-14-x-x,D,dominant7,7,1 3 5 b7,advanced_reference,compact_seventh_position,seventh_6-5-4-3_3-b7-1-5,14-15-12-14-x-x,"[14, 15, 12, 14, null, null]",6-5-4-3,first_inversion_or_suspended_bass,,80,15,3,F# C D A None None,3 b7 1 5 None None,{}
D_dominant7_compact_seventh_position_seventh_5-4-3-2_b7-3-5-1_x-15-16-14-15-x,D,dominant7,7,1 3 5 b7,advanced_reference,compact_seventh_position,seventh_5-4-3-2_b7-3-5-1,x-15-16-14-15-x,"[null, 15, 16, 14, 15, null]",5-4-3-2,seventh_in_bass,,80,16,2,None C F# A D None,None b7 3 5 1 None,{}
D_dominant7_compact_seventh_position_seventh_6-5-4-3_5-1-3-b7_17-17-16-17-x-x,D,dominant7,7,1 3 5 b7,advanced_reference,compact_seventh_position,seventh_6-5-4-3_5-1-3-b7,17-17-16-17-x-x,"[17, 17, 16, 17, null, null]",6-5-4-3,second_inversion,,80,17,1,A D F# C None None,5 1 3 b7 None None,{}
D_dominant7_compact_seventh_position_seventh_5-4-3-2_1-3-5-b7_x-17-16-14-13-x,D,dominant7,7,1 3 5 b7,advanced_reference,compact_seventh_position,seventh_5-4-3-2_1-3-5-b7,x-17-16-14-13-x,"[null, 17, 16, 14, 13, null]",5-4-3-2,root_position,,80,17,4,None D F# A C None,None 1 3 5 b7 None,{}
D_dominant7_compact_seventh_position_seventh_4-3-2-1_3-b7-1-5_x-x-16-17-15-17,D,dominant7,7,1 3 5 b7,advanced_reference,compact_seventh_position,seventh_4-3-2-1_3-b7-1-5,x-x-16-17-15-17,"[null, null, 16, 17, 15, 17]",4-3-2-1,first_inversion_or_suspended_bass,,80,17,2,None None F# C D A,None None 3 b7 1 5,{}
D_half_diminished7_movable_diminished_A_root_m7b5_x-5-6-5-6-x,D,half_diminished7,m7b5,1 b3 b5 b7,intermediate_core,movable_diminished,A_root_m7b5,x-5-6-5-6-x,"[null, 5, 6, 5, 6, null]",,root_position,,45,6,1,None D G# C F None,None 1 b5 b7 b3 None,{}
D_half_diminished7_movable_diminished_E_root_m7b5_10-x-10-10-9-x,D,half_diminished7,m7b5,1 b3 b5 b7,intermediate_core,movable_diminished,E_root_m7b5,10-x-10-10-9-x,"[10, null, 10, 10, 9, null]",,root_position,,45,10,1,D None C F G# None,1 None b7 b3 b5 None,{}
D_half_diminished7_compact_seventh_position_seventh_4-3-2-1_1-b5-b7-b3_x-x-0-1-1-1,D,half_diminished7,m7b5,1 b3 b5 b7,advanced_reference,compact_seventh_position,seventh_4-3-2-1_1-b5-b7-b3,x-x-0-1-1-1,"[null, null, 0, 1, 1, 1]",4-3-2-1,root_position,,80,1,0,None None D G# C F,None None 1 b5 b7 b3,{}
D_half_diminished7_compact_seventh_position_seventh_6-5-4-3_b3-b7-1-b5_1-3-0-1-x-x,D,half_diminished7,m7b5,1 b3 b5 b7,advanced_reference,compact_seventh_position,seventh_6-5-4-3_b3-b7-1-b5,1-3-0-1-x-x,"[1, 3, 0, 1, null, null]",6-5-4-3,first_inversion_or_suspended_bass,,80,3,2,F C D G# None None,b3 b7 1 b5 None None,{}
D_half_diminished7_compact_seventh_position_seventh_5-4-3-2_b7-b3-b5-1_x-3-3-1-3-x,D,half_diminished7,m7b5,1 b3 b5 b7,advanced_reference,compact_seventh_position,seventh_5-4-3-2_b7-b3-b5-1,x-3-3-1-3-x,"[null, 3, 3, 1, 3, null]",5-4-3-2,seventh_in_bass,,80,3,2,None C F G# D None,None b7 b3 b5 1 None,{}
D_half_diminished7_compact_seventh_position_seventh_6-5-4-3_b5-1-b3-b7_4-5-3-5-x-x,D,half_diminished7,m7b5,1 b3 b5 b7,advanced_reference,compact_seventh_position,seventh_6-5-4-3_b5-1-b3-b7,4-5-3-5-x-x,"[4, 5, 3, 5, null, null]",6-5-4-3,second_inversion,,80,5,2,G# D F C None None,b5 1 b3 b7 None None,{}
D_half_diminished7_compact_seventh_position_seventh_5-4-3-2_1-b3-b5-b7_x-5-3-1-1-x,D,half_diminished7,m7b5,1 b3 b5 b7,advanced_reference,compact_seventh_position,seventh_5-4-3-2_1-b3-b5-b7,x-5-3-1-1-x,"[null, 5, 3, 1, 1, null]",5-4-3-2,root_position,,80,5,4,None D F G# C None,None 1 b3 b5 b7 None,{}
D_half_diminished7_compact_seventh_position_seventh_4-3-2-1_b3-b7-1-b5_x-x-3-5-3-4,D,half_diminished7,m7b5,1 b3 b5 b7,advanced_reference,compact_seventh_position,seventh_4-3-2-1_b3-b7-1-b5,x-x-3-5-3-4,"[null, null, 3, 5, 3, 4]",4-3-2-1,first_inversion_or_suspended_bass,,80,5,2,None None F C D G#,None None b3 b7 1 b5,{}
D_half_diminished7_compact_seventh_position_seventh_6-5-4-3_b5-b7-b3-1_4-3-3-7-x-x,D,half_diminished7,m7b5,1 b3 b5 b7,advanced_reference,compact_seventh_position,seventh_6-5-4-3_b5-b7-b3-1,4-3-3-7-x-x,"[4, 3, 3, 7, null, null]",6-5-4-3,second_inversion,,80,7,4,G# C F D None None,b5 b7 b3 1 None None,{}
D_half_diminished7_compact_seventh_position_seventh_5-4-3-2_b7-b5-1-b3_x-3-6-7-6-x,D,half_diminished7,m7b5,1 b3 b5 b7,advanced_reference,compact_seventh_position,seventh_5-4-3-2_b7-b5-1-b3,x-3-6-7-6-x,"[null, 3, 6, 7, 6, null]",5-4-3-2,seventh_in_bass,,80,7,4,None C G# D F None,None b7 b5 1 b3 None,{}
D_half_diminished7_compact_seventh_position_seventh_6-5-4-3_b7-b3-b5-1_8-8-6-7-x-x,D,half_diminished7,m7b5,1 b3 b5 b7,advanced_reference,compact_seventh_position,seventh_6-5-4-3_b7-b3-b5-1,8-8-6-7-x-x,"[8, 8, 6, 7, null, null]",6-5-4-3,seventh_in_bass,,80,8,2,C F G# D None None,b7 b3 b5 1 None None,{}
D_half_diminished7_compact_seventh_position_seventh_4-3-2-1_b5-1-b3-b7_x-x-6-7-6-8,D,half_diminished7,m7b5,1 b3 b5 b7,advanced_reference,compact_seventh_position,seventh_4-3-2-1_b5-1-b3-b7,x-x-6-7-6-8,"[null, null, 6, 7, 6, 8]",4-3-2-1,second_inversion,,80,8,2,None None G# D F C,None None b5 1 b3 b7,{}
D_half_diminished7_compact_seventh_position_seventh_5-4-3-2_b3-b7-1-b5_x-8-10-7-9-x,D,half_diminished7,m7b5,1 b3 b5 b7,advanced_reference,compact_seventh_position,seventh_5-4-3-2_b3-b7-1-b5,x-8-10-7-9-x,"[null, 8, 10, 7, 9, null]",5-4-3-2,first_inversion_or_suspended_bass,,80,10,3,None F C D G# None,None b3 b7 1 b5 None,{}
D_half_diminished7_compact_seventh_position_seventh_4-3-2-1_b7-b3-b5-1_x-x-10-10-9-10,D,half_diminished7,m7b5,1 b3 b5 b7,advanced_reference,compact_seventh_position,seventh_4-3-2-1_b7-b3-b5-1,x-x-10-10-9-10,"[null, null, 10, 10, 9, 10]",4-3-2-1,seventh_in_bass,,80,10,1,None None C F G# D,None None b7 b3 b5 1,{}
D_half_diminished7_compact_seventh_position_seventh_6-5-4-3_1-b5-b7-b3_10-11-10-10-x-x,D,half_diminished7,m7b5,1 b3 b5 b7,advanced_reference,compact_seventh_position,seventh_6-5-4-3_1-b5-b7-b3,10-11-10-10-x-x,"[10, 11, 10, 10, null, null]",6-5-4-3,root_position,,80,11,1,D G# C F None None,1 b5 b7 b3 None None,{}
D_half_diminished7_compact_seventh_position_seventh_6-5-4-3_b7-b5-1-b3_8-11-12-10-x-x,D,half_diminished7,m7b5,1 b3 b5 b7,advanced_reference,compact_seventh_position,seventh_6-5-4-3_b7-b5-1-b3,8-11-12-10-x-x,"[8, 11, 12, 10, null, null]",6-5-4-3,seventh_in_bass,,80,12,4,C G# D F None None,b7 b5 1 b3 None None,{}
D_half_diminished7_compact_seventh_position_seventh_4-3-2-1_1-b3-b5-b7_x-x-12-10-9-8,D,half_diminished7,m7b5,1 b3 b5 b7,advanced_reference,compact_seventh_position,seventh_4-3-2-1_1-b3-b5-b7,x-x-12-10-9-8,"[null, null, 12, 10, 9, 8]",4-3-2-1,root_position,,80,12,4,None None D F G# C,None None 1 b3 b5 b7,{}
D_half_diminished7_compact_seventh_position_seventh_5-4-3-2_b5-1-b3-b7_x-11-12-10-13-x,D,half_diminished7,m7b5,1 b3 b5 b7,advanced_reference,compact_seventh_position,seventh_5-4-3-2_b5-1-b3-b7,x-11-12-10-13-x,"[null, 11, 12, 10, 13, null]",5-4-3-2,second_inversion,,80,13,3,None G# D F C None,None b5 1 b3 b7 None,{}
D_half_diminished7_compact_seventh_position_seventh_4-3-2-1_1-b5-b7-b3_x-x-12-13-13-13,D,half_diminished7,m7b5,1 b3 b5 b7,advanced_reference,compact_seventh_position,seventh_4-3-2-1_1-b5-b7-b3,x-x-12-13-13-13,"[null, null, 12, 13, 13, 13]",4-3-2-1,root_position,,80,13,1,None None D G# C F,None None 1 b5 b7 b3,{}
D_half_diminished7_compact_seventh_position_seventh_6-5-4-3_b3-b7-1-b5_13-15-12-13-x-x,D,half_diminished7,m7b5,1 b3 b5 b7,advanced_reference,compact_seventh_position,seventh_6-5-4-3_b3-b7-1-b5,13-15-12-13-x-x,"[13, 15, 12, 13, null, null]",6-5-4-3,first_inversion_or_suspended_bass,,80,15,3,F C D G# None None,b3 b7 1 b5 None None,{}
D_half_diminished7_compact_seventh_position_seventh_5-4-3-2_b7-b3-b5-1_x-15-15-13-15-x,D,half_diminished7,m7b5,1 b3 b5 b7,advanced_reference,compact_seventh_position,seventh_5-4-3-2_b7-b3-b5-1,x-15-15-13-15-x,"[null, 15, 15, 13, 15, null]",5-4-3-2,seventh_in_bass,,80,15,2,None C F G# D None,None b7 b3 b5 1 None,{}
D_half_diminished7_compact_seventh_position_seventh_6-5-4-3_b5-1-b3-b7_16-17-15-17-x-x,D,half_diminished7,m7b5,1 b3 b5 b7,advanced_reference,compact_seventh_position,seventh_6-5-4-3_b5-1-b3-b7,16-17-15-17-x-x,"[16, 17, 15, 17, null, null]",6-5-4-3,second_inversion,,80,17,2,G# D F C None None,b5 1 b3 b7 None None,{}
D_half_diminished7_compact_seventh_position_seventh_5-4-3-2_1-b3-b5-b7_x-17-15-13-13-x,D,half_diminished7,m7b5,1 b3 b5 b7,advanced_reference,compact_seventh_position,seventh_5-4-3-2_1-b3-b5-b7,x-17-15-13-13-x,"[null, 17, 15, 13, 13, null]",5-4-3-2,root_position,,80,17,4,None D F G# C None,None 1 b3 b5 b7 None,{}
D_half_diminished7_compact_seventh_position_seventh_4-3-2-1_b3-b7-1-b5_x-x-15-17-15-16,D,half_diminished7,m7b5,1 b3 b5 b7,advanced_reference,compact_seventh_position,seventh_4-3-2-1_b3-b7-1-b5,x-x-15-17-15-16,"[null, null, 15, 17, 15, 16]",4-3-2-1,first_inversion_or_suspended_bass,,80,17,2,None None F C D G#,None None b3 b7 1 b5,{}
D_half_diminished7_compact_seventh_position_seventh_5-4-3-2_1-b5-b7-b3_x-17-18-17-18-x,D,half_diminished7,m7b5,1 b3 b5 b7,advanced_reference,compact_seventh_position,seventh_5-4-3-2_1-b5-b7-b3,x-17-18-17-18-x,"[null, 17, 18, 17, 18, null]",5-4-3-2,root_position,,80,18,1,None D G# C F None,None 1 b5 b7 b3 None,{}
D_m7_caged_seventh_D_shape_m7_x-x-0-2-1-1,D,m7,m7,1 b3 5 b7,intermediate_core,caged_seventh,D_shape_m7,x-x-0-2-1-1,"[null, null, 0, 2, 1, 1]",,root_position,,35,2,1,None None D A C F,None None 1 5 b7 b3,{}
D_m7_caged_seventh_A_shape_m7_x-5-7-5-6-5,D,m7,m7,1 b3 5 b7,intermediate_core,caged_seventh,A_shape_m7,x-5-7-5-6-5,"[null, 5, 7, 5, 6, 5]",,root_position,,35,7,2,None D A C F A,None 1 5 b7 b3 5,{}
D_m7_caged_seventh_E_shape_m7_10-12-10-10-10-10,D,m7,m7,1 b3 5 b7,intermediate_core,caged_seventh,E_shape_m7,10-12-10-10-10-10,"[10, 12, 10, 10, 10, 10]",,root_position,,35,12,2,D A C F A D,1 5 b7 b3 5 1,{}
D_m7_compact_seventh_position_seventh_6-5-4-3_b3-b7-1-5_1-3-0-2-x-x,D,m7,m7,1 b3 5 b7,advanced_reference,compact_seventh_position,seventh_6-5-4-3_b3-b7-1-5,1-3-0-2-x-x,"[1, 3, 0, 2, null, null]",6-5-4-3,first_inversion_or_suspended_bass,,80,3,2,F C D A None None,b3 b7 1 5 None None,{}
D_m7_compact_seventh_position_seventh_5-4-3-2_b7-b3-5-1_x-3-3-2-3-x,D,m7,m7,1 b3 5 b7,advanced_reference,compact_seventh_position,seventh_5-4-3-2_b7-b3-5-1,x-3-3-2-3-x,"[null, 3, 3, 2, 3, null]",5-4-3-2,seventh_in_bass,,80,3,1,None C F A D None,None b7 b3 5 1 None,{}
D_m7_compact_seventh_position_seventh_6-5-4-3_b3-5-1-b7_1-0-0-5-x-x,D,m7,m7,1 b3 5 b7,advanced_reference,compact_seventh_position,seventh_6-5-4-3_b3-5-1-b7,1-0-0-5-x-x,"[1, 0, 0, 5, null, null]",6-5-4-3,first_inversion_or_suspended_bass,,80,5,4,F A D C None None,b3 5 1 b7 None None,{}
D_m7_compact_seventh_position_seventh_6-5-4-3_5-1-b3-b7_5-5-3-5-x-x,D,m7,m7,1 b3 5 b7,advanced_reference,compact_seventh_position,seventh_6-5-4-3_5-1-b3-b7,5-5-3-5-x-x,"[5, 5, 3, 5, null, null]",6-5-4-3,second_inversion,,80,5,2,A D F C None None,5 1 b3 b7 None None,{}
D_m7_compact_seventh_position_seventh_5-4-3-2_5-b3-b7-1_x-0-3-5-3-x,D,m7,m7,1 b3 5 b7,advanced_reference,compact_seventh_position,seventh_5-4-3-2_5-b3-b7-1,x-0-3-5-3-x,"[null, 0, 3, 5, 3, null]",5-4-3-2,second_inversion,,80,5,2,None A F C D None,None 5 b3 b7 1 None,{}
D_m7_compact_seventh_position_seventh_5-4-3-2_1-b3-5-b7_x-5-3-2-1-x,D,m7,m7,1 b3 5 b7,advanced_reference,compact_seventh_position,seventh_5-4-3-2_1-b3-5-b7,x-5-3-2-1-x,"[null, 5, 3, 2, 1, null]",5-4-3-2,root_position,,80,5,4,None D F A C None,None 1 b3 5 b7 None,{}
D_m7_compact_seventh_position_seventh_4-3-2-1_b3-b7-1-5_x-x-3-5-3-5,D,m7,m7,1 b3 5 b7,advanced_reference,compact_seventh_position,seventh_4-3-2-1_b3-b7-1-5,x-x-3-5-3-5,"[null, null, 3, 5, 3, 5]",4-3-2-1,first_inversion_or_suspended_bass,,80,5,2,None None F C D A,None None b3 b7 1 5,{}
D_m7_compact_seventh_position_seventh_6-5-4-3_5-b7-b3-1_5-3-3-7-x-x,D,m7,m7,1 b3 5 b7,advanced_reference,compact_seventh_position,seventh_6-5-4-3_5-b7-b3-1,5-3-3-7-x-x,"[5, 3, 3, 7, null, null]",6-5-4-3,second_inversion,,80,7,4,A C F D None None,5 b7 b3 1 None None,{}
D_m7_compact_seventh_position_seventh_5-4-3-2_b7-5-1-b3_x-3-7-7-6-x,D,m7,m7,1 b3 5 b7,advanced_reference,compact_seventh_position,seventh_5-4-3-2_b7-5-1-b3,x-3-7-7-6-x,"[null, 3, 7, 7, 6, null]",5-4-3-2,seventh_in_bass,,80,7,4,None C A D F None,None b7 5 1 b3 None,{}
D_m7_compact_seventh_position_seventh_5-4-3-2_1-5-b7-b3_x-5-7-5-6-x,D,m7,m7,1 b3 5 b7,advanced_reference,compact_seventh_position,seventh_5-4-3-2_1-5-b7-b3,x-5-7-5-6-x,"[null, 5, 7, 5, 6, null]",5-4-3-2,root_position,,80,7,2,None D A C F None,None 1 5 b7 b3 None,{}
D_m7_compact_seventh_position_seventh_6-5-4-3_b7-b3-5-1_8-8-7-7-x-x,D,m7,m7,1 b3 5 b7,advanced_reference,compact_seventh_position,seventh_6-5-4-3_b7-b3-5-1,8-8-7-7-x-x,"[8, 8, 7, 7, null, null]",6-5-4-3,seventh_in_bass,,80,8,1,C F A D None None,b7 b3 5 1 None None,{}
D_m7_compact_seventh_position_seventh_4-3-2-1_5-1-b3-b7_x-x-7-7-6-8,D,m7,m7,1 b3 5 b7,advanced_reference,compact_seventh_position,seventh_4-3-2-1_5-1-b3-b7,x-x-7-7-6-8,"[null, null, 7, 7, 6, 8]",4-3-2-1,second_inversion,,80,8,2,None None A D F C,None None 5 1 b3 b7,{}
D_m7_compact_seventh_position_seventh_5-4-3-2_b3-b7-1-5_x-8-10-7-10-x,D,m7,m7,1 b3 5 b7,advanced_reference,compact_seventh_position,seventh_5-4-3-2_b3-b7-1-5,x-8-10-7-10-x,"[null, 8, 10, 7, 10, null]",5-4-3-2,first_inversion_or_suspended_bass,,80,10,3,None F C D A None,None b3 b7 1 5 None,{}
D_m7_compact_seventh_position_seventh_4-3-2-1_b7-b3-5-1_x-x-10-10-10-10,D,m7,m7,1 b3 5 b7,advanced_reference,compact_seventh_position,seventh_4-3-2-1_b7-b3-5-1,x-x-10-10-10-10,"[null, null, 10, 10, 10, 10]",4-3-2-1,seventh_in_bass,,80,10,0,None None C F A D,None None b7 b3 5 1,{}
D_m7_compact_seventh_position_seventh_6-5-4-3_1-5-b7-b3_10-12-10-10-x-x,D,m7,m7,1 b3 5 b7,advanced_reference,compact_seventh_position,seventh_6-5-4-3_1-5-b7-b3,10-12-10-10-x-x,"[10, 12, 10, 10, null, null]",6-5-4-3,root_position,,80,12,2,D A C F None None,1 5 b7 b3 None None,{}
D_m7_compact_seventh_position_seventh_6-5-4-3_b7-5-1-b3_8-12-12-10-x-x,D,m7,m7,1 b3 5 b7,advanced_reference,compact_seventh_position,seventh_6-5-4-3_b7-5-1-b3,8-12-12-10-x-x,"[8, 12, 12, 10, null, null]",6-5-4-3,seventh_in_bass,,80,12,4,C A D F None None,b7 5 1 b3 None None,{}
D_m7_compact_seventh_position_seventh_4-3-2-1_1-b3-5-b7_x-x-12-10-10-8,D,m7,m7,1 b3 5 b7,advanced_reference,compact_seventh_position,seventh_4-3-2-1_1-b3-5-b7,x-x-12-10-10-8,"[null, null, 12, 10, 10, 8]",4-3-2-1,root_position,,80,12,4,None None D F A C,None None 1 b3 5 b7,{}
D_m7_compact_seventh_position_seventh_5-4-3-2_5-1-b3-b7_x-12-12-10-13-x,D,m7,m7,1 b3 5 b7,advanced_reference,compact_seventh_position,seventh_5-4-3-2_5-1-b3-b7,x-12-12-10-13-x,"[null, 12, 12, 10, 13, null]",5-4-3-2,second_inversion,,80,13,3,None A D F C None,None 5 1 b3 b7 None,{}
D_m7_compact_seventh_position_seventh_4-3-2-1_1-5-b7-b3_x-x-12-14-13-13,D,m7,m7,1 b3 5 b7,advanced_reference,compact_seventh_position,seventh_4-3-2-1_1-5-b7-b3,x-x-12-14-13-13,"[null, null, 12, 14, 13, 13]",4-3-2-1,root_position,,80,14,2,None None D A C F,None None 1 5 b7 b3,{}
D_m7_compact_seventh_position_seventh_6-5-4-3_b3-b7-1-5_13-15-12-14-x-x,D,m7,m7,1 b3 5 b7,advanced_reference,compact_seventh_position,seventh_6-5-4-3_b3-b7-1-5,13-15-12-14-x-x,"[13, 15, 12, 14, null, null]",6-5-4-3,first_inversion_or_suspended_bass,,80,15,3,F C D A None None,b3 b7 1 5 None None,{}
D_m7_compact_seventh_position_seventh_5-4-3-2_b7-b3-5-1_x-15-15-14-15-x,D,m7,m7,1 b3 5 b7,advanced_reference,compact_seventh_position,seventh_5-4-3-2_b7-b3-5-1,x-15-15-14-15-x,"[null, 15, 15, 14, 15, null]",5-4-3-2,seventh_in_bass,,80,15,1,None C F A D None,None b7 b3 5 1 None,{}
D_m7_compact_seventh_position_seventh_6-5-4-3_5-1-b3-b7_17-17-15-17-x-x,D,m7,m7,1 b3 5 b7,advanced_reference,compact_seventh_position,seventh_6-5-4-3_5-1-b3-b7,17-17-15-17-x-x,"[17, 17, 15, 17, null, null]",6-5-4-3,second_inversion,,80,17,2,A D F C None None,5 1 b3 b7 None None,{}
D_m7_compact_seventh_position_seventh_5-4-3-2_1-b3-5-b7_x-17-15-14-13-x,D,m7,m7,1 b3 5 b7,advanced_reference,compact_seventh_position,seventh_5-4-3-2_1-b3-5-b7,x-17-15-14-13-x,"[null, 17, 15, 14, 13, null]",5-4-3-2,root_position,,80,17,4,None D F A C None,None 1 b3 5 b7 None,{}
D_m7_compact_seventh_position_seventh_4-3-2-1_b3-b7-1-5_x-x-15-17-15-17,D,m7,m7,1 b3 5 b7,advanced_reference,compact_seventh_position,seventh_4-3-2-1_b3-b7-1-5,x-x-15-17-15-17,"[null, null, 15, 17, 15, 17]",4-3-2-1,first_inversion_or_suspended_bass,,80,17,2,None None F C D A,None None b3 b7 1 5,{}
D_maj7_caged_seventh_A_shape_maj7_x-5-7-6-7-5,D,maj7,maj7,1 3 5 7,intermediate_core,caged_seventh,A_shape_maj7,x-5-7-6-7-5,"[null, 5, 7, 6, 7, 5]",,root_position,,35,7,2,None D A C# F# A,None 1 5 7 3 5,{}
D_maj7_caged_seventh_G_shape_maj7_10-x-11-11-10-x,D,maj7,maj7,1 3 5 7,intermediate_core,caged_seventh,G_shape_maj7,10-x-11-11-10-x,"[10, null, 11, 11, 10, null]",,root_position,,35,11,1,D None C# F# A None,1 None 7 3 5 None,{}
D_maj7_caged_seventh_E_shape_maj7_10-12-11-11-10-10,D,maj7,maj7,1 3 5 7,intermediate_core,caged_seventh,E_shape_maj7,10-12-11-11-10-10,"[10, 12, 11, 11, 10, 10]",,root_position,,35,12,2,D A C# F# A D,1 5 7 3 5 1,{}
D_maj7_compact_seventh_position_seventh_4-3-2-1_1-5-7-3_x-x-0-2-2-2,D,maj7,maj7,1 3 5 7,advanced_reference,compact_seventh_position,seventh_4-3-2-1_1-5-7-3,x-x-0-2-2-2,"[null, null, 0, 2, 2, 2]",4-3-2-1,root_position,,80,2,0,None None D A C# F#,None None 1 5 7 3,{}
D_maj7_compact_seventh_position_seventh_6-5-4-3_3-7-1-5_2-4-0-2-x-x,D,maj7,maj7,1 3 5 7,advanced_reference,compact_seventh_position,seventh_6-5-4-3_3-7-1-5,2-4-0-2-x-x,"[2, 4, 0, 2, null, null]",6-5-4-3,first_inversion_or_suspended_bass,,80,4,2,F# C# D A None None,3 7 1 5 None None,{}
D_maj7_compact_seventh_position_seventh_5-4-3-2_7-3-5-1_x-4-4-2-3-x,D,maj7,maj7,1 3 5 7,advanced_reference,compact_seventh_position,seventh_5-4-3-2_7-3-5-1,x-4-4-2-3-x,"[null, 4, 4, 2, 3, null]",5-4-3-2,seventh_in_bass,,80,4,2,None C# F# A D None,None 7 3 5 1 None,{}
D_maj7_compact_seventh_position_seventh_5-4-3-2_1-3-5-7_x-5-4-2-2-x,D,maj7,maj7,1 3 5 7,advanced_reference,compact_seventh_position,seventh_5-4-3-2_1-3-5-7,x-5-4-2-2-x,"[null, 5, 4, 2, 2, null]",5-4-3-2,root_position,,80,5,3,None D F# A C# None,None 1 3 5 7 None,{}
D_maj7_compact_seventh_position_seventh_6-5-4-3_5-1-3-7_5-5-4-6-x-x,D,maj7,maj7,1 3 5 7,advanced_reference,compact_seventh_position,seventh_6-5-4-3_5-1-3-7,5-5-4-6-x-x,"[5, 5, 4, 6, null, null]",6-5-4-3,second_inversion,,80,6,2,A D F# C# None None,5 1 3 7 None None,{}
D_maj7_compact_seventh_position_seventh_4-3-2-1_3-7-1-5_x-x-4-6-3-5,D,maj7,maj7,1 3 5 7,advanced_reference,compact_seventh_position,seventh_4-3-2-1_3-7-1-5,x-x-4-6-3-5,"[null, null, 4, 6, 3, 5]",4-3-2-1,first_inversion_or_suspended_bass,,80,6,3,None None F# C# D A,None None 3 7 1 5,{}
D_maj7_compact_seventh_position_seventh_6-5-4-3_5-7-3-1_5-4-4-7-x-x,D,maj7,maj7,1 3 5 7,advanced_reference,compact_seventh_position,seventh_6-5-4-3_5-7-3-1,5-4-4-7-x-x,"[5, 4, 4, 7, null, null]",6-5-4-3,second_inversion,,80,7,3,A C# F# D None None,5 7 3 1 None None,{}
D_maj7_compact_seventh_position_seventh_5-4-3-2_7-5-1-3_x-4-7-7-7-x,D,maj7,maj7,1 3 5 7,advanced_reference,compact_seventh_position,seventh_5-4-3-2_7-5-1-3,x-4-7-7-7-x,"[null, 4, 7, 7, 7, null]",5-4-3-2,seventh_in_bass,,80,7,3,None C# A D F# None,None 7 5 1 3 None,{}
D_maj7_compact_seventh_position_seventh_5-4-3-2_1-5-7-3_x-5-7-6-7-x,D,maj7,maj7,1 3 5 7,advanced_reference,compact_seventh_position,seventh_5-4-3-2_1-5-7-3,x-5-7-6-7-x,"[null, 5, 7, 6, 7, null]",5-4-3-2,root_position,,80,7,2,None D A C# F# None,None 1 5 7 3 None,{}
D_maj7_compact_seventh_position_seventh_6-5-4-3_7-3-5-1_9-9-7-7-x-x,D,maj7,maj7,1 3 5 7,advanced_reference,compact_seventh_position,seventh_6-5-4-3_7-3-5-1,9-9-7-7-x-x,"[9, 9, 7, 7, null, null]",6-5-4-3,seventh_in_bass,,80,9,2,C# F# A D None None,7 3 5 1 None None,{}
D_maj7_compact_seventh_position_seventh_4-3-2-1_5-1-3-7_x-x-7-7-7-9,D,maj7,maj7,1 3 5 7,advanced_reference,compact_seventh_position,seventh_4-3-2-1_5-1-3-7,x-x-7-7-7-9,"[null, null, 7, 7, 7, 9]",4-3-2-1,second_inversion,,80,9,2,None None A D F# C#,None None 5 1 3 7,{}
D_maj7_compact_seventh_position_seventh_6-5-4-3_1-3-5-7_10-9-7-6-x-x,D,maj7,maj7,1 3 5 7,advanced_reference,compact_seventh_position,seventh_6-5-4-3_1-3-5-7,10-9-7-6-x-x,"[10, 9, 7, 6, null, null]",6-5-4-3,root_position,,80,10,4,D F# A C# None None,1 3 5 7 None None,{}
D_maj7_compact_seventh_position_seventh_4-3-2-1_5-7-3-1_x-x-7-6-7-10,D,maj7,maj7,1 3 5 7,advanced_reference,compact_seventh_position,seventh_4-3-2-1_5-7-3-1,x-x-7-6-7-10,"[null, null, 7, 6, 7, 10]",4-3-2-1,second_inversion,,80,10,4,None None A C# F# D,None None 5 7 3 1,{}
D_maj7_compact_seventh_position_seventh_5-4-3-2_3-7-1-5_x-9-11-7-10-x,D,maj7,maj7,1 3 5 7,advanced_reference,compact_seventh_position,seventh_5-4-3-2_3-7-1-5,x-9-11-7-10-x,"[null, 9, 11, 7, 10, null]",5-4-3-2,first_inversion_or_suspended_bass,,80,11,4,None F# C# D A None,None 3 7 1 5 None,{}
D_maj7_compact_seventh_position_seventh_4-3-2-1_7-3-5-1_x-x-11-11-10-10,D,maj7,maj7,1 3 5 7,advanced_reference,compact_seventh_position,seventh_4-3-2-1_7-3-5-1,x-x-11-11-10-10,"[null, null, 11, 11, 10, 10]",4-3-2-1,seventh_in_bass,,80,11,1,None None C# F# A D,None None 7 3 5 1,{}
D_maj7_compact_seventh_position_seventh_6-5-4-3_1-5-7-3_10-12-11-11-x-x,D,maj7,maj7,1 3 5 7,advanced_reference,compact_seventh_position,seventh_6-5-4-3_1-5-7-3,10-12-11-11-x-x,"[10, 12, 11, 11, null, null]",6-5-4-3,root_position,,80,12,2,D A C# F# None None,1 5 7 3 None None,{}
D_maj7_compact_seventh_position_seventh_6-5-4-3_7-5-1-3_9-12-12-11-x-x,D,maj7,maj7,1 3 5 7,advanced_reference,compact_seventh_position,seventh_6-5-4-3_7-5-1-3,9-12-12-11-x-x,"[9, 12, 12, 11, null, null]",6-5-4-3,seventh_in_bass,,80,12,3,C# A D F# None None,7 5 1 3 None None,{}
D_maj7_compact_seventh_position_seventh_4-3-2-1_1-3-5-7_x-x-12-11-10-9,D,maj7,maj7,1 3 5 7,advanced_reference,compact_seventh_position,seventh_4-3-2-1_1-3-5-7,x-x-12-11-10-9,"[null, null, 12, 11, 10, 9]",4-3-2-1,root_position,,80,12,3,None None D F# A C#,None None 1 3 5 7,{}
D_maj7_compact_seventh_position_seventh_5-4-3-2_5-1-3-7_x-12-12-11-14-x,D,maj7,maj7,1 3 5 7,advanced_reference,compact_seventh_position,seventh_5-4-3-2_5-1-3-7,x-12-12-11-14-x,"[null, 12, 12, 11, 14, null]",5-4-3-2,second_inversion,,80,14,3,None A D F# C# None,None 5 1 3 7 None,{}
D_maj7_compact_seventh_position_seventh_4-3-2-1_1-5-7-3_x-x-12-14-14-14,D,maj7,maj7,1 3 5 7,advanced_reference,compact_seventh_position,seventh_4-3-2-1_1-5-7-3,x-x-12-14-14-14,"[null, null, 12, 14, 14, 14]",4-3-2-1,root_position,,80,14,2,None None D A C# F#,None None 1 5 7 3,{}
D_maj7_compact_seventh_position_seventh_5-4-3-2_5-7-3-1_x-12-11-11-15-x,D,maj7,maj7,1 3 5 7,advanced_reference,compact_seventh_position,seventh_5-4-3-2_5-7-3-1,x-12-11-11-15-x,"[null, 12, 11, 11, 15, null]",5-4-3-2,second_inversion,,80,15,4,None A C# F# D None,None 5 7 3 1 None,{}
D_maj7_compact_seventh_position_seventh_4-3-2-1_7-5-1-3_x-x-11-14-15-14,D,maj7,maj7,1 3 5 7,advanced_reference,compact_seventh_position,seventh_4-3-2-1_7-5-1-3,x-x-11-14-15-14,"[null, null, 11, 14, 15, 14]",4-3-2-1,seventh_in_bass,,80,15,4,None None C# A D F#,None None 7 5 1 3,{}
D_maj7_compact_seventh_position_seventh_6-5-4-3_3-7-1-5_14-16-12-14-x-x,D,maj7,maj7,1 3 5 7,advanced_reference,compact_seventh_position,seventh_6-5-4-3_3-7-1-5,14-16-12-14-x-x,"[14, 16, 12, 14, null, null]",6-5-4-3,first_inversion_or_suspended_bass,,80,16,4,F# C# D A None None,3 7 1 5 None None,{}
D_maj7_compact_seventh_position_seventh_5-4-3-2_7-3-5-1_x-16-16-14-15-x,D,maj7,maj7,1 3 5 7,advanced_reference,compact_seventh_position,seventh_5-4-3-2_7-3-5-1,x-16-16-14-15-x,"[null, 16, 16, 14, 15, null]",5-4-3-2,seventh_in_bass,,80,16,2,None C# F# A D None,None 7 3 5 1 None,{}
D_maj7_compact_seventh_position_seventh_5-4-3-2_1-3-5-7_x-17-16-14-14-x,D,maj7,maj7,1 3 5 7,advanced_reference,compact_seventh_position,seventh_5-4-3-2_1-3-5-7,x-17-16-14-14-x,"[null, 17, 16, 14, 14, null]",5-4-3-2,root_position,,80,17,3,None D F# A C# None,None 1 3 5 7 None,{}
D_maj7_compact_seventh_position_seventh_6-5-4-3_5-1-3-7_17-17-16-18-x-x,D,maj7,maj7,1 3 5 7,advanced_reference,compact_seventh_position,seventh_6-5-4-3_5-1-3-7,17-17-16-18-x-x,"[17, 17, 16, 18, null, null]",6-5-4-3,second_inversion,,80,18,2,A D F# C# None None,5 1 3 7 None None,{}
D_maj7_compact_seventh_position_seventh_4-3-2-1_3-7-1-5_x-x-16-18-15-17,D,maj7,maj7,1 3 5 7,advanced_reference,compact_seventh_position,seventh_4-3-2-1_3-7-1-5,x-x-16-18-15-17,"[null, null, 16, 18, 15, 17]",4-3-2-1,first_inversion_or_suspended_bass,,80,18,3,None None F# C# D A,None None 3 7 1 5,{}
D_major_caged_major_C_shape_x-5-4-2-3-2,D,major,major,1 3 5,beginner_core,caged_major,C_shape,x-5-4-2-3-2,"[null, 5, 4, 2, 3, 2]",,root_position,,1,5,3,None D F# A D F#,None 1 3 5 1 3,{}
D_major_caged_major_A_shape_x-5-7-7-7-5,D,major,major,1 3 5,beginner_core,caged_major,A_shape,x-5-7-7-7-5,"[null, 5, 7, 7, 7, 5]",,root_position,,2,7,2,None D A D F# A,None 1 5 1 3 5,{}
D_major_caged_major_G_shape_10-9-7-7-7-10,D,major,major,1 3 5,beginner_core,caged_major,G_shape,10-9-7-7-7-10,"[10, 9, 7, 7, 7, 10]",,root_position,,3,10,3,D F# A D F# D,1 3 5 1 3 1,{}
D_major_caged_major_E_shape_10-12-12-11-10-10,D,major,major,1 3 5,beginner_core,caged_major,E_shape,10-12-12-11-10-10,"[10, 12, 12, 11, 10, 10]",,root_position,,4,12,2,D A D F# A D,1 5 1 3 5 1,{}
D_major_caged_major_D_shape_x-x-0-2-3-2,D,major,major,1 3 5,beginner_core,caged_major,D_shape,x-x-0-2-3-2,"[null, null, 0, 2, 3, 2]",,root_position,,5,3,1,None None D A D F#,None None 1 5 1 3,{}
D_major_triad_position_triad_6-5-4_first_inversion_3-5-1_2-0-0-x-x-x,D,major,major,1 3 5,intermediate_core,triad_position,triad_6-5-4_first_inversion_3-5-1,2-0-0-x-x-x,"[2, 0, 0, null, null, null]",6-5-4,first_inversion_or_suspended_bass,first_inversion,60,2,0,F# A D None None None,3 5 1 None None None,"{""sus2"": ""D_sus2_triad_related_suspended_from_D_major_triad_position_triad_6-5-4_first_inversion_3-5-1_2-0-0-x-x-x_sus2_0-0-0-x-x-x"", ""sus4"": ""D_sus4_triad_related_suspended_from_D_major_triad_position_triad_6-5-4_first_inversion_3-5-1_2-0-0-x-x-x_sus4_3-0-0-x-x-x""}"
D_major_triad_position_triad_3-2-1_second_inversion_5-1-3_x-x-x-2-3-2,D,major,major,1 3 5,intermediate_core,triad_position,triad_3-2-1_second_inversion_5-1-3,x-x-x-2-3-2,"[null, null, null, 2, 3, 2]",3-2-1,second_inversion,second_inversion,60,3,1,None None None A D F#,None None None 5 1 3,"{""sus2"": ""D_sus2_triad_related_suspended_from_D_major_triad_position_triad_3-2-1_second_inversion_5-1-3_x-x-x-2-3-2_sus2_x-x-x-2-3-0"", ""sus4"": ""D_sus4_triad_related_suspended_from_D_major_triad_position_triad_3-2-1_second_inversion_5-1-3_x-x-x-2-3-2_sus4_x-x-x-2-3-3""}"
D_major_triad_position_triad_4-3-2_first_inversion_3-5-1_x-x-4-2-3-x,D,major,major,1 3 5,intermediate_core,triad_position,triad_4-3-2_first_inversion_3-5-1,x-x-4-2-3-x,"[null, null, 4, 2, 3, null]",4-3-2,first_inversion_or_suspended_bass,first_inversion,60,4,2,None None F# A D None,None None 3 5 1 None,"{""sus2"": ""D_sus2_triad_related_suspended_from_D_major_triad_position_triad_4-3-2_first_inversion_3-5-1_x-x-4-2-3-x_sus2_x-x-2-2-3-x"", ""sus4"": ""D_sus4_triad_related_suspended_from_D_major_triad_position_triad_4-3-2_first_inversion_3-5-1_x-x-4-2-3-x_sus4_x-x-5-2-3-x""}"
D_major_triad_position_triad_6-5-4_second_inversion_5-1-3_5-5-4-x-x-x,D,major,major,1 3 5,intermediate_core,triad_position,triad_6-5-4_second_inversion_5-1-3,5-5-4-x-x-x,"[5, 5, 4, null, null, null]",6-5-4,second_inversion,second_inversion,60,5,1,A D F# None None None,5 1 3 None None None,"{""sus2"": ""D_sus2_triad_related_suspended_from_D_major_triad_position_triad_6-5-4_second_inversion_5-1-3_5-5-4-x-x-x_sus2_5-5-2-x-x-x"", ""sus4"": ""D_sus4_triad_related_suspended_from_D_major_triad_position_triad_6-5-4_second_inversion_5-1-3_5-5-4-x-x-x_sus4_5-5-5-x-x-x""}"
D_major_triad_position_triad_5-4-3_root_position_1-3-5_x-5-4-2-x-x,D,major,major,1 3 5,intermediate_core,triad_position,triad_5-4-3_root_position_1-3-5,x-5-4-2-x-x,"[null, 5, 4, 2, null, null]",5-4-3,root_position,root_position,60,5,3,None D F# A None None,None 1 3 5 None None,"{""sus2"": ""D_sus2_triad_related_suspended_from_D_major_triad_position_triad_5-4-3_root_position_1-3-5_x-5-4-2-x-x_sus2_x-5-2-2-x-x"", ""sus4"": ""D_sus4_triad_related_suspended_from_D_major_triad_position_triad_5-4-3_root_position_1-3-5_x-5-4-2-x-x_sus4_x-5-5-2-x-x""}"
D_major_triad_position_triad_4-3-2_second_inversion_5-1-3_x-x-7-7-7-x,D,major,major,1 3 5,intermediate_core,triad_position,triad_4-3-2_second_inversion_5-1-3,x-x-7-7-7-x,"[null, null, 7, 7, 7, null]",4-3-2,second_inversion,second_inversion,60,7,0,None None A D F# None,None None 5 1 3 None,"{""sus2"": ""D_sus2_triad_related_suspended_from_D_major_triad_position_triad_4-3-2_second_inversion_5-1-3_x-x-7-7-7-x_sus2_x-x-7-7-5-x"", ""sus4"": ""D_sus4_triad_related_suspended_from_D_major_triad_position_triad_4-3-2_second_inversion_5-1-3_x-x-7-7-7-x_sus4_x-x-7-7-8-x""}"
D_major_triad_position_triad_3-2-1_root_position_1-3-5_x-x-x-7-7-5,D,major,major,1 3 5,intermediate_core,triad_position,triad_3-2-1_root_position_1-3-5,x-x-x-7-7-5,"[null, null, null, 7, 7, 5]",3-2-1,root_position,root_position,60,7,2,None None None D F# A,None None None 1 3 5,"{""sus2"": ""D_sus2_triad_related_suspended_from_D_major_triad_position_triad_3-2-1_root_position_1-3-5_x-x-x-7-7-5_sus2_x-x-x-7-5-5"", ""sus4"": ""D_sus4_triad_related_suspended_from_D_major_triad_position_triad_3-2-1_root_position_1-3-5_x-x-x-7-7-5_sus4_x-x-x-7-8-5""}"
D_major_triad_position_triad_5-4-3_first_inversion_3-5-1_x-9-7-7-x-x,D,major,major,1 3 5,intermediate_core,triad_position,triad_5-4-3_first_inversion_3-5-1,x-9-7-7-x-x,"[null, 9, 7, 7, null, null]",5-4-3,first_inversion_or_suspended_bass,first_inversion,60,9,2,None F# A D None None,None 3 5 1 None None,"{""sus2"": ""D_sus2_triad_related_suspended_from_D_major_triad_position_triad_5-4-3_first_inversion_3-5-1_x-9-7-7-x-x_sus2_x-7-7-7-x-x"", ""sus4"": ""D_sus4_triad_related_suspended_from_D_major_triad_position_triad_5-4-3_first_inversion_3-5-1_x-9-7-7-x-x_sus4_x-10-7-7-x-x""}"
D_major_triad_position_triad_6-5-4_root_position_1-3-5_10-9-7-x-x-x,D,major,major,1 3 5,intermediate_core,triad_position,triad_6-5-4_root_position_1-3-5,10-9-7-x-x-x,"[10, 9, 7, null, null, null]",6-5-4,root_position,root_position,60,10,3,D F# A None None None,1 3 5 None None None,"{""sus2"": ""D_sus2_triad_related_suspended_from_D_major_triad_position_triad_6-5-4_root_position_1-3-5_10-9-7-x-x-x_sus2_10-7-7-x-x-x"", ""sus4"": ""D_sus4_triad_related_suspended_from_D_major_triad_position_triad_6-5-4_root_position_1-3-5_10-9-7-x-x-x_sus4_10-10-7-x-x-x""}"
D_major_triad_position_triad_3-2-1_first_inversion_3-5-1_x-x-x-11-10-10,D,major,major,1 3 5,intermediate_core,triad_position,triad_3-2-1_first_inversion_3-5-1,x-x-x-11-10-10,"[null, null, null, 11, 10, 10]",3-2-1,first_inversion_or_suspended_bass,first_inversion,60,11,1,None None None F# A D,None None None 3 5 1,"{""sus2"": ""D_sus2_triad_related_suspended_from_D_major_triad_position_triad_3-2-1_first_inversion_3-5-1_x-x-x-11-10-10_sus2_x-x-x-9-10-10"", ""sus4"": ""D_sus4_triad_related_suspended_from_D_major_triad_position_triad_3-2-1_first_inversion_3-5-1_x-x-x-11-10-10_sus4_x-x-x-12-10-10""}"
D_major_triad_position_triad_5-4-3_second_inversion_5-1-3_x-12-12-11-x-x,D,major,major,1 3 5,intermediate_core,triad_position,triad_5-4-3_second_inversion_5-1-3,x-12-12-11-x-x,"[null, 12, 12, 11, null, null]",5-4-3,second_inversion,second_inversion,60,12,1,None A D F# None None,None 5 1 3 None None,"{""sus2"": ""D_sus2_triad_related_suspended_from_D_major_triad_position_triad_5-4-3_second_inversion_5-1-3_x-12-12-11-x-x_sus2_x-12-12-9-x-x"", ""sus4"": ""D_sus4_triad_related_suspended_from_D_major_triad_position_triad_5-4-3_second_inversion_5-1-3_x-12-12-11-x-x_sus4_x-12-12-12-x-x""}"
D_major_triad_position_triad_4-3-2_root_position_1-3-5_x-x-12-11-10-x,D,major,major,1 3 5,intermediate_core,triad_position,triad_4-3-2_root_position_1-3-5,x-x-12-11-10-x,"[null, null, 12, 11, 10, null]",4-3-2,root_position,root_position,60,12,2,None None D F# A None,None None 1 3 5 None,"{""sus2"": ""D_sus2_triad_related_suspended_from_D_major_triad_position_triad_4-3-2_root_position_1-3-5_x-x-12-11-10-x_sus2_x-x-12-9-10-x"", ""sus4"": ""D_sus4_triad_related_suspended_from_D_major_triad_position_triad_4-3-2_root_position_1-3-5_x-x-12-11-10-x_sus4_x-x-12-12-10-x""}"
D_major_triad_position_triad_6-5-4_first_inversion_3-5-1_14-12-12-x-x-x,D,major,major,1 3 5,intermediate_core,triad_position,triad_6-5-4_first_inversion_3-5-1,14-12-12-x-x-x,"[14, 12, 12, null, null, null]",6-5-4,first_inversion_or_suspended_bass,first_inversion,60,14,2,F# A D None None None,3 5 1 None None None,"{""sus2"": ""D_sus2_triad_related_suspended_from_D_major_triad_position_triad_6-5-4_first_inversion_3-5-1_14-12-12-x-x-x_sus2_12-12-12-x-x-x"", ""sus4"": ""D_sus4_triad_related_suspended_from_D_major_triad_position_triad_6-5-4_first_inversion_3-5-1_14-12-12-x-x-x_sus4_15-12-12-x-x-x""}"
D_major_triad_position_triad_3-2-1_second_inversion_5-1-3_x-x-x-14-15-14,D,major,major,1 3 5,intermediate_core,triad_position,triad_3-2-1_second_inversion_5-1-3,x-x-x-14-15-14,"[null, null, null, 14, 15, 14]",3-2-1,second_inversion,second_inversion,60,15,1,None None None A D F#,None None None 5 1 3,"{""sus2"": ""D_sus2_triad_related_suspended_from_D_major_triad_position_triad_3-2-1_second_inversion_5-1-3_x-x-x-14-15-14_sus2_x-x-x-14-15-12"", ""sus4"": ""D_sus4_triad_related_suspended_from_D_major_triad_position_triad_3-2-1_second_inversion_5-1-3_x-x-x-14-15-14_sus4_x-x-x-14-15-15""}"
D_major_triad_position_triad_4-3-2_first_inversion_3-5-1_x-x-16-14-15-x,D,major,major,1 3 5,intermediate_core,triad_position,triad_4-3-2_first_inversion_3-5-1,x-x-16-14-15-x,"[null, null, 16, 14, 15, null]",4-3-2,first_inversion_or_suspended_bass,first_inversion,60,16,2,None None F# A D None,None None 3 5 1 None,"{""sus2"": ""D_sus2_triad_related_suspended_from_D_major_triad_position_triad_4-3-2_first_inversion_3-5-1_x-x-16-14-15-x_sus2_x-x-14-14-15-x"", ""sus4"": ""D_sus4_triad_related_suspended_from_D_major_triad_position_triad_4-3-2_first_inversion_3-5-1_x-x-16-14-15-x_sus4_x-x-17-14-15-x""}"
D_major_triad_position_triad_6-5-4_second_inversion_5-1-3_17-17-16-x-x-x,D,major,major,1 3 5,intermediate_core,triad_position,triad_6-5-4_second_inversion_5-1-3,17-17-16-x-x-x,"[17, 17, 16, null, null, null]",6-5-4,second_inversion,second_inversion,60,17,1,A D F# None None None,5 1 3 None None None,"{""sus2"": ""D_sus2_triad_related_suspended_from_D_major_triad_position_triad_6-5-4_second_inversion_5-1-3_17-17-16-x-x-x_sus2_17-17-14-x-x-x"", ""sus4"": ""D_sus4_triad_related_suspended_from_D_major_triad_position_triad_6-5-4_second_inversion_5-1-3_17-17-16-x-x-x_sus4_17-17-17-x-x-x""}"
D_major_triad_position_triad_5-4-3_root_position_1-3-5_x-17-16-14-x-x,D,major,major,1 3 5,intermediate_core,triad_position,triad_5-4-3_root_position_1-3-5,x-17-16-14-x-x,"[null, 17, 16, 14, null, null]",5-4-3,root_position,root_position,60,17,3,None D F# A None None,None 1 3 5 None None,"{""sus2"": ""D_sus2_triad_related_suspended_from_D_major_triad_position_triad_5-4-3_root_position_1-3-5_x-17-16-14-x-x_sus2_x-17-14-14-x-x"", ""sus4"": ""D_sus4_triad_related_suspended_from_D_major_triad_position_triad_5-4-3_root_position_1-3-5_x-17-16-14-x-x_sus4_x-17-17-14-x-x""}"
D_minor_caged_minor_C_shape_minor_x-5-3-2-3-5,D,minor,minor,1 b3 5,beginner_core,caged_minor,C_shape_minor,x-5-3-2-3-5,"[null, 5, 3, 2, 3, 5]",,root_position,,10,5,3,None D F A D A,None 1 b3 5 1 5,{}
D_minor_caged_minor_A_shape_minor_x-5-7-7-6-5,D,minor,minor,1 b3 5,beginner_core,caged_minor,A_shape_minor,x-5-7-7-6-5,"[null, 5, 7, 7, 6, 5]",,root_position,,11,7,2,None D A D F A,None 1 5 1 b3 5,{}
D_minor_caged_minor_G_shape_minor_10-8-7-7-10-10,D,minor,minor,1 b3 5,beginner_core,caged_minor,G_shape_minor,10-8-7-7-10-10,"[10, 8, 7, 7, 10, 10]",,root_position,,12,10,3,D F A D A D,1 b3 5 1 5 1,{}
D_minor_caged_minor_E_shape_minor_10-12-12-10-10-10,D,minor,minor,1 b3 5,beginner_core,caged_minor,E_shape_minor,10-12-12-10-10-10,"[10, 12, 12, 10, 10, 10]",,root_position,,13,12,2,D A D F A D,1 5 1 b3 5 1,{}
D_minor_caged_minor_D_shape_minor_x-x-0-2-3-1,D,minor,minor,1 b3 5,beginner_core,caged_minor,D_shape_minor,x-x-0-2-3-1,"[null, null, 0, 2, 3, 1]",,root_position,,14,3,2,None None D A D F,None None 1 5 1 b3,{}
D_minor_triad_position_triad_6-5-4_first_inversion_b3-5-1_1-0-0-x-x-x,D,minor,minor,1 b3 5,intermediate_core,triad_position,triad_6-5-4_first_inversion_b3-5-1,1-0-0-x-x-x,"[1, 0, 0, null, null, null]",6-5-4,first_inversion_or_suspended_bass,first_inversion,60,1,0,F A D None None None,b3 5 1 None None None,{}
D_minor_triad_position_triad_4-3-2_first_inversion_b3-5-1_x-x-3-2-3-x,D,minor,minor,1 b3 5,intermediate_core,triad_position,triad_4-3-2_first_inversion_b3-5-1,x-x-3-2-3-x,"[null, null, 3, 2, 3, null]",4-3-2,first_inversion_or_suspended_bass,first_inversion,60,3,1,None None F A D None,None None b3 5 1 None,{}
D_minor_triad_position_triad_3-2-1_second_inversion_5-1-b3_x-x-x-2-3-1,D,minor,minor,1 b3 5,intermediate_core,triad_position,triad_3-2-1_second_inversion_5-1-b3,x-x-x-2-3-1,"[null, null, null, 2, 3, 1]",3-2-1,second_inversion,second_inversion,60,3,2,None None None A D F,None None None 5 1 b3,{}
D_minor_triad_position_triad_6-5-4_second_inversion_5-1-b3_5-5-3-x-x-x,D,minor,minor,1 b3 5,intermediate_core,triad_position,triad_6-5-4_second_inversion_5-1-b3,5-5-3-x-x-x,"[5, 5, 3, null, null, null]",6-5-4,second_inversion,second_inversion,60,5,2,A D F None None None,5 1 b3 None None None,{}
D_minor_triad_position_triad_5-4-3_root_position_1-b3-5_x-5-3-2-x-x,D,minor,minor,1 b3 5,intermediate_core,triad_position,triad_5-4-3_root_position_1-b3-5,x-5-3-2-x-x,"[null, 5, 3, 2, null, null]",5-4-3,root_position,root_position,60,5,3,None D F A None None,None 1 b3 5 None None,{}
D_minor_triad_position_triad_4-3-2_second_inversion_5-1-b3_x-x-7-7-6-x,D,minor,minor,1 b3 5,intermediate_core,triad_position,triad_4-3-2_second_inversion_5-1-b3,x-x-7-7-6-x,"[null, null, 7, 7, 6, null]",4-3-2,second_inversion,second_inversion,60,7,1,None None A D F None,None None 5 1 b3 None,{}
D_minor_triad_position_triad_3-2-1_root_position_1-b3-5_x-x-x-7-6-5,D,minor,minor,1 b3 5,intermediate_core,triad_position,triad_3-2-1_root_position_1-b3-5,x-x-x-7-6-5,"[null, null, null, 7, 6, 5]",3-2-1,root_position,root_position,60,7,2,None None None D F A,None None None 1 b3 5,{}
D_minor_triad_position_triad_5-4-3_first_inversion_b3-5-1_x-8-7-7-x-x,D,minor,minor,1 b3 5,intermediate_core,triad_position,triad_5-4-3_first_inversion_b3-5-1,x-8-7-7-x-x,"[null, 8, 7, 7, null, null]",5-4-3,first_inversion_or_suspended_bass,first_inversion,60,8,1,None F A D None None,None b3 5 1 None None,{}
D_minor_triad_position_triad_6-5-4_root_position_1-b3-5_10-8-7-x-x-x,D,minor,minor,1 b3 5,intermediate_core,triad_position,triad_6-5-4_root_position_1-b3-5,10-8-7-x-x-x,"[10, 8, 7, null, null, null]",6-5-4,root_position,root_position,60,10,3,D F A None None None,1 b3 5 None None None,{}
D_minor_triad_position_triad_3-2-1_first_inversion_b3-5-1_x-x-x-10-10-10,D,minor,minor,1 b3 5,intermediate_core,triad_position,triad_3-2-1_first_inversion_b3-5-1,x-x-x-10-10-10,"[null, null, null, 10, 10, 10]",3-2-1,first_inversion_or_suspended_bass,first_inversion,60,10,0,None None None F A D,None None None b3 5 1,{}
D_minor_triad_position_triad_5-4-3_second_inversion_5-1-b3_x-12-12-10-x-x,D,minor,minor,1 b3 5,intermediate_core,triad_position,triad_5-4-3_second_inversion_5-1-b3,x-12-12-10-x-x,"[null, 12, 12, 10, null, null]",5-4-3,second_inversion,second_inversion,60,12,2,None A D F None None,None 5 1 b3 None None,{}
D_minor_triad_position_triad_4-3-2_root_position_1-b3-5_x-x-12-10-10-x,D,minor,minor,1 b3 5,intermediate_core,triad_position,triad_4-3-2_root_position_1-b3-5,x-x-12-10-10-x,"[null, null, 12, 10, 10, null]",4-3-2,root_position,root_position,60,12,2,None None D F A None,None None 1 b3 5 None,{}
D_minor_triad_position_triad_6-5-4_first_inversion_b3-5-1_13-12-12-x-x-x,D,minor,minor,1 b3 5,intermediate_core,triad_position,triad_6-5-4_first_inversion_b3-5-1,13-12-12-x-x-x,"[13, 12, 12, null, null, null]",6-5-4,first_inversion_or_suspended_bass,first_inversion,60,13,1,F A D None None None,b3 5 1 None None None,{}
D_minor_triad_position_triad_4-3-2_first_inversion_b3-5-1_x-x-15-14-15-x,D,minor,minor,1 b3 5,intermediate_core,triad_position,triad_4-3-2_first_inversion_b3-5-1,x-x-15-14-15-x,"[null, null, 15, 14, 15, null]",4-3-2,first_inversion_or_suspended_bass,first_inversion,60,15,1,None None F A D None,None None b3 5 1 None,{}
D_minor_triad_position_triad_3-2-1_second_inversion_5-1-b3_x-x-x-14-15-13,D,minor,minor,1 b3 5,intermediate_core,triad_position,triad_3-2-1_second_inversion_5-1-b3,x-x-x-14-15-13,"[null, null, null, 14, 15, 13]",3-2-1,second_inversion,second_inversion,60,15,2,None None None A D F,None None None 5 1 b3,{}
D_minor_triad_position_triad_6-5-4_second_inversion_5-1-b3_17-17-15-x-x-x,D,minor,minor,1 b3 5,intermediate_core,triad_position,triad_6-5-4_second_inversion_5-1-b3,17-17-15-x-x-x,"[17, 17, 15, null, null, null]",6-5-4,second_inversion,second_inversion,60,17,2,A D F None None None,5 1 b3 None None None,{}
D_minor_triad_position_triad_5-4-3_root_position_1-b3-5_x-17-15-14-x-x,D,minor,minor,1 b3 5,intermediate_core,triad_position,triad_5-4-3_root_position_1-b3-5,x-17-15-14-x-x,"[null, 17, 15, 14, null, null]",5-4-3,root_position,root_position,60,17,3,None D F A None None,None 1 b3 5 None None,{}
D_sus2_caged_suspended_D_shape_sus2_x-x-0-2-3-0,D,sus2,sus2,1 2 5,intermediate_core,caged_suspended,D_shape_sus2,x-x-0-2-3-0,"[null, null, 0, 2, 3, 0]",,root_position,,30,3,1,None None D A D E,None None 1 5 1 2,{}
D_sus2_caged_suspended_C_shape_sus2_x-5-2-2-3-5,D,sus2,sus2,1 2 5,intermediate_core,caged_suspended,C_shape_sus2,x-5-2-2-3-5,"[null, 5, 2, 2, 3, 5]",,root_position,,30,5,3,None D E A D A,None 1 2 5 1 5,{}
D_sus2_caged_suspended_A_shape_sus2_x-5-7-7-5-5,D,sus2,sus2,1 2 5,intermediate_core,caged_suspended,A_shape_sus2,x-5-7-7-5-5,"[null, 5, 7, 7, 5, 5]",,root_position,,30,7,2,None D A D E A,None 1 5 1 2 5,{}
D_sus2_caged_suspended_E_shape_sus2_10-12-14-14-10-10,D,sus2,sus2,1 2 5,intermediate_core,caged_suspended,E_shape_sus2,10-12-14-14-10-10,"[10, 12, 14, 14, 10, 10]",,root_position,,30,14,4,D A E A A D,1 5 2 5 5 1,{}
D_sus2_triad_related_suspended_from_D_major_triad_position_triad_6-5-4_first_inversion_3-5-1_2-0-0-x-x-x_sus2_0-0-0-x-x-x,D,sus2,sus2,1 2 5,intermediate_core,triad_related_suspended,from_D_major_triad_position_triad_6-5-4_first_inversion_3-5-1_2-0-0-x-x-x_sus2,0-0-0-x-x-x,"[0, 0, 0, null, null, null]",6-5-4,first_inversion_or_suspended_bass,,65,0,0,E A D None None None,2 5 1 None None None,{}
D_sus2_triad_related_suspended_from_D_major_triad_position_triad_4-3-2_first_inversion_3-5-1_x-x-4-2-3-x_sus2_x-x-2-2-3-x,D,sus2,sus2,1 2 5,intermediate_core,triad_related_suspended,from_D_major_triad_position_triad_4-3-2_first_inversion_3-5-1_x-x-4-2-3-x_sus2,x-x-2-2-3-x,"[null, null, 2, 2, 3, null]",4-3-2,first_inversion_or_suspended_bass,,65,3,1,None None E A D None,None None 2 5 1 None,{}
D_sus2_triad_related_suspended_from_D_major_triad_position_triad_3-2-1_second_inversion_5-1-3_x-x-x-2-3-2_sus2_x-x-x-2-3-0,D,sus2,sus2,1 2 5,intermediate_core,triad_related_suspended,from_D_major_triad_position_triad_3-2-1_second_inversion_5-1-3_x-x-x-2-3-2_sus2,x-x-x-2-3-0,"[null, null, null, 2, 3, 0]",3-2-1,second_inversion,,65,3,1,None None None A D E,None None None 5 1 2,{}
D_sus2_triad_related_suspended_from_D_major_triad_position_triad_6-5-4_second_inversion_5-1-3_5-5-4-x-x-x_sus2_5-5-2-x-x-x,D,sus2,sus2,1 2 5,intermediate_core,triad_related_suspended,from_D_major_triad_position_triad_6-5-4_second_inversion_5-1-3_5-5-4-x-x-x_sus2,5-5-2-x-x-x,"[5, 5, 2, null, null, null]",6-5-4,second_inversion,,65,5,3,A D E None None None,5 1 2 None None None,{}
D_sus2_triad_related_suspended_from_D_major_triad_position_triad_5-4-3_root_position_1-3-5_x-5-4-2-x-x_sus2_x-5-2-2-x-x,D,sus2,sus2,1 2 5,intermediate_core,triad_related_suspended,from_D_major_triad_position_triad_5-4-3_root_position_1-3-5_x-5-4-2-x-x_sus2,x-5-2-2-x-x,"[null, 5, 2, 2, null, null]",5-4-3,root_position,,65,5,3,None D E A None None,None 1 2 5 None None,{}
D_sus2_triad_related_suspended_from_D_major_triad_position_triad_5-4-3_first_inversion_3-5-1_x-9-7-7-x-x_sus2_x-7-7-7-x-x,D,sus2,sus2,1 2 5,intermediate_core,triad_related_suspended,from_D_major_triad_position_triad_5-4-3_first_inversion_3-5-1_x-9-7-7-x-x_sus2,x-7-7-7-x-x,"[null, 7, 7, 7, null, null]",5-4-3,first_inversion_or_suspended_bass,,65,7,0,None E A D None None,None 2 5 1 None None,{}
D_sus2_triad_related_suspended_from_D_major_triad_position_triad_4-3-2_second_inversion_5-1-3_x-x-7-7-7-x_sus2_x-x-7-7-5-x,D,sus2,sus2,1 2 5,intermediate_core,triad_related_suspended,from_D_major_triad_position_triad_4-3-2_second_inversion_5-1-3_x-x-7-7-7-x_sus2,x-x-7-7-5-x,"[null, null, 7, 7, 5, null]",4-3-2,second_inversion,,65,7,2,None None A D E None,None None 5 1 2 None,{}
D_sus2_triad_related_suspended_from_D_major_triad_position_triad_3-2-1_root_position_1-3-5_x-x-x-7-7-5_sus2_x-x-x-7-5-5,D,sus2,sus2,1 2 5,intermediate_core,triad_related_suspended,from_D_major_triad_position_triad_3-2-1_root_position_1-3-5_x-x-x-7-7-5_sus2,x-x-x-7-5-5,"[null, null, null, 7, 5, 5]",3-2-1,root_position,,65,7,2,None None None D E A,None None None 1 2 5,{}
D_sus2_triad_related_suspended_from_D_major_triad_position_triad_6-5-4_root_position_1-3-5_10-9-7-x-x-x_sus2_10-7-7-x-x-x,D,sus2,sus2,1 2 5,intermediate_core,triad_related_suspended,from_D_major_triad_position_triad_6-5-4_root_position_1-3-5_10-9-7-x-x-x_sus2,10-7-7-x-x-x,"[10, 7, 7, null, null, null]",6-5-4,root_position,,65,10,3,D E A None None None,1 2 5 None None None,{}
D_sus2_triad_related_suspended_from_D_major_triad_position_triad_3-2-1_first_inversion_3-5-1_x-x-x-11-10-10_sus2_x-x-x-9-10-10,D,sus2,sus2,1 2 5,intermediate_core,triad_related_suspended,from_D_major_triad_position_triad_3-2-1_first_inversion_3-5-1_x-x-x-11-10-10_sus2,x-x-x-9-10-10,"[null, null, null, 9, 10, 10]",3-2-1,first_inversion_or_suspended_bass,,65,10,1,None None None E A D,None None None 2 5 1,{}
D_sus2_triad_related_suspended_from_D_major_triad_position_triad_6-5-4_first_inversion_3-5-1_14-12-12-x-x-x_sus2_12-12-12-x-x-x,D,sus2,sus2,1 2 5,intermediate_core,triad_related_suspended,from_D_major_triad_position_triad_6-5-4_first_inversion_3-5-1_14-12-12-x-x-x_sus2,12-12-12-x-x-x,"[12, 12, 12, null, null, null]",6-5-4,first_inversion_or_suspended_bass,,65,12,0,E A D None None None,2 5 1 None None None,{}
D_sus2_triad_related_suspended_from_D_major_triad_position_triad_5-4-3_second_inversion_5-1-3_x-12-12-11-x-x_sus2_x-12-12-9-x-x,D,sus2,sus2,1 2 5,intermediate_core,triad_related_suspended,from_D_major_triad_position_triad_5-4-3_second_inversion_5-1-3_x-12-12-11-x-x_sus2,x-12-12-9-x-x,"[null, 12, 12, 9, null, null]",5-4-3,second_inversion,,65,12,3,None A D E None None,None 5 1 2 None None,{}
D_sus2_triad_related_suspended_from_D_major_triad_position_triad_4-3-2_root_position_1-3-5_x-x-12-11-10-x_sus2_x-x-12-9-10-x,D,sus2,sus2,1 2 5,intermediate_core,triad_related_suspended,from_D_major_triad_position_triad_4-3-2_root_position_1-3-5_x-x-12-11-10-x_sus2,x-x-12-9-10-x,"[null, null, 12, 9, 10, null]",4-3-2,root_position,,65,12,3,None None D E A None,None None 1 2 5 None,{}
D_sus2_triad_related_suspended_from_D_major_triad_position_triad_4-3-2_first_inversion_3-5-1_x-x-16-14-15-x_sus2_x-x-14-14-15-x,D,sus2,sus2,1 2 5,intermediate_core,triad_related_suspended,from_D_major_triad_position_triad_4-3-2_first_inversion_3-5-1_x-x-16-14-15-x_sus2,x-x-14-14-15-x,"[null, null, 14, 14, 15, null]",4-3-2,first_inversion_or_suspended_bass,,65,15,1,None None E A D None,None None 2 5 1 None,{}
D_sus2_triad_related_suspended_from_D_major_triad_position_triad_3-2-1_second_inversion_5-1-3_x-x-x-14-15-14_sus2_x-x-x-14-15-12,D,sus2,sus2,1 2 5,intermediate_core,triad_related_suspended,from_D_major_triad_position_triad_3-2-1_second_inversion_5-1-3_x-x-x-14-15-14_sus2,x-x-x-14-15-12,"[null, null, null, 14, 15, 12]",3-2-1,second_inversion,,65,15,3,None None None A D E,None None None 5 1 2,{}
D_sus2_triad_related_suspended_from_D_major_triad_position_triad_6-5-4_second_inversion_5-1-3_17-17-16-x-x-x_sus2_17-17-14-x-x-x,D,sus2,sus2,1 2 5,intermediate_core,triad_related_suspended,from_D_major_triad_position_triad_6-5-4_second_inversion_5-1-3_17-17-16-x-x-x_sus2,17-17-14-x-x-x,"[17, 17, 14, null, null, null]",6-5-4,second_inversion,,65,17,3,A D E None None None,5 1 2 None None None,{}
D_sus2_triad_related_suspended_from_D_major_triad_position_triad_5-4-3_root_position_1-3-5_x-17-16-14-x-x_sus2_x-17-14-14-x-x,D,sus2,sus2,1 2 5,intermediate_core,triad_related_suspended,from_D_major_triad_position_triad_5-4-3_root_position_1-3-5_x-17-16-14-x-x_sus2,x-17-14-14-x-x,"[null, 17, 14, 14, null, null]",5-4-3,root_position,,65,17,3,None D E A None None,None 1 2 5 None None,{}
D_sus4_caged_suspended_D_shape_sus4_x-x-0-2-3-3,D,sus4,sus4,1 4 5,intermediate_core,caged_suspended,D_shape_sus4,x-x-0-2-3-3,"[null, null, 0, 2, 3, 3]",,root_position,,30,3,1,None None D A D G,None None 1 5 1 4,{}
D_sus4_caged_suspended_C_shape_sus4_x-5-5-2-3-3,D,sus4,sus4,1 4 5,intermediate_core,caged_suspended,C_shape_sus4,x-5-5-2-3-3,"[null, 5, 5, 2, 3, 3]",,root_position,,30,5,3,None D G A D G,None 1 4 5 1 4,{}
D_sus4_caged_suspended_A_shape_sus4_x-5-7-7-8-5,D,sus4,sus4,1 4 5,intermediate_core,caged_suspended,A_shape_sus4,x-5-7-7-8-5,"[null, 5, 7, 7, 8, 5]",,root_position,,30,8,3,None D A D G A,None 1 5 1 4 5,{}
D_sus4_caged_suspended_E_shape_sus4_10-12-12-12-10-10,D,sus4,sus4,1 4 5,intermediate_core,caged_suspended,E_shape_sus4,10-12-12-12-10-10,"[10, 12, 12, 12, 10, 10]",,root_position,,30,12,2,D A D G A D,1 5 1 4 5 1,{}
D_sus4_triad_related_suspended_from_D_major_triad_position_triad_6-5-4_first_inversion_3-5-1_2-0-0-x-x-x_sus4_3-0-0-x-x-x,D,sus4,sus4,1 4 5,intermediate_core,triad_related_suspended,from_D_major_triad_position_triad_6-5-4_first_inversion_3-5-1_2-0-0-x-x-x_sus4,3-0-0-x-x-x,"[3, 0, 0, null, null, null]",6-5-4,first_inversion_or_suspended_bass,,65,3,0,G A D None None None,4 5 1 None None None,{}
D_sus4_triad_related_suspended_from_D_major_triad_position_triad_3-2-1_second_inversion_5-1-3_x-x-x-2-3-2_sus4_x-x-x-2-3-3,D,sus4,sus4,1 4 5,intermediate_core,triad_related_suspended,from_D_major_triad_position_triad_3-2-1_second_inversion_5-1-3_x-x-x-2-3-2_sus4,x-x-x-2-3-3,"[null, null, null, 2, 3, 3]",3-2-1,second_inversion,,65,3,1,None None None A D G,None None None 5 1 4,{}
D_sus4_triad_related_suspended_from_D_major_triad_position_triad_6-5-4_second_inversion_5-1-3_5-5-4-x-x-x_sus4_5-5-5-x-x-x,D,sus4,sus4,1 4 5,intermediate_core,triad_related_suspended,from_D_major_triad_position_triad_6-5-4_second_inversion_5-1-3_5-5-4-x-x-x_sus4,5-5-5-x-x-x,"[5, 5, 5, null, null, null]",6-5-4,second_inversion,,65,5,0,A D G None None None,5 1 4 None None None,{}
D_sus4_triad_related_suspended_from_D_major_triad_position_triad_5-4-3_root_position_1-3-5_x-5-4-2-x-x_sus4_x-5-5-2-x-x,D,sus4,sus4,1 4 5,intermediate_core,triad_related_suspended,from_D_major_triad_position_triad_5-4-3_root_position_1-3-5_x-5-4-2-x-x_sus4,x-5-5-2-x-x,"[null, 5, 5, 2, null, null]",5-4-3,root_position,,65,5,3,None D G A None None,None 1 4 5 None None,{}
D_sus4_triad_related_suspended_from_D_major_triad_position_triad_4-3-2_first_inversion_3-5-1_x-x-4-2-3-x_sus4_x-x-5-2-3-x,D,sus4,sus4,1 4 5,intermediate_core,triad_related_suspended,from_D_major_triad_position_triad_4-3-2_first_inversion_3-5-1_x-x-4-2-3-x_sus4,x-x-5-2-3-x,"[null, null, 5, 2, 3, null]",4-3-2,first_inversion_or_suspended_bass,,65,5,3,None None G A D None,None None 4 5 1 None,{}
D_sus4_triad_related_suspended_from_D_major_triad_position_triad_4-3-2_second_inversion_5-1-3_x-x-7-7-7-x_sus4_x-x-7-7-8-x,D,sus4,sus4,1 4 5,intermediate_core,triad_related_suspended,from_D_major_triad_position_triad_4-3-2_second_inversion_5-1-3_x-x-7-7-7-x_sus4,x-x-7-7-8-x,"[null, null, 7, 7, 8, null]",4-3-2,second_inversion,,65,8,1,None None A D G None,None None 5 1 4 None,{}
D_sus4_triad_related_suspended_from_D_major_triad_position_triad_3-2-1_root_position_1-3-5_x-x-x-7-7-5_sus4_x-x-x-7-8-5,D,sus4,sus4,1 4 5,intermediate_core,triad_related_suspended,from_D_major_triad_position_triad_3-2-1_root_position_1-3-5_x-x-x-7-7-5_sus4,x-x-x-7-8-5,"[null, null, null, 7, 8, 5]",3-2-1,root_position,,65,8,3,None None None D G A,None None None 1 4 5,{}
D_sus4_triad_related_suspended_from_D_major_triad_position_triad_6-5-4_root_position_1-3-5_10-9-7-x-x-x_sus4_10-10-7-x-x-x,D,sus4,sus4,1 4 5,intermediate_core,triad_related_suspended,from_D_major_triad_position_triad_6-5-4_root_position_1-3-5_10-9-7-x-x-x_sus4,10-10-7-x-x-x,"[10, 10, 7, null, null, null]",6-5-4,root_position,,65,10,3,D G A None None None,1 4 5 None None None,{}
D_sus4_triad_related_suspended_from_D_major_triad_position_triad_5-4-3_first_inversion_3-5-1_x-9-7-7-x-x_sus4_x-10-7-7-x-x,D,sus4,sus4,1 4 5,intermediate_core,triad_related_suspended,from_D_major_triad_position_triad_5-4-3_first_inversion_3-5-1_x-9-7-7-x-x_sus4,x-10-7-7-x-x,"[null, 10, 7, 7, null, null]",5-4-3,first_inversion_or_suspended_bass,,65,10,3,None G A D None None,None 4 5 1 None None,{}
D_sus4_triad_related_suspended_from_D_major_triad_position_triad_5-4-3_second_inversion_5-1-3_x-12-12-11-x-x_sus4_x-12-12-12-x-x,D,sus4,sus4,1 4 5,intermediate_core,triad_related_suspended,from_D_major_triad_position_triad_5-4-3_second_inversion_5-1-3_x-12-12-11-x-x_sus4,x-12-12-12-x-x,"[null, 12, 12, 12, null, null]",5-4-3,second_inversion,,65,12,0,None A D G None None,None 5 1 4 None None,{}
D_sus4_triad_related_suspended_from_D_major_triad_position_triad_4-3-2_root_position_1-3-5_x-x-12-11-10-x_sus4_x-x-12-12-10-x,D,sus4,sus4,1 4 5,intermediate_core,triad_related_suspended,from_D_major_triad_position_triad_4-3-2_root_position_1-3-5_x-x-12-11-10-x_sus4,x-x-12-12-10-x,"[null, null, 12, 12, 10, null]",4-3-2,root_position,,65,12,2,None None D G A None,None None 1 4 5 None,{}
D_sus4_triad_related_suspended_from_D_major_triad_position_triad_3-2-1_first_inversion_3-5-1_x-x-x-11-10-10_sus4_x-x-x-12-10-10,D,sus4,sus4,1 4 5,intermediate_core,triad_related_suspended,from_D_major_triad_position_triad_3-2-1_first_inversion_3-5-1_x-x-x-11-10-10_sus4,x-x-x-12-10-10,"[null, null, null, 12, 10, 10]",3-2-1,first_inversion_or_suspended_bass,,65,12,2,None None None G A D,None None None 4 5 1,{}
D_sus4_triad_related_suspended_from_D_major_triad_position_triad_6-5-4_first_inversion_3-5-1_14-12-12-x-x-x_sus4_15-12-12-x-x-x,D,sus4,sus4,1 4 5,intermediate_core,triad_related_suspended,from_D_major_triad_position_triad_6-5-4_first_inversion_3-5-1_14-12-12-x-x-x_sus4,15-12-12-x-x-x,"[15, 12, 12, null, null, null]",6-5-4,first_inversion_or_suspended_bass,,65,15,3,G A D None None None,4 5 1 None None None,{}
D_sus4_triad_related_suspended_from_D_major_triad_position_triad_3-2-1_second_inversion_5-1-3_x-x-x-14-15-14_sus4_x-x-x-14-15-15,D,sus4,sus4,1 4 5,intermediate_core,triad_related_suspended,from_D_major_triad_position_triad_3-2-1_second_inversion_5-1-3_x-x-x-14-15-14_sus4,x-x-x-14-15-15,"[null, null, null, 14, 15, 15]",3-2-1,second_inversion,,65,15,1,None None None A D G,None None None 5 1 4,{}
D_sus4_triad_related_suspended_from_D_major_triad_position_triad_6-5-4_second_inversion_5-1-3_17-17-16-x-x-x_sus4_17-17-17-x-x-x,D,sus4,sus4,1 4 5,intermediate_core,triad_related_suspended,from_D_major_triad_position_triad_6-5-4_second_inversion_5-1-3_17-17-16-x-x-x_sus4,17-17-17-x-x-x,"[17, 17, 17, null, null, null]",6-5-4,second_inversion,,65,17,0,A D G None None None,5 1 4 None None None,{}
D_sus4_triad_related_suspended_from_D_major_triad_position_triad_5-4-3_root_position_1-3-5_x-17-16-14-x-x_sus4_x-17-17-14-x-x,D,sus4,sus4,1 4 5,intermediate_core,triad_related_suspended,from_D_major_triad_position_triad_5-4-3_root_position_1-3-5_x-17-16-14-x-x_sus4,x-17-17-14-x-x,"[null, 17, 17, 14, null, null]",5-4-3,root_position,,65,17,3,None D G A None None,None 1 4 5 None None,{}
D_sus4_triad_related_suspended_from_D_major_triad_position_triad_4-3-2_first_inversion_3-5-1_x-x-16-14-15-x_sus4_x-x-17-14-15-x,D,sus4,sus4,1 4 5,intermediate_core,triad_related_suspended,from_D_major_triad_position_triad_4-3-2_first_inversion_3-5-1_x-x-16-14-15-x_sus4,x-x-17-14-15-x,"[null, null, 17, 14, 15, null]",4-3-2,first_inversion_or_suspended_bass,,65,17,3,None None G A D None,None None 4 5 1 None,{}
D#_diminished_triad_position_triad_6-5-4_first_inversion_b3-b5-1_2-0-1-x-x-x,D#,diminished,dim,1 b3 b5,advanced_reference,triad_position,triad_6-5-4_first_inversion_b3-b5-1,2-0-1-x-x-x,"[2, 0, 1, null, null, null]",6-5-4,first_inversion_or_suspended_bass,first_inversion,60,2,1,F# A D# None None None,b3 b5 1 None None None,{}
D#_diminished_triad_position_triad_4-3-2_first_inversion_b3-b5-1_x-x-4-2-4-x,D#,diminished,dim,1 b3 b5,advanced_reference,triad_position,triad_4-3-2_first_inversion_b3-b5-1,x-x-4-2-4-x,"[null, null, 4, 2, 4, null]",4-3-2,first_inversion_or_suspended_bass,first_inversion,60,4,2,None None F# A D# None,None None b3 b5 1 None,{}
D#_diminished_triad_position_triad_3-2-1_second_inversion_b5-1-b3_x-x-x-2-4-2,D#,diminished,dim,1 b3 b5,advanced_reference,triad_position,triad_3-2-1_second_inversion_b5-1-b3,x-x-x-2-4-2,"[null, null, null, 2, 4, 2]",3-2-1,second_inversion,second_inversion,60,4,2,None None None A D# F#,None None None b5 1 b3,{}
D#_diminished_triad_position_triad_6-5-4_second_inversion_b5-1-b3_5-6-4-x-x-x,D#,diminished,dim,1 b3 b5,advanced_reference,triad_position,triad_6-5-4_second_inversion_b5-1-b3,5-6-4-x-x-x,"[5, 6, 4, null, null, null]",6-5-4,second_inversion,second_inversion,60,6,2,A D# F# None None None,b5 1 b3 None None None,{}
D#_diminished_triad_position_triad_5-4-3_root_position_1-b3-b5_x-6-4-2-x-x,D#,diminished,dim,1 b3 b5,advanced_reference,triad_position,triad_5-4-3_root_position_1-b3-b5,x-6-4-2-x-x,"[null, 6, 4, 2, null, null]",5-4-3,root_position,root_position,60,6,4,None D# F# A None None,None 1 b3 b5 None None,{}
D#_diminished_triad_position_triad_4-3-2_second_inversion_b5-1-b3_x-x-7-8-7-x,D#,diminished,dim,1 b3 b5,advanced_reference,triad_position,triad_4-3-2_second_inversion_b5-1-b3,x-x-7-8-7-x,"[null, null, 7, 8, 7, null]",4-3-2,second_inversion,second_inversion,60,8,1,None None A D# F# None,None None b5 1 b3 None,{}
D#_diminished_triad_position_triad_3-2-1_root_position_1-b3-b5_x-x-x-8-7-5,D#,diminished,dim,1 b3 b5,advanced_reference,triad_position,triad_3-2-1_root_position_1-b3-b5,x-x-x-8-7-5,"[null, null, null, 8, 7, 5]",3-2-1,root_position,root_position,60,8,3,None None None D# F# A,None None None 1 b3 b5,{}
D#_diminished_triad_position_triad_5-4-3_first_inversion_b3-b5-1_x-9-7-8-x-x,D#,diminished,dim,1 b3 b5,advanced_reference,triad_position,triad_5-4-3_first_inversion_b3-b5-1,x-9-7-8-x-x,"[null, 9, 7, 8, null, null]",5-4-3,first_inversion_or_suspended_bass,first_inversion,60,9,2,None F# A D# None None,None b3 b5 1 None None,{}
D#_diminished_triad_position_triad_6-5-4_root_position_1-b3-b5_11-9-7-x-x-x,D#,diminished,dim,1 b3 b5,advanced_reference,triad_position,triad_6-5-4_root_position_1-b3-b5,11-9-7-x-x-x,"[11, 9, 7, null, null, null]",6-5-4,root_position,root_position,60,11,4,D# F# A None None None,1 b3 b5 None None None,{}
D#_diminished_triad_position_triad_3-2-1_first_inversion_b3-b5-1_x-x-x-11-10-11,D#,diminished,dim,1 b3 b5,advanced_reference,triad_position,triad_3-2-1_first_inversion_b3-b5-1,x-x-x-11-10-11,"[null, null, null, 11, 10, 11]",3-2-1,first_inversion_or_suspended_bass,first_inversion,60,11,1,None None None F# A D#,None None None b3 b5 1,{}
D#_diminished_triad_position_triad_5-4-3_second_inversion_b5-1-b3_x-12-13-11-x-x,D#,diminished,dim,1 b3 b5,advanced_reference,triad_position,triad_5-4-3_second_inversion_b5-1-b3,x-12-13-11-x-x,"[null, 12, 13, 11, null, null]",5-4-3,second_inversion,second_inversion,60,13,2,None A D# F# None None,None b5 1 b3 None None,{}
D#_diminished_triad_position_triad_4-3-2_root_position_1-b3-b5_x-x-13-11-10-x,D#,diminished,dim,1 b3 b5,advanced_reference,triad_position,triad_4-3-2_root_position_1-b3-b5,x-x-13-11-10-x,"[null, null, 13, 11, 10, null]",4-3-2,root_position,root_position,60,13,3,None None D# F# A None,None None 1 b3 b5 None,{}
D#_diminished_triad_position_triad_6-5-4_first_inversion_b3-b5-1_14-12-13-x-x-x,D#,diminished,dim,1 b3 b5,advanced_reference,triad_position,triad_6-5-4_first_inversion_b3-b5-1,14-12-13-x-x-x,"[14, 12, 13, null, null, null]",6-5-4,first_inversion_or_suspended_bass,first_inversion,60,14,2,F# A D# None None None,b3 b5 1 None None None,{}
D#_diminished_triad_position_triad_4-3-2_first_inversion_b3-b5-1_x-x-16-14-16-x,D#,diminished,dim,1 b3 b5,advanced_reference,triad_position,triad_4-3-2_first_inversion_b3-b5-1,x-x-16-14-16-x,"[null, null, 16, 14, 16, null]",4-3-2,first_inversion_or_suspended_bass,first_inversion,60,16,2,None None F# A D# None,None None b3 b5 1 None,{}
D#_diminished_triad_position_triad_3-2-1_second_inversion_b5-1-b3_x-x-x-14-16-14,D#,diminished,dim,1 b3 b5,advanced_reference,triad_position,triad_3-2-1_second_inversion_b5-1-b3,x-x-x-14-16-14,"[null, null, null, 14, 16, 14]",3-2-1,second_inversion,second_inversion,60,16,2,None None None A D# F#,None None None b5 1 b3,{}
D#_diminished_triad_position_triad_6-5-4_second_inversion_b5-1-b3_17-18-16-x-x-x,D#,diminished,dim,1 b3 b5,advanced_reference,triad_position,triad_6-5-4_second_inversion_b5-1-b3,17-18-16-x-x-x,"[17, 18, 16, null, null, null]",6-5-4,second_inversion,second_inversion,60,18,2,A D# F# None None None,b5 1 b3 None None None,{}
D#_diminished_triad_position_triad_5-4-3_root_position_1-b3-b5_x-18-16-14-x-x,D#,diminished,dim,1 b3 b5,advanced_reference,triad_position,triad_5-4-3_root_position_1-b3-b5,x-18-16-14-x-x,"[null, 18, 16, 14, null, null]",5-4-3,root_position,root_position,60,18,4,None D# F# A None None,None 1 b3 b5 None None,{}
D#_diminished7_movable_diminished_A_root_dim7_diamond_x-6-7-5-7-x,D#,diminished7,dim7,1 b3 b5 bb7,intermediate_core,movable_diminished,A_root_dim7_diamond,x-6-7-5-7-x,"[null, 6, 7, 5, 7, null]",,root_position,,45,7,2,None D# A C F# None,None 1 b5 6/bb7 b3 None,{}
D#_diminished7_movable_diminished_E_root_dim7_barre_11-x-10-11-10-x,D#,diminished7,dim7,1 b3 b5 bb7,intermediate_core,movable_diminished,E_root_dim7_barre,11-x-10-11-10-x,"[11, null, 10, 11, 10, null]",,root_position,,45,11,1,D# None C F# A None,1 None 6/bb7 b3 b5 None,{}
D#_diminished7_compact_seventh_position_seventh_4-3-2-1_1-b5-bb7-b3_x-x-1-2-1-2,D#,diminished7,dim7,1 b3 b5 bb7,advanced_reference,compact_seventh_position,seventh_4-3-2-1_1-b5-bb7-b3,x-x-1-2-1-2,"[null, null, 1, 2, 1, 2]",4-3-2-1,root_position,,80,2,1,None None D# A C F#,None None 1 b5 6/bb7 b3,{}
D#_diminished7_compact_seventh_position_seventh_6-5-4-3_b3-bb7-1-b5_2-3-1-2-x-x,D#,diminished7,dim7,1 b3 b5 bb7,advanced_reference,compact_seventh_position,seventh_6-5-4-3_b3-bb7-1-b5,2-3-1-2-x-x,"[2, 3, 1, 2, null, null]",6-5-4-3,first_inversion_or_suspended_bass,,80,3,2,F# C D# A None None,b3 6/bb7 1 b5 None None,{}
D#_diminished7_compact_seventh_position_seventh_5-4-3-2_bb7-b3-b5-1_x-3-4-2-4-x,D#,diminished7,dim7,1 b3 b5 bb7,advanced_reference,compact_seventh_position,seventh_5-4-3-2_bb7-b3-b5-1,x-3-4-2-4-x,"[null, 3, 4, 2, 4, null]",5-4-3-2,seventh_in_bass,,80,4,2,None C F# A D# None,None 6/bb7 b3 b5 1 None,{}
D#_diminished7_compact_seventh_position_seventh_6-5-4-3_b3-b5-1-bb7_2-0-1-5-x-x,D#,diminished7,dim7,1 b3 b5 bb7,advanced_reference,compact_seventh_position,seventh_6-5-4-3_b3-b5-1-bb7,2-0-1-5-x-x,"[2, 0, 1, 5, null, null]",6-5-4-3,first_inversion_or_suspended_bass,,80,5,4,F# A D# C None None,b3 b5 1 6/bb7 None None,{}
D#_diminished7_compact_seventh_position_seventh_5-4-3-2_b5-b3-bb7-1_x-0-4-5-4-x,D#,diminished7,dim7,1 b3 b5 bb7,advanced_reference,compact_seventh_position,seventh_5-4-3-2_b5-b3-bb7-1,x-0-4-5-4-x,"[null, 0, 4, 5, 4, null]",5-4-3-2,second_inversion,,80,5,1,None A F# C D# None,None b5 b3 6/bb7 1 None,{}
D#_diminished7_compact_seventh_position_seventh_4-3-2-1_b3-bb7-1-b5_x-x-4-5-4-5,D#,diminished7,dim7,1 b3 b5 bb7,advanced_reference,compact_seventh_position,seventh_4-3-2-1_b3-bb7-1-b5,x-x-4-5-4-5,"[null, null, 4, 5, 4, 5]",4-3-2-1,first_inversion_or_suspended_bass,,80,5,1,None None F# C D# A,None None b3 6/bb7 1 b5,{}
D#_diminished7_compact_seventh_position_seventh_6-5-4-3_b5-1-b3-bb7_5-6-4-5-x-x,D#,diminished7,dim7,1 b3 b5 bb7,advanced_reference,compact_seventh_position,seventh_6-5-4-3_b5-1-b3-bb7,5-6-4-5-x-x,"[5, 6, 4, 5, null, null]",6-5-4-3,second_inversion,,80,6,2,A D# F# C None None,b5 1 b3 6/bb7 None None,{}
D#_diminished7_compact_seventh_position_seventh_4-3-2-1_b5-1-b3-bb7_x-x-7-8-7-8,D#,diminished7,dim7,1 b3 b5 bb7,advanced_reference,compact_seventh_position,seventh_4-3-2-1_b5-1-b3-bb7,x-x-7-8-7-8,"[null, null, 7, 8, 7, 8]",4-3-2-1,second_inversion,,80,8,1,None None A D# F# C,None None b5 1 b3 6/bb7,{}
D#_diminished7_compact_seventh_position_seventh_6-5-4-3_bb7-b3-b5-1_8-9-7-8-x-x,D#,diminished7,dim7,1 b3 b5 bb7,advanced_reference,compact_seventh_position,seventh_6-5-4-3_bb7-b3-b5-1,8-9-7-8-x-x,"[8, 9, 7, 8, null, null]",6-5-4-3,seventh_in_bass,,80,9,2,C F# A D# None None,6/bb7 b3 b5 1 None None,{}
D#_diminished7_compact_seventh_position_seventh_5-4-3-2_b3-bb7-1-b5_x-9-10-8-10-x,D#,diminished7,dim7,1 b3 b5 bb7,advanced_reference,compact_seventh_position,seventh_5-4-3-2_b3-bb7-1-b5,x-9-10-8-10-x,"[null, 9, 10, 8, 10, null]",5-4-3-2,first_inversion_or_suspended_bass,,80,10,2,None F# C D# A None,None b3 6/bb7 1 b5 None,{}
D#_diminished7_compact_seventh_position_seventh_4-3-2-1_bb7-b3-b5-1_x-x-10-11-10-11,D#,diminished7,dim7,1 b3 b5 bb7,advanced_reference,compact_seventh_position,seventh_4-3-2-1_bb7-b3-b5-1,x-x-10-11-10-11,"[null, null, 10, 11, 10, 11]",4-3-2-1,seventh_in_bass,,80,11,1,None None C F# A D#,None None 6/bb7 b3 b5 1,{}
D#_diminished7_compact_seventh_position_seventh_6-5-4-3_1-b5-bb7-b3_11-12-10-11-x-x,D#,diminished7,dim7,1 b3 b5 bb7,advanced_reference,compact_seventh_position,seventh_6-5-4-3_1-b5-bb7-b3,11-12-10-11-x-x,"[11, 12, 10, 11, null, null]",6-5-4-3,root_position,,80,12,2,D# A C F# None None,1 b5 6/bb7 b3 None None,{}
D#_diminished7_compact_seventh_position_seventh_5-4-3-2_b5-1-b3-bb7_x-12-13-11-13-x,D#,diminished7,dim7,1 b3 b5 bb7,advanced_reference,compact_seventh_position,seventh_5-4-3-2_b5-1-b3-bb7,x-12-13-11-13-x,"[null, 12, 13, 11, 13, null]",5-4-3-2,second_inversion,,80,13,2,None A D# F# C None,None b5 1 b3 6/bb7 None,{}
D#_diminished7_compact_seventh_position_seventh_4-3-2-1_1-b5-bb7-b3_x-x-13-14-13-14,D#,diminished7,dim7,1 b3 b5 bb7,advanced_reference,compact_seventh_position,seventh_4-3-2-1_1-b5-bb7-b3,x-x-13-14-13-14,"[null, null, 13, 14, 13, 14]",4-3-2-1,root_position,,80,14,1,None None D# A C F#,None None 1 b5 6/bb7 b3,{}
D#_diminished7_compact_seventh_position_seventh_6-5-4-3_b3-bb7-1-b5_14-15-13-14-x-x,D#,diminished7,dim7,1 b3 b5 bb7,advanced_reference,compact_seventh_position,seventh_6-5-4-3_b3-bb7-1-b5,14-15-13-14-x-x,"[14, 15, 13, 14, null, null]",6-5-4-3,first_inversion_or_suspended_bass,,80,15,2,F# C D# A None None,b3 6/bb7 1 b5 None None,{}
D#_diminished7_compact_seventh_position_seventh_5-4-3-2_bb7-b3-b5-1_x-15-16-14-16-x,D#,diminished7,dim7,1 b3 b5 bb7,advanced_reference,compact_seventh_position,seventh_5-4-3-2_bb7-b3-b5-1,x-15-16-14-16-x,"[null, 15, 16, 14, 16, null]",5-4-3-2,seventh_in_bass,,80,16,2,None C F# A D# None,None 6/bb7 b3 b5 1 None,{}
D#_diminished7_compact_seventh_position_seventh_4-3-2-1_b3-bb7-1-b5_x-x-16-17-16-17,D#,diminished7,dim7,1 b3 b5 bb7,advanced_reference,compact_seventh_position,seventh_4-3-2-1_b3-bb7-1-b5,x-x-16-17-16-17,"[null, null, 16, 17, 16, 17]",4-3-2-1,first_inversion_or_suspended_bass,,80,17,1,None None F# C D# A,None None b3 6/bb7 1 b5,{}
D#_diminished7_compact_seventh_position_seventh_6-5-4-3_b5-1-b3-bb7_17-18-16-17-x-x,D#,diminished7,dim7,1 b3 b5 bb7,advanced_reference,compact_seventh_position,seventh_6-5-4-3_b5-1-b3-bb7,17-18-16-17-x-x,"[17, 18, 16, 17, null, null]",6-5-4-3,second_inversion,,80,18,2,A D# F# C None None,b5 1 b3 6/bb7 None None,{}
D#_dominant7_caged_seventh_D_shape_7_x-x-1-3-2-3,D#,dominant7,7,1 3 5 b7,intermediate_core,caged_seventh,D_shape_7,x-x-1-3-2-3,"[null, null, 1, 3, 2, 3]",,root_position,,35,3,2,None None D# A# C# G,None None 1 5 b7 3,{}
D#_dominant7_caged_seventh_A_shape_7_x-6-8-6-8-6,D#,dominant7,7,1 3 5 b7,intermediate_core,caged_seventh,A_shape_7,x-6-8-6-8-6,"[null, 6, 8, 6, 8, 6]",,root_position,,35,8,2,None D# A# C# G A#,None 1 5 b7 3 5,{}
D#_dominant7_caged_seventh_G_shape_7_11-10-8-8-8-9,D#,dominant7,7,1 3 5 b7,intermediate_core,caged_seventh,G_shape_7,11-10-8-8-8-9,"[11, 10, 8, 8, 8, 9]",,root_position,,35,11,3,D# G A# D# G C#,1 3 5 1 3 b7,{}
D#_dominant7_caged_seventh_E_shape_7_11-13-11-12-11-11,D#,dominant7,7,1 3 5 b7,intermediate_core,caged_seventh,E_shape_7,11-13-11-12-11-11,"[11, 13, 11, 12, 11, 11]",,root_position,,35,13,2,D# A# C# G A# D#,1 5 b7 3 5 1,{}
D#_dominant7_compact_seventh_position_seventh_5-4-3-2_5-1-3-b7_x-1-1-0-2-x,D#,dominant7,7,1 3 5 b7,advanced_reference,compact_seventh_position,seventh_5-4-3-2_5-1-3-b7,x-1-1-0-2-x,"[null, 1, 1, 0, 2, null]",5-4-3-2,second_inversion,,80,2,1,None A# D# G C# None,None 5 1 3 b7 None,{}
D#_dominant7_compact_seventh_position_seventh_6-5-4-3_3-b7-1-5_3-4-1-3-x-x,D#,dominant7,7,1 3 5 b7,advanced_reference,compact_seventh_position,seventh_6-5-4-3_3-b7-1-5,3-4-1-3-x-x,"[3, 4, 1, 3, null, null]",6-5-4-3,first_inversion_or_suspended_bass,,80,4,3,G C# D# A# None None,3 b7 1 5 None None,{}
D#_dominant7_compact_seventh_position_seventh_5-4-3-2_b7-3-5-1_x-4-5-3-4-x,D#,dominant7,7,1 3 5 b7,advanced_reference,compact_seventh_position,seventh_5-4-3-2_b7-3-5-1,x-4-5-3-4-x,"[null, 4, 5, 3, 4, null]",5-4-3-2,seventh_in_bass,,80,5,2,None C# G A# D# None,None b7 3 5 1 None,{}
D#_dominant7_compact_seventh_position_seventh_6-5-4-3_5-1-3-b7_6-6-5-6-x-x,D#,dominant7,7,1 3 5 b7,advanced_reference,compact_seventh_position,seventh_6-5-4-3_5-1-3-b7,6-6-5-6-x-x,"[6, 6, 5, 6, null, null]",6-5-4-3,second_inversion,,80,6,1,A# D# G C# None None,5 1 3 b7 None None,{}
D#_dominant7_compact_seventh_position_seventh_5-4-3-2_1-3-5-b7_x-6-5-3-2-x,D#,dominant7,7,1 3 5 b7,advanced_reference,compact_seventh_position,seventh_5-4-3-2_1-3-5-b7,x-6-5-3-2-x,"[null, 6, 5, 3, 2, null]",5-4-3-2,root_position,,80,6,4,None D# G A# C# None,None 1 3 5 b7 None,{}
D#_dominant7_compact_seventh_position_seventh_4-3-2-1_3-b7-1-5_x-x-5-6-4-6,D#,dominant7,7,1 3 5 b7,advanced_reference,compact_seventh_position,seventh_4-3-2-1_3-b7-1-5,x-x-5-6-4-6,"[null, null, 5, 6, 4, 6]",4-3-2-1,first_inversion_or_suspended_bass,,80,6,2,None None G C# D# A#,None None 3 b7 1 5,{}
D#_dominant7_compact_seventh_position_seventh_6-5-4-3_5-b7-3-1_6-4-5-8-x-x,D#,dominant7,7,1 3 5 b7,advanced_reference,compact_seventh_position,seventh_6-5-4-3_5-b7-3-1,6-4-5-8-x-x,"[6, 4, 5, 8, null, null]",6-5-4-3,second_inversion,,80,8,4,A# C# G D# None None,5 b7 3 1 None None,{}
D#_dominant7_compact_seventh_position_seventh_5-4-3-2_b7-5-1-3_x-4-8-8-8-x,D#,dominant7,7,1 3 5 b7,advanced_reference,compact_seventh_position,seventh_5-4-3-2_b7-5-1-3,x-4-8-8-8-x,"[null, 4, 8, 8, 8, null]",5-4-3-2,seventh_in_bass,,80,8,4,None C# A# D# G None,None b7 5 1 3 None,{}
D#_dominant7_compact_seventh_position_seventh_5-4-3-2_1-5-b7-3_x-6-8-6-8-x,D#,dominant7,7,1 3 5 b7,advanced_reference,compact_seventh_position,seventh_5-4-3-2_1-5-b7-3,x-6-8-6-8-x,"[null, 6, 8, 6, 8, null]",5-4-3-2,root_position,,80,8,2,None D# A# C# G None,None 1 5 b7 3 None,{}
D#_dominant7_compact_seventh_position_seventh_4-3-2-1_5-1-3-b7_x-x-8-8-8-9,D#,dominant7,7,1 3 5 b7,advanced_reference,compact_seventh_position,seventh_4-3-2-1_5-1-3-b7,x-x-8-8-8-9,"[null, null, 8, 8, 8, 9]",4-3-2-1,second_inversion,,80,9,1,None None A# D# G C#,None None 5 1 3 b7,{}
D#_dominant7_compact_seventh_position_seventh_6-5-4-3_b7-3-5-1_9-10-8-8-x-x,D#,dominant7,7,1 3 5 b7,advanced_reference,compact_seventh_position,seventh_6-5-4-3_b7-3-5-1,9-10-8-8-x-x,"[9, 10, 8, 8, null, null]",6-5-4-3,seventh_in_bass,,80,10,2,C# G A# D# None None,b7 3 5 1 None None,{}
D#_dominant7_compact_seventh_position_seventh_5-4-3-2_3-b7-1-5_x-10-11-8-11-x,D#,dominant7,7,1 3 5 b7,advanced_reference,compact_seventh_position,seventh_5-4-3-2_3-b7-1-5,x-10-11-8-11-x,"[null, 10, 11, 8, 11, null]",5-4-3-2,first_inversion_or_suspended_bass,,80,11,3,None G C# D# A# None,None 3 b7 1 5 None,{}
D#_dominant7_compact_seventh_position_seventh_4-3-2-1_b7-3-5-1_x-x-11-12-11-11,D#,dominant7,7,1 3 5 b7,advanced_reference,compact_seventh_position,seventh_4-3-2-1_b7-3-5-1,x-x-11-12-11-11,"[null, null, 11, 12, 11, 11]",4-3-2-1,seventh_in_bass,,80,12,1,None None C# G A# D#,None None b7 3 5 1,{}
D#_dominant7_compact_seventh_position_seventh_6-5-4-3_1-5-b7-3_11-13-11-12-x-x,D#,dominant7,7,1 3 5 b7,advanced_reference,compact_seventh_position,seventh_6-5-4-3_1-5-b7-3,11-13-11-12-x-x,"[11, 13, 11, 12, null, null]",6-5-4-3,root_position,,80,13,2,D# A# C# G None None,1 5 b7 3 None None,{}
D#_dominant7_compact_seventh_position_seventh_6-5-4-3_b7-5-1-3_9-13-13-12-x-x,D#,dominant7,7,1 3 5 b7,advanced_reference,compact_seventh_position,seventh_6-5-4-3_b7-5-1-3,9-13-13-12-x-x,"[9, 13, 13, 12, null, null]",6-5-4-3,seventh_in_bass,,80,13,4,C# A# D# G None None,b7 5 1 3 None None,{}
D#_dominant7_compact_seventh_position_seventh_4-3-2-1_1-3-5-b7_x-x-13-12-11-9,D#,dominant7,7,1 3 5 b7,advanced_reference,compact_seventh_position,seventh_4-3-2-1_1-3-5-b7,x-x-13-12-11-9,"[null, null, 13, 12, 11, 9]",4-3-2-1,root_position,,80,13,4,None None D# G A# C#,None None 1 3 5 b7,{}
D#_dominant7_compact_seventh_position_seventh_5-4-3-2_5-1-3-b7_x-13-13-12-14-x,D#,dominant7,7,1 3 5 b7,advanced_reference,compact_seventh_position,seventh_5-4-3-2_5-1-3-b7,x-13-13-12-14-x,"[null, 13, 13, 12, 14, null]",5-4-3-2,second_inversion,,80,14,2,None A# D# G C# None,None 5 1 3 b7 None,{}
D#_dominant7_compact_seventh_position_seventh_4-3-2-1_1-5-b7-3_x-x-13-15-14-15,D#,dominant7,7,1 3 5 b7,advanced_reference,compact_seventh_position,seventh_4-3-2-1_1-5-b7-3,x-x-13-15-14-15,"[null, null, 13, 15, 14, 15]",4-3-2-1,root_position,,80,15,2,None None D# A# C# G,None None 1 5 b7 3,{}
D#_dominant7_compact_seventh_position_seventh_6-5-4-3_3-b7-1-5_15-16-13-15-x-x,D#,dominant7,7,1 3 5 b7,advanced_reference,compact_seventh_position,seventh_6-5-4-3_3-b7-1-5,15-16-13-15-x-x,"[15, 16, 13, 15, null, null]",6-5-4-3,first_inversion_or_suspended_bass,,80,16,3,G C# D# A# None None,3 b7 1 5 None None,{}
D#_dominant7_compact_seventh_position_seventh_5-4-3-2_b7-3-5-1_x-16-17-15-16-x,D#,dominant7,7,1 3 5 b7,advanced_reference,compact_seventh_position,seventh_5-4-3-2_b7-3-5-1,x-16-17-15-16-x,"[null, 16, 17, 15, 16, null]",5-4-3-2,seventh_in_bass,,80,17,2,None C# G A# D# None,None b7 3 5 1 None,{}
D#_dominant7_compact_seventh_position_seventh_6-5-4-3_5-1-3-b7_18-18-17-18-x-x,D#,dominant7,7,1 3 5 b7,advanced_reference,compact_seventh_position,seventh_6-5-4-3_5-1-3-b7,18-18-17-18-x-x,"[18, 18, 17, 18, null, null]",6-5-4-3,second_inversion,,80,18,1,A# D# G C# None None,5 1 3 b7 None None,{}
D#_dominant7_compact_seventh_position_seventh_5-4-3-2_1-3-5-b7_x-18-17-15-14-x,D#,dominant7,7,1 3 5 b7,advanced_reference,compact_seventh_position,seventh_5-4-3-2_1-3-5-b7,x-18-17-15-14-x,"[null, 18, 17, 15, 14, null]",5-4-3-2,root_position,,80,18,4,None D# G A# C# None,None 1 3 5 b7 None,{}
D#_dominant7_compact_seventh_position_seventh_4-3-2-1_3-b7-1-5_x-x-17-18-16-18,D#,dominant7,7,1 3 5 b7,advanced_reference,compact_seventh_position,seventh_4-3-2-1_3-b7-1-5,x-x-17-18-16-18,"[null, null, 17, 18, 16, 18]",4-3-2-1,first_inversion_or_suspended_bass,,80,18,2,None None G C# D# A#,None None 3 b7 1 5,{}
D#_half_diminished7_movable_diminished_A_root_m7b5_x-6-7-6-7-x,D#,half_diminished7,m7b5,1 b3 b5 b7,intermediate_core,movable_diminished,A_root_m7b5,x-6-7-6-7-x,"[null, 6, 7, 6, 7, null]",,root_position,,45,7,1,None D# A C# F# None,None 1 b5 b7 b3 None,{}
D#_half_diminished7_movable_diminished_E_root_m7b5_11-x-11-11-10-x,D#,half_diminished7,m7b5,1 b3 b5 b7,intermediate_core,movable_diminished,E_root_m7b5,11-x-11-11-10-x,"[11, null, 11, 11, 10, null]",,root_position,,45,11,1,D# None C# F# A None,1 None b7 b3 b5 None,{}
D#_half_diminished7_compact_seventh_position_seventh_4-3-2-1_1-b5-b7-b3_x-x-1-2-2-2,D#,half_diminished7,m7b5,1 b3 b5 b7,advanced_reference,compact_seventh_position,seventh_4-3-2-1_1-b5-b7-b3,x-x-1-2-2-2,"[null, null, 1, 2, 2, 2]",4-3-2-1,root_position,,80,2,1,None None D# A C# F#,None None 1 b5 b7 b3,{}
D#_half_diminished7_compact_seventh_position_seventh_6-5-4-3_b3-b7-1-b5_2-4-1-2-x-x,D#,half_diminished7,m7b5,1 b3 b5 b7,advanced_reference,compact_seventh_position,seventh_6-5-4-3_b3-b7-1-b5,2-4-1-2-x-x,"[2, 4, 1, 2, null, null]",6-5-4-3,first_inversion_or_suspended_bass,,80,4,3,F# C# D# A None None,b3 b7 1 b5 None None,{}
D#_half_diminished7_compact_seventh_position_seventh_5-4-3-2_b7-b3-b5-1_x-4-4-2-4-x,D#,half_diminished7,m7b5,1 b3 b5 b7,advanced_reference,compact_seventh_position,seventh_5-4-3-2_b7-b3-b5-1,x-4-4-2-4-x,"[null, 4, 4, 2, 4, null]",5-4-3-2,seventh_in_bass,,80,4,2,None C# F# A D# None,None b7 b3 b5 1 None,{}
D#_half_diminished7_compact_seventh_position_seventh_6-5-4-3_b5-1-b3-b7_5-6-4-6-x-x,D#,half_diminished7,m7b5,1 b3 b5 b7,advanced_reference,compact_seventh_position,seventh_6-5-4-3_b5-1-b3-b7,5-6-4-6-x-x,"[5, 6, 4, 6, null, null]",6-5-4-3,second_inversion,,80,6,2,A D# F# C# None None,b5 1 b3 b7 None None,{}
D#_half_diminished7_compact_seventh_position_seventh_5-4-3-2_1-b3-b5-b7_x-6-4-2-2-x,D#,half_diminished7,m7b5,1 b3 b5 b7,advanced_reference,compact_seventh_position,seventh_5-4-3-2_1-b3-b5-b7,x-6-4-2-2-x,"[null, 6, 4, 2, 2, null]",5-4-3-2,root_position,,80,6,4,None D# F# A C# None,None 1 b3 b5 b7 None,{}
D#_half_diminished7_compact_seventh_position_seventh_4-3-2-1_b3-b7-1-b5_x-x-4-6-4-5,D#,half_diminished7,m7b5,1 b3 b5 b7,advanced_reference,compact_seventh_position,seventh_4-3-2-1_b3-b7-1-b5,x-x-4-6-4-5,"[null, null, 4, 6, 4, 5]",4-3-2-1,first_inversion_or_suspended_bass,,80,6,2,None None F# C# D# A,None None b3 b7 1 b5,{}
D#_half_diminished7_compact_seventh_position_seventh_6-5-4-3_b5-b7-b3-1_5-4-4-8-x-x,D#,half_diminished7,m7b5,1 b3 b5 b7,advanced_reference,compact_seventh_position,seventh_6-5-4-3_b5-b7-b3-1,5-4-4-8-x-x,"[5, 4, 4, 8, null, null]",6-5-4-3,second_inversion,,80,8,4,A C# F# D# None None,b5 b7 b3 1 None None,{}
D#_half_diminished7_compact_seventh_position_seventh_5-4-3-2_b7-b5-1-b3_x-4-7-8-7-x,D#,half_diminished7,m7b5,1 b3 b5 b7,advanced_reference,compact_seventh_position,seventh_5-4-3-2_b7-b5-1-b3,x-4-7-8-7-x,"[null, 4, 7, 8, 7, null]",5-4-3-2,seventh_in_bass,,80,8,4,None C# A D# F# None,None b7 b5 1 b3 None,{}
D#_half_diminished7_compact_seventh_position_seventh_6-5-4-3_b7-b3-b5-1_9-9-7-8-x-x,D#,half_diminished7,m7b5,1 b3 b5 b7,advanced_reference,compact_seventh_position,seventh_6-5-4-3_b7-b3-b5-1,9-9-7-8-x-x,"[9, 9, 7, 8, null, null]",6-5-4-3,seventh_in_bass,,80,9,2,C# F# A D# None None,b7 b3 b5 1 None None,{}
D#_half_diminished7_compact_seventh_position_seventh_4-3-2-1_b5-1-b3-b7_x-x-7-8-7-9,D#,half_diminished7,m7b5,1 b3 b5 b7,advanced_reference,compact_seventh_position,seventh_4-3-2-1_b5-1-b3-b7,x-x-7-8-7-9,"[null, null, 7, 8, 7, 9]",4-3-2-1,second_inversion,,80,9,2,None None A D# F# C#,None None b5 1 b3 b7,{}
D#_half_diminished7_compact_seventh_position_seventh_5-4-3-2_b3-b7-1-b5_x-9-11-8-10-x,D#,half_diminished7,m7b5,1 b3 b5 b7,advanced_reference,compact_seventh_position,seventh_5-4-3-2_b3-b7-1-b5,x-9-11-8-10-x,"[null, 9, 11, 8, 10, null]",5-4-3-2,first_inversion_or_suspended_bass,,80,11,3,None F# C# D# A None,None b3 b7 1 b5 None,{}
D#_half_diminished7_compact_seventh_position_seventh_4-3-2-1_b7-b3-b5-1_x-x-11-11-10-11,D#,half_diminished7,m7b5,1 b3 b5 b7,advanced_reference,compact_seventh_position,seventh_4-3-2-1_b7-b3-b5-1,x-x-11-11-10-11,"[null, null, 11, 11, 10, 11]",4-3-2-1,seventh_in_bass,,80,11,1,None None C# F# A D#,None None b7 b3 b5 1,{}
D#_half_diminished7_compact_seventh_position_seventh_6-5-4-3_1-b5-b7-b3_11-12-11-11-x-x,D#,half_diminished7,m7b5,1 b3 b5 b7,advanced_reference,compact_seventh_position,seventh_6-5-4-3_1-b5-b7-b3,11-12-11-11-x-x,"[11, 12, 11, 11, null, null]",6-5-4-3,root_position,,80,12,1,D# A C# F# None None,1 b5 b7 b3 None None,{}
D#_half_diminished7_compact_seventh_position_seventh_6-5-4-3_b7-b5-1-b3_9-12-13-11-x-x,D#,half_diminished7,m7b5,1 b3 b5 b7,advanced_reference,compact_seventh_position,seventh_6-5-4-3_b7-b5-1-b3,9-12-13-11-x-x,"[9, 12, 13, 11, null, null]",6-5-4-3,seventh_in_bass,,80,13,4,C# A D# F# None None,b7 b5 1 b3 None None,{}
D#_half_diminished7_compact_seventh_position_seventh_4-3-2-1_1-b3-b5-b7_x-x-13-11-10-9,D#,half_diminished7,m7b5,1 b3 b5 b7,advanced_reference,compact_seventh_position,seventh_4-3-2-1_1-b3-b5-b7,x-x-13-11-10-9,"[null, null, 13, 11, 10, 9]",4-3-2-1,root_position,,80,13,4,None None D# F# A C#,None None 1 b3 b5 b7,{}
D#_half_diminished7_compact_seventh_position_seventh_5-4-3-2_b5-1-b3-b7_x-12-13-11-14-x,D#,half_diminished7,m7b5,1 b3 b5 b7,advanced_reference,compact_seventh_position,seventh_5-4-3-2_b5-1-b3-b7,x-12-13-11-14-x,"[null, 12, 13, 11, 14, null]",5-4-3-2,second_inversion,,80,14,3,None A D# F# C# None,None b5 1 b3 b7 None,{}
D#_half_diminished7_compact_seventh_position_seventh_4-3-2-1_1-b5-b7-b3_x-x-13-14-14-14,D#,half_diminished7,m7b5,1 b3 b5 b7,advanced_reference,compact_seventh_position,seventh_4-3-2-1_1-b5-b7-b3,x-x-13-14-14-14,"[null, null, 13, 14, 14, 14]",4-3-2-1,root_position,,80,14,1,None None D# A C# F#,None None 1 b5 b7 b3,{}
D#_half_diminished7_compact_seventh_position_seventh_6-5-4-3_b3-b7-1-b5_14-16-13-14-x-x,D#,half_diminished7,m7b5,1 b3 b5 b7,advanced_reference,compact_seventh_position,seventh_6-5-4-3_b3-b7-1-b5,14-16-13-14-x-x,"[14, 16, 13, 14, null, null]",6-5-4-3,first_inversion_or_suspended_bass,,80,16,3,F# C# D# A None None,b3 b7 1 b5 None None,{}
D#_half_diminished7_compact_seventh_position_seventh_5-4-3-2_b7-b3-b5-1_x-16-16-14-16-x,D#,half_diminished7,m7b5,1 b3 b5 b7,advanced_reference,compact_seventh_position,seventh_5-4-3-2_b7-b3-b5-1,x-16-16-14-16-x,"[null, 16, 16, 14, 16, null]",5-4-3-2,seventh_in_bass,,80,16,2,None C# F# A D# None,None b7 b3 b5 1 None,{}
D#_half_diminished7_compact_seventh_position_seventh_6-5-4-3_b5-1-b3-b7_17-18-16-18-x-x,D#,half_diminished7,m7b5,1 b3 b5 b7,advanced_reference,compact_seventh_position,seventh_6-5-4-3_b5-1-b3-b7,17-18-16-18-x-x,"[17, 18, 16, 18, null, null]",6-5-4-3,second_inversion,,80,18,2,A D# F# C# None None,b5 1 b3 b7 None None,{}
D#_half_diminished7_compact_seventh_position_seventh_5-4-3-2_1-b3-b5-b7_x-18-16-14-14-x,D#,half_diminished7,m7b5,1 b3 b5 b7,advanced_reference,compact_seventh_position,seventh_5-4-3-2_1-b3-b5-b7,x-18-16-14-14-x,"[null, 18, 16, 14, 14, null]",5-4-3-2,root_position,,80,18,4,None D# F# A C# None,None 1 b3 b5 b7 None,{}
D#_half_diminished7_compact_seventh_position_seventh_4-3-2-1_b3-b7-1-b5_x-x-16-18-16-17,D#,half_diminished7,m7b5,1 b3 b5 b7,advanced_reference,compact_seventh_position,seventh_4-3-2-1_b3-b7-1-b5,x-x-16-18-16-17,"[null, null, 16, 18, 16, 17]",4-3-2-1,first_inversion_or_suspended_bass,,80,18,2,None None F# C# D# A,None None b3 b7 1 b5,{}
D#_m7_caged_seventh_D_shape_m7_x-x-1-3-2-2,D#,m7,m7,1 b3 5 b7,intermediate_core,caged_seventh,D_shape_m7,x-x-1-3-2-2,"[null, null, 1, 3, 2, 2]",,root_position,,35,3,2,None None D# A# C# F#,None None 1 5 b7 b3,{}
D#_m7_caged_seventh_A_shape_m7_x-6-8-6-7-6,D#,m7,m7,1 b3 5 b7,intermediate_core,caged_seventh,A_shape_m7,x-6-8-6-7-6,"[null, 6, 8, 6, 7, 6]",,root_position,,35,8,2,None D# A# C# F# A#,None 1 5 b7 b3 5,{}
D#_m7_caged_seventh_E_shape_m7_11-13-11-11-11-11,D#,m7,m7,1 b3 5 b7,intermediate_core,caged_seventh,E_shape_m7,11-13-11-11-11-11,"[11, 13, 11, 11, 11, 11]",,root_position,,35,13,2,D# A# C# F# A# D#,1 5 b7 b3 5 1,{}
D#_m7_compact_seventh_position_seventh_6-5-4-3_b3-b7-1-5_2-4-1-3-x-x,D#,m7,m7,1 b3 5 b7,advanced_reference,compact_seventh_position,seventh_6-5-4-3_b3-b7-1-5,2-4-1-3-x-x,"[2, 4, 1, 3, null, null]",6-5-4-3,first_inversion_or_suspended_bass,,80,4,3,F# C# D# A# None None,b3 b7 1 5 None None,{}
D#_m7_compact_seventh_position_seventh_5-4-3-2_b7-b3-5-1_x-4-4-3-4-x,D#,m7,m7,1 b3 5 b7,advanced_reference,compact_seventh_position,seventh_5-4-3-2_b7-b3-5-1,x-4-4-3-4-x,"[null, 4, 4, 3, 4, null]",5-4-3-2,seventh_in_bass,,80,4,1,None C# F# A# D# None,None b7 b3 5 1 None,{}
D#_m7_compact_seventh_position_seventh_6-5-4-3_5-1-b3-b7_6-6-4-6-x-x,D#,m7,m7,1 b3 5 b7,advanced_reference,compact_seventh_position,seventh_6-5-4-3_5-1-b3-b7,6-6-4-6-x-x,"[6, 6, 4, 6, null, null]",6-5-4-3,second_inversion,,80,6,2,A# D# F# C# None None,5 1 b3 b7 None None,{}
D#_m7_compact_seventh_position_seventh_5-4-3-2_1-b3-5-b7_x-6-4-3-2-x,D#,m7,m7,1 b3 5 b7,advanced_reference,compact_seventh_position,seventh_5-4-3-2_1-b3-5-b7,x-6-4-3-2-x,"[null, 6, 4, 3, 2, null]",5-4-3-2,root_position,,80,6,4,None D# F# A# C# None,None 1 b3 5 b7 None,{}
D#_m7_compact_seventh_position_seventh_4-3-2-1_b3-b7-1-5_x-x-4-6-4-6,D#,m7,m7,1 b3 5 b7,advanced_reference,compact_seventh_position,seventh_4-3-2-1_b3-b7-1-5,x-x-4-6-4-6,"[null, null, 4, 6, 4, 6]",4-3-2-1,first_inversion_or_suspended_bass,,80,6,2,None None F# C# D# A#,None None b3 b7 1 5,{}
D#_m7_compact_seventh_position_seventh_6-5-4-3_5-b7-b3-1_6-4-4-8-x-x,D#,m7,m7,1 b3 5 b7,advanced_reference,compact_seventh_position,seventh_6-5-4-3_5-b7-b3-1,6-4-4-8-x-x,"[6, 4, 4, 8, null, null]",6-5-4-3,second_inversion,,80,8,4,A# C# F# D# None None,5 b7 b3 1 None None,{}
D#_m7_compact_seventh_position_seventh_5-4-3-2_b7-5-1-b3_x-4-8-8-7-x,D#,m7,m7,1 b3 5 b7,advanced_reference,compact_seventh_position,seventh_5-4-3-2_b7-5-1-b3,x-4-8-8-7-x,"[null, 4, 8, 8, 7, null]",5-4-3-2,seventh_in_bass,,80,8,4,None C# A# D# F# None,None b7 5 1 b3 None,{}
D#_m7_compact_seventh_position_seventh_5-4-3-2_1-5-b7-b3_x-6-8-6-7-x,D#,m7,m7,1 b3 5 b7,advanced_reference,compact_seventh_position,seventh_5-4-3-2_1-5-b7-b3,x-6-8-6-7-x,"[null, 6, 8, 6, 7, null]",5-4-3-2,root_position,,80,8,2,None D# A# C# F# None,None 1 5 b7 b3 None,{}
D#_m7_compact_seventh_position_seventh_6-5-4-3_b7-b3-5-1_9-9-8-8-x-x,D#,m7,m7,1 b3 5 b7,advanced_reference,compact_seventh_position,seventh_6-5-4-3_b7-b3-5-1,9-9-8-8-x-x,"[9, 9, 8, 8, null, null]",6-5-4-3,seventh_in_bass,,80,9,1,C# F# A# D# None None,b7 b3 5 1 None None,{}
D#_m7_compact_seventh_position_seventh_4-3-2-1_5-1-b3-b7_x-x-8-8-7-9,D#,m7,m7,1 b3 5 b7,advanced_reference,compact_seventh_position,seventh_4-3-2-1_5-1-b3-b7,x-x-8-8-7-9,"[null, null, 8, 8, 7, 9]",4-3-2-1,second_inversion,,80,9,2,None None A# D# F# C#,None None 5 1 b3 b7,{}
D#_m7_compact_seventh_position_seventh_5-4-3-2_b3-b7-1-5_x-9-11-8-11-x,D#,m7,m7,1 b3 5 b7,advanced_reference,compact_seventh_position,seventh_5-4-3-2_b3-b7-1-5,x-9-11-8-11-x,"[null, 9, 11, 8, 11, null]",5-4-3-2,first_inversion_or_suspended_bass,,80,11,3,None F# C# D# A# None,None b3 b7 1 5 None,{}
D#_m7_compact_seventh_position_seventh_4-3-2-1_b7-b3-5-1_x-x-11-11-11-11,D#,m7,m7,1 b3 5 b7,advanced_reference,compact_seventh_position,seventh_4-3-2-1_b7-b3-5-1,x-x-11-11-11-11,"[null, null, 11, 11, 11, 11]",4-3-2-1,seventh_in_bass,,80,11,0,None None C# F# A# D#,None None b7 b3 5 1,{}
D#_m7_compact_seventh_position_seventh_6-5-4-3_1-5-b7-b3_11-13-11-11-x-x,D#,m7,m7,1 b3 5 b7,advanced_reference,compact_seventh_position,seventh_6-5-4-3_1-5-b7-b3,11-13-11-11-x-x,"[11, 13, 11, 11, null, null]",6-5-4-3,root_position,,80,13,2,D# A# C# F# None None,1 5 b7 b3 None None,{}
D#_m7_compact_seventh_position_seventh_6-5-4-3_b7-5-1-b3_9-13-13-11-x-x,D#,m7,m7,1 b3 5 b7,advanced_reference,compact_seventh_position,seventh_6-5-4-3_b7-5-1-b3,9-13-13-11-x-x,"[9, 13, 13, 11, null, null]",6-5-4-3,seventh_in_bass,,80,13,4,C# A# D# F# None None,b7 5 1 b3 None None,{}
D#_m7_compact_seventh_position_seventh_4-3-2-1_1-b3-5-b7_x-x-13-11-11-9,D#,m7,m7,1 b3 5 b7,advanced_reference,compact_seventh_position,seventh_4-3-2-1_1-b3-5-b7,x-x-13-11-11-9,"[null, null, 13, 11, 11, 9]",4-3-2-1,root_position,,80,13,4,None None D# F# A# C#,None None 1 b3 5 b7,{}
D#_m7_compact_seventh_position_seventh_5-4-3-2_5-1-b3-b7_x-13-13-11-14-x,D#,m7,m7,1 b3 5 b7,advanced_reference,compact_seventh_position,seventh_5-4-3-2_5-1-b3-b7,x-13-13-11-14-x,"[null, 13, 13, 11, 14, null]",5-4-3-2,second_inversion,,80,14,3,None A# D# F# C# None,None 5 1 b3 b7 None,{}
D#_m7_compact_seventh_position_seventh_4-3-2-1_1-5-b7-b3_x-x-13-15-14-14,D#,m7,m7,1 b3 5 b7,advanced_reference,compact_seventh_position,seventh_4-3-2-1_1-5-b7-b3,x-x-13-15-14-14,"[null, null, 13, 15, 14, 14]",4-3-2-1,root_position,,80,15,2,None None D# A# C# F#,None None 1 5 b7 b3,{}
D#_m7_compact_seventh_position_seventh_6-5-4-3_b3-b7-1-5_14-16-13-15-x-x,D#,m7,m7,1 b3 5 b7,advanced_reference,compact_seventh_position,seventh_6-5-4-3_b3-b7-1-5,14-16-13-15-x-x,"[14, 16, 13, 15, null, null]",6-5-4-3,first_inversion_or_suspended_bass,,80,16,3,F# C# D# A# None None,b3 b7 1 5 None None,{}
D#_m7_compact_seventh_position_seventh_5-4-3-2_b7-b3-5-1_x-16-16-15-16-x,D#,m7,m7,1 b3 5 b7,advanced_reference,compact_seventh_position,seventh_5-4-3-2_b7-b3-5-1,x-16-16-15-16-x,"[null, 16, 16, 15, 16, null]",5-4-3-2,seventh_in_bass,,80,16,1,None C# F# A# D# None,None b7 b3 5 1 None,{}
D#_m7_compact_seventh_position_seventh_6-5-4-3_5-1-b3-b7_18-18-16-18-x-x,D#,m7,m7,1 b3 5 b7,advanced_reference,compact_seventh_position,seventh_6-5-4-3_5-1-b3-b7,18-18-16-18-x-x,"[18, 18, 16, 18, null, null]",6-5-4-3,second_inversion,,80,18,2,A# D# F# C# None None,5 1 b3 b7 None None,{}
D#_m7_compact_seventh_position_seventh_5-4-3-2_1-b3-5-b7_x-18-16-15-14-x,D#,m7,m7,1 b3 5 b7,advanced_reference,compact_seventh_position,seventh_5-4-3-2_1-b3-5-b7,x-18-16-15-14-x,"[null, 18, 16, 15, 14, null]",5-4-3-2,root_position,,80,18,4,None D# F# A# C# None,None 1 b3 5 b7 None,{}
D#_m7_compact_seventh_position_seventh_4-3-2-1_b3-b7-1-5_x-x-16-18-16-18,D#,m7,m7,1 b3 5 b7,advanced_reference,compact_seventh_position,seventh_4-3-2-1_b3-b7-1-5,x-x-16-18-16-18,"[null, null, 16, 18, 16, 18]",4-3-2-1,first_inversion_or_suspended_bass,,80,18,2,None None F# C# D# A#,None None b3 b7 1 5,{}
D#_maj7_caged_seventh_A_shape_maj7_x-6-8-7-8-6,D#,maj7,maj7,1 3 5 7,intermediate_core,caged_seventh,A_shape_maj7,x-6-8-7-8-6,"[null, 6, 8, 7, 8, 6]",,root_position,,35,8,2,None D# A# D G A#,None 1 5 7 3 5,{}
D#_maj7_caged_seventh_G_shape_maj7_11-x-12-12-11-x,D#,maj7,maj7,1 3 5 7,intermediate_core,caged_seventh,G_shape_maj7,11-x-12-12-11-x,"[11, null, 12, 12, 11, null]",,root_position,,35,12,1,D# None D G A# None,1 None 7 3 5 None,{}
D#_maj7_caged_seventh_E_shape_maj7_11-13-12-12-11-11,D#,maj7,maj7,1 3 5 7,intermediate_core,caged_seventh,E_shape_maj7,11-13-12-12-11-11,"[11, 13, 12, 12, 11, 11]",,root_position,,35,13,2,D# A# D G A# D#,1 5 7 3 5 1,{}
D#_maj7_compact_seventh_position_seventh_5-4-3-2_5-1-3-7_x-1-1-0-3-x,D#,maj7,maj7,1 3 5 7,advanced_reference,compact_seventh_position,seventh_5-4-3-2_5-1-3-7,x-1-1-0-3-x,"[null, 1, 1, 0, 3, null]",5-4-3-2,second_inversion,,80,3,2,None A# D# G D None,None 5 1 3 7 None,{}
D#_maj7_compact_seventh_position_seventh_4-3-2-1_1-5-7-3_x-x-1-3-3-3,D#,maj7,maj7,1 3 5 7,advanced_reference,compact_seventh_position,seventh_4-3-2-1_1-5-7-3,x-x-1-3-3-3,"[null, null, 1, 3, 3, 3]",4-3-2-1,root_position,,80,3,2,None None D# A# D G,None None 1 5 7 3,{}
D#_maj7_compact_seventh_position_seventh_5-4-3-2_5-7-3-1_x-1-0-0-4-x,D#,maj7,maj7,1 3 5 7,advanced_reference,compact_seventh_position,seventh_5-4-3-2_5-7-3-1,x-1-0-0-4-x,"[null, 1, 0, 0, 4, null]",5-4-3-2,second_inversion,,80,4,3,None A# D G D# None,None 5 7 3 1 None,{}
D#_maj7_compact_seventh_position_seventh_4-3-2-1_7-5-1-3_x-x-0-3-4-3,D#,maj7,maj7,1 3 5 7,advanced_reference,compact_seventh_position,seventh_4-3-2-1_7-5-1-3,x-x-0-3-4-3,"[null, null, 0, 3, 4, 3]",4-3-2-1,seventh_in_bass,,80,4,1,None None D A# D# G,None None 7 5 1 3,{}
D#_maj7_compact_seventh_position_seventh_6-5-4-3_3-7-1-5_3-5-1-3-x-x,D#,maj7,maj7,1 3 5 7,advanced_reference,compact_seventh_position,seventh_6-5-4-3_3-7-1-5,3-5-1-3-x-x,"[3, 5, 1, 3, null, null]",6-5-4-3,first_inversion_or_suspended_bass,,80,5,4,G D D# A# None None,3 7 1 5 None None,{}
D#_maj7_compact_seventh_position_seventh_5-4-3-2_7-3-5-1_x-5-5-3-4-x,D#,maj7,maj7,1 3 5 7,advanced_reference,compact_seventh_position,seventh_5-4-3-2_7-3-5-1,x-5-5-3-4-x,"[null, 5, 5, 3, 4, null]",5-4-3-2,seventh_in_bass,,80,5,2,None D G A# D# None,None 7 3 5 1 None,{}
D#_maj7_compact_seventh_position_seventh_5-4-3-2_1-3-5-7_x-6-5-3-3-x,D#,maj7,maj7,1 3 5 7,advanced_reference,compact_seventh_position,seventh_5-4-3-2_1-3-5-7,x-6-5-3-3-x,"[null, 6, 5, 3, 3, null]",5-4-3-2,root_position,,80,6,3,None D# G A# D None,None 1 3 5 7 None,{}
D#_maj7_compact_seventh_position_seventh_6-5-4-3_5-1-3-7_6-6-5-7-x-x,D#,maj7,maj7,1 3 5 7,advanced_reference,compact_seventh_position,seventh_6-5-4-3_5-1-3-7,6-6-5-7-x-x,"[6, 6, 5, 7, null, null]",6-5-4-3,second_inversion,,80,7,2,A# D# G D None None,5 1 3 7 None None,{}
D#_maj7_compact_seventh_position_seventh_4-3-2-1_3-7-1-5_x-x-5-7-4-6,D#,maj7,maj7,1 3 5 7,advanced_reference,compact_seventh_position,seventh_4-3-2-1_3-7-1-5,x-x-5-7-4-6,"[null, null, 5, 7, 4, 6]",4-3-2-1,first_inversion_or_suspended_bass,,80,7,3,None None G D D# A#,None None 3 7 1 5,{}
D#_maj7_compact_seventh_position_seventh_6-5-4-3_5-7-3-1_6-5-5-8-x-x,D#,maj7,maj7,1 3 5 7,advanced_reference,compact_seventh_position,seventh_6-5-4-3_5-7-3-1,6-5-5-8-x-x,"[6, 5, 5, 8, null, null]",6-5-4-3,second_inversion,,80,8,3,A# D G D# None None,5 7 3 1 None None,{}
D#_maj7_compact_seventh_position_seventh_5-4-3-2_7-5-1-3_x-5-8-8-8-x,D#,maj7,maj7,1 3 5 7,advanced_reference,compact_seventh_position,seventh_5-4-3-2_7-5-1-3,x-5-8-8-8-x,"[null, 5, 8, 8, 8, null]",5-4-3-2,seventh_in_bass,,80,8,3,None D A# D# G None,None 7 5 1 3 None,{}
D#_maj7_compact_seventh_position_seventh_5-4-3-2_1-5-7-3_x-6-8-7-8-x,D#,maj7,maj7,1 3 5 7,advanced_reference,compact_seventh_position,seventh_5-4-3-2_1-5-7-3,x-6-8-7-8-x,"[null, 6, 8, 7, 8, null]",5-4-3-2,root_position,,80,8,2,None D# A# D G None,None 1 5 7 3 None,{}
D#_maj7_compact_seventh_position_seventh_6-5-4-3_7-3-5-1_10-10-8-8-x-x,D#,maj7,maj7,1 3 5 7,advanced_reference,compact_seventh_position,seventh_6-5-4-3_7-3-5-1,10-10-8-8-x-x,"[10, 10, 8, 8, null, null]",6-5-4-3,seventh_in_bass,,80,10,2,D G A# D# None None,7 3 5 1 None None,{}
D#_maj7_compact_seventh_position_seventh_4-3-2-1_5-1-3-7_x-x-8-8-8-10,D#,maj7,maj7,1 3 5 7,advanced_reference,compact_seventh_position,seventh_4-3-2-1_5-1-3-7,x-x-8-8-8-10,"[null, null, 8, 8, 8, 10]",4-3-2-1,second_inversion,,80,10,2,None None A# D# G D,None None 5 1 3 7,{}
D#_maj7_compact_seventh_position_seventh_6-5-4-3_1-3-5-7_11-10-8-7-x-x,D#,maj7,maj7,1 3 5 7,advanced_reference,compact_seventh_position,seventh_6-5-4-3_1-3-5-7,11-10-8-7-x-x,"[11, 10, 8, 7, null, null]",6-5-4-3,root_position,,80,11,4,D# G A# D None None,1 3 5 7 None None,{}
D#_maj7_compact_seventh_position_seventh_4-3-2-1_5-7-3-1_x-x-8-7-8-11,D#,maj7,maj7,1 3 5 7,advanced_reference,compact_seventh_position,seventh_4-3-2-1_5-7-3-1,x-x-8-7-8-11,"[null, null, 8, 7, 8, 11]",4-3-2-1,second_inversion,,80,11,4,None None A# D G D#,None None 5 7 3 1,{}
D#_maj7_compact_seventh_position_seventh_5-4-3-2_3-7-1-5_x-10-12-8-11-x,D#,maj7,maj7,1 3 5 7,advanced_reference,compact_seventh_position,seventh_5-4-3-2_3-7-1-5,x-10-12-8-11-x,"[null, 10, 12, 8, 11, null]",5-4-3-2,first_inversion_or_suspended_bass,,80,12,4,None G D D# A# None,None 3 7 1 5 None,{}
D#_maj7_compact_seventh_position_seventh_4-3-2-1_7-3-5-1_x-x-12-12-11-11,D#,maj7,maj7,1 3 5 7,advanced_reference,compact_seventh_position,seventh_4-3-2-1_7-3-5-1,x-x-12-12-11-11,"[null, null, 12, 12, 11, 11]",4-3-2-1,seventh_in_bass,,80,12,1,None None D G A# D#,None None 7 3 5 1,{}
D#_maj7_compact_seventh_position_seventh_6-5-4-3_7-5-1-3_10-13-13-12-x-x,D#,maj7,maj7,1 3 5 7,advanced_reference,compact_seventh_position,seventh_6-5-4-3_7-5-1-3,10-13-13-12-x-x,"[10, 13, 13, 12, null, null]",6-5-4-3,seventh_in_bass,,80,13,3,D A# D# G None None,7 5 1 3 None None,{}
D#_maj7_compact_seventh_position_seventh_6-5-4-3_1-5-7-3_11-13-12-12-x-x,D#,maj7,maj7,1 3 5 7,advanced_reference,compact_seventh_position,seventh_6-5-4-3_1-5-7-3,11-13-12-12-x-x,"[11, 13, 12, 12, null, null]",6-5-4-3,root_position,,80,13,2,D# A# D G None None,1 5 7 3 None None,{}
D#_maj7_compact_seventh_position_seventh_4-3-2-1_1-3-5-7_x-x-13-12-11-10,D#,maj7,maj7,1 3 5 7,advanced_reference,compact_seventh_position,seventh_4-3-2-1_1-3-5-7,x-x-13-12-11-10,"[null, null, 13, 12, 11, 10]",4-3-2-1,root_position,,80,13,3,None None D# G A# D,None None 1 3 5 7,{}
D#_maj7_compact_seventh_position_seventh_5-4-3-2_5-1-3-7_x-13-13-12-15-x,D#,maj7,maj7,1 3 5 7,advanced_reference,compact_seventh_position,seventh_5-4-3-2_5-1-3-7,x-13-13-12-15-x,"[null, 13, 13, 12, 15, null]",5-4-3-2,second_inversion,,80,15,3,None A# D# G D None,None 5 1 3 7 None,{}
D#_maj7_compact_seventh_position_seventh_4-3-2-1_1-5-7-3_x-x-13-15-15-15,D#,maj7,maj7,1 3 5 7,advanced_reference,compact_seventh_position,seventh_4-3-2-1_1-5-7-3,x-x-13-15-15-15,"[null, null, 13, 15, 15, 15]",4-3-2-1,root_position,,80,15,2,None None D# A# D G,None None 1 5 7 3,{}
D#_maj7_compact_seventh_position_seventh_5-4-3-2_5-7-3-1_x-13-12-12-16-x,D#,maj7,maj7,1 3 5 7,advanced_reference,compact_seventh_position,seventh_5-4-3-2_5-7-3-1,x-13-12-12-16-x,"[null, 13, 12, 12, 16, null]",5-4-3-2,second_inversion,,80,16,4,None A# D G D# None,None 5 7 3 1 None,{}
D#_maj7_compact_seventh_position_seventh_4-3-2-1_7-5-1-3_x-x-12-15-16-15,D#,maj7,maj7,1 3 5 7,advanced_reference,compact_seventh_position,seventh_4-3-2-1_7-5-1-3,x-x-12-15-16-15,"[null, null, 12, 15, 16, 15]",4-3-2-1,seventh_in_bass,,80,16,4,None None D A# D# G,None None 7 5 1 3,{}
D#_maj7_compact_seventh_position_seventh_6-5-4-3_3-7-1-5_15-17-13-15-x-x,D#,maj7,maj7,1 3 5 7,advanced_reference,compact_seventh_position,seventh_6-5-4-3_3-7-1-5,15-17-13-15-x-x,"[15, 17, 13, 15, null, null]",6-5-4-3,first_inversion_or_suspended_bass,,80,17,4,G D D# A# None None,3 7 1 5 None None,{}
D#_maj7_compact_seventh_position_seventh_5-4-3-2_7-3-5-1_x-17-17-15-16-x,D#,maj7,maj7,1 3 5 7,advanced_reference,compact_seventh_position,seventh_5-4-3-2_7-3-5-1,x-17-17-15-16-x,"[null, 17, 17, 15, 16, null]",5-4-3-2,seventh_in_bass,,80,17,2,None D G A# D# None,None 7 3 5 1 None,{}
D#_maj7_compact_seventh_position_seventh_5-4-3-2_1-3-5-7_x-18-17-15-15-x,D#,maj7,maj7,1 3 5 7,advanced_reference,compact_seventh_position,seventh_5-4-3-2_1-3-5-7,x-18-17-15-15-x,"[null, 18, 17, 15, 15, null]",5-4-3-2,root_position,,80,18,3,None D# G A# D None,None 1 3 5 7 None,{}
D#_major_caged_major_C_shape_x-6-5-3-4-3,D#,major,major,1 3 5,beginner_core,caged_major,C_shape,x-6-5-3-4-3,"[null, 6, 5, 3, 4, 3]",,root_position,,1,6,3,None D# G A# D# G,None 1 3 5 1 3,{}
D#_major_caged_major_A_shape_x-6-8-8-8-6,D#,major,major,1 3 5,beginner_core,caged_major,A_shape,x-6-8-8-8-6,"[null, 6, 8, 8, 8, 6]",,root_position,,2,8,2,None D# A# D# G A#,None 1 5 1 3 5,{}
D#_major_caged_major_G_shape_11-10-8-8-8-11,D#,major,major,1 3 5,beginner_core,caged_major,G_shape,11-10-8-8-8-11,"[11, 10, 8, 8, 8, 11]",,root_position,,3,11,3,D# G A# D# G D#,1 3 5 1 3 1,{}
D#_major_caged_major_E_shape_11-13-13-12-11-11,D#,major,major,1 3 5,beginner_core,caged_major,E_shape,11-13-13-12-11-11,"[11, 13, 13, 12, 11, 11]",,root_position,,4,13,2,D# A# D# G A# D#,1 5 1 3 5 1,{}
D#_major_caged_major_D_shape_x-x-1-3-4-3,D#,major,major,1 3 5,beginner_core,caged_major,D_shape,x-x-1-3-4-3,"[null, null, 1, 3, 4, 3]",,root_position,,5,4,3,None None D# A# D# G,None None 1 5 1 3,{}
D#_major_triad_position_triad_5-4-3_second_inversion_5-1-3_x-1-1-0-x-x,D#,major,major,1 3 5,intermediate_core,triad_position,triad_5-4-3_second_inversion_5-1-3,x-1-1-0-x-x,"[null, 1, 1, 0, null, null]",5-4-3,second_inversion,second_inversion,60,1,0,None A# D# G None None,None 5 1 3 None None,"{""sus4"": ""D#_sus4_triad_related_suspended_from_D#_major_triad_position_triad_5-4-3_second_inversion_5-1-3_x-1-1-0-x-x_sus4_x-1-1-1-x-x""}"
D#_major_triad_position_triad_6-5-4_first_inversion_3-5-1_3-1-1-x-x-x,D#,major,major,1 3 5,intermediate_core,triad_position,triad_6-5-4_first_inversion_3-5-1,3-1-1-x-x-x,"[3, 1, 1, null, null, null]",6-5-4,first_inversion_or_suspended_bass,first_inversion,60,3,2,G A# D# None None None,3 5 1 None None None,"{""sus2"": ""D#_sus2_triad_related_suspended_from_D#_major_triad_position_triad_6-5-4_first_inversion_3-5-1_3-1-1-x-x-x_sus2_1-1-1-x-x-x"", ""sus4"": ""D#_sus4_triad_related_suspended_from_D#_major_triad_position_triad_6-5-4_first_inversion_3-5-1_3-1-1-x-x-x_sus4_4-1-1-x-x-x""}"
D#_major_triad_position_triad_3-2-1_second_inversion_5-1-3_x-x-x-3-4-3,D#,major,major,1 3 5,intermediate_core,triad_position,triad_3-2-1_second_inversion_5-1-3,x-x-x-3-4-3,"[null, null, null, 3, 4, 3]",3-2-1,second_inversion,second_inversion,60,4,1,None None None A# D# G,None None None 5 1 3,"{""sus2"": ""D#_sus2_triad_related_suspended_from_D#_major_triad_position_triad_3-2-1_second_inversion_5-1-3_x-x-x-3-4-3_sus2_x-x-x-3-4-1"", ""sus4"": ""D#_sus4_triad_related_suspended_from_D#_major_triad_position_triad_3-2-1_second_inversion_5-1-3_x-x-x-3-4-3_sus4_x-x-x-3-4-4""}"
D#_major_triad_position_triad_4-3-2_first_inversion_3-5-1_x-x-5-3-4-x,D#,major,major,1 3 5,intermediate_core,triad_position,triad_4-3-2_first_inversion_3-5-1,x-x-5-3-4-x,"[null, null, 5, 3, 4, null]",4-3-2,first_inversion_or_suspended_bass,first_inversion,60,5,2,None None G A# D# None,None None 3 5 1 None,"{""sus2"": ""D#_sus2_triad_related_suspended_from_D#_major_triad_position_triad_4-3-2_first_inversion_3-5-1_x-x-5-3-4-x_sus2_x-x-3-3-4-x"", ""sus4"": ""D#_sus4_triad_related_suspended_from_D#_major_triad_position_triad_4-3-2_first_inversion_3-5-1_x-x-5-3-4-x_sus4_x-x-6-3-4-x""}"
D#_major_triad_position_triad_6-5-4_second_inversion_5-1-3_6-6-5-x-x-x,D#,major,major,1 3 5,intermediate_core,triad_position,triad_6-5-4_second_inversion_5-1-3,6-6-5-x-x-x,"[6, 6, 5, null, null, null]",6-5-4,second_inversion,second_inversion,60,6,1,A# D# G None None None,5 1 3 None None None,"{""sus2"": ""D#_sus2_triad_related_suspended_from_D#_major_triad_position_triad_6-5-4_second_inversion_5-1-3_6-6-5-x-x-x_sus2_6-6-3-x-x-x"", ""sus4"": ""D#_sus4_triad_related_suspended_from_D#_major_triad_position_triad_6-5-4_second_inversion_5-1-3_6-6-5-x-x-x_sus4_6-6-6-x-x-x""}"
D#_major_triad_position_triad_5-4-3_root_position_1-3-5_x-6-5-3-x-x,D#,major,major,1 3 5,intermediate_core,triad_position,triad_5-4-3_root_position_1-3-5,x-6-5-3-x-x,"[null, 6, 5, 3, null, null]",5-4-3,root_position,root_position,60,6,3,None D# G A# None None,None 1 3 5 None None,"{""sus2"": ""D#_sus2_triad_related_suspended_from_D#_major_triad_position_triad_5-4-3_root_position_1-3-5_x-6-5-3-x-x_sus2_x-6-3-3-x-x"", ""sus4"": ""D#_sus4_triad_related_suspended_from_D#_major_triad_position_triad_5-4-3_root_position_1-3-5_x-6-5-3-x-x_sus4_x-6-6-3-x-x""}"
D#_major_triad_position_triad_4-3-2_second_inversion_5-1-3_x-x-8-8-8-x,D#,major,major,1 3 5,intermediate_core,triad_position,triad_4-3-2_second_inversion_5-1-3,x-x-8-8-8-x,"[null, null, 8, 8, 8, null]",4-3-2,second_inversion,second_inversion,60,8,0,None None A# D# G None,None None 5 1 3 None,"{""sus2"": ""D#_sus2_triad_related_suspended_from_D#_major_triad_position_triad_4-3-2_second_inversion_5-1-3_x-x-8-8-8-x_sus2_x-x-8-8-6-x"", ""sus4"": ""D#_sus4_triad_related_suspended_from_D#_major_triad_position_triad_4-3-2_second_inversion_5-1-3_x-x-8-8-8-x_sus4_x-x-8-8-9-x""}"
D#_major_triad_position_triad_3-2-1_root_position_1-3-5_x-x-x-8-8-6,D#,major,major,1 3 5,intermediate_core,triad_position,triad_3-2-1_root_position_1-3-5,x-x-x-8-8-6,"[null, null, null, 8, 8, 6]",3-2-1,root_position,root_position,60,8,2,None None None D# G A#,None None None 1 3 5,"{""sus2"": ""D#_sus2_triad_related_suspended_from_D#_major_triad_position_triad_3-2-1_root_position_1-3-5_x-x-x-8-8-6_sus2_x-x-x-8-6-6"", ""sus4"": ""D#_sus4_triad_related_suspended_from_D#_major_triad_position_triad_3-2-1_root_position_1-3-5_x-x-x-8-8-6_sus4_x-x-x-8-9-6""}"
D#_major_triad_position_triad_5-4-3_first_inversion_3-5-1_x-10-8-8-x-x,D#,major,major,1 3 5,intermediate_core,triad_position,triad_5-4-3_first_inversion_3-5-1,x-10-8-8-x-x,"[null, 10, 8, 8, null, null]",5-4-3,first_inversion_or_suspended_bass,first_inversion,60,10,2,None G A# D# None None,None 3 5 1 None None,"{""sus2"": ""D#_sus2_triad_related_suspended_from_D#_major_triad_position_triad_5-4-3_first_inversion_3-5-1_x-10-8-8-x-x_sus2_x-8-8-8-x-x"", ""sus4"": ""D#_sus4_triad_related_suspended_from_D#_major_triad_position_triad_5-4-3_first_inversion_3-5-1_x-10-8-8-x-x_sus4_x-11-8-8-x-x""}"
D#_major_triad_position_triad_6-5-4_root_position_1-3-5_11-10-8-x-x-x,D#,major,major,1 3 5,intermediate_core,triad_position,triad_6-5-4_root_position_1-3-5,11-10-8-x-x-x,"[11, 10, 8, null, null, null]",6-5-4,root_position,root_position,60,11,3,D# G A# None None None,1 3 5 None None None,"{""sus2"": ""D#_sus2_triad_related_suspended_from_D#_major_triad_position_triad_6-5-4_root_position_1-3-5_11-10-8-x-x-x_sus2_11-8-8-x-x-x"", ""sus4"": ""D#_sus4_triad_related_suspended_from_D#_major_triad_position_triad_6-5-4_root_position_1-3-5_11-10-8-x-x-x_sus4_11-11-8-x-x-x""}"
D#_major_triad_position_triad_3-2-1_first_inversion_3-5-1_x-x-x-12-11-11,D#,major,major,1 3 5,intermediate_core,triad_position,triad_3-2-1_first_inversion_3-5-1,x-x-x-12-11-11,"[null, null, null, 12, 11, 11]",3-2-1,first_inversion_or_suspended_bass,first_inversion,60,12,1,None None None G A# D#,None None None 3 5 1,"{""sus2"": ""D#_sus2_triad_related_suspended_from_D#_major_triad_position_triad_3-2-1_first_inversion_3-5-1_x-x-x-12-11-11_sus2_x-x-x-10-11-11"", ""sus4"": ""D#_sus4_triad_related_suspended_from_D#_major_triad_position_triad_3-2-1_first_inversion_3-5-1_x-x-x-12-11-11_sus4_x-x-x-13-11-11""}"
D#_major_triad_position_triad_5-4-3_second_inversion_5-1-3_x-13-13-12-x-x,D#,major,major,1 3 5,intermediate_core,triad_position,triad_5-4-3_second_inversion_5-1-3,x-13-13-12-x-x,"[null, 13, 13, 12, null, null]",5-4-3,second_inversion,second_inversion,60,13,1,None A# D# G None None,None 5 1 3 None None,"{""sus2"": ""D#_sus2_triad_related_suspended_from_D#_major_triad_position_triad_5-4-3_second_inversion_5-1-3_x-13-13-12-x-x_sus2_x-13-13-10-x-x"", ""sus4"": ""D#_sus4_triad_related_suspended_from_D#_major_triad_position_triad_5-4-3_second_inversion_5-1-3_x-13-13-12-x-x_sus4_x-13-13-13-x-x""}"
D#_major_triad_position_triad_4-3-2_root_position_1-3-5_x-x-13-12-11-x,D#,major,major,1 3 5,intermediate_core,triad_position,triad_4-3-2_root_position_1-3-5,x-x-13-12-11-x,"[null, null, 13, 12, 11, null]",4-3-2,root_position,root_position,60,13,2,None None D# G A# None,None None 1 3 5 None,"{""sus2"": ""D#_sus2_triad_related_suspended_from_D#_major_triad_position_triad_4-3-2_root_position_1-3-5_x-x-13-12-11-x_sus2_x-x-13-10-11-x"", ""sus4"": ""D#_sus4_triad_related_suspended_from_D#_major_triad_position_triad_4-3-2_root_position_1-3-5_x-x-13-12-11-x_sus4_x-x-13-13-11-x""}"
D#_major_triad_position_triad_6-5-4_first_inversion_3-5-1_15-13-13-x-x-x,D#,major,major,1 3 5,intermediate_core,triad_position,triad_6-5-4_first_inversion_3-5-1,15-13-13-x-x-x,"[15, 13, 13, null, null, null]",6-5-4,first_inversion_or_suspended_bass,first_inversion,60,15,2,G A# D# None None None,3 5 1 None None None,"{""sus2"": ""D#_sus2_triad_related_suspended_from_D#_major_triad_position_triad_6-5-4_first_inversion_3-5-1_15-13-13-x-x-x_sus2_13-13-13-x-x-x"", ""sus4"": ""D#_sus4_triad_related_suspended_from_D#_major_triad_position_triad_6-5-4_first_inversion_3-5-1_15-13-13-x-x-x_sus4_16-13-13-x-x-x""}"
D#_major_triad_position_triad_3-2-1_second_inversion_5-1-3_x-x-x-15-16-15,D#,major,major,1 3 5,intermediate_core,triad_position,triad_3-2-1_second_inversion_5-1-3,x-x-x-15-16-15,"[null, null, null, 15, 16, 15]",3-2-1,second_inversion,second_inversion,60,16,1,None None None A# D# G,None None None 5 1 3,"{""sus2"": ""D#_sus2_triad_related_suspended_from_D#_major_triad_position_triad_3-2-1_second_inversion_5-1-3_x-x-x-15-16-15_sus2_x-x-x-15-16-13"", ""sus4"": ""D#_sus4_triad_related_suspended_from_D#_major_triad_position_triad_3-2-1_second_inversion_5-1-3_x-x-x-15-16-15_sus4_x-x-x-15-16-16""}"
D#_major_triad_position_triad_4-3-2_first_inversion_3-5-1_x-x-17-15-16-x,D#,major,major,1 3 5,intermediate_core,triad_position,triad_4-3-2_first_inversion_3-5-1,x-x-17-15-16-x,"[null, null, 17, 15, 16, null]",4-3-2,first_inversion_or_suspended_bass,first_inversion,60,17,2,None None G A# D# None,None None 3 5 1 None,"{""sus2"": ""D#_sus2_triad_related_suspended_from_D#_major_triad_position_triad_4-3-2_first_inversion_3-5-1_x-x-17-15-16-x_sus2_x-x-15-15-16-x"", ""sus4"": ""D#_sus4_triad_related_suspended_from_D#_major_triad_position_triad_4-3-2_first_inversion_3-5-1_x-x-17-15-16-x_sus4_x-x-18-15-16-x""}"
D#_major_triad_position_triad_6-5-4_second_inversion_5-1-3_18-18-17-x-x-x,D#,major,major,1 3 5,intermediate_core,triad_position,triad_6-5-4_second_inversion_5-1-3,18-18-17-x-x-x,"[18, 18, 17, null, null, null]",6-5-4,second_inversion,second_inversion,60,18,1,A# D# G None None None,5 1 3 None None None,"{""sus2"": ""D#_sus2_triad_related_suspended_from_D#_major_triad_position_triad_6-5-4_second_inversion_5-1-3_18-18-17-x-x-x_sus2_18-18-15-x-x-x"", ""sus4"": ""D#_sus4_triad_related_suspended_from_D#_major_triad_position_triad_6-5-4_second_inversion_5-1-3_18-18-17-x-x-x_sus4_18-18-18-x-x-x""}"
D#_major_triad_position_triad_5-4-3_root_position_1-3-5_x-18-17-15-x-x,D#,major,major,1 3 5,intermediate_core,triad_position,triad_5-4-3_root_position_1-3-5,x-18-17-15-x-x,"[null, 18, 17, 15, null, null]",5-4-3,root_position,root_position,60,18,3,None D# G A# None None,None 1 3 5 None None,"{""sus2"": ""D#_sus2_triad_related_suspended_from_D#_major_triad_position_triad_5-4-3_root_position_1-3-5_x-18-17-15-x-x_sus2_x-18-15-15-x-x"", ""sus4"": ""D#_sus4_triad_related_suspended_from_D#_major_triad_position_triad_5-4-3_root_position_1-3-5_x-18-17-15-x-x_sus4_x-18-18-15-x-x""}"
D#_minor_caged_minor_C_shape_minor_x-6-4-3-4-6,D#,minor,minor,1 b3 5,beginner_core,caged_minor,C_shape_minor,x-6-4-3-4-6,"[null, 6, 4, 3, 4, 6]",,root_position,,10,6,3,None D# F# A# D# A#,None 1 b3 5 1 5,{}
D#_minor_caged_minor_A_shape_minor_x-6-8-8-7-6,D#,minor,minor,1 b3 5,beginner_core,caged_minor,A_shape_minor,x-6-8-8-7-6,"[null, 6, 8, 8, 7, 6]",,root_position,,11,8,2,None D# A# D# F# A#,None 1 5 1 b3 5,{}
D#_minor_caged_minor_G_shape_minor_11-9-8-8-11-11,D#,minor,minor,1 b3 5,beginner_core,caged_minor,G_shape_minor,11-9-8-8-11-11,"[11, 9, 8, 8, 11, 11]",,root_position,,12,11,3,D# F# A# D# A# D#,1 b3 5 1 5 1,{}
D#_minor_caged_minor_E_shape_minor_11-13-13-11-11-11,D#,minor,minor,1 b3 5,beginner_core,caged_minor,E_shape_minor,11-13-13-11-11-11,"[11, 13, 13, 11, 11, 11]",,root_position,,13,13,2,D# A# D# F# A# D#,1 5 1 b3 5 1,{}
D#_minor_caged_minor_D_shape_minor_x-x-1-3-4-2,D#,minor,minor,1 b3 5,beginner_core,caged_minor,D_shape_minor,x-x-1-3-4-2,"[null, null, 1, 3, 4, 2]",,root_position,,14,4,3,None None D# A# D# F#,None None 1 5 1 b3,{}
D#_minor_triad_position_triad_6-5-4_first_inversion_b3-5-1_2-1-1-x-x-x,D#,minor,minor,1 b3 5,intermediate_core,triad_position,triad_6-5-4_first_inversion_b3-5-1,2-1-1-x-x-x,"[2, 1, 1, null, null, null]",6-5-4,first_inversion_or_suspended_bass,first_inversion,60,2,1,F# A# D# None None None,b3 5 1 None None None,{}
D#_minor_triad_position_triad_4-3-2_first_inversion_b3-5-1_x-x-4-3-4-x,D#,minor,minor,1 b3 5,intermediate_core,triad_position,triad_4-3-2_first_inversion_b3-5-1,x-x-4-3-4-x,"[null, null, 4, 3, 4, null]",4-3-2,first_inversion_or_suspended_bass,first_inversion,60,4,1,None None F# A# D# None,None None b3 5 1 None,{}
D#_minor_triad_position_triad_3-2-1_second_inversion_5-1-b3_x-x-x-3-4-2,D#,minor,minor,1 b3 5,intermediate_core,triad_position,triad_3-2-1_second_inversion_5-1-b3,x-x-x-3-4-2,"[null, null, null, 3, 4, 2]",3-2-1,second_inversion,second_inversion,60,4,2,None None None A# D# F#,None None None 5 1 b3,{}
D#_minor_triad_position_triad_6-5-4_second_inversion_5-1-b3_6-6-4-x-x-x,D#,minor,minor,1 b3 5,intermediate_core,triad_position,triad_6-5-4_second_inversion_5-1-b3,6-6-4-x-x-x,"[6, 6, 4, null, null, null]",6-5-4,second_inversion,second_inversion,60,6,2,A# D# F# None None None,5 1 b3 None None None,{}
D#_minor_triad_position_triad_5-4-3_root_position_1-b3-5_x-6-4-3-x-x,D#,minor,minor,1 b3 5,intermediate_core,triad_position,triad_5-4-3_root_position_1-b3-5,x-6-4-3-x-x,"[null, 6, 4, 3, null, null]",5-4-3,root_position,root_position,60,6,3,None D# F# A# None None,None 1 b3 5 None None,{}
D#_minor_triad_position_triad_4-3-2_second_inversion_5-1-b3_x-x-8-8-7-x,D#,minor,minor,1 b3 5,intermediate_core,triad_position,triad_4-3-2_second_inversion_5-1-b3,x-x-8-8-7-x,"[null, null, 8, 8, 7, null]",4-3-2,second_inversion,second_inversion,60,8,1,None None A# D# F# None,None None 5 1 b3 None,{}
D#_minor_triad_position_triad_3-2-1_root_position_1-b3-5_x-x-x-8-7-6,D#,minor,minor,1 b3 5,intermediate_core,triad_position,triad_3-2-1_root_position_1-b3-5,x-x-x-8-7-6,"[null, null, null, 8, 7, 6]",3-2-1,root_position,root_position,60,8,2,None None None D# F# A#,None None None 1 b3 5,{}
D#_minor_triad_position_triad_5-4-3_first_inversion_b3-5-1_x-9-8-8-x-x,D#,minor,minor,1 b3 5,intermediate_core,triad_position,triad_5-4-3_first_inversion_b3-5-1,x-9-8-8-x-x,"[null, 9, 8, 8, null, null]",5-4-3,first_inversion_or_suspended_bass,first_inversion,60,9,1,None F# A# D# None None,None b3 5 1 None None,{}
D#_minor_triad_position_triad_6-5-4_root_position_1-b3-5_11-9-8-x-x-x,D#,minor,minor,1 b3 5,intermediate_core,triad_position,triad_6-5-4_root_position_1-b3-5,11-9-8-x-x-x,"[11, 9, 8, null, null, null]",6-5-4,root_position,root_position,60,11,3,D# F# A# None None None,1 b3 5 None None None,{}
D#_minor_triad_position_triad_3-2-1_first_inversion_b3-5-1_x-x-x-11-11-11,D#,minor,minor,1 b3 5,intermediate_core,triad_position,triad_3-2-1_first_inversion_b3-5-1,x-x-x-11-11-11,"[null, null, null, 11, 11, 11]",3-2-1,first_inversion_or_suspended_bass,first_inversion,60,11,0,None None None F# A# D#,None None None b3 5 1,{}
D#_minor_triad_position_triad_5-4-3_second_inversion_5-1-b3_x-13-13-11-x-x,D#,minor,minor,1 b3 5,intermediate_core,triad_position,triad_5-4-3_second_inversion_5-1-b3,x-13-13-11-x-x,"[null, 13, 13, 11, null, null]",5-4-3,second_inversion,second_inversion,60,13,2,None A# D# F# None None,None 5 1 b3 None None,{}
D#_minor_triad_position_triad_4-3-2_root_position_1-b3-5_x-x-13-11-11-x,D#,minor,minor,1 b3 5,intermediate_core,triad_position,triad_4-3-2_root_position_1-b3-5,x-x-13-11-11-x,"[null, null, 13, 11, 11, null]",4-3-2,root_position,root_position,60,13,2,None None D# F# A# None,None None 1 b3 5 None,{}
D#_minor_triad_position_triad_6-5-4_first_inversion_b3-5-1_14-13-13-x-x-x,D#,minor,minor,1 b3 5,intermediate_core,triad_position,triad_6-5-4_first_inversion_b3-5-1,14-13-13-x-x-x,"[14, 13, 13, null, null, null]",6-5-4,first_inversion_or_suspended_bass,first_inversion,60,14,1,F# A# D# None None None,b3 5 1 None None None,{}
D#_minor_triad_position_triad_4-3-2_first_inversion_b3-5-1_x-x-16-15-16-x,D#,minor,minor,1 b3 5,intermediate_core,triad_position,triad_4-3-2_first_inversion_b3-5-1,x-x-16-15-16-x,"[null, null, 16, 15, 16, null]",4-3-2,first_inversion_or_suspended_bass,first_inversion,60,16,1,None None F# A# D# None,None None b3 5 1 None,{}
D#_minor_triad_position_triad_3-2-1_second_inversion_5-1-b3_x-x-x-15-16-14,D#,minor,minor,1 b3 5,intermediate_core,triad_position,triad_3-2-1_second_inversion_5-1-b3,x-x-x-15-16-14,"[null, null, null, 15, 16, 14]",3-2-1,second_inversion,second_inversion,60,16,2,None None None A# D# F#,None None None 5 1 b3,{}
D#_minor_triad_position_triad_6-5-4_second_inversion_5-1-b3_18-18-16-x-x-x,D#,minor,minor,1 b3 5,intermediate_core,triad_position,triad_6-5-4_second_inversion_5-1-b3,18-18-16-x-x-x,"[18, 18, 16, null, null, null]",6-5-4,second_inversion,second_inversion,60,18,2,A# D# F# None None None,5 1 b3 None None None,{}
D#_minor_triad_position_triad_5-4-3_root_position_1-b3-5_x-18-16-15-x-x,D#,minor,minor,1 b3 5,intermediate_core,triad_position,triad_5-4-3_root_position_1-b3-5,x-18-16-15-x-x,"[null, 18, 16, 15, null, null]",5-4-3,root_position,root_position,60,18,3,None D# F# A# None None,None 1 b3 5 None None,{}
D#_sus2_caged_suspended_D_shape_sus2_x-x-1-3-4-1,D#,sus2,sus2,1 2 5,intermediate_core,caged_suspended,D_shape_sus2,x-x-1-3-4-1,"[null, null, 1, 3, 4, 1]",,root_position,,30,4,3,None None D# A# D# F,None None 1 5 1 2,{}
D#_sus2_caged_suspended_C_shape_sus2_x-6-3-3-4-6,D#,sus2,sus2,1 2 5,intermediate_core,caged_suspended,C_shape_sus2,x-6-3-3-4-6,"[null, 6, 3, 3, 4, 6]",,root_position,,30,6,3,None D# F A# D# A#,None 1 2 5 1 5,{}
D#_sus2_caged_suspended_A_shape_sus2_x-6-8-8-6-6,D#,sus2,sus2,1 2 5,intermediate_core,caged_suspended,A_shape_sus2,x-6-8-8-6-6,"[null, 6, 8, 8, 6, 6]",,root_position,,30,8,2,None D# A# D# F A#,None 1 5 1 2 5,{}
D#_sus2_caged_suspended_E_shape_sus2_11-13-15-15-11-11,D#,sus2,sus2,1 2 5,intermediate_core,caged_suspended,E_shape_sus2,11-13-15-15-11-11,"[11, 13, 15, 15, 11, 11]",,root_position,,30,15,4,D# A# F A# A# D#,1 5 2 5 5 1,{}
D#_sus2_triad_related_suspended_from_D#_major_triad_position_triad_6-5-4_first_inversion_3-5-1_3-1-1-x-x-x_sus2_1-1-1-x-x-x,D#,sus2,sus2,1 2 5,intermediate_core,triad_related_suspended,from_D#_major_triad_position_triad_6-5-4_first_inversion_3-5-1_3-1-1-x-x-x_sus2,1-1-1-x-x-x,"[1, 1, 1, null, null, null]",6-5-4,first_inversion_or_suspended_bass,,65,1,0,F A# D# None None None,2 5 1 None None None,{}
D#_sus2_triad_related_suspended_from_D#_major_triad_position_triad_4-3-2_first_inversion_3-5-1_x-x-5-3-4-x_sus2_x-x-3-3-4-x,D#,sus2,sus2,1 2 5,intermediate_core,triad_related_suspended,from_D#_major_triad_position_triad_4-3-2_first_inversion_3-5-1_x-x-5-3-4-x_sus2,x-x-3-3-4-x,"[null, null, 3, 3, 4, null]",4-3-2,first_inversion_or_suspended_bass,,65,4,1,None None F A# D# None,None None 2 5 1 None,{}
D#_sus2_triad_related_suspended_from_D#_major_triad_position_triad_3-2-1_second_inversion_5-1-3_x-x-x-3-4-3_sus2_x-x-x-3-4-1,D#,sus2,sus2,1 2 5,intermediate_core,triad_related_suspended,from_D#_major_triad_position_triad_3-2-1_second_inversion_5-1-3_x-x-x-3-4-3_sus2,x-x-x-3-4-1,"[null, null, null, 3, 4, 1]",3-2-1,second_inversion,,65,4,3,None None None A# D# F,None None None 5 1 2,{}
D#_sus2_triad_related_suspended_from_D#_major_triad_position_triad_6-5-4_second_inversion_5-1-3_6-6-5-x-x-x_sus2_6-6-3-x-x-x,D#,sus2,sus2,1 2 5,intermediate_core,triad_related_suspended,from_D#_major_triad_position_triad_6-5-4_second_inversion_5-1-3_6-6-5-x-x-x_sus2,6-6-3-x-x-x,"[6, 6, 3, null, null, null]",6-5-4,second_inversion,,65,6,3,A# D# F None None None,5 1 2 None None None,{}
D#_sus2_triad_related_suspended_from_D#_major_triad_position_triad_5-4-3_root_position_1-3-5_x-6-5-3-x-x_sus2_x-6-3-3-x-x,D#,sus2,sus2,1 2 5,intermediate_core,triad_related_suspended,from_D#_major_triad_position_triad_5-4-3_root_position_1-3-5_x-6-5-3-x-x_sus2,x-6-3-3-x-x,"[null, 6, 3, 3, null, null]",5-4-3,root_position,,65,6,3,None D# F A# None None,None 1 2 5 None None,{}
D#_sus2_triad_related_suspended_from_D#_major_triad_position_triad_5-4-3_first_inversion_3-5-1_x-10-8-8-x-x_sus2_x-8-8-8-x-x,D#,sus2,sus2,1 2 5,intermediate_core,triad_related_suspended,from_D#_major_triad_position_triad_5-4-3_first_inversion_3-5-1_x-10-8-8-x-x_sus2,x-8-8-8-x-x,"[null, 8, 8, 8, null, null]",5-4-3,first_inversion_or_suspended_bass,,65,8,0,None F A# D# None None,None 2 5 1 None None,{}
D#_sus2_triad_related_suspended_from_D#_major_triad_position_triad_4-3-2_second_inversion_5-1-3_x-x-8-8-8-x_sus2_x-x-8-8-6-x,D#,sus2,sus2,1 2 5,intermediate_core,triad_related_suspended,from_D#_major_triad_position_triad_4-3-2_second_inversion_5-1-3_x-x-8-8-8-x_sus2,x-x-8-8-6-x,"[null, null, 8, 8, 6, null]",4-3-2,second_inversion,,65,8,2,None None A# D# F None,None None 5 1 2 None,{}
D#_sus2_triad_related_suspended_from_D#_major_triad_position_triad_3-2-1_root_position_1-3-5_x-x-x-8-8-6_sus2_x-x-x-8-6-6,D#,sus2,sus2,1 2 5,intermediate_core,triad_related_suspended,from_D#_major_triad_position_triad_3-2-1_root_position_1-3-5_x-x-x-8-8-6_sus2,x-x-x-8-6-6,"[null, null, null, 8, 6, 6]",3-2-1,root_position,,65,8,2,None None None D# F A#,None None None 1 2 5,{}
D#_sus2_triad_related_suspended_from_D#_major_triad_position_triad_6-5-4_root_position_1-3-5_11-10-8-x-x-x_sus2_11-8-8-x-x-x,D#,sus2,sus2,1 2 5,intermediate_core,triad_related_suspended,from_D#_major_triad_position_triad_6-5-4_root_position_1-3-5_11-10-8-x-x-x_sus2,11-8-8-x-x-x,"[11, 8, 8, null, null, null]",6-5-4,root_position,,65,11,3,D# F A# None None None,1 2 5 None None None,{}
D#_sus2_triad_related_suspended_from_D#_major_triad_position_triad_3-2-1_first_inversion_3-5-1_x-x-x-12-11-11_sus2_x-x-x-10-11-11,D#,sus2,sus2,1 2 5,intermediate_core,triad_related_suspended,from_D#_major_triad_position_triad_3-2-1_first_inversion_3-5-1_x-x-x-12-11-11_sus2,x-x-x-10-11-11,"[null, null, null, 10, 11, 11]",3-2-1,first_inversion_or_suspended_bass,,65,11,1,None None None F A# D#,None None None 2 5 1,{}
D#_sus2_triad_related_suspended_from_D#_major_triad_position_triad_6-5-4_first_inversion_3-5-1_15-13-13-x-x-x_sus2_13-13-13-x-x-x,D#,sus2,sus2,1 2 5,intermediate_core,triad_related_suspended,from_D#_major_triad_position_triad_6-5-4_first_inversion_3-5-1_15-13-13-x-x-x_sus2,13-13-13-x-x-x,"[13, 13, 13, null, null, null]",6-5-4,first_inversion_or_suspended_bass,,65,13,0,F A# D# None None None,2 5 1 None None None,{}
D#_sus2_triad_related_suspended_from_D#_major_triad_position_triad_5-4-3_second_inversion_5-1-3_x-13-13-12-x-x_sus2_x-13-13-10-x-x,D#,sus2,sus2,1 2 5,intermediate_core,triad_related_suspended,from_D#_major_triad_position_triad_5-4-3_second_inversion_5-1-3_x-13-13-12-x-x_sus2,x-13-13-10-x-x,"[null, 13, 13, 10, null, null]",5-4-3,second_inversion,,65,13,3,None A# D# F None None,None 5 1 2 None None,{}
D#_sus2_triad_related_suspended_from_D#_major_triad_position_triad_4-3-2_root_position_1-3-5_x-x-13-12-11-x_sus2_x-x-13-10-11-x,D#,sus2,sus2,1 2 5,intermediate_core,triad_related_suspended,from_D#_major_triad_position_triad_4-3-2_root_position_1-3-5_x-x-13-12-11-x_sus2,x-x-13-10-11-x,"[null, null, 13, 10, 11, null]",4-3-2,root_position,,65,13,3,None None D# F A# None,None None 1 2 5 None,{}
D#_sus2_triad_related_suspended_from_D#_major_triad_position_triad_4-3-2_first_inversion_3-5-1_x-x-17-15-16-x_sus2_x-x-15-15-16-x,D#,sus2,sus2,1 2 5,intermediate_core,triad_related_suspended,from_D#_major_triad_position_triad_4-3-2_first_inversion_3-5-1_x-x-17-15-16-x_sus2,x-x-15-15-16-x,"[null, null, 15, 15, 16, null]",4-3-2,first_inversion_or_suspended_bass,,65,16,1,None None F A# D# None,None None 2 5 1 None,{}
D#_sus2_triad_related_suspended_from_D#_major_triad_position_triad_3-2-1_second_inversion_5-1-3_x-x-x-15-16-15_sus2_x-x-x-15-16-13,D#,sus2,sus2,1 2 5,intermediate_core,triad_related_suspended,from_D#_major_triad_position_triad_3-2-1_second_inversion_5-1-3_x-x-x-15-16-15_sus2,x-x-x-15-16-13,"[null, null, null, 15, 16, 13]",3-2-1,second_inversion,,65,16,3,None None None A# D# F,None None None 5 1 2,{}
D#_sus2_triad_related_suspended_from_D#_major_triad_position_triad_6-5-4_second_inversion_5-1-3_18-18-17-x-x-x_sus2_18-18-15-x-x-x,D#,sus2,sus2,1 2 5,intermediate_core,triad_related_suspended,from_D#_major_triad_position_triad_6-5-4_second_inversion_5-1-3_18-18-17-x-x-x_sus2,18-18-15-x-x-x,"[18, 18, 15, null, null, null]",6-5-4,second_inversion,,65,18,3,A# D# F None None None,5 1 2 None None None,{}
D#_sus2_triad_related_suspended_from_D#_major_triad_position_triad_5-4-3_root_position_1-3-5_x-18-17-15-x-x_sus2_x-18-15-15-x-x,D#,sus2,sus2,1 2 5,intermediate_core,triad_related_suspended,from_D#_major_triad_position_triad_5-4-3_root_position_1-3-5_x-18-17-15-x-x_sus2,x-18-15-15-x-x,"[null, 18, 15, 15, null, null]",5-4-3,root_position,,65,18,3,None D# F A# None None,None 1 2 5 None None,{}
D#_sus4_caged_suspended_D_shape_sus4_x-x-1-3-4-4,D#,sus4,sus4,1 4 5,intermediate_core,caged_suspended,D_shape_sus4,x-x-1-3-4-4,"[null, null, 1, 3, 4, 4]",,root_position,,30,4,3,None None D# A# D# G#,None None 1 5 1 4,{}
D#_sus4_caged_suspended_C_shape_sus4_x-6-6-3-4-4,D#,sus4,sus4,1 4 5,intermediate_core,caged_suspended,C_shape_sus4,x-6-6-3-4-4,"[null, 6, 6, 3, 4, 4]",,root_position,,30,6,3,None D# G# A# D# G#,None 1 4 5 1 4,{}
D#_sus4_caged_suspended_A_shape_sus4_x-6-8-8-9-6,D#,sus4,sus4,1 4 5,intermediate_core,caged_suspended,A_shape_sus4,x-6-8-8-9-6,"[null, 6, 8, 8, 9, 6]",,root_position,,30,9,3,None D# A# D# G# A#,None 1 5 1 4 5,{}
D#_sus4_caged_suspended_E_shape_sus4_11-13-13-13-11-11,D#,sus4,sus4,1 4 5,intermediate_core,caged_suspended,E_shape_sus4,11-13-13-13-11-11,"[11, 13, 13, 13, 11, 11]",,root_position,,30,13,2,D# A# D# G# A# D#,1 5 1 4 5 1,{}
D#_sus4_triad_related_suspended_from_D#_major_triad_position_triad_5-4-3_second_inversion_5-1-3_x-1-1-0-x-x_sus4_x-1-1-1-x-x,D#,sus4,sus4,1 4 5,intermediate_core,triad_related_suspended,from_D#_major_triad_position_triad_5-4-3_second_inversion_5-1-3_x-1-1-0-x-x_sus4,x-1-1-1-x-x,"[null, 1, 1, 1, null, null]",5-4-3,second_inversion,,65,1,0,None A# D# G# None None,None 5 1 4 None None,{}
D#_sus4_triad_related_suspended_from_D#_major_triad_position_triad_6-5-4_first_inversion_3-5-1_3-1-1-x-x-x_sus4_4-1-1-x-x-x,D#,sus4,sus4,1 4 5,intermediate_core,triad_related_suspended,from_D#_major_triad_position_triad_6-5-4_first_inversion_3-5-1_3-1-1-x-x-x_sus4,4-1-1-x-x-x,"[4, 1, 1, null, null, null]",6-5-4,first_inversion_or_suspended_bass,,65,4,3,G# A# D# None None None,4 5 1 None None None,{}
D#_sus4_triad_related_suspended_from_D#_major_triad_position_triad_3-2-1_second_inversion_5-1-3_x-x-x-3-4-3_sus4_x-x-x-3-4-4,D#,sus4,sus4,1 4 5,intermediate_core,triad_related_suspended,from_D#_major_triad_position_triad_3-2-1_second_inversion_5-1-3_x-x-x-3-4-3_sus4,x-x-x-3-4-4,"[null, null, null, 3, 4, 4]",3-2-1,second_inversion,,65,4,1,None None None A# D# G#,None None None 5 1 4,{}
D#_sus4_triad_related_suspended_from_D#_major_triad_position_triad_6-5-4_second_inversion_5-1-3_6-6-5-x-x-x_sus4_6-6-6-x-x-x,D#,sus4,sus4,1 4 5,intermediate_core,triad_related_suspended,from_D#_major_triad_position_triad_6-5-4_second_inversion_5-1-3_6-6-5-x-x-x_sus4,6-6-6-x-x-x,"[6, 6, 6, null, null, null]",6-5-4,second_inversion,,65,6,0,A# D# G# None None None,5 1 4 None None None,{}
D#_sus4_triad_related_suspended_from_D#_major_triad_position_triad_5-4-3_root_position_1-3-5_x-6-5-3-x-x_sus4_x-6-6-3-x-x,D#,sus4,sus4,1 4 5,intermediate_core,triad_related_suspended,from_D#_major_triad_position_triad_5-4-3_root_position_1-3-5_x-6-5-3-x-x_sus4,x-6-6-3-x-x,"[null, 6, 6, 3, null, null]",5-4-3,root_position,,65,6,3,None D# G# A# None None,None 1 4 5 None None,{}
D#_sus4_triad_related_suspended_from_D#_major_triad_position_triad_4-3-2_first_inversion_3-5-1_x-x-5-3-4-x_sus4_x-x-6-3-4-x,D#,sus4,sus4,1 4 5,intermediate_core,triad_related_suspended,from_D#_major_triad_position_triad_4-3-2_first_inversion_3-5-1_x-x-5-3-4-x_sus4,x-x-6-3-4-x,"[null, null, 6, 3, 4, null]",4-3-2,first_inversion_or_suspended_bass,,65,6,3,None None G# A# D# None,None None 4 5 1 None,{}
D#_sus4_triad_related_suspended_from_D#_major_triad_position_triad_4-3-2_second_inversion_5-1-3_x-x-8-8-8-x_sus4_x-x-8-8-9-x,D#,sus4,sus4,1 4 5,intermediate_core,triad_related_suspended,from_D#_major_triad_position_triad_4-3-2_second_inversion_5-1-3_x-x-8-8-8-x_sus4,x-x-8-8-9-x,"[null, null, 8, 8, 9, null]",4-3-2,second_inversion,,65,9,1,None None A# D# G# None,None None 5 1 4 None,{}
D#_sus4_triad_related_suspended_from_D#_major_triad_position_triad_3-2-1_root_position_1-3-5_x-x-x-8-8-6_sus4_x-x-x-8-9-6,D#,sus4,sus4,1 4 5,intermediate_core,triad_related_suspended,from_D#_major_triad_position_triad_3-2-1_root_position_1-3-5_x-x-x-8-8-6_sus4,x-x-x-8-9-6,"[null, null, null, 8, 9, 6]",3-2-1,root_position,,65,9,3,None None None D# G# A#,None None None 1 4 5,{}
D#_sus4_triad_related_suspended_from_D#_major_triad_position_triad_6-5-4_root_position_1-3-5_11-10-8-x-x-x_sus4_11-11-8-x-x-x,D#,sus4,sus4,1 4 5,intermediate_core,triad_related_suspended,from_D#_major_triad_position_triad_6-5-4_root_position_1-3-5_11-10-8-x-x-x_sus4,11-11-8-x-x-x,"[11, 11, 8, null, null, null]",6-5-4,root_position,,65,11,3,D# G# A# None None None,1 4 5 None None None,{}
D#_sus4_triad_related_suspended_from_D#_major_triad_position_triad_5-4-3_first_inversion_3-5-1_x-10-8-8-x-x_sus4_x-11-8-8-x-x,D#,sus4,sus4,1 4 5,intermediate_core,triad_related_suspended,from_D#_major_triad_position_triad_5-4-3_first_inversion_3-5-1_x-10-8-8-x-x_sus4,x-11-8-8-x-x,"[null, 11, 8, 8, null, null]",5-4-3,first_inversion_or_suspended_bass,,65,11,3,None G# A# D# None None,None 4 5 1 None None,{}
D#_sus4_triad_related_suspended_from_D#_major_triad_position_triad_5-4-3_second_inversion_5-1-3_x-13-13-12-x-x_sus4_x-13-13-13-x-x,D#,sus4,sus4,1 4 5,intermediate_core,triad_related_suspended,from_D#_major_triad_position_triad_5-4-3_second_inversion_5-1-3_x-13-13-12-x-x_sus4,x-13-13-13-x-x,"[null, 13, 13, 13, null, null]",5-4-3,second_inversion,,65,13,0,None A# D# G# None None,None 5 1 4 None None,{}
D#_sus4_triad_related_suspended_from_D#_major_triad_position_triad_4-3-2_root_position_1-3-5_x-x-13-12-11-x_sus4_x-x-13-13-11-x,D#,sus4,sus4,1 4 5,intermediate_core,triad_related_suspended,from_D#_major_triad_position_triad_4-3-2_root_position_1-3-5_x-x-13-12-11-x_sus4,x-x-13-13-11-x,"[null, null, 13, 13, 11, null]",4-3-2,root_position,,65,13,2,None None D# G# A# None,None None 1 4 5 None,{}
D#_sus4_triad_related_suspended_from_D#_major_triad_position_triad_3-2-1_first_inversion_3-5-1_x-x-x-12-11-11_sus4_x-x-x-13-11-11,D#,sus4,sus4,1 4 5,intermediate_core,triad_related_suspended,from_D#_major_triad_position_triad_3-2-1_first_inversion_3-5-1_x-x-x-12-11-11_sus4,x-x-x-13-11-11,"[null, null, null, 13, 11, 11]",3-2-1,first_inversion_or_suspended_bass,,65,13,2,None None None G# A# D#,None None None 4 5 1,{}
D#_sus4_triad_related_suspended_from_D#_major_triad_position_triad_6-5-4_first_inversion_3-5-1_15-13-13-x-x-x_sus4_16-13-13-x-x-x,D#,sus4,sus4,1 4 5,intermediate_core,triad_related_suspended,from_D#_major_triad_position_triad_6-5-4_first_inversion_3-5-1_15-13-13-x-x-x_sus4,16-13-13-x-x-x,"[16, 13, 13, null, null, null]",6-5-4,first_inversion_or_suspended_bass,,65,16,3,G# A# D# None None None,4 5 1 None None None,{}
D#_sus4_triad_related_suspended_from_D#_major_triad_position_triad_3-2-1_second_inversion_5-1-3_x-x-x-15-16-15_sus4_x-x-x-15-16-16,D#,sus4,sus4,1 4 5,intermediate_core,triad_related_suspended,from_D#_major_triad_position_triad_3-2-1_second_inversion_5-1-3_x-x-x-15-16-15_sus4,x-x-x-15-16-16,"[null, null, null, 15, 16, 16]",3-2-1,second_inversion,,65,16,1,None None None A# D# G#,None None None 5 1 4,{}
D#_sus4_triad_related_suspended_from_D#_major_triad_position_triad_6-5-4_second_inversion_5-1-3_18-18-17-x-x-x_sus4_18-18-18-x-x-x,D#,sus4,sus4,1 4 5,intermediate_core,triad_related_suspended,from_D#_major_triad_position_triad_6-5-4_second_inversion_5-1-3_18-18-17-x-x-x_sus4,18-18-18-x-x-x,"[18, 18, 18, null, null, null]",6-5-4,second_inversion,,65,18,0,A# D# G# None None None,5 1 4 None None None,{}
D#_sus4_triad_related_suspended_from_D#_major_triad_position_triad_5-4-3_root_position_1-3-5_x-18-17-15-x-x_sus4_x-18-18-15-x-x,D#,sus4,sus4,1 4 5,intermediate_core,triad_related_suspended,from_D#_major_triad_position_triad_5-4-3_root_position_1-3-5_x-18-17-15-x-x_sus4,x-18-18-15-x-x,"[null, 18, 18, 15, null, null]",5-4-3,root_position,,65,18,3,None D# G# A# None None,None 1 4 5 None None,{}
D#_sus4_triad_related_suspended_from_D#_major_triad_position_triad_4-3-2_first_inversion_3-5-1_x-x-17-15-16-x_sus4_x-x-18-15-16-x,D#,sus4,sus4,1 4 5,intermediate_core,triad_related_suspended,from_D#_major_triad_position_triad_4-3-2_first_inversion_3-5-1_x-x-17-15-16-x_sus4,x-x-18-15-16-x,"[null, null, 18, 15, 16, null]",4-3-2,first_inversion_or_suspended_bass,,65,18,3,None None G# A# D# None,None None 4 5 1 None,{}
E_diminished_triad_position_triad_5-4-3_second_inversion_b5-1-b3_x-1-2-0-x-x,E,diminished,dim,1 b3 b5,advanced_reference,triad_position,triad_5-4-3_second_inversion_b5-1-b3,x-1-2-0-x-x,"[null, 1, 2, 0, null, null]",5-4-3,second_inversion,second_inversion,60,2,1,None A# E G None None,None b5 1 b3 None None,{}
E_diminished_triad_position_triad_6-5-4_first_inversion_b3-b5-1_3-1-2-x-x-x,E,diminished,dim,1 b3 b5,advanced_reference,triad_position,triad_6-5-4_first_inversion_b3-b5-1,3-1-2-x-x-x,"[3, 1, 2, null, null, null]",6-5-4,first_inversion_or_suspended_bass,first_inversion,60,3,2,G A# E None None None,b3 b5 1 None None None,{}
E_diminished_triad_position_triad_6-5-4_root_position_1-b5-b3_0-1-5-x-x-x,E,diminished,dim,1 b3 b5,advanced_reference,triad_position,triad_6-5-4_root_position_1-b5-b3,0-1-5-x-x-x,"[0, 1, 5, null, null, null]",6-5-4,root_position,root_position,60,5,4,E A# G None None None,1 b5 b3 None None None,{}
E_diminished_triad_position_triad_4-3-2_first_inversion_b3-b5-1_x-x-5-3-5-x,E,diminished,dim,1 b3 b5,advanced_reference,triad_position,triad_4-3-2_first_inversion_b3-b5-1,x-x-5-3-5-x,"[null, null, 5, 3, 5, null]",4-3-2,first_inversion_or_suspended_bass,first_inversion,60,5,2,None None G A# E None,None None b3 b5 1 None,{}
E_diminished_triad_position_triad_3-2-1_second_inversion_b5-1-b3_x-x-x-3-5-3,E,diminished,dim,1 b3 b5,advanced_reference,triad_position,triad_3-2-1_second_inversion_b5-1-b3,x-x-x-3-5-3,"[null, null, null, 3, 5, 3]",3-2-1,second_inversion,second_inversion,60,5,2,None None None A# E G,None None None b5 1 b3,{}
E_diminished_triad_position_triad_6-5-4_second_inversion_b5-1-b3_6-7-5-x-x-x,E,diminished,dim,1 b3 b5,advanced_reference,triad_position,triad_6-5-4_second_inversion_b5-1-b3,6-7-5-x-x-x,"[6, 7, 5, null, null, null]",6-5-4,second_inversion,second_inversion,60,7,2,A# E G None None None,b5 1 b3 None None None,{}
E_diminished_triad_position_triad_5-4-3_root_position_1-b3-b5_x-7-5-3-x-x,E,diminished,dim,1 b3 b5,advanced_reference,triad_position,triad_5-4-3_root_position_1-b3-b5,x-7-5-3-x-x,"[null, 7, 5, 3, null, null]",5-4-3,root_position,root_position,60,7,4,None E G A# None None,None 1 b3 b5 None None,{}
E_diminished_triad_position_triad_4-3-2_second_inversion_b5-1-b3_x-x-8-9-8-x,E,diminished,dim,1 b3 b5,advanced_reference,triad_position,triad_4-3-2_second_inversion_b5-1-b3,x-x-8-9-8-x,"[null, null, 8, 9, 8, null]",4-3-2,second_inversion,second_inversion,60,9,1,None None A# E G None,None None b5 1 b3 None,{}
E_diminished_triad_position_triad_3-2-1_root_position_1-b3-b5_x-x-x-9-8-6,E,diminished,dim,1 b3 b5,advanced_reference,triad_position,triad_3-2-1_root_position_1-b3-b5,x-x-x-9-8-6,"[null, null, null, 9, 8, 6]",3-2-1,root_position,root_position,60,9,3,None None None E G A#,None None None 1 b3 b5,{}
E_diminished_triad_position_triad_5-4-3_first_inversion_b3-b5-1_x-10-8-9-x-x,E,diminished,dim,1 b3 b5,advanced_reference,triad_position,triad_5-4-3_first_inversion_b3-b5-1,x-10-8-9-x-x,"[null, 10, 8, 9, null, null]",5-4-3,first_inversion_or_suspended_bass,first_inversion,60,10,2,None G A# E None None,None b3 b5 1 None None,{}
E_diminished_triad_position_triad_6-5-4_root_position_1-b3-b5_12-10-8-x-x-x,E,diminished,dim,1 b3 b5,advanced_reference,triad_position,triad_6-5-4_root_position_1-b3-b5,12-10-8-x-x-x,"[12, 10, 8, null, null, null]",6-5-4,root_position,root_position,60,12,4,E G A# None None None,1 b3 b5 None None None,{}
E_diminished_triad_position_triad_3-2-1_first_inversion_b3-b5-1_x-x-x-12-11-12,E,diminished,dim,1 b3 b5,advanced_reference,triad_position,triad_3-2-1_first_inversion_b3-b5-1,x-x-x-12-11-12,"[null, null, null, 12, 11, 12]",3-2-1,first_inversion_or_suspended_bass,first_inversion,60,12,1,None None None G A# E,None None None b3 b5 1,{}
E_diminished_triad_position_triad_5-4-3_second_inversion_b5-1-b3_x-13-14-12-x-x,E,diminished,dim,1 b3 b5,advanced_reference,triad_position,triad_5-4-3_second_inversion_b5-1-b3,x-13-14-12-x-x,"[null, 13, 14, 12, null, null]",5-4-3,second_inversion,second_inversion,60,14,2,None A# E G None None,None b5 1 b3 None None,{}
E_diminished_triad_position_triad_4-3-2_root_position_1-b3-b5_x-x-14-12-11-x,E,diminished,dim,1 b3 b5,advanced_reference,triad_position,triad_4-3-2_root_position_1-b3-b5,x-x-14-12-11-x,"[null, null, 14, 12, 11, null]",4-3-2,root_position,root_position,60,14,3,None None E G A# None,None None 1 b3 b5 None,{}
E_diminished_triad_position_triad_6-5-4_first_inversion_b3-b5-1_15-13-14-x-x-x,E,diminished,dim,1 b3 b5,advanced_reference,triad_position,triad_6-5-4_first_inversion_b3-b5-1,15-13-14-x-x-x,"[15, 13, 14, null, null, null]",6-5-4,first_inversion_or_suspended_bass,first_inversion,60,15,2,G A# E None None None,b3 b5 1 None None None,{}
E_diminished_triad_position_triad_4-3-2_first_inversion_b3-b5-1_x-x-17-15-17-x,E,diminished,dim,1 b3 b5,advanced_reference,triad_position,triad_4-3-2_first_inversion_b3-b5-1,x-x-17-15-17-x,"[null, null, 17, 15, 17, null]",4-3-2,first_inversion_or_suspended_bass,first_inversion,60,17,2,None None G A# E None,None None b3 b5 1 None,{}
E_diminished_triad_position_triad_3-2-1_second_inversion_b5-1-b3_x-x-x-15-17-15,E,diminished,dim,1 b3 b5,advanced_reference,triad_position,triad_3-2-1_second_inversion_b5-1-b3,x-x-x-15-17-15,"[null, null, null, 15, 17, 15]",3-2-1,second_inversion,second_inversion,60,17,2,None None None A# E G,None None None b5 1 b3,{}
E_diminished7_movable_diminished_A_root_dim7_diamond_x-7-8-6-8-x,E,diminished7,dim7,1 b3 b5 bb7,intermediate_core,movable_diminished,A_root_dim7_diamond,x-7-8-6-8-x,"[null, 7, 8, 6, 8, null]",,root_position,,45,8,2,None E A# C# G None,None 1 b5 6/bb7 b3 None,{}
E_diminished7_movable_diminished_E_root_dim7_barre_12-x-11-12-11-x,E,diminished7,dim7,1 b3 b5 bb7,intermediate_core,movable_diminished,E_root_dim7_barre,12-x-11-12-11-x,"[12, null, 11, 12, 11, null]",,root_position,,45,12,1,E None C# G A# None,1 None 6/bb7 b3 b5 None,{}
E_diminished7_compact_seventh_position_seventh_5-4-3-2_b5-1-b3-bb7_x-1-2-0-2-x,E,diminished7,dim7,1 b3 b5 bb7,advanced_reference,compact_seventh_position,seventh_5-4-3-2_b5-1-b3-bb7,x-1-2-0-2-x,"[null, 1, 2, 0, 2, null]",5-4-3-2,second_inversion,,80,2,1,None A# E G C# None,None b5 1 b3 6/bb7 None,{}
E_diminished7_compact_seventh_position_seventh_4-3-2-1_1-b5-bb7-b3_x-x-2-3-2-3,E,diminished7,dim7,1 b3 b5 bb7,advanced_reference,compact_seventh_position,seventh_4-3-2-1_1-b5-bb7-b3,x-x-2-3-2-3,"[null, null, 2, 3, 2, 3]",4-3-2-1,root_position,,80,3,1,None None E A# C# G,None None 1 b5 6/bb7 b3,{}
E_diminished7_compact_seventh_position_seventh_6-5-4-3_b3-bb7-1-b5_3-4-2-3-x-x,E,diminished7,dim7,1 b3 b5 bb7,advanced_reference,compact_seventh_position,seventh_6-5-4-3_b3-bb7-1-b5,3-4-2-3-x-x,"[3, 4, 2, 3, null, null]",6-5-4-3,first_inversion_or_suspended_bass,,80,4,2,G C# E A# None None,b3 6/bb7 1 b5 None None,{}
E_diminished7_compact_seventh_position_seventh_6-5-4-3_1-bb7-b3-b5_0-4-5-3-x-x,E,diminished7,dim7,1 b3 b5 bb7,advanced_reference,compact_seventh_position,seventh_6-5-4-3_1-bb7-b3-b5,0-4-5-3-x-x,"[0, 4, 5, 3, null, null]",6-5-4-3,root_position,,80,5,2,E C# G A# None None,1 6/bb7 b3 b5 None None,{}
E_diminished7_compact_seventh_position_seventh_5-4-3-2_bb7-b3-b5-1_x-4-5-3-5-x,E,diminished7,dim7,1 b3 b5 bb7,advanced_reference,compact_seventh_position,seventh_5-4-3-2_bb7-b3-b5-1,x-4-5-3-5-x,"[null, 4, 5, 3, 5, null]",5-4-3-2,seventh_in_bass,,80,5,2,None C# G A# E None,None 6/bb7 b3 b5 1 None,{}
E_diminished7_compact_seventh_position_seventh_4-3-2-1_b3-b5-bb7-1_x-x-5-3-2-0,E,diminished7,dim7,1 b3 b5 bb7,advanced_reference,compact_seventh_position,seventh_4-3-2-1_b3-b5-bb7-1,x-x-5-3-2-0,"[null, null, 5, 3, 2, 0]",4-3-2-1,first_inversion_or_suspended_bass,,80,5,3,None None G A# C# E,None None b3 b5 6/bb7 1,{}
E_diminished7_compact_seventh_position_seventh_4-3-2-1_b3-bb7-1-b5_x-x-5-6-5-6,E,diminished7,dim7,1 b3 b5 bb7,advanced_reference,compact_seventh_position,seventh_4-3-2-1_b3-bb7-1-b5,x-x-5-6-5-6,"[null, null, 5, 6, 5, 6]",4-3-2-1,first_inversion_or_suspended_bass,,80,6,1,None None G C# E A#,None None b3 6/bb7 1 b5,{}
E_diminished7_compact_seventh_position_seventh_6-5-4-3_b5-1-b3-bb7_6-7-5-6-x-x,E,diminished7,dim7,1 b3 b5 bb7,advanced_reference,compact_seventh_position,seventh_6-5-4-3_b5-1-b3-bb7,6-7-5-6-x-x,"[6, 7, 5, 6, null, null]",6-5-4-3,second_inversion,,80,7,2,A# E G C# None None,b5 1 b3 6/bb7 None None,{}
E_diminished7_compact_seventh_position_seventh_4-3-2-1_b5-1-b3-bb7_x-x-8-9-8-9,E,diminished7,dim7,1 b3 b5 bb7,advanced_reference,compact_seventh_position,seventh_4-3-2-1_b5-1-b3-bb7,x-x-8-9-8-9,"[null, null, 8, 9, 8, 9]",4-3-2-1,second_inversion,,80,9,1,None None A# E G C#,None None b5 1 b3 6/bb7,{}
E_diminished7_compact_seventh_position_seventh_6-5-4-3_bb7-b3-b5-1_9-10-8-9-x-x,E,diminished7,dim7,1 b3 b5 bb7,advanced_reference,compact_seventh_position,seventh_6-5-4-3_bb7-b3-b5-1,9-10-8-9-x-x,"[9, 10, 8, 9, null, null]",6-5-4-3,seventh_in_bass,,80,10,2,C# G A# E None None,6/bb7 b3 b5 1 None None,{}
E_diminished7_compact_seventh_position_seventh_5-4-3-2_b3-bb7-1-b5_x-10-11-9-11-x,E,diminished7,dim7,1 b3 b5 bb7,advanced_reference,compact_seventh_position,seventh_5-4-3-2_b3-bb7-1-b5,x-10-11-9-11-x,"[null, 10, 11, 9, 11, null]",5-4-3-2,first_inversion_or_suspended_bass,,80,11,2,None G C# E A# None,None b3 6/bb7 1 b5 None,{}
E_diminished7_compact_seventh_position_seventh_4-3-2-1_bb7-b3-b5-1_x-x-11-12-11-12,E,diminished7,dim7,1 b3 b5 bb7,advanced_reference,compact_seventh_position,seventh_4-3-2-1_bb7-b3-b5-1,x-x-11-12-11-12,"[null, null, 11, 12, 11, 12]",4-3-2-1,seventh_in_bass,,80,12,1,None None C# G A# E,None None 6/bb7 b3 b5 1,{}
E_diminished7_compact_seventh_position_seventh_6-5-4-3_1-b5-bb7-b3_12-13-11-12-x-x,E,diminished7,dim7,1 b3 b5 bb7,advanced_reference,compact_seventh_position,seventh_6-5-4-3_1-b5-bb7-b3,12-13-11-12-x-x,"[12, 13, 11, 12, null, null]",6-5-4-3,root_position,,80,13,2,E A# C# G None None,1 b5 6/bb7 b3 None None,{}
E_diminished7_compact_seventh_position_seventh_5-4-3-2_b5-1-b3-bb7_x-13-14-12-14-x,E,diminished7,dim7,1 b3 b5 bb7,advanced_reference,compact_seventh_position,seventh_5-4-3-2_b5-1-b3-bb7,x-13-14-12-14-x,"[null, 13, 14, 12, 14, null]",5-4-3-2,second_inversion,,80,14,2,None A# E G C# None,None b5 1 b3 6/bb7 None,{}
E_diminished7_compact_seventh_position_seventh_4-3-2-1_1-b5-bb7-b3_x-x-14-15-14-15,E,diminished7,dim7,1 b3 b5 bb7,advanced_reference,compact_seventh_position,seventh_4-3-2-1_1-b5-bb7-b3,x-x-14-15-14-15,"[null, null, 14, 15, 14, 15]",4-3-2-1,root_position,,80,15,1,None None E A# C# G,None None 1 b5 6/bb7 b3,{}
E_diminished7_compact_seventh_position_seventh_6-5-4-3_b3-bb7-1-b5_15-16-14-15-x-x,E,diminished7,dim7,1 b3 b5 bb7,advanced_reference,compact_seventh_position,seventh_6-5-4-3_b3-bb7-1-b5,15-16-14-15-x-x,"[15, 16, 14, 15, null, null]",6-5-4-3,first_inversion_or_suspended_bass,,80,16,2,G C# E A# None None,b3 6/bb7 1 b5 None None,{}
E_diminished7_compact_seventh_position_seventh_5-4-3-2_bb7-b3-b5-1_x-16-17-15-17-x,E,diminished7,dim7,1 b3 b5 bb7,advanced_reference,compact_seventh_position,seventh_5-4-3-2_bb7-b3-b5-1,x-16-17-15-17-x,"[null, 16, 17, 15, 17, null]",5-4-3-2,seventh_in_bass,,80,17,2,None C# G A# E None,None 6/bb7 b3 b5 1 None,{}
E_diminished7_compact_seventh_position_seventh_4-3-2-1_b3-bb7-1-b5_x-x-17-18-17-18,E,diminished7,dim7,1 b3 b5 bb7,advanced_reference,compact_seventh_position,seventh_4-3-2-1_b3-bb7-1-b5,x-x-17-18-17-18,"[null, null, 17, 18, 17, 18]",4-3-2-1,first_inversion_or_suspended_bass,,80,18,1,None None G C# E A#,None None b3 6/bb7 1 b5,{}
E_dominant7_caged_seventh_E_shape_7_0-2-0-1-0-0,E,dominant7,7,1 3 5 b7,intermediate_core,caged_seventh,E_shape_7,0-2-0-1-0-0,"[0, 2, 0, 1, 0, 0]",,root_position,,35,2,1,E B D G# B E,1 5 b7 3 5 1,{}
E_dominant7_caged_seventh_D_shape_7_x-x-2-4-3-4,E,dominant7,7,1 3 5 b7,intermediate_core,caged_seventh,D_shape_7,x-x-2-4-3-4,"[null, null, 2, 4, 3, 4]",,root_position,,35,4,2,None None E B D G#,None None 1 5 b7 3,{}
E_dominant7_caged_seventh_A_shape_7_x-7-9-7-9-7,E,dominant7,7,1 3 5 b7,intermediate_core,caged_seventh,A_shape_7,x-7-9-7-9-7,"[null, 7, 9, 7, 9, 7]",,root_position,,35,9,2,None E B D G# B,None 1 5 b7 3 5,{}
E_dominant7_caged_seventh_G_shape_7_12-11-9-9-9-10,E,dominant7,7,1 3 5 b7,intermediate_core,caged_seventh,G_shape_7,12-11-9-9-9-10,"[12, 11, 9, 9, 9, 10]",,root_position,,35,12,3,E G# B E G# D,1 3 5 1 3 b7,{}
E_dominant7_compact_seventh_position_seventh_4-3-2-1_b7-3-5-1_x-x-0-1-0-0,E,dominant7,7,1 3 5 b7,advanced_reference,compact_seventh_position,seventh_4-3-2-1_b7-3-5-1,x-x-0-1-0-0,"[null, null, 0, 1, 0, 0]",4-3-2-1,seventh_in_bass,,80,1,0,None None D G# B E,None None b7 3 5 1,{}
E_dominant7_compact_seventh_position_seventh_6-5-4-3_1-5-b7-3_0-2-0-1-x-x,E,dominant7,7,1 3 5 b7,advanced_reference,compact_seventh_position,seventh_6-5-4-3_1-5-b7-3,0-2-0-1-x-x,"[0, 2, 0, 1, null, null]",6-5-4-3,root_position,,80,2,1,E B D G# None None,1 5 b7 3 None None,{}
E_dominant7_compact_seventh_position_seventh_5-4-3-2_5-1-3-b7_x-2-2-1-3-x,E,dominant7,7,1 3 5 b7,advanced_reference,compact_seventh_position,seventh_5-4-3-2_5-1-3-b7,x-2-2-1-3-x,"[null, 2, 2, 1, 3, null]",5-4-3-2,second_inversion,,80,3,2,None B E G# D None,None 5 1 3 b7 None,{}
E_dominant7_compact_seventh_position_seventh_6-5-4-3_3-b7-1-5_4-5-2-4-x-x,E,dominant7,7,1 3 5 b7,advanced_reference,compact_seventh_position,seventh_6-5-4-3_3-b7-1-5,4-5-2-4-x-x,"[4, 5, 2, 4, null, null]",6-5-4-3,first_inversion_or_suspended_bass,,80,5,3,G# D E B None None,3 b7 1 5 None None,{}
E_dominant7_compact_seventh_position_seventh_5-4-3-2_5-b7-3-1_x-2-0-1-5-x,E,dominant7,7,1 3 5 b7,advanced_reference,compact_seventh_position,seventh_5-4-3-2_5-b7-3-1,x-2-0-1-5-x,"[null, 2, 0, 1, 5, null]",5-4-3-2,second_inversion,,80,5,4,None B D G# E None,None 5 b7 3 1 None,{}
E_dominant7_compact_seventh_position_seventh_5-4-3-2_b7-1-3-5_x-5-2-1-0-x,E,dominant7,7,1 3 5 b7,advanced_reference,compact_seventh_position,seventh_5-4-3-2_b7-1-3-5,x-5-2-1-0-x,"[null, 5, 2, 1, 0, null]",5-4-3-2,seventh_in_bass,,80,5,4,None D E G# B None,None b7 1 3 5 None,{}
E_dominant7_compact_seventh_position_seventh_4-3-2-1_b7-5-1-3_x-x-0-4-5-4,E,dominant7,7,1 3 5 b7,advanced_reference,compact_seventh_position,seventh_4-3-2-1_b7-5-1-3,x-x-0-4-5-4,"[null, null, 0, 4, 5, 4]",4-3-2-1,seventh_in_bass,,80,5,1,None None D B E G#,None None b7 5 1 3,{}
E_dominant7_compact_seventh_position_seventh_5-4-3-2_b7-3-5-1_x-5-6-4-5-x,E,dominant7,7,1 3 5 b7,advanced_reference,compact_seventh_position,seventh_5-4-3-2_b7-3-5-1,x-5-6-4-5-x,"[null, 5, 6, 4, 5, null]",5-4-3-2,seventh_in_bass,,80,6,2,None D G# B E None,None b7 3 5 1 None,{}
E_dominant7_compact_seventh_position_seventh_6-5-4-3_5-1-3-b7_7-7-6-7-x-x,E,dominant7,7,1 3 5 b7,advanced_reference,compact_seventh_position,seventh_6-5-4-3_5-1-3-b7,7-7-6-7-x-x,"[7, 7, 6, 7, null, null]",6-5-4-3,second_inversion,,80,7,1,B E G# D None None,5 1 3 b7 None None,{}
E_dominant7_compact_seventh_position_seventh_5-4-3-2_1-3-5-b7_x-7-6-4-3-x,E,dominant7,7,1 3 5 b7,advanced_reference,compact_seventh_position,seventh_5-4-3-2_1-3-5-b7,x-7-6-4-3-x,"[null, 7, 6, 4, 3, null]",5-4-3-2,root_position,,80,7,4,None E G# B D None,None 1 3 5 b7 None,{}
E_dominant7_compact_seventh_position_seventh_4-3-2-1_3-b7-1-5_x-x-6-7-5-7,E,dominant7,7,1 3 5 b7,advanced_reference,compact_seventh_position,seventh_4-3-2-1_3-b7-1-5,x-x-6-7-5-7,"[null, null, 6, 7, 5, 7]",4-3-2-1,first_inversion_or_suspended_bass,,80,7,2,None None G# D E B,None None 3 b7 1 5,{}
E_dominant7_compact_seventh_position_seventh_6-5-4-3_5-b7-3-1_7-5-6-9-x-x,E,dominant7,7,1 3 5 b7,advanced_reference,compact_seventh_position,seventh_6-5-4-3_5-b7-3-1,7-5-6-9-x-x,"[7, 5, 6, 9, null, null]",6-5-4-3,second_inversion,,80,9,4,B D G# E None None,5 b7 3 1 None None,{}
E_dominant7_compact_seventh_position_seventh_5-4-3-2_b7-5-1-3_x-5-9-9-9-x,E,dominant7,7,1 3 5 b7,advanced_reference,compact_seventh_position,seventh_5-4-3-2_b7-5-1-3,x-5-9-9-9-x,"[null, 5, 9, 9, 9, null]",5-4-3-2,seventh_in_bass,,80,9,4,None D B E G# None,None b7 5 1 3 None,{}
E_dominant7_compact_seventh_position_seventh_5-4-3-2_1-5-b7-3_x-7-9-7-9-x,E,dominant7,7,1 3 5 b7,advanced_reference,compact_seventh_position,seventh_5-4-3-2_1-5-b7-3,x-7-9-7-9-x,"[null, 7, 9, 7, 9, null]",5-4-3-2,root_position,,80,9,2,None E B D G# None,None 1 5 b7 3 None,{}
E_dominant7_compact_seventh_position_seventh_4-3-2-1_5-1-3-b7_x-x-9-9-9-10,E,dominant7,7,1 3 5 b7,advanced_reference,compact_seventh_position,seventh_4-3-2-1_5-1-3-b7,x-x-9-9-9-10,"[null, null, 9, 9, 9, 10]",4-3-2-1,second_inversion,,80,10,1,None None B E G# D,None None 5 1 3 b7,{}
E_dominant7_compact_seventh_position_seventh_6-5-4-3_b7-3-5-1_10-11-9-9-x-x,E,dominant7,7,1 3 5 b7,advanced_reference,compact_seventh_position,seventh_6-5-4-3_b7-3-5-1,10-11-9-9-x-x,"[10, 11, 9, 9, null, null]",6-5-4-3,seventh_in_bass,,80,11,2,D G# B E None None,b7 3 5 1 None None,{}
E_dominant7_compact_seventh_position_seventh_5-4-3-2_3-b7-1-5_x-11-12-9-12-x,E,dominant7,7,1 3 5 b7,advanced_reference,compact_seventh_position,seventh_5-4-3-2_3-b7-1-5,x-11-12-9-12-x,"[null, 11, 12, 9, 12, null]",5-4-3-2,first_inversion_or_suspended_bass,,80,12,3,None G# D E B None,None 3 b7 1 5 None,{}
E_dominant7_compact_seventh_position_seventh_4-3-2-1_b7-3-5-1_x-x-12-13-12-12,E,dominant7,7,1 3 5 b7,advanced_reference,compact_seventh_position,seventh_4-3-2-1_b7-3-5-1,x-x-12-13-12-12,"[null, null, 12, 13, 12, 12]",4-3-2-1,seventh_in_bass,,80,13,1,None None D G# B E,None None b7 3 5 1,{}
E_dominant7_compact_seventh_position_seventh_6-5-4-3_b7-5-1-3_10-14-14-13-x-x,E,dominant7,7,1 3 5 b7,advanced_reference,compact_seventh_position,seventh_6-5-4-3_b7-5-1-3,10-14-14-13-x-x,"[10, 14, 14, 13, null, null]",6-5-4-3,seventh_in_bass,,80,14,4,D B E G# None None,b7 5 1 3 None None,{}
E_dominant7_compact_seventh_position_seventh_6-5-4-3_1-5-b7-3_12-14-12-13-x-x,E,dominant7,7,1 3 5 b7,advanced_reference,compact_seventh_position,seventh_6-5-4-3_1-5-b7-3,12-14-12-13-x-x,"[12, 14, 12, 13, null, null]",6-5-4-3,root_position,,80,14,2,E B D G# None None,1 5 b7 3 None None,{}
E_dominant7_compact_seventh_position_seventh_4-3-2-1_1-3-5-b7_x-x-14-13-12-10,E,dominant7,7,1 3 5 b7,advanced_reference,compact_seventh_position,seventh_4-3-2-1_1-3-5-b7,x-x-14-13-12-10,"[null, null, 14, 13, 12, 10]",4-3-2-1,root_position,,80,14,4,None None E G# B D,None None 1 3 5 b7,{}
E_dominant7_compact_seventh_position_seventh_5-4-3-2_5-1-3-b7_x-14-14-13-15-x,E,dominant7,7,1 3 5 b7,advanced_reference,compact_seventh_position,seventh_5-4-3-2_5-1-3-b7,x-14-14-13-15-x,"[null, 14, 14, 13, 15, null]",5-4-3-2,second_inversion,,80,15,2,None B E G# D None,None 5 1 3 b7 None,{}
E_dominant7_compact_seventh_position_seventh_4-3-2-1_1-5-b7-3_x-x-14-16-15-16,E,dominant7,7,1 3 5 b7,advanced_reference,compact_seventh_position,seventh_4-3-2-1_1-5-b7-3,x-x-14-16-15-16,"[null, null, 14, 16, 15, 16]",4-3-2-1,root_position,,80,16,2,None None E B D G#,None None 1 5 b7 3,{}
E_dominant7_compact_seventh_position_seventh_6-5-4-3_3-b7-1-5_16-17-14-16-x-x,E,dominant7,7,1 3 5 b7,advanced_reference,compact_seventh_position,seventh_6-5-4-3_3-b7-1-5,16-17-14-16-x-x,"[16, 17, 14, 16, null, null]",6-5-4-3,first_inversion_or_suspended_bass,,80,17,3,G# D E B None None,3 b7 1 5 None None,{}
E_dominant7_compact_seventh_position_seventh_5-4-3-2_b7-3-5-1_x-17-18-16-17-x,E,dominant7,7,1 3 5 b7,advanced_reference,compact_seventh_position,seventh_5-4-3-2_b7-3-5-1,x-17-18-16-17-x,"[null, 17, 18, 16, 17, null]",5-4-3-2,seventh_in_bass,,80,18,2,None D G# B E None,None b7 3 5 1 None,{}
E_half_diminished7_movable_diminished_A_root_m7b5_x-7-8-7-8-x,E,half_diminished7,m7b5,1 b3 b5 b7,intermediate_core,movable_diminished,A_root_m7b5,x-7-8-7-8-x,"[null, 7, 8, 7, 8, null]",,root_position,,45,8,1,None E A# D G None,None 1 b5 b7 b3 None,{}
E_half_diminished7_movable_diminished_E_root_m7b5_12-x-12-12-11-x,E,half_diminished7,m7b5,1 b3 b5 b7,intermediate_core,movable_diminished,E_root_m7b5,12-x-12-12-11-x,"[12, null, 12, 12, 11, null]",,root_position,,45,12,1,E None D G A# None,1 None b7 b3 b5 None,{}
E_half_diminished7_compact_seventh_position_seventh_6-5-4-3_1-b5-b7-b3_0-1-0-0-x-x,E,half_diminished7,m7b5,1 b3 b5 b7,advanced_reference,compact_seventh_position,seventh_6-5-4-3_1-b5-b7-b3,0-1-0-0-x-x,"[0, 1, 0, 0, null, null]",6-5-4-3,root_position,,80,1,0,E A# D G None None,1 b5 b7 b3 None None,{}
E_half_diminished7_compact_seventh_position_seventh_5-4-3-2_b5-1-b3-b7_x-1-2-0-3-x,E,half_diminished7,m7b5,1 b3 b5 b7,advanced_reference,compact_seventh_position,seventh_5-4-3-2_b5-1-b3-b7,x-1-2-0-3-x,"[null, 1, 2, 0, 3, null]",5-4-3-2,second_inversion,,80,3,2,None A# E G D None,None b5 1 b3 b7 None,{}
E_half_diminished7_compact_seventh_position_seventh_4-3-2-1_1-b5-b7-b3_x-x-2-3-3-3,E,half_diminished7,m7b5,1 b3 b5 b7,advanced_reference,compact_seventh_position,seventh_4-3-2-1_1-b5-b7-b3,x-x-2-3-3-3,"[null, null, 2, 3, 3, 3]",4-3-2-1,root_position,,80,3,1,None None E A# D G,None None 1 b5 b7 b3,{}
E_half_diminished7_compact_seventh_position_seventh_6-5-4-3_1-b7-b3-b5_0-5-5-3-x-x,E,half_diminished7,m7b5,1 b3 b5 b7,advanced_reference,compact_seventh_position,seventh_6-5-4-3_1-b7-b3-b5,0-5-5-3-x-x,"[0, 5, 5, 3, null, null]",6-5-4-3,root_position,,80,5,2,E D G A# None None,1 b7 b3 b5 None None,{}
E_half_diminished7_compact_seventh_position_seventh_6-5-4-3_b3-b7-1-b5_3-5-2-3-x-x,E,half_diminished7,m7b5,1 b3 b5 b7,advanced_reference,compact_seventh_position,seventh_6-5-4-3_b3-b7-1-b5,3-5-2-3-x-x,"[3, 5, 2, 3, null, null]",6-5-4-3,first_inversion_or_suspended_bass,,80,5,3,G D E A# None None,b3 b7 1 b5 None None,{}
E_half_diminished7_compact_seventh_position_seventh_5-4-3-2_b5-b7-b3-1_x-1-0-0-5-x,E,half_diminished7,m7b5,1 b3 b5 b7,advanced_reference,compact_seventh_position,seventh_5-4-3-2_b5-b7-b3-1,x-1-0-0-5-x,"[null, 1, 0, 0, 5, null]",5-4-3-2,second_inversion,,80,5,4,None A# D G E None,None b5 b7 b3 1 None,{}
E_half_diminished7_compact_seventh_position_seventh_5-4-3-2_b7-b3-b5-1_x-5-5-3-5-x,E,half_diminished7,m7b5,1 b3 b5 b7,advanced_reference,compact_seventh_position,seventh_5-4-3-2_b7-b3-b5-1,x-5-5-3-5-x,"[null, 5, 5, 3, 5, null]",5-4-3-2,seventh_in_bass,,80,5,2,None D G A# E None,None b7 b3 b5 1 None,{}
E_half_diminished7_compact_seventh_position_seventh_4-3-2-1_b7-b5-1-b3_x-x-0-3-5-3,E,half_diminished7,m7b5,1 b3 b5 b7,advanced_reference,compact_seventh_position,seventh_4-3-2-1_b7-b5-1-b3,x-x-0-3-5-3,"[null, null, 0, 3, 5, 3]",4-3-2-1,seventh_in_bass,,80,5,2,None None D A# E G,None None b7 b5 1 b3,{}
E_half_diminished7_compact_seventh_position_seventh_4-3-2-1_b3-b5-b7-1_x-x-5-3-3-0,E,half_diminished7,m7b5,1 b3 b5 b7,advanced_reference,compact_seventh_position,seventh_4-3-2-1_b3-b5-b7-1,x-x-5-3-3-0,"[null, null, 5, 3, 3, 0]",4-3-2-1,first_inversion_or_suspended_bass,,80,5,2,None None G A# D E,None None b3 b5 b7 1,{}
E_half_diminished7_compact_seventh_position_seventh_6-5-4-3_b5-1-b3-b7_6-7-5-7-x-x,E,half_diminished7,m7b5,1 b3 b5 b7,advanced_reference,compact_seventh_position,seventh_6-5-4-3_b5-1-b3-b7,6-7-5-7-x-x,"[6, 7, 5, 7, null, null]",6-5-4-3,second_inversion,,80,7,2,A# E G D None None,b5 1 b3 b7 None None,{}
E_half_diminished7_compact_seventh_position_seventh_5-4-3-2_1-b3-b5-b7_x-7-5-3-3-x,E,half_diminished7,m7b5,1 b3 b5 b7,advanced_reference,compact_seventh_position,seventh_5-4-3-2_1-b3-b5-b7,x-7-5-3-3-x,"[null, 7, 5, 3, 3, null]",5-4-3-2,root_position,,80,7,4,None E G A# D None,None 1 b3 b5 b7 None,{}
E_half_diminished7_compact_seventh_position_seventh_4-3-2-1_b3-b7-1-b5_x-x-5-7-5-6,E,half_diminished7,m7b5,1 b3 b5 b7,advanced_reference,compact_seventh_position,seventh_4-3-2-1_b3-b7-1-b5,x-x-5-7-5-6,"[null, null, 5, 7, 5, 6]",4-3-2-1,first_inversion_or_suspended_bass,,80,7,2,None None G D E A#,None None b3 b7 1 b5,{}
E_half_diminished7_compact_seventh_position_seventh_6-5-4-3_b5-b7-b3-1_6-5-5-9-x-x,E,half_diminished7,m7b5,1 b3 b5 b7,advanced_reference,compact_seventh_position,seventh_6-5-4-3_b5-b7-b3-1,6-5-5-9-x-x,"[6, 5, 5, 9, null, null]",6-5-4-3,second_inversion,,80,9,4,A# D G E None None,b5 b7 b3 1 None None,{}
E_half_diminished7_compact_seventh_position_seventh_5-4-3-2_b7-b5-1-b3_x-5-8-9-8-x,E,half_diminished7,m7b5,1 b3 b5 b7,advanced_reference,compact_seventh_position,seventh_5-4-3-2_b7-b5-1-b3,x-5-8-9-8-x,"[null, 5, 8, 9, 8, null]",5-4-3-2,seventh_in_bass,,80,9,4,None D A# E G None,None b7 b5 1 b3 None,{}
E_half_diminished7_compact_seventh_position_seventh_6-5-4-3_b7-b3-b5-1_10-10-8-9-x-x,E,half_diminished7,m7b5,1 b3 b5 b7,advanced_reference,compact_seventh_position,seventh_6-5-4-3_b7-b3-b5-1,10-10-8-9-x-x,"[10, 10, 8, 9, null, null]",6-5-4-3,seventh_in_bass,,80,10,2,D G A# E None None,b7 b3 b5 1 None None,{}
E_half_diminished7_compact_seventh_position_seventh_4-3-2-1_b5-1-b3-b7_x-x-8-9-8-10,E,half_diminished7,m7b5,1 b3 b5 b7,advanced_reference,compact_seventh_position,seventh_4-3-2-1_b5-1-b3-b7,x-x-8-9-8-10,"[null, null, 8, 9, 8, 10]",4-3-2-1,second_inversion,,80,10,2,None None A# E G D,None None b5 1 b3 b7,{}
E_half_diminished7_compact_seventh_position_seventh_5-4-3-2_b3-b7-1-b5_x-10-12-9-11-x,E,half_diminished7,m7b5,1 b3 b5 b7,advanced_reference,compact_seventh_position,seventh_5-4-3-2_b3-b7-1-b5,x-10-12-9-11-x,"[null, 10, 12, 9, 11, null]",5-4-3-2,first_inversion_or_suspended_bass,,80,12,3,None G D E A# None,None b3 b7 1 b5 None,{}
E_half_diminished7_compact_seventh_position_seventh_4-3-2-1_b7-b3-b5-1_x-x-12-12-11-12,E,half_diminished7,m7b5,1 b3 b5 b7,advanced_reference,compact_seventh_position,seventh_4-3-2-1_b7-b3-b5-1,x-x-12-12-11-12,"[null, null, 12, 12, 11, 12]",4-3-2-1,seventh_in_bass,,80,12,1,None None D G A# E,None None b7 b3 b5 1,{}
E_half_diminished7_compact_seventh_position_seventh_6-5-4-3_1-b5-b7-b3_12-13-12-12-x-x,E,half_diminished7,m7b5,1 b3 b5 b7,advanced_reference,compact_seventh_position,seventh_6-5-4-3_1-b5-b7-b3,12-13-12-12-x-x,"[12, 13, 12, 12, null, null]",6-5-4-3,root_position,,80,13,1,E A# D G None None,1 b5 b7 b3 None None,{}
E_half_diminished7_compact_seventh_position_seventh_6-5-4-3_b7-b5-1-b3_10-13-14-12-x-x,E,half_diminished7,m7b5,1 b3 b5 b7,advanced_reference,compact_seventh_position,seventh_6-5-4-3_b7-b5-1-b3,10-13-14-12-x-x,"[10, 13, 14, 12, null, null]",6-5-4-3,seventh_in_bass,,80,14,4,D A# E G None None,b7 b5 1 b3 None None,{}
E_half_diminished7_compact_seventh_position_seventh_4-3-2-1_1-b3-b5-b7_x-x-14-12-11-10,E,half_diminished7,m7b5,1 b3 b5 b7,advanced_reference,compact_seventh_position,seventh_4-3-2-1_1-b3-b5-b7,x-x-14-12-11-10,"[null, null, 14, 12, 11, 10]",4-3-2-1,root_position,,80,14,4,None None E G A# D,None None 1 b3 b5 b7,{}
E_half_diminished7_compact_seventh_position_seventh_5-4-3-2_b5-1-b3-b7_x-13-14-12-15-x,E,half_diminished7,m7b5,1 b3 b5 b7,advanced_reference,compact_seventh_position,seventh_5-4-3-2_b5-1-b3-b7,x-13-14-12-15-x,"[null, 13, 14, 12, 15, null]",5-4-3-2,second_inversion,,80,15,3,None A# E G D None,None b5 1 b3 b7 None,{}
E_half_diminished7_compact_seventh_position_seventh_4-3-2-1_1-b5-b7-b3_x-x-14-15-15-15,E,half_diminished7,m7b5,1 b3 b5 b7,advanced_reference,compact_seventh_position,seventh_4-3-2-1_1-b5-b7-b3,x-x-14-15-15-15,"[null, null, 14, 15, 15, 15]",4-3-2-1,root_position,,80,15,1,None None E A# D G,None None 1 b5 b7 b3,{}
E_half_diminished7_compact_seventh_position_seventh_6-5-4-3_b3-b7-1-b5_15-17-14-15-x-x,E,half_diminished7,m7b5,1 b3 b5 b7,advanced_reference,compact_seventh_position,seventh_6-5-4-3_b3-b7-1-b5,15-17-14-15-x-x,"[15, 17, 14, 15, null, null]",6-5-4-3,first_inversion_or_suspended_bass,,80,17,3,G D E A# None None,b3 b7 1 b5 None None,{}
E_half_diminished7_compact_seventh_position_seventh_5-4-3-2_b7-b3-b5-1_x-17-17-15-17-x,E,half_diminished7,m7b5,1 b3 b5 b7,advanced_reference,compact_seventh_position,seventh_5-4-3-2_b7-b3-b5-1,x-17-17-15-17-x,"[null, 17, 17, 15, 17, null]",5-4-3-2,seventh_in_bass,,80,17,2,None D G A# E None,None b7 b3 b5 1 None,{}
E_m7_caged_seventh_E_shape_m7_0-2-0-0-0-0,E,m7,m7,1 b3 5 b7,intermediate_core,caged_seventh,E_shape_m7,0-2-0-0-0-0,"[0, 2, 0, 0, 0, 0]",,root_position,,35,2,0,E B D G B E,1 5 b7 b3 5 1,{}
E_m7_caged_seventh_D_shape_m7_x-x-2-4-3-3,E,m7,m7,1 b3 5 b7,intermediate_core,caged_seventh,D_shape_m7,x-x-2-4-3-3,"[null, null, 2, 4, 3, 3]",,root_position,,35,4,2,None None E B D G,None None 1 5 b7 b3,{}
E_m7_caged_seventh_A_shape_m7_x-7-9-7-8-7,E,m7,m7,1 b3 5 b7,intermediate_core,caged_seventh,A_shape_m7,x-7-9-7-8-7,"[null, 7, 9, 7, 8, 7]",,root_position,,35,9,2,None E B D G B,None 1 5 b7 b3 5,{}
E_m7_compact_seventh_position_seventh_4-3-2-1_b7-b3-5-1_x-x-0-0-0-0,E,m7,m7,1 b3 5 b7,advanced_reference,compact_seventh_position,seventh_4-3-2-1_b7-b3-5-1,x-x-0-0-0-0,"[null, null, 0, 0, 0, 0]",4-3-2-1,seventh_in_bass,,80,0,0,None None D G B E,None None b7 b3 5 1,{}
E_m7_compact_seventh_position_seventh_6-5-4-3_1-5-b7-b3_0-2-0-0-x-x,E,m7,m7,1 b3 5 b7,advanced_reference,compact_seventh_position,seventh_6-5-4-3_1-5-b7-b3,0-2-0-0-x-x,"[0, 2, 0, 0, null, null]",6-5-4-3,root_position,,80,2,0,E B D G None None,1 5 b7 b3 None None,{}
E_m7_compact_seventh_position_seventh_5-4-3-2_5-1-b3-b7_x-2-2-0-3-x,E,m7,m7,1 b3 5 b7,advanced_reference,compact_seventh_position,seventh_5-4-3-2_5-1-b3-b7,x-2-2-0-3-x,"[null, 2, 2, 0, 3, null]",5-4-3-2,second_inversion,,80,3,1,None B E G D None,None 5 1 b3 b7 None,{}
E_m7_compact_seventh_position_seventh_6-5-4-3_1-b7-b3-5_0-5-5-4-x-x,E,m7,m7,1 b3 5 b7,advanced_reference,compact_seventh_position,seventh_6-5-4-3_1-b7-b3-5,0-5-5-4-x-x,"[0, 5, 5, 4, null, null]",6-5-4-3,root_position,,80,5,1,E D G B None None,1 b7 b3 5 None None,{}
E_m7_compact_seventh_position_seventh_6-5-4-3_b3-b7-1-5_3-5-2-4-x-x,E,m7,m7,1 b3 5 b7,advanced_reference,compact_seventh_position,seventh_6-5-4-3_b3-b7-1-5,3-5-2-4-x-x,"[3, 5, 2, 4, null, null]",6-5-4-3,first_inversion_or_suspended_bass,,80,5,3,G D E B None None,b3 b7 1 5 None None,{}
E_m7_compact_seventh_position_seventh_5-4-3-2_5-b7-b3-1_x-2-0-0-5-x,E,m7,m7,1 b3 5 b7,advanced_reference,compact_seventh_position,seventh_5-4-3-2_5-b7-b3-1,x-2-0-0-5-x,"[null, 2, 0, 0, 5, null]",5-4-3-2,second_inversion,,80,5,3,None B D G E None,None 5 b7 b3 1 None,{}
E_m7_compact_seventh_position_seventh_5-4-3-2_b7-1-b3-5_x-5-2-0-0-x,E,m7,m7,1 b3 5 b7,advanced_reference,compact_seventh_position,seventh_5-4-3-2_b7-1-b3-5,x-5-2-0-0-x,"[null, 5, 2, 0, 0, null]",5-4-3-2,seventh_in_bass,,80,5,3,None D E G B None,None b7 1 b3 5 None,{}
E_m7_compact_seventh_position_seventh_5-4-3-2_b7-b3-5-1_x-5-5-4-5-x,E,m7,m7,1 b3 5 b7,advanced_reference,compact_seventh_position,seventh_5-4-3-2_b7-b3-5-1,x-5-5-4-5-x,"[null, 5, 5, 4, 5, null]",5-4-3-2,seventh_in_bass,,80,5,1,None D G B E None,None b7 b3 5 1 None,{}
E_m7_compact_seventh_position_seventh_4-3-2-1_b7-5-1-b3_x-x-0-4-5-3,E,m7,m7,1 b3 5 b7,advanced_reference,compact_seventh_position,seventh_4-3-2-1_b7-5-1-b3,x-x-0-4-5-3,"[null, null, 0, 4, 5, 3]",4-3-2-1,seventh_in_bass,,80,5,2,None None D B E G,None None b7 5 1 b3,{}
E_m7_compact_seventh_position_seventh_4-3-2-1_b3-5-b7-1_x-x-5-4-3-0,E,m7,m7,1 b3 5 b7,advanced_reference,compact_seventh_position,seventh_4-3-2-1_b3-5-b7-1,x-x-5-4-3-0,"[null, null, 5, 4, 3, 0]",4-3-2-1,first_inversion_or_suspended_bass,,80,5,2,None None G B D E,None None b3 5 b7 1,{}
E_m7_compact_seventh_position_seventh_6-5-4-3_5-1-b3-b7_7-7-5-7-x-x,E,m7,m7,1 b3 5 b7,advanced_reference,compact_seventh_position,seventh_6-5-4-3_5-1-b3-b7,7-7-5-7-x-x,"[7, 7, 5, 7, null, null]",6-5-4-3,second_inversion,,80,7,2,B E G D None None,5 1 b3 b7 None None,{}
E_m7_compact_seventh_position_seventh_5-4-3-2_1-b3-5-b7_x-7-5-4-3-x,E,m7,m7,1 b3 5 b7,advanced_reference,compact_seventh_position,seventh_5-4-3-2_1-b3-5-b7,x-7-5-4-3-x,"[null, 7, 5, 4, 3, null]",5-4-3-2,root_position,,80,7,4,None E G B D None,None 1 b3 5 b7 None,{}
E_m7_compact_seventh_position_seventh_4-3-2-1_b3-b7-1-5_x-x-5-7-5-7,E,m7,m7,1 b3 5 b7,advanced_reference,compact_seventh_position,seventh_4-3-2-1_b3-b7-1-5,x-x-5-7-5-7,"[null, null, 5, 7, 5, 7]",4-3-2-1,first_inversion_or_suspended_bass,,80,7,2,None None G D E B,None None b3 b7 1 5,{}
E_m7_compact_seventh_position_seventh_6-5-4-3_5-b7-b3-1_7-5-5-9-x-x,E,m7,m7,1 b3 5 b7,advanced_reference,compact_seventh_position,seventh_6-5-4-3_5-b7-b3-1,7-5-5-9-x-x,"[7, 5, 5, 9, null, null]",6-5-4-3,second_inversion,,80,9,4,B D G E None None,5 b7 b3 1 None None,{}
E_m7_compact_seventh_position_seventh_5-4-3-2_b7-5-1-b3_x-5-9-9-8-x,E,m7,m7,1 b3 5 b7,advanced_reference,compact_seventh_position,seventh_5-4-3-2_b7-5-1-b3,x-5-9-9-8-x,"[null, 5, 9, 9, 8, null]",5-4-3-2,seventh_in_bass,,80,9,4,None D B E G None,None b7 5 1 b3 None,{}
E_m7_compact_seventh_position_seventh_5-4-3-2_1-5-b7-b3_x-7-9-7-8-x,E,m7,m7,1 b3 5 b7,advanced_reference,compact_seventh_position,seventh_5-4-3-2_1-5-b7-b3,x-7-9-7-8-x,"[null, 7, 9, 7, 8, null]",5-4-3-2,root_position,,80,9,2,None E B D G None,None 1 5 b7 b3 None,{}
E_m7_compact_seventh_position_seventh_6-5-4-3_b7-b3-5-1_10-10-9-9-x-x,E,m7,m7,1 b3 5 b7,advanced_reference,compact_seventh_position,seventh_6-5-4-3_b7-b3-5-1,10-10-9-9-x-x,"[10, 10, 9, 9, null, null]",6-5-4-3,seventh_in_bass,,80,10,1,D G B E None None,b7 b3 5 1 None None,{}
E_m7_compact_seventh_position_seventh_4-3-2-1_5-1-b3-b7_x-x-9-9-8-10,E,m7,m7,1 b3 5 b7,advanced_reference,compact_seventh_position,seventh_4-3-2-1_5-1-b3-b7,x-x-9-9-8-10,"[null, null, 9, 9, 8, 10]",4-3-2-1,second_inversion,,80,10,2,None None B E G D,None None 5 1 b3 b7,{}
E_m7_compact_seventh_position_seventh_5-4-3-2_b3-b7-1-5_x-10-12-9-12-x,E,m7,m7,1 b3 5 b7,advanced_reference,compact_seventh_position,seventh_5-4-3-2_b3-b7-1-5,x-10-12-9-12-x,"[null, 10, 12, 9, 12, null]",5-4-3-2,first_inversion_or_suspended_bass,,80,12,3,None G D E B None,None b3 b7 1 5 None,{}
E_m7_compact_seventh_position_seventh_4-3-2-1_b7-b3-5-1_x-x-12-12-12-12,E,m7,m7,1 b3 5 b7,advanced_reference,compact_seventh_position,seventh_4-3-2-1_b7-b3-5-1,x-x-12-12-12-12,"[null, null, 12, 12, 12, 12]",4-3-2-1,seventh_in_bass,,80,12,0,None None D G B E,None None b7 b3 5 1,{}
E_m7_compact_seventh_position_seventh_6-5-4-3_b7-5-1-b3_10-14-14-12-x-x,E,m7,m7,1 b3 5 b7,advanced_reference,compact_seventh_position,seventh_6-5-4-3_b7-5-1-b3,10-14-14-12-x-x,"[10, 14, 14, 12, null, null]",6-5-4-3,seventh_in_bass,,80,14,4,D B E G None None,b7 5 1 b3 None None,{}
E_m7_compact_seventh_position_seventh_6-5-4-3_1-5-b7-b3_12-14-12-12-x-x,E,m7,m7,1 b3 5 b7,advanced_reference,compact_seventh_position,seventh_6-5-4-3_1-5-b7-b3,12-14-12-12-x-x,"[12, 14, 12, 12, null, null]",6-5-4-3,root_position,,80,14,2,E B D G None None,1 5 b7 b3 None None,{}
E_m7_compact_seventh_position_seventh_4-3-2-1_1-b3-5-b7_x-x-14-12-12-10,E,m7,m7,1 b3 5 b7,advanced_reference,compact_seventh_position,seventh_4-3-2-1_1-b3-5-b7,x-x-14-12-12-10,"[null, null, 14, 12, 12, 10]",4-3-2-1,root_position,,80,14,4,None None E G B D,None None 1 b3 5 b7,{}
E_m7_compact_seventh_position_seventh_5-4-3-2_5-1-b3-b7_x-14-14-12-15-x,E,m7,m7,1 b3 5 b7,advanced_reference,compact_seventh_position,seventh_5-4-3-2_5-1-b3-b7,x-14-14-12-15-x,"[null, 14, 14, 12, 15, null]",5-4-3-2,second_inversion,,80,15,3,None B E G D None,None 5 1 b3 b7 None,{}
E_m7_compact_seventh_position_seventh_4-3-2-1_1-5-b7-b3_x-x-14-16-15-15,E,m7,m7,1 b3 5 b7,advanced_reference,compact_seventh_position,seventh_4-3-2-1_1-5-b7-b3,x-x-14-16-15-15,"[null, null, 14, 16, 15, 15]",4-3-2-1,root_position,,80,16,2,None None E B D G,None None 1 5 b7 b3,{}
E_m7_compact_seventh_position_seventh_6-5-4-3_b3-b7-1-5_15-17-14-16-x-x,E,m7,m7,1 b3 5 b7,advanced_reference,compact_seventh_position,seventh_6-5-4-3_b3-b7-1-5,15-17-14-16-x-x,"[15, 17, 14, 16, null, null]",6-5-4-3,first_inversion_or_suspended_bass,,80,17,3,G D E B None None,b3 b7 1 5 None None,{}
E_m7_compact_seventh_position_seventh_5-4-3-2_b7-b3-5-1_x-17-17-16-17-x,E,m7,m7,1 b3 5 b7,advanced_reference,compact_seventh_position,seventh_5-4-3-2_b7-b3-5-1,x-17-17-16-17-x,"[null, 17, 17, 16, 17, null]",5-4-3-2,seventh_in_bass,,80,17,1,None D G B E None,None b7 b3 5 1 None,{}
E_maj7_caged_seventh_E_shape_maj7_0-2-1-1-0-0,E,maj7,maj7,1 3 5 7,intermediate_core,caged_seventh,E_shape_maj7,0-2-1-1-0-0,"[0, 2, 1, 1, 0, 0]",,root_position,,35,2,1,E B D# G# B E,1 5 7 3 5 1,{}
E_maj7_caged_seventh_A_shape_maj7_x-7-9-8-9-7,E,maj7,maj7,1 3 5 7,intermediate_core,caged_seventh,A_shape_maj7,x-7-9-8-9-7,"[null, 7, 9, 8, 9, 7]",,root_position,,35,9,2,None E B D# G# B,None 1 5 7 3 5,{}
E_maj7_caged_seventh_G_shape_maj7_12-x-13-13-12-x,E,maj7,maj7,1 3 5 7,intermediate_core,caged_seventh,G_shape_maj7,12-x-13-13-12-x,"[12, null, 13, 13, 12, null]",,root_position,,35,13,1,E None D# G# B None,1 None 7 3 5 None,{}
E_maj7_compact_seventh_position_seventh_4-3-2-1_7-3-5-1_x-x-1-1-0-0,E,maj7,maj7,1 3 5 7,advanced_reference,compact_seventh_position,seventh_4-3-2-1_7-3-5-1,x-x-1-1-0-0,"[null, null, 1, 1, 0, 0]",4-3-2-1,seventh_in_bass,,80,1,0,None None D# G# B E,None None 7 3 5 1,{}
E_maj7_compact_seventh_position_seventh_6-5-4-3_1-5-7-3_0-2-1-1-x-x,E,maj7,maj7,1 3 5 7,advanced_reference,compact_seventh_position,seventh_6-5-4-3_1-5-7-3,0-2-1-1-x-x,"[0, 2, 1, 1, null, null]",6-5-4-3,root_position,,80,2,1,E B D# G# None None,1 5 7 3 None None,{}
E_maj7_compact_seventh_position_seventh_5-4-3-2_5-1-3-7_x-2-2-1-4-x,E,maj7,maj7,1 3 5 7,advanced_reference,compact_seventh_position,seventh_5-4-3-2_5-1-3-7,x-2-2-1-4-x,"[null, 2, 2, 1, 4, null]",5-4-3-2,second_inversion,,80,4,3,None B E G# D# None,None 5 1 3 7 None,{}
E_maj7_compact_seventh_position_seventh_4-3-2-1_1-5-7-3_x-x-2-4-4-4,E,maj7,maj7,1 3 5 7,advanced_reference,compact_seventh_position,seventh_4-3-2-1_1-5-7-3,x-x-2-4-4-4,"[null, null, 2, 4, 4, 4]",4-3-2-1,root_position,,80,4,2,None None E B D# G#,None None 1 5 7 3,{}
E_maj7_compact_seventh_position_seventh_5-4-3-2_5-7-3-1_x-2-1-1-5-x,E,maj7,maj7,1 3 5 7,advanced_reference,compact_seventh_position,seventh_5-4-3-2_5-7-3-1,x-2-1-1-5-x,"[null, 2, 1, 1, 5, null]",5-4-3-2,second_inversion,,80,5,4,None B D# G# E None,None 5 7 3 1 None,{}
E_maj7_compact_seventh_position_seventh_4-3-2-1_7-5-1-3_x-x-1-4-5-4,E,maj7,maj7,1 3 5 7,advanced_reference,compact_seventh_position,seventh_4-3-2-1_7-5-1-3,x-x-1-4-5-4,"[null, null, 1, 4, 5, 4]",4-3-2-1,seventh_in_bass,,80,5,4,None None D# B E G#,None None 7 5 1 3,{}
E_maj7_compact_seventh_position_seventh_6-5-4-3_3-7-1-5_4-6-2-4-x-x,E,maj7,maj7,1 3 5 7,advanced_reference,compact_seventh_position,seventh_6-5-4-3_3-7-1-5,4-6-2-4-x-x,"[4, 6, 2, 4, null, null]",6-5-4-3,first_inversion_or_suspended_bass,,80,6,4,G# D# E B None None,3 7 1 5 None None,{}
E_maj7_compact_seventh_position_seventh_5-4-3-2_7-3-5-1_x-6-6-4-5-x,E,maj7,maj7,1 3 5 7,advanced_reference,compact_seventh_position,seventh_5-4-3-2_7-3-5-1,x-6-6-4-5-x,"[null, 6, 6, 4, 5, null]",5-4-3-2,seventh_in_bass,,80,6,2,None D# G# B E None,None 7 3 5 1 None,{}
E_maj7_compact_seventh_position_seventh_5-4-3-2_1-3-5-7_x-7-6-4-4-x,E,maj7,maj7,1 3 5 7,advanced_reference,compact_seventh_position,seventh_5-4-3-2_1-3-5-7,x-7-6-4-4-x,"[null, 7, 6, 4, 4, null]",5-4-3-2,root_position,,80,7,3,None E G# B D# None,None 1 3 5 7 None,{}
E_maj7_compact_seventh_position_seventh_6-5-4-3_5-1-3-7_7-7-6-8-x-x,E,maj7,maj7,1 3 5 7,advanced_reference,compact_seventh_position,seventh_6-5-4-3_5-1-3-7,7-7-6-8-x-x,"[7, 7, 6, 8, null, null]",6-5-4-3,second_inversion,,80,8,2,B E G# D# None None,5 1 3 7 None None,{}
E_maj7_compact_seventh_position_seventh_4-3-2-1_3-7-1-5_x-x-6-8-5-7,E,maj7,maj7,1 3 5 7,advanced_reference,compact_seventh_position,seventh_4-3-2-1_3-7-1-5,x-x-6-8-5-7,"[null, null, 6, 8, 5, 7]",4-3-2-1,first_inversion_or_suspended_bass,,80,8,3,None None G# D# E B,None None 3 7 1 5,{}
E_maj7_compact_seventh_position_seventh_6-5-4-3_5-7-3-1_7-6-6-9-x-x,E,maj7,maj7,1 3 5 7,advanced_reference,compact_seventh_position,seventh_6-5-4-3_5-7-3-1,7-6-6-9-x-x,"[7, 6, 6, 9, null, null]",6-5-4-3,second_inversion,,80,9,3,B D# G# E None None,5 7 3 1 None None,{}
E_maj7_compact_seventh_position_seventh_5-4-3-2_7-5-1-3_x-6-9-9-9-x,E,maj7,maj7,1 3 5 7,advanced_reference,compact_seventh_position,seventh_5-4-3-2_7-5-1-3,x-6-9-9-9-x,"[null, 6, 9, 9, 9, null]",5-4-3-2,seventh_in_bass,,80,9,3,None D# B E G# None,None 7 5 1 3 None,{}
E_maj7_compact_seventh_position_seventh_5-4-3-2_1-5-7-3_x-7-9-8-9-x,E,maj7,maj7,1 3 5 7,advanced_reference,compact_seventh_position,seventh_5-4-3-2_1-5-7-3,x-7-9-8-9-x,"[null, 7, 9, 8, 9, null]",5-4-3-2,root_position,,80,9,2,None E B D# G# None,None 1 5 7 3 None,{}
E_maj7_compact_seventh_position_seventh_6-5-4-3_7-3-5-1_11-11-9-9-x-x,E,maj7,maj7,1 3 5 7,advanced_reference,compact_seventh_position,seventh_6-5-4-3_7-3-5-1,11-11-9-9-x-x,"[11, 11, 9, 9, null, null]",6-5-4-3,seventh_in_bass,,80,11,2,D# G# B E None None,7 3 5 1 None None,{}
E_maj7_compact_seventh_position_seventh_4-3-2-1_5-1-3-7_x-x-9-9-9-11,E,maj7,maj7,1 3 5 7,advanced_reference,compact_seventh_position,seventh_4-3-2-1_5-1-3-7,x-x-9-9-9-11,"[null, null, 9, 9, 9, 11]",4-3-2-1,second_inversion,,80,11,2,None None B E G# D#,None None 5 1 3 7,{}
E_maj7_compact_seventh_position_seventh_6-5-4-3_1-3-5-7_12-11-9-8-x-x,E,maj7,maj7,1 3 5 7,advanced_reference,compact_seventh_position,seventh_6-5-4-3_1-3-5-7,12-11-9-8-x-x,"[12, 11, 9, 8, null, null]",6-5-4-3,root_position,,80,12,4,E G# B D# None None,1 3 5 7 None None,{}
E_maj7_compact_seventh_position_seventh_4-3-2-1_5-7-3-1_x-x-9-8-9-12,E,maj7,maj7,1 3 5 7,advanced_reference,compact_seventh_position,seventh_4-3-2-1_5-7-3-1,x-x-9-8-9-12,"[null, null, 9, 8, 9, 12]",4-3-2-1,second_inversion,,80,12,4,None None B D# G# E,None None 5 7 3 1,{}
E_maj7_compact_seventh_position_seventh_5-4-3-2_3-7-1-5_x-11-13-9-12-x,E,maj7,maj7,1 3 5 7,advanced_reference,compact_seventh_position,seventh_5-4-3-2_3-7-1-5,x-11-13-9-12-x,"[null, 11, 13, 9, 12, null]",5-4-3-2,first_inversion_or_suspended_bass,,80,13,4,None G# D# E B None,None 3 7 1 5 None,{}
E_maj7_compact_seventh_position_seventh_4-3-2-1_7-3-5-1_x-x-13-13-12-12,E,maj7,maj7,1 3 5 7,advanced_reference,compact_seventh_position,seventh_4-3-2-1_7-3-5-1,x-x-13-13-12-12,"[null, null, 13, 13, 12, 12]",4-3-2-1,seventh_in_bass,,80,13,1,None None D# G# B E,None None 7 3 5 1,{}
E_maj7_compact_seventh_position_seventh_6-5-4-3_7-5-1-3_11-14-14-13-x-x,E,maj7,maj7,1 3 5 7,advanced_reference,compact_seventh_position,seventh_6-5-4-3_7-5-1-3,11-14-14-13-x-x,"[11, 14, 14, 13, null, null]",6-5-4-3,seventh_in_bass,,80,14,3,D# B E G# None None,7 5 1 3 None None,{}
E_maj7_compact_seventh_position_seventh_6-5-4-3_1-5-7-3_12-14-13-13-x-x,E,maj7,maj7,1 3 5 7,advanced_reference,compact_seventh_position,seventh_6-5-4-3_1-5-7-3,12-14-13-13-x-x,"[12, 14, 13, 13, null, null]",6-5-4-3,root_position,,80,14,2,E B D# G# None None,1 5 7 3 None None,{}
E_maj7_compact_seventh_position_seventh_4-3-2-1_1-3-5-7_x-x-14-13-12-11,E,maj7,maj7,1 3 5 7,advanced_reference,compact_seventh_position,seventh_4-3-2-1_1-3-5-7,x-x-14-13-12-11,"[null, null, 14, 13, 12, 11]",4-3-2-1,root_position,,80,14,3,None None E G# B D#,None None 1 3 5 7,{}
E_maj7_compact_seventh_position_seventh_5-4-3-2_5-1-3-7_x-14-14-13-16-x,E,maj7,maj7,1 3 5 7,advanced_reference,compact_seventh_position,seventh_5-4-3-2_5-1-3-7,x-14-14-13-16-x,"[null, 14, 14, 13, 16, null]",5-4-3-2,second_inversion,,80,16,3,None B E G# D# None,None 5 1 3 7 None,{}
E_maj7_compact_seventh_position_seventh_4-3-2-1_1-5-7-3_x-x-14-16-16-16,E,maj7,maj7,1 3 5 7,advanced_reference,compact_seventh_position,seventh_4-3-2-1_1-5-7-3,x-x-14-16-16-16,"[null, null, 14, 16, 16, 16]",4-3-2-1,root_position,,80,16,2,None None E B D# G#,None None 1 5 7 3,{}
E_maj7_compact_seventh_position_seventh_5-4-3-2_5-7-3-1_x-14-13-13-17-x,E,maj7,maj7,1 3 5 7,advanced_reference,compact_seventh_position,seventh_5-4-3-2_5-7-3-1,x-14-13-13-17-x,"[null, 14, 13, 13, 17, null]",5-4-3-2,second_inversion,,80,17,4,None B D# G# E None,None 5 7 3 1 None,{}
E_maj7_compact_seventh_position_seventh_4-3-2-1_7-5-1-3_x-x-13-16-17-16,E,maj7,maj7,1 3 5 7,advanced_reference,compact_seventh_position,seventh_4-3-2-1_7-5-1-3,x-x-13-16-17-16,"[null, null, 13, 16, 17, 16]",4-3-2-1,seventh_in_bass,,80,17,4,None None D# B E G#,None None 7 5 1 3,{}
E_maj7_compact_seventh_position_seventh_6-5-4-3_3-7-1-5_16-18-14-16-x-x,E,maj7,maj7,1 3 5 7,advanced_reference,compact_seventh_position,seventh_6-5-4-3_3-7-1-5,16-18-14-16-x-x,"[16, 18, 14, 16, null, null]",6-5-4-3,first_inversion_or_suspended_bass,,80,18,4,G# D# E B None None,3 7 1 5 None None,{}
E_maj7_compact_seventh_position_seventh_5-4-3-2_7-3-5-1_x-18-18-16-17-x,E,maj7,maj7,1 3 5 7,advanced_reference,compact_seventh_position,seventh_5-4-3-2_7-3-5-1,x-18-18-16-17-x,"[null, 18, 18, 16, 17, null]",5-4-3-2,seventh_in_bass,,80,18,2,None D# G# B E None,None 7 3 5 1 None,{}
E_major_caged_major_C_shape_x-7-6-4-5-4,E,major,major,1 3 5,beginner_core,caged_major,C_shape,x-7-6-4-5-4,"[null, 7, 6, 4, 5, 4]",,root_position,,1,7,3,None E G# B E G#,None 1 3 5 1 3,{}
E_major_caged_major_A_shape_x-7-9-9-9-7,E,major,major,1 3 5,beginner_core,caged_major,A_shape,x-7-9-9-9-7,"[null, 7, 9, 9, 9, 7]",,root_position,,2,9,2,None E B E G# B,None 1 5 1 3 5,{}
E_major_caged_major_G_shape_12-11-9-9-9-12,E,major,major,1 3 5,beginner_core,caged_major,G_shape,12-11-9-9-9-12,"[12, 11, 9, 9, 9, 12]",,root_position,,3,12,3,E G# B E G# E,1 3 5 1 3 1,{}
E_major_caged_major_E_shape_0-2-2-1-0-0,E,major,major,1 3 5,beginner_core,caged_major,E_shape,0-2-2-1-0-0,"[0, 2, 2, 1, 0, 0]",,root_position,,4,2,1,E B E G# B E,1 5 1 3 5 1,{}
E_major_caged_major_D_shape_x-x-2-4-5-4,E,major,major,1 3 5,beginner_core,caged_major,D_shape,x-x-2-4-5-4,"[null, null, 2, 4, 5, 4]",,root_position,,5,5,3,None None E B E G#,None None 1 5 1 3,{}
E_major_triad_position_triad_3-2-1_first_inversion_3-5-1_x-x-x-1-0-0,E,major,major,1 3 5,intermediate_core,triad_position,triad_3-2-1_first_inversion_3-5-1,x-x-x-1-0-0,"[null, null, null, 1, 0, 0]",3-2-1,first_inversion_or_suspended_bass,first_inversion,60,1,0,None None None G# B E,None None None 3 5 1,"{""sus4"": ""E_sus4_triad_related_suspended_from_E_major_triad_position_triad_3-2-1_first_inversion_3-5-1_x-x-x-1-0-0_sus4_x-x-x-2-0-0""}"
E_major_triad_position_triad_5-4-3_second_inversion_5-1-3_x-2-2-1-x-x,E,major,major,1 3 5,intermediate_core,triad_position,triad_5-4-3_second_inversion_5-1-3,x-2-2-1-x-x,"[null, 2, 2, 1, null, null]",5-4-3,second_inversion,second_inversion,60,2,1,None B E G# None None,None 5 1 3 None None,"{""sus4"": ""E_sus4_triad_related_suspended_from_E_major_triad_position_triad_5-4-3_second_inversion_5-1-3_x-2-2-1-x-x_sus4_x-2-2-2-x-x""}"
E_major_triad_position_triad_4-3-2_root_position_1-3-5_x-x-2-1-0-x,E,major,major,1 3 5,intermediate_core,triad_position,triad_4-3-2_root_position_1-3-5,x-x-2-1-0-x,"[null, null, 2, 1, 0, null]",4-3-2,root_position,root_position,60,2,1,None None E G# B None,None None 1 3 5 None,"{""sus4"": ""E_sus4_triad_related_suspended_from_E_major_triad_position_triad_4-3-2_root_position_1-3-5_x-x-2-1-0-x_sus4_x-x-2-2-0-x""}"
E_major_triad_position_triad_6-5-4_first_inversion_3-5-1_4-2-2-x-x-x,E,major,major,1 3 5,intermediate_core,triad_position,triad_6-5-4_first_inversion_3-5-1,4-2-2-x-x-x,"[4, 2, 2, null, null, null]",6-5-4,first_inversion_or_suspended_bass,first_inversion,60,4,2,G# B E None None None,3 5 1 None None None,"{""sus2"": ""E_sus2_triad_related_suspended_from_E_major_triad_position_triad_6-5-4_first_inversion_3-5-1_4-2-2-x-x-x_sus2_2-2-2-x-x-x"", ""sus4"": ""E_sus4_triad_related_suspended_from_E_major_triad_position_triad_6-5-4_first_inversion_3-5-1_4-2-2-x-x-x_sus4_5-2-2-x-x-x""}"
E_major_triad_position_triad_3-2-1_second_inversion_5-1-3_x-x-x-4-5-4,E,major,major,1 3 5,intermediate_core,triad_position,triad_3-2-1_second_inversion_5-1-3,x-x-x-4-5-4,"[null, null, null, 4, 5, 4]",3-2-1,second_inversion,second_inversion,60,5,1,None None None B E G#,None None None 5 1 3,"{""sus2"": ""E_sus2_triad_related_suspended_from_E_major_triad_position_triad_3-2-1_second_inversion_5-1-3_x-x-x-4-5-4_sus2_x-x-x-4-5-2"", ""sus4"": ""E_sus4_triad_related_suspended_from_E_major_triad_position_triad_3-2-1_second_inversion_5-1-3_x-x-x-4-5-4_sus4_x-x-x-4-5-5""}"
E_major_triad_position_triad_4-3-2_first_inversion_3-5-1_x-x-6-4-5-x,E,major,major,1 3 5,intermediate_core,triad_position,triad_4-3-2_first_inversion_3-5-1,x-x-6-4-5-x,"[null, null, 6, 4, 5, null]",4-3-2,first_inversion_or_suspended_bass,first_inversion,60,6,2,None None G# B E None,None None 3 5 1 None,"{""sus2"": ""E_sus2_triad_related_suspended_from_E_major_triad_position_triad_4-3-2_first_inversion_3-5-1_x-x-6-4-5-x_sus2_x-x-4-4-5-x"", ""sus4"": ""E_sus4_triad_related_suspended_from_E_major_triad_position_triad_4-3-2_first_inversion_3-5-1_x-x-6-4-5-x_sus4_x-x-7-4-5-x""}"
E_major_triad_position_triad_6-5-4_second_inversion_5-1-3_7-7-6-x-x-x,E,major,major,1 3 5,intermediate_core,triad_position,triad_6-5-4_second_inversion_5-1-3,7-7-6-x-x-x,"[7, 7, 6, null, null, null]",6-5-4,second_inversion,second_inversion,60,7,1,B E G# None None None,5 1 3 None None None,"{""sus2"": ""E_sus2_triad_related_suspended_from_E_major_triad_position_triad_6-5-4_second_inversion_5-1-3_7-7-6-x-x-x_sus2_7-7-4-x-x-x"", ""sus4"": ""E_sus4_triad_related_suspended_from_E_major_triad_position_triad_6-5-4_second_inversion_5-1-3_7-7-6-x-x-x_sus4_7-7-7-x-x-x""}"
E_major_triad_position_triad_5-4-3_root_position_1-3-5_x-7-6-4-x-x,E,major,major,1 3 5,intermediate_core,triad_position,triad_5-4-3_root_position_1-3-5,x-7-6-4-x-x,"[null, 7, 6, 4, null, null]",5-4-3,root_position,root_position,60,7,3,None E G# B None None,None 1 3 5 None None,"{""sus2"": ""E_sus2_triad_related_suspended_from_E_major_triad_position_triad_5-4-3_root_position_1-3-5_x-7-6-4-x-x_sus2_x-7-4-4-x-x"", ""sus4"": ""E_sus4_triad_related_suspended_from_E_major_triad_position_triad_5-4-3_root_position_1-3-5_x-7-6-4-x-x_sus4_x-7-7-4-x-x""}"
E_major_triad_position_triad_4-3-2_second_inversion_5-1-3_x-x-9-9-9-x,E,major,major,1 3 5,intermediate_core,triad_position,triad_4-3-2_second_inversion_5-1-3,x-x-9-9-9-x,"[null, null, 9, 9, 9, null]",4-3-2,second_inversion,second_inversion,60,9,0,None None B E G# None,None None 5 1 3 None,"{""sus2"": ""E_sus2_triad_related_suspended_from_E_major_triad_position_triad_4-3-2_second_inversion_5-1-3_x-x-9-9-9-x_sus2_x-x-9-9-7-x"", ""sus4"": ""E_sus4_triad_related_suspended_from_E_major_triad_position_triad_4-3-2_second_inversion_5-1-3_x-x-9-9-9-x_sus4_x-x-9-9-10-x""}"
E_major_triad_position_triad_3-2-1_root_position_1-3-5_x-x-x-9-9-7,E,major,major,1 3 5,intermediate_core,triad_position,triad_3-2-1_root_position_1-3-5,x-x-x-9-9-7,"[null, null, null, 9, 9, 7]",3-2-1,root_position,root_position,60,9,2,None None None E G# B,None None None 1 3 5,"{""sus2"": ""E_sus2_triad_related_suspended_from_E_major_triad_position_triad_3-2-1_root_position_1-3-5_x-x-x-9-9-7_sus2_x-x-x-9-7-7"", ""sus4"": ""E_sus4_triad_related_suspended_from_E_major_triad_position_triad_3-2-1_root_position_1-3-5_x-x-x-9-9-7_sus4_x-x-x-9-10-7""}"
E_major_triad_position_triad_5-4-3_first_inversion_3-5-1_x-11-9-9-x-x,E,major,major,1 3 5,intermediate_core,triad_position,triad_5-4-3_first_inversion_3-5-1,x-11-9-9-x-x,"[null, 11, 9, 9, null, null]",5-4-3,first_inversion_or_suspended_bass,first_inversion,60,11,2,None G# B E None None,None 3 5 1 None None,"{""sus2"": ""E_sus2_triad_related_suspended_from_E_major_triad_position_triad_5-4-3_first_inversion_3-5-1_x-11-9-9-x-x_sus2_x-9-9-9-x-x"", ""sus4"": ""E_sus4_triad_related_suspended_from_E_major_triad_position_triad_5-4-3_first_inversion_3-5-1_x-11-9-9-x-x_sus4_x-12-9-9-x-x""}"
E_major_triad_position_triad_6-5-4_root_position_1-3-5_12-11-9-x-x-x,E,major,major,1 3 5,intermediate_core,triad_position,triad_6-5-4_root_position_1-3-5,12-11-9-x-x-x,"[12, 11, 9, null, null, null]",6-5-4,root_position,root_position,60,12,3,E G# B None None None,1 3 5 None None None,"{""sus2"": ""E_sus2_triad_related_suspended_from_E_major_triad_position_triad_6-5-4_root_position_1-3-5_12-11-9-x-x-x_sus2_12-9-9-x-x-x"", ""sus4"": ""E_sus4_triad_related_suspended_from_E_major_triad_position_triad_6-5-4_root_position_1-3-5_12-11-9-x-x-x_sus4_12-12-9-x-x-x""}"
E_major_triad_position_triad_3-2-1_first_inversion_3-5-1_x-x-x-13-12-12,E,major,major,1 3 5,intermediate_core,triad_position,triad_3-2-1_first_inversion_3-5-1,x-x-x-13-12-12,"[null, null, null, 13, 12, 12]",3-2-1,first_inversion_or_suspended_bass,first_inversion,60,13,1,None None None G# B E,None None None 3 5 1,"{""sus2"": ""E_sus2_triad_related_suspended_from_E_major_triad_position_triad_3-2-1_first_inversion_3-5-1_x-x-x-13-12-12_sus2_x-x-x-11-12-12"", ""sus4"": ""E_sus4_triad_related_suspended_from_E_major_triad_position_triad_3-2-1_first_inversion_3-5-1_x-x-x-13-12-12_sus4_x-x-x-14-12-12""}"
E_major_triad_position_triad_5-4-3_second_inversion_5-1-3_x-14-14-13-x-x,E,major,major,1 3 5,intermediate_core,triad_position,triad_5-4-3_second_inversion_5-1-3,x-14-14-13-x-x,"[null, 14, 14, 13, null, null]",5-4-3,second_inversion,second_inversion,60,14,1,None B E G# None None,None 5 1 3 None None,"{""sus2"": ""E_sus2_triad_related_suspended_from_E_major_triad_position_triad_5-4-3_second_inversion_5-1-3_x-14-14-13-x-x_sus2_x-14-14-11-x-x"", ""sus4"": ""E_sus4_triad_related_suspended_from_E_major_triad_position_triad_5-4-3_second_inversion_5-1-3_x-14-14-13-x-x_sus4_x-14-14-14-x-x""}"
E_major_triad_position_triad_4-3-2_root_position_1-3-5_x-x-14-13-12-x,E,major,major,1 3 5,intermediate_core,triad_position,triad_4-3-2_root_position_1-3-5,x-x-14-13-12-x,"[null, null, 14, 13, 12, null]",4-3-2,root_position,root_position,60,14,2,None None E G# B None,None None 1 3 5 None,"{""sus2"": ""E_sus2_triad_related_suspended_from_E_major_triad_position_triad_4-3-2_root_position_1-3-5_x-x-14-13-12-x_sus2_x-x-14-11-12-x"", ""sus4"": ""E_sus4_triad_related_suspended_from_E_major_triad_position_triad_4-3-2_root_position_1-3-5_x-x-14-13-12-x_sus4_x-x-14-14-12-x""}"
E_major_triad_position_triad_6-5-4_first_inversion_3-5-1_16-14-14-x-x-x,E,major,major,1 3 5,intermediate_core,triad_position,triad_6-5-4_first_inversion_3-5-1,16-14-14-x-x-x,"[16, 14, 14, null, null, null]",6-5-4,first_inversion_or_suspended_bass,first_inversion,60,16,2,G# B E None None None,3 5 1 None None None,"{""sus2"": ""E_sus2_triad_related_suspended_from_E_major_triad_position_triad_6-5-4_first_inversion_3-5-1_16-14-14-x-x-x_sus2_14-14-14-x-x-x"", ""sus4"": ""E_sus4_triad_related_suspended_from_E_major_triad_position_triad_6-5-4_first_inversion_3-5-1_16-14-14-x-x-x_sus4_17-14-14-x-x-x""}"
E_major_triad_position_triad_3-2-1_second_inversion_5-1-3_x-x-x-16-17-16,E,major,major,1 3 5,intermediate_core,triad_position,triad_3-2-1_second_inversion_5-1-3,x-x-x-16-17-16,"[null, null, null, 16, 17, 16]",3-2-1,second_inversion,second_inversion,60,17,1,None None None B E G#,None None None 5 1 3,"{""sus2"": ""E_sus2_triad_related_suspended_from_E_major_triad_position_triad_3-2-1_second_inversion_5-1-3_x-x-x-16-17-16_sus2_x-x-x-16-17-14"", ""sus4"": ""E_sus4_triad_related_suspended_from_E_major_triad_position_triad_3-2-1_second_inversion_5-1-3_x-x-x-16-17-16_sus4_x-x-x-16-17-17""}"
E_major_triad_position_triad_4-3-2_first_inversion_3-5-1_x-x-18-16-17-x,E,major,major,1 3 5,intermediate_core,triad_position,triad_4-3-2_first_inversion_3-5-1,x-x-18-16-17-x,"[null, null, 18, 16, 17, null]",4-3-2,first_inversion_or_suspended_bass,first_inversion,60,18,2,None None G# B E None,None None 3 5 1 None,"{""sus2"": ""E_sus2_triad_related_suspended_from_E_major_triad_position_triad_4-3-2_first_inversion_3-5-1_x-x-18-16-17-x_sus2_x-x-16-16-17-x""}"
E_minor_caged_minor_C_shape_minor_x-7-5-4-5-7,E,minor,minor,1 b3 5,beginner_core,caged_minor,C_shape_minor,x-7-5-4-5-7,"[null, 7, 5, 4, 5, 7]",,root_position,,10,7,3,None E G B E B,None 1 b3 5 1 5,{}
E_minor_caged_minor_A_shape_minor_x-7-9-9-8-7,E,minor,minor,1 b3 5,beginner_core,caged_minor,A_shape_minor,x-7-9-9-8-7,"[null, 7, 9, 9, 8, 7]",,root_position,,11,9,2,None E B E G B,None 1 5 1 b3 5,{}
E_minor_caged_minor_G_shape_minor_12-10-9-9-12-12,E,minor,minor,1 b3 5,beginner_core,caged_minor,G_shape_minor,12-10-9-9-12-12,"[12, 10, 9, 9, 12, 12]",,root_position,,12,12,3,E G B E B E,1 b3 5 1 5 1,{}
E_minor_caged_minor_E_shape_minor_0-2-2-0-0-0,E,minor,minor,1 b3 5,beginner_core,caged_minor,E_shape_minor,0-2-2-0-0-0,"[0, 2, 2, 0, 0, 0]",,root_position,,13,2,0,E B E G B E,1 5 1 b3 5 1,{}
E_minor_caged_minor_D_shape_minor_x-x-2-4-5-3,E,minor,minor,1 b3 5,beginner_core,caged_minor,D_shape_minor,x-x-2-4-5-3,"[null, null, 2, 4, 5, 3]",,root_position,,14,5,3,None None E B E G,None None 1 5 1 b3,{}
E_minor_triad_position_triad_3-2-1_first_inversion_b3-5-1_x-x-x-0-0-0,E,minor,minor,1 b3 5,intermediate_core,triad_position,triad_3-2-1_first_inversion_b3-5-1,x-x-x-0-0-0,"[null, null, null, 0, 0, 0]",3-2-1,first_inversion_or_suspended_bass,first_inversion,60,0,0,None None None G B E,None None None b3 5 1,{}
E_minor_triad_position_triad_5-4-3_second_inversion_5-1-b3_x-2-2-0-x-x,E,minor,minor,1 b3 5,intermediate_core,triad_position,triad_5-4-3_second_inversion_5-1-b3,x-2-2-0-x-x,"[null, 2, 2, 0, null, null]",5-4-3,second_inversion,second_inversion,60,2,0,None B E G None None,None 5 1 b3 None None,{}
E_minor_triad_position_triad_4-3-2_root_position_1-b3-5_x-x-2-0-0-x,E,minor,minor,1 b3 5,intermediate_core,triad_position,triad_4-3-2_root_position_1-b3-5,x-x-2-0-0-x,"[null, null, 2, 0, 0, null]",4-3-2,root_position,root_position,60,2,0,None None E G B None,None None 1 b3 5 None,{}
E_minor_triad_position_triad_6-5-4_first_inversion_b3-5-1_3-2-2-x-x-x,E,minor,minor,1 b3 5,intermediate_core,triad_position,triad_6-5-4_first_inversion_b3-5-1,3-2-2-x-x-x,"[3, 2, 2, null, null, null]",6-5-4,first_inversion_or_suspended_bass,first_inversion,60,3,1,G B E None None None,b3 5 1 None None None,{}
E_minor_triad_position_triad_6-5-4_root_position_1-5-b3_0-2-5-x-x-x,E,minor,minor,1 b3 5,intermediate_core,triad_position,triad_6-5-4_root_position_1-5-b3,0-2-5-x-x-x,"[0, 2, 5, null, null, null]",6-5-4,root_position,root_position,60,5,3,E B G None None None,1 5 b3 None None None,"{""sus2"": ""E_sus2_triad_related_suspended_from_E_minor_triad_position_triad_6-5-4_root_position_1-5-b3_0-2-5-x-x-x_sus2_0-2-4-x-x-x""}"
E_minor_triad_position_triad_4-3-2_first_inversion_b3-5-1_x-x-5-4-5-x,E,minor,minor,1 b3 5,intermediate_core,triad_position,triad_4-3-2_first_inversion_b3-5-1,x-x-5-4-5-x,"[null, null, 5, 4, 5, null]",4-3-2,first_inversion_or_suspended_bass,first_inversion,60,5,1,None None G B E None,None None b3 5 1 None,{}
E_minor_triad_position_triad_3-2-1_second_inversion_5-1-b3_x-x-x-4-5-3,E,minor,minor,1 b3 5,intermediate_core,triad_position,triad_3-2-1_second_inversion_5-1-b3,x-x-x-4-5-3,"[null, null, null, 4, 5, 3]",3-2-1,second_inversion,second_inversion,60,5,2,None None None B E G,None None None 5 1 b3,{}
E_minor_triad_position_triad_6-5-4_second_inversion_5-1-b3_7-7-5-x-x-x,E,minor,minor,1 b3 5,intermediate_core,triad_position,triad_6-5-4_second_inversion_5-1-b3,7-7-5-x-x-x,"[7, 7, 5, null, null, null]",6-5-4,second_inversion,second_inversion,60,7,2,B E G None None None,5 1 b3 None None None,{}
E_minor_triad_position_triad_5-4-3_root_position_1-b3-5_x-7-5-4-x-x,E,minor,minor,1 b3 5,intermediate_core,triad_position,triad_5-4-3_root_position_1-b3-5,x-7-5-4-x-x,"[null, 7, 5, 4, null, null]",5-4-3,root_position,root_position,60,7,3,None E G B None None,None 1 b3 5 None None,{}
E_minor_triad_position_triad_4-3-2_second_inversion_5-1-b3_x-x-9-9-8-x,E,minor,minor,1 b3 5,intermediate_core,triad_position,triad_4-3-2_second_inversion_5-1-b3,x-x-9-9-8-x,"[null, null, 9, 9, 8, null]",4-3-2,second_inversion,second_inversion,60,9,1,None None B E G None,None None 5 1 b3 None,{}
E_minor_triad_position_triad_3-2-1_root_position_1-b3-5_x-x-x-9-8-7,E,minor,minor,1 b3 5,intermediate_core,triad_position,triad_3-2-1_root_position_1-b3-5,x-x-x-9-8-7,"[null, null, null, 9, 8, 7]",3-2-1,root_position,root_position,60,9,2,None None None E G B,None None None 1 b3 5,{}
E_minor_triad_position_triad_5-4-3_first_inversion_b3-5-1_x-10-9-9-x-x,E,minor,minor,1 b3 5,intermediate_core,triad_position,triad_5-4-3_first_inversion_b3-5-1,x-10-9-9-x-x,"[null, 10, 9, 9, null, null]",5-4-3,first_inversion_or_suspended_bass,first_inversion,60,10,1,None G B E None None,None b3 5 1 None None,{}
E_minor_triad_position_triad_6-5-4_root_position_1-b3-5_12-10-9-x-x-x,E,minor,minor,1 b3 5,intermediate_core,triad_position,triad_6-5-4_root_position_1-b3-5,12-10-9-x-x-x,"[12, 10, 9, null, null, null]",6-5-4,root_position,root_position,60,12,3,E G B None None None,1 b3 5 None None None,{}
E_minor_triad_position_triad_3-2-1_first_inversion_b3-5-1_x-x-x-12-12-12,E,minor,minor,1 b3 5,intermediate_core,triad_position,triad_3-2-1_first_inversion_b3-5-1,x-x-x-12-12-12,"[null, null, null, 12, 12, 12]",3-2-1,first_inversion_or_suspended_bass,first_inversion,60,12,0,None None None G B E,None None None b3 5 1,{}
E_minor_triad_position_triad_5-4-3_second_inversion_5-1-b3_x-14-14-12-x-x,E,minor,minor,1 b3 5,intermediate_core,triad_position,triad_5-4-3_second_inversion_5-1-b3,x-14-14-12-x-x,"[null, 14, 14, 12, null, null]",5-4-3,second_inversion,second_inversion,60,14,2,None B E G None None,None 5 1 b3 None None,{}
E_minor_triad_position_triad_4-3-2_root_position_1-b3-5_x-x-14-12-12-x,E,minor,minor,1 b3 5,intermediate_core,triad_position,triad_4-3-2_root_position_1-b3-5,x-x-14-12-12-x,"[null, null, 14, 12, 12, null]",4-3-2,root_position,root_position,60,14,2,None None E G B None,None None 1 b3 5 None,{}
E_minor_triad_position_triad_6-5-4_first_inversion_b3-5-1_15-14-14-x-x-x,E,minor,minor,1 b3 5,intermediate_core,triad_position,triad_6-5-4_first_inversion_b3-5-1,15-14-14-x-x-x,"[15, 14, 14, null, null, null]",6-5-4,first_inversion_or_suspended_bass,first_inversion,60,15,1,G B E None None None,b3 5 1 None None None,{}
E_minor_triad_position_triad_4-3-2_first_inversion_b3-5-1_x-x-17-16-17-x,E,minor,minor,1 b3 5,intermediate_core,triad_position,triad_4-3-2_first_inversion_b3-5-1,x-x-17-16-17-x,"[null, null, 17, 16, 17, null]",4-3-2,first_inversion_or_suspended_bass,first_inversion,60,17,1,None None G B E None,None None b3 5 1 None,{}
E_minor_triad_position_triad_3-2-1_second_inversion_5-1-b3_x-x-x-16-17-15,E,minor,minor,1 b3 5,intermediate_core,triad_position,triad_3-2-1_second_inversion_5-1-b3,x-x-x-16-17-15,"[null, null, null, 16, 17, 15]",3-2-1,second_inversion,second_inversion,60,17,2,None None None B E G,None None None 5 1 b3,{}
E_sus2_caged_suspended_E_shape_sus2_0-2-4-4-0-0,E,sus2,sus2,1 2 5,intermediate_core,caged_suspended,E_shape_sus2,0-2-4-4-0-0,"[0, 2, 4, 4, 0, 0]",,root_position,,30,4,2,E B F# B B E,1 5 2 5 5 1,{}
E_sus2_caged_suspended_D_shape_sus2_x-x-2-4-5-2,E,sus2,sus2,1 2 5,intermediate_core,caged_suspended,D_shape_sus2,x-x-2-4-5-2,"[null, null, 2, 4, 5, 2]",,root_position,,30,5,3,None None E B E F#,None None 1 5 1 2,{}
E_sus2_caged_suspended_C_shape_sus2_x-7-4-4-5-7,E,sus2,sus2,1 2 5,intermediate_core,caged_suspended,C_shape_sus2,x-7-4-4-5-7,"[null, 7, 4, 4, 5, 7]",,root_position,,30,7,3,None E F# B E B,None 1 2 5 1 5,{}
E_sus2_caged_suspended_A_shape_sus2_x-7-9-9-7-7,E,sus2,sus2,1 2 5,intermediate_core,caged_suspended,A_shape_sus2,x-7-9-9-7-7,"[null, 7, 9, 9, 7, 7]",,root_position,,30,9,2,None E B E F# B,None 1 5 1 2 5,{}
E_sus2_triad_related_suspended_from_E_major_triad_position_triad_6-5-4_first_inversion_3-5-1_4-2-2-x-x-x_sus2_2-2-2-x-x-x,E,sus2,sus2,1 2 5,intermediate_core,triad_related_suspended,from_E_major_triad_position_triad_6-5-4_first_inversion_3-5-1_4-2-2-x-x-x_sus2,2-2-2-x-x-x,"[2, 2, 2, null, null, null]",6-5-4,first_inversion_or_suspended_bass,,65,2,0,F# B E None None None,2 5 1 None None None,{}
E_sus2_triad_related_suspended_from_E_minor_triad_position_triad_6-5-4_root_position_1-5-b3_0-2-5-x-x-x_sus2_0-2-4-x-x-x,E,sus2,sus2,1 2 5,intermediate_core,triad_related_suspended,from_E_minor_triad_position_triad_6-5-4_root_position_1-5-b3_0-2-5-x-x-x_sus2,0-2-4-x-x-x,"[0, 2, 4, null, null, null]",6-5-4,root_position,,65,4,2,E B F# None None None,1 5 2 None None None,{}
E_sus2_triad_related_suspended_from_E_major_triad_position_triad_4-3-2_first_inversion_3-5-1_x-x-6-4-5-x_sus2_x-x-4-4-5-x,E,sus2,sus2,1 2 5,intermediate_core,triad_related_suspended,from_E_major_triad_position_triad_4-3-2_first_inversion_3-5-1_x-x-6-4-5-x_sus2,x-x-4-4-5-x,"[null, null, 4, 4, 5, null]",4-3-2,first_inversion_or_suspended_bass,,65,5,1,None None F# B E None,None None 2 5 1 None,{}
E_sus2_triad_related_suspended_from_E_major_triad_position_triad_3-2-1_second_inversion_5-1-3_x-x-x-4-5-4_sus2_x-x-x-4-5-2,E,sus2,sus2,1 2 5,intermediate_core,triad_related_suspended,from_E_major_triad_position_triad_3-2-1_second_inversion_5-1-3_x-x-x-4-5-4_sus2,x-x-x-4-5-2,"[null, null, null, 4, 5, 2]",3-2-1,second_inversion,,65,5,3,None None None B E F#,None None None 5 1 2,{}
E_sus2_triad_related_suspended_from_E_major_triad_position_triad_6-5-4_second_inversion_5-1-3_7-7-6-x-x-x_sus2_7-7-4-x-x-x,E,sus2,sus2,1 2 5,intermediate_core,triad_related_suspended,from_E_major_triad_position_triad_6-5-4_second_inversion_5-1-3_7-7-6-x-x-x_sus2,7-7-4-x-x-x,"[7, 7, 4, null, null, null]",6-5-4,second_inversion,,65,7,3,B E F# None None None,5 1 2 None None None,{}
E_sus2_triad_related_suspended_from_E_major_triad_position_triad_5-4-3_root_position_1-3-5_x-7-6-4-x-x_sus2_x-7-4-4-x-x,E,sus2,sus2,1 2 5,intermediate_core,triad_related_suspended,from_E_major_triad_position_triad_5-4-3_root_position_1-3-5_x-7-6-4-x-x_sus2,x-7-4-4-x-x,"[null, 7, 4, 4, null, null]",5-4-3,root_position,,65,7,3,None E F# B None None,None 1 2 5 None None,{}
E_sus2_triad_related_suspended_from_E_major_triad_position_triad_5-4-3_first_inversion_3-5-1_x-11-9-9-x-x_sus2_x-9-9-9-x-x,E,sus2,sus2,1 2 5,intermediate_core,triad_related_suspended,from_E_major_triad_position_triad_5-4-3_first_inversion_3-5-1_x-11-9-9-x-x_sus2,x-9-9-9-x-x,"[null, 9, 9, 9, null, null]",5-4-3,first_inversion_or_suspended_bass,,65,9,0,None F# B E None None,None 2 5 1 None None,{}
E_sus2_triad_related_suspended_from_E_major_triad_position_triad_4-3-2_second_inversion_5-1-3_x-x-9-9-9-x_sus2_x-x-9-9-7-x,E,sus2,sus2,1 2 5,intermediate_core,triad_related_suspended,from_E_major_triad_position_triad_4-3-2_second_inversion_5-1-3_x-x-9-9-9-x_sus2,x-x-9-9-7-x,"[null, null, 9, 9, 7, null]",4-3-2,second_inversion,,65,9,2,None None B E F# None,None None 5 1 2 None,{}
E_sus2_triad_related_suspended_from_E_major_triad_position_triad_3-2-1_root_position_1-3-5_x-x-x-9-9-7_sus2_x-x-x-9-7-7,E,sus2,sus2,1 2 5,intermediate_core,triad_related_suspended,from_E_major_triad_position_triad_3-2-1_root_position_1-3-5_x-x-x-9-9-7_sus2,x-x-x-9-7-7,"[null, null, null, 9, 7, 7]",3-2-1,root_position,,65,9,2,None None None E F# B,None None None 1 2 5,{}
E_sus2_triad_related_suspended_from_E_major_triad_position_triad_6-5-4_root_position_1-3-5_12-11-9-x-x-x_sus2_12-9-9-x-x-x,E,sus2,sus2,1 2 5,intermediate_core,triad_related_suspended,from_E_major_triad_position_triad_6-5-4_root_position_1-3-5_12-11-9-x-x-x_sus2,12-9-9-x-x-x,"[12, 9, 9, null, null, null]",6-5-4,root_position,,65,12,3,E F# B None None None,1 2 5 None None None,{}
E_sus2_triad_related_suspended_from_E_major_triad_position_triad_3-2-1_first_inversion_3-5-1_x-x-x-13-12-12_sus2_x-x-x-11-12-12,E,sus2,sus2,1 2 5,intermediate_core,triad_related_suspended,from_E_major_triad_position_triad_3-2-1_first_inversion_3-5-1_x-x-x-13-12-12_sus2,x-x-x-11-12-12,"[null, null, null, 11, 12, 12]",3-2-1,first_inversion_or_suspended_bass,,65,12,1,None None None F# B E,None None None 2 5 1,{}
E_sus2_triad_related_suspended_from_E_major_triad_position_triad_6-5-4_first_inversion_3-5-1_16-14-14-x-x-x_sus2_14-14-14-x-x-x,E,sus2,sus2,1 2 5,intermediate_core,triad_related_suspended,from_E_major_triad_position_triad_6-5-4_first_inversion_3-5-1_16-14-14-x-x-x_sus2,14-14-14-x-x-x,"[14, 14, 14, null, null, null]",6-5-4,first_inversion_or_suspended_bass,,65,14,0,F# B E None None None,2 5 1 None None None,{}
E_sus2_triad_related_suspended_from_E_major_triad_position_triad_5-4-3_second_inversion_5-1-3_x-14-14-13-x-x_sus2_x-14-14-11-x-x,E,sus2,sus2,1 2 5,intermediate_core,triad_related_suspended,from_E_major_triad_position_triad_5-4-3_second_inversion_5-1-3_x-14-14-13-x-x_sus2,x-14-14-11-x-x,"[null, 14, 14, 11, null, null]",5-4-3,second_inversion,,65,14,3,None B E F# None None,None 5 1 2 None None,{}
E_sus2_triad_related_suspended_from_E_major_triad_position_triad_4-3-2_root_position_1-3-5_x-x-14-13-12-x_sus2_x-x-14-11-12-x,E,sus2,sus2,1 2 5,intermediate_core,triad_related_suspended,from_E_major_triad_position_triad_4-3-2_root_position_1-3-5_x-x-14-13-12-x_sus2,x-x-14-11-12-x,"[null, null, 14, 11, 12, null]",4-3-2,root_position,,65,14,3,None None E F# B None,None None 1 2 5 None,{}
E_sus2_triad_related_suspended_from_E_major_triad_position_triad_4-3-2_first_inversion_3-5-1_x-x-18-16-17-x_sus2_x-x-16-16-17-x,E,sus2,sus2,1 2 5,intermediate_core,triad_related_suspended,from_E_major_triad_position_triad_4-3-2_first_inversion_3-5-1_x-x-18-16-17-x_sus2,x-x-16-16-17-x,"[null, null, 16, 16, 17, null]",4-3-2,first_inversion_or_suspended_bass,,65,17,1,None None F# B E None,None None 2 5 1 None,{}
E_sus2_triad_related_suspended_from_E_major_triad_position_triad_3-2-1_second_inversion_5-1-3_x-x-x-16-17-16_sus2_x-x-x-16-17-14,E,sus2,sus2,1 2 5,intermediate_core,triad_related_suspended,from_E_major_triad_position_triad_3-2-1_second_inversion_5-1-3_x-x-x-16-17-16_sus2,x-x-x-16-17-14,"[null, null, null, 16, 17, 14]",3-2-1,second_inversion,,65,17,3,None None None B E F#,None None None 5 1 2,{}
E_sus4_caged_suspended_E_shape_sus4_0-2-2-2-0-0,E,sus4,sus4,1 4 5,intermediate_core,caged_suspended,E_shape_sus4,0-2-2-2-0-0,"[0, 2, 2, 2, 0, 0]",,root_position,,30,2,0,E B E A B E,1 5 1 4 5 1,{}
E_sus4_caged_suspended_D_shape_sus4_x-x-2-4-5-5,E,sus4,sus4,1 4 5,intermediate_core,caged_suspended,D_shape_sus4,x-x-2-4-5-5,"[null, null, 2, 4, 5, 5]",,root_position,,30,5,3,None None E B E A,None None 1 5 1 4,{}
E_sus4_caged_suspended_C_shape_sus4_x-7-7-4-5-5,E,sus4,sus4,1 4 5,intermediate_core,caged_suspended,C_shape_sus4,x-7-7-4-5-5,"[null, 7, 7, 4, 5, 5]",,root_position,,30,7,3,None E A B E A,None 1 4 5 1 4,{}
E_sus4_caged_suspended_A_shape_sus4_x-7-9-9-10-7,E,sus4,sus4,1 4 5,intermediate_core,caged_suspended,A_shape_sus4,x-7-9-9-10-7,"[null, 7, 9, 9, 10, 7]",,root_position,,30,10,3,None E B E A B,None 1 5 1 4 5,{}
E_sus4_triad_related_suspended_from_E_major_triad_position_triad_5-4-3_second_inversion_5-1-3_x-2-2-1-x-x_sus4_x-2-2-2-x-x,E,sus4,sus4,1 4 5,intermediate_core,triad_related_suspended,from_E_major_triad_position_triad_5-4-3_second_inversion_5-1-3_x-2-2-1-x-x_sus4,x-2-2-2-x-x,"[null, 2, 2, 2, null, null]",5-4-3,second_inversion,,65,2,0,None B E A None None,None 5 1 4 None None,{}
E_sus4_triad_related_suspended_from_E_major_triad_position_triad_4-3-2_root_position_1-3-5_x-x-2-1-0-x_sus4_x-x-2-2-0-x,E,sus4,sus4,1 4 5,intermediate_core,triad_related_suspended,from_E_major_triad_position_triad_4-3-2_root_position_1-3-5_x-x-2-1-0-x_sus4,x-x-2-2-0-x,"[null, null, 2, 2, 0, null]",4-3-2,root_position,,65,2,0,None None E A B None,None None 1 4 5 None,{}
E_sus4_triad_related_suspended_from_E_major_triad_position_triad_3-2-1_first_inversion_3-5-1_x-x-x-1-0-0_sus4_x-x-x-2-0-0,E,sus4,sus4,1 4 5,intermediate_core,triad_related_suspended,from_E_major_triad_position_triad_3-2-1_first_inversion_3-5-1_x-x-x-1-0-0_sus4,x-x-x-2-0-0,"[null, null, null, 2, 0, 0]",3-2-1,first_inversion_or_suspended_bass,,65,2,0,None None None A B E,None None None 4 5 1,{}
E_sus4_triad_related_suspended_from_E_major_triad_position_triad_6-5-4_first_inversion_3-5-1_4-2-2-x-x-x_sus4_5-2-2-x-x-x,E,sus4,sus4,1 4 5,intermediate_core,triad_related_suspended,from_E_major_triad_position_triad_6-5-4_first_inversion_3-5-1_4-2-2-x-x-x_sus4,5-2-2-x-x-x,"[5, 2, 2, null, null, null]",6-5-4,first_inversion_or_suspended_bass,,65,5,3,A B E None None None,4 5 1 None None None,{}
E_sus4_triad_related_suspended_from_E_major_triad_position_triad_3-2-1_second_inversion_5-1-3_x-x-x-4-5-4_sus4_x-x-x-4-5-5,E,sus4,sus4,1 4 5,intermediate_core,triad_related_suspended,from_E_major_triad_position_triad_3-2-1_second_inversion_5-1-3_x-x-x-4-5-4_sus4,x-x-x-4-5-5,"[null, null, null, 4, 5, 5]",3-2-1,second_inversion,,65,5,1,None None None B E A,None None None 5 1 4,{}
E_sus4_triad_related_suspended_from_E_major_triad_position_triad_6-5-4_second_inversion_5-1-3_7-7-6-x-x-x_sus4_7-7-7-x-x-x,E,sus4,sus4,1 4 5,intermediate_core,triad_related_suspended,from_E_major_triad_position_triad_6-5-4_second_inversion_5-1-3_7-7-6-x-x-x_sus4,7-7-7-x-x-x,"[7, 7, 7, null, null, null]",6-5-4,second_inversion,,65,7,0,B E A None None None,5 1 4 None None None,{}
E_sus4_triad_related_suspended_from_E_major_triad_position_triad_5-4-3_root_position_1-3-5_x-7-6-4-x-x_sus4_x-7-7-4-x-x,E,sus4,sus4,1 4 5,intermediate_core,triad_related_suspended,from_E_major_triad_position_triad_5-4-3_root_position_1-3-5_x-7-6-4-x-x_sus4,x-7-7-4-x-x,"[null, 7, 7, 4, null, null]",5-4-3,root_position,,65,7,3,None E A B None None,None 1 4 5 None None,{}
E_sus4_triad_related_suspended_from_E_major_triad_position_triad_4-3-2_first_inversion_3-5-1_x-x-6-4-5-x_sus4_x-x-7-4-5-x,E,sus4,sus4,1 4 5,intermediate_core,triad_related_suspended,from_E_major_triad_position_triad_4-3-2_first_inversion_3-5-1_x-x-6-4-5-x_sus4,x-x-7-4-5-x,"[null, null, 7, 4, 5, null]",4-3-2,first_inversion_or_suspended_bass,,65,7,3,None None A B E None,None None 4 5 1 None,{}
E_sus4_triad_related_suspended_from_E_major_triad_position_triad_4-3-2_second_inversion_5-1-3_x-x-9-9-9-x_sus4_x-x-9-9-10-x,E,sus4,sus4,1 4 5,intermediate_core,triad_related_suspended,from_E_major_triad_position_triad_4-3-2_second_inversion_5-1-3_x-x-9-9-9-x_sus4,x-x-9-9-10-x,"[null, null, 9, 9, 10, null]",4-3-2,second_inversion,,65,10,1,None None B E A None,None None 5 1 4 None,{}
E_sus4_triad_related_suspended_from_E_major_triad_position_triad_3-2-1_root_position_1-3-5_x-x-x-9-9-7_sus4_x-x-x-9-10-7,E,sus4,sus4,1 4 5,intermediate_core,triad_related_suspended,from_E_major_triad_position_triad_3-2-1_root_position_1-3-5_x-x-x-9-9-7_sus4,x-x-x-9-10-7,"[null, null, null, 9, 10, 7]",3-2-1,root_position,,65,10,3,None None None E A B,None None None 1 4 5,{}
E_sus4_triad_related_suspended_from_E_major_triad_position_triad_6-5-4_root_position_1-3-5_12-11-9-x-x-x_sus4_12-12-9-x-x-x,E,sus4,sus4,1 4 5,intermediate_core,triad_related_suspended,from_E_major_triad_position_triad_6-5-4_root_position_1-3-5_12-11-9-x-x-x_sus4,12-12-9-x-x-x,"[12, 12, 9, null, null, null]",6-5-4,root_position,,65,12,3,E A B None None None,1 4 5 None None None,{}
E_sus4_triad_related_suspended_from_E_major_triad_position_triad_5-4-3_first_inversion_3-5-1_x-11-9-9-x-x_sus4_x-12-9-9-x-x,E,sus4,sus4,1 4 5,intermediate_core,triad_related_suspended,from_E_major_triad_position_triad_5-4-3_first_inversion_3-5-1_x-11-9-9-x-x_sus4,x-12-9-9-x-x,"[null, 12, 9, 9, null, null]",5-4-3,first_inversion_or_suspended_bass,,65,12,3,None A B E None None,None 4 5 1 None None,{}
E_sus4_triad_related_suspended_from_E_major_triad_position_triad_5-4-3_second_inversion_5-1-3_x-14-14-13-x-x_sus4_x-14-14-14-x-x,E,sus4,sus4,1 4 5,intermediate_core,triad_related_suspended,from_E_major_triad_position_triad_5-4-3_second_inversion_5-1-3_x-14-14-13-x-x_sus4,x-14-14-14-x-x,"[null, 14, 14, 14, null, null]",5-4-3,second_inversion,,65,14,0,None B E A None None,None 5 1 4 None None,{}
E_sus4_triad_related_suspended_from_E_major_triad_position_triad_4-3-2_root_position_1-3-5_x-x-14-13-12-x_sus4_x-x-14-14-12-x,E,sus4,sus4,1 4 5,intermediate_core,triad_related_suspended,from_E_major_triad_position_triad_4-3-2_root_position_1-3-5_x-x-14-13-12-x_sus4,x-x-14-14-12-x,"[null, null, 14, 14, 12, null]",4-3-2,root_position,,65,14,2,None None E A B None,None None 1 4 5 None,{}
E_sus4_triad_related_suspended_from_E_major_triad_position_triad_3-2-1_first_inversion_3-5-1_x-x-x-13-12-12_sus4_x-x-x-14-12-12,E,sus4,sus4,1 4 5,intermediate_core,triad_related_suspended,from_E_major_triad_position_triad_3-2-1_first_inversion_3-5-1_x-x-x-13-12-12_sus4,x-x-x-14-12-12,"[null, null, null, 14, 12, 12]",3-2-1,first_inversion_or_suspended_bass,,65,14,2,None None None A B E,None None None 4 5 1,{}
E_sus4_triad_related_suspended_from_E_major_triad_position_triad_6-5-4_first_inversion_3-5-1_16-14-14-x-x-x_sus4_17-14-14-x-x-x,E,sus4,sus4,1 4 5,intermediate_core,triad_related_suspended,from_E_major_triad_position_triad_6-5-4_first_inversion_3-5-1_16-14-14-x-x-x_sus4,17-14-14-x-x-x,"[17, 14, 14, null, null, null]",6-5-4,first_inversion_or_suspended_bass,,65,17,3,A B E None None None,4 5 1 None None None,{}
E_sus4_triad_related_suspended_from_E_major_triad_position_triad_3-2-1_second_inversion_5-1-3_x-x-x-16-17-16_sus4_x-x-x-16-17-17,E,sus4,sus4,1 4 5,intermediate_core,triad_related_suspended,from_E_major_triad_position_triad_3-2-1_second_inversion_5-1-3_x-x-x-16-17-16_sus4,x-x-x-16-17-17,"[null, null, null, 16, 17, 17]",3-2-1,second_inversion,,65,17,1,None None None B E A,None None None 5 1 4,{}
F_diminished_triad_position_triad_3-2-1_first_inversion_b3-b5-1_x-x-x-1-0-1,F,diminished,dim,1 b3 b5,advanced_reference,triad_position,triad_3-2-1_first_inversion_b3-b5-1,x-x-x-1-0-1,"[null, null, null, 1, 0, 1]",3-2-1,first_inversion_or_suspended_bass,first_inversion,60,1,0,None None None G# B F,None None None b3 b5 1,{}
F_diminished_triad_position_triad_5-4-3_second_inversion_b5-1-b3_x-2-3-1-x-x,F,diminished,dim,1 b3 b5,advanced_reference,triad_position,triad_5-4-3_second_inversion_b5-1-b3,x-2-3-1-x-x,"[null, 2, 3, 1, null, null]",5-4-3,second_inversion,second_inversion,60,3,2,None B F G# None None,None b5 1 b3 None None,{}
F_diminished_triad_position_triad_4-3-2_root_position_1-b3-b5_x-x-3-1-0-x,F,diminished,dim,1 b3 b5,advanced_reference,triad_position,triad_4-3-2_root_position_1-b3-b5,x-x-3-1-0-x,"[null, null, 3, 1, 0, null]",4-3-2,root_position,root_position,60,3,2,None None F G# B None,None None 1 b3 b5 None,{}
F_diminished_triad_position_triad_6-5-4_first_inversion_b3-b5-1_4-2-3-x-x-x,F,diminished,dim,1 b3 b5,advanced_reference,triad_position,triad_6-5-4_first_inversion_b3-b5-1,4-2-3-x-x-x,"[4, 2, 3, null, null, null]",6-5-4,first_inversion_or_suspended_bass,first_inversion,60,4,2,G# B F None None None,b3 b5 1 None None None,{}
F_diminished_triad_position_triad_4-3-2_first_inversion_b3-b5-1_x-x-6-4-6-x,F,diminished,dim,1 b3 b5,advanced_reference,triad_position,triad_4-3-2_first_inversion_b3-b5-1,x-x-6-4-6-x,"[null, null, 6, 4, 6, null]",4-3-2,first_inversion_or_suspended_bass,first_inversion,60,6,2,None None G# B F None,None None b3 b5 1 None,{}
F_diminished_triad_position_triad_3-2-1_second_inversion_b5-1-b3_x-x-x-4-6-4,F,diminished,dim,1 b3 b5,advanced_reference,triad_position,triad_3-2-1_second_inversion_b5-1-b3,x-x-x-4-6-4,"[null, null, null, 4, 6, 4]",3-2-1,second_inversion,second_inversion,60,6,2,None None None B F G#,None None None b5 1 b3,{}
F_diminished_triad_position_triad_6-5-4_second_inversion_b5-1-b3_7-8-6-x-x-x,F,diminished,dim,1 b3 b5,advanced_reference,triad_position,triad_6-5-4_second_inversion_b5-1-b3,7-8-6-x-x-x,"[7, 8, 6, null, null, null]",6-5-4,second_inversion,second_inversion,60,8,2,B F G# None None None,b5 1 b3 None None None,{}
F_diminished_triad_position_triad_5-4-3_root_position_1-b3-b5_x-8-6-4-x-x,F,diminished,dim,1 b3 b5,advanced_reference,triad_position,triad_5-4-3_root_position_1-b3-b5,x-8-6-4-x-x,"[null, 8, 6, 4, null, null]",5-4-3,root_position,root_position,60,8,4,None F G# B None None,None 1 b3 b5 None None,{}
F_diminished_triad_position_triad_4-3-2_second_inversion_b5-1-b3_x-x-9-10-9-x,F,diminished,dim,1 b3 b5,advanced_reference,triad_position,triad_4-3-2_second_inversion_b5-1-b3,x-x-9-10-9-x,"[null, null, 9, 10, 9, null]",4-3-2,second_inversion,second_inversion,60,10,1,None None B F G# None,None None b5 1 b3 None,{}
F_diminished_triad_position_triad_3-2-1_root_position_1-b3-b5_x-x-x-10-9-7,F,diminished,dim,1 b3 b5,advanced_reference,triad_position,triad_3-2-1_root_position_1-b3-b5,x-x-x-10-9-7,"[null, null, null, 10, 9, 7]",3-2-1,root_position,root_position,60,10,3,None None None F G# B,None None None 1 b3 b5,{}
F_diminished_triad_position_triad_5-4-3_first_inversion_b3-b5-1_x-11-9-10-x-x,F,diminished,dim,1 b3 b5,advanced_reference,triad_position,triad_5-4-3_first_inversion_b3-b5-1,x-11-9-10-x-x,"[null, 11, 9, 10, null, null]",5-4-3,first_inversion_or_suspended_bass,first_inversion,60,11,2,None G# B F None None,None b3 b5 1 None None,{}
F_diminished_triad_position_triad_6-5-4_root_position_1-b3-b5_13-11-9-x-x-x,F,diminished,dim,1 b3 b5,advanced_reference,triad_position,triad_6-5-4_root_position_1-b3-b5,13-11-9-x-x-x,"[13, 11, 9, null, null, null]",6-5-4,root_position,root_position,60,13,4,F G# B None None None,1 b3 b5 None None None,{}
F_diminished_triad_position_triad_3-2-1_first_inversion_b3-b5-1_x-x-x-13-12-13,F,diminished,dim,1 b3 b5,advanced_reference,triad_position,triad_3-2-1_first_inversion_b3-b5-1,x-x-x-13-12-13,"[null, null, null, 13, 12, 13]",3-2-1,first_inversion_or_suspended_bass,first_inversion,60,13,1,None None None G# B F,None None None b3 b5 1,{}
F_diminished_triad_position_triad_5-4-3_second_inversion_b5-1-b3_x-14-15-13-x-x,F,diminished,dim,1 b3 b5,advanced_reference,triad_position,triad_5-4-3_second_inversion_b5-1-b3,x-14-15-13-x-x,"[null, 14, 15, 13, null, null]",5-4-3,second_inversion,second_inversion,60,15,2,None B F G# None None,None b5 1 b3 None None,{}
F_diminished_triad_position_triad_4-3-2_root_position_1-b3-b5_x-x-15-13-12-x,F,diminished,dim,1 b3 b5,advanced_reference,triad_position,triad_4-3-2_root_position_1-b3-b5,x-x-15-13-12-x,"[null, null, 15, 13, 12, null]",4-3-2,root_position,root_position,60,15,3,None None F G# B None,None None 1 b3 b5 None,{}
F_diminished_triad_position_triad_6-5-4_first_inversion_b3-b5-1_16-14-15-x-x-x,F,diminished,dim,1 b3 b5,advanced_reference,triad_position,triad_6-5-4_first_inversion_b3-b5-1,16-14-15-x-x-x,"[16, 14, 15, null, null, null]",6-5-4,first_inversion_or_suspended_bass,first_inversion,60,16,2,G# B F None None None,b3 b5 1 None None None,{}
F_diminished_triad_position_triad_4-3-2_first_inversion_b3-b5-1_x-x-18-16-18-x,F,diminished,dim,1 b3 b5,advanced_reference,triad_position,triad_4-3-2_first_inversion_b3-b5-1,x-x-18-16-18-x,"[null, null, 18, 16, 18, null]",4-3-2,first_inversion_or_suspended_bass,first_inversion,60,18,2,None None G# B F None,None None b3 b5 1 None,{}
F_diminished_triad_position_triad_3-2-1_second_inversion_b5-1-b3_x-x-x-16-18-16,F,diminished,dim,1 b3 b5,advanced_reference,triad_position,triad_3-2-1_second_inversion_b5-1-b3,x-x-x-16-18-16,"[null, null, null, 16, 18, 16]",3-2-1,second_inversion,second_inversion,60,18,2,None None None B F G#,None None None b5 1 b3,{}
F_diminished7_movable_diminished_A_root_dim7_diamond_x-8-9-7-9-x,F,diminished7,dim7,1 b3 b5 bb7,intermediate_core,movable_diminished,A_root_dim7_diamond,x-8-9-7-9-x,"[null, 8, 9, 7, 9, null]",,root_position,,45,9,2,None F B D G# None,None 1 b5 6/bb7 b3 None,{}
F_diminished7_movable_diminished_E_root_dim7_barre_13-x-12-13-12-x,F,diminished7,dim7,1 b3 b5 bb7,intermediate_core,movable_diminished,E_root_dim7_barre,13-x-12-13-12-x,"[13, null, 12, 13, 12, null]",,root_position,,45,13,1,F None D G# B None,1 None 6/bb7 b3 b5 None,{}
F_diminished7_compact_seventh_position_seventh_4-3-2-1_bb7-b3-b5-1_x-x-0-1-0-1,F,diminished7,dim7,1 b3 b5 bb7,advanced_reference,compact_seventh_position,seventh_4-3-2-1_bb7-b3-b5-1,x-x-0-1-0-1,"[null, null, 0, 1, 0, 1]",4-3-2-1,seventh_in_bass,,80,1,0,None None D G# B F,None None 6/bb7 b3 b5 1,{}
F_diminished7_compact_seventh_position_seventh_6-5-4-3_1-b5-bb7-b3_1-2-0-1-x-x,F,diminished7,dim7,1 b3 b5 bb7,advanced_reference,compact_seventh_position,seventh_6-5-4-3_1-b5-bb7-b3,1-2-0-1-x-x,"[1, 2, 0, 1, null, null]",6-5-4-3,root_position,,80,2,1,F B D G# None None,1 b5 6/bb7 b3 None None,{}
F_diminished7_compact_seventh_position_seventh_5-4-3-2_b5-1-b3-bb7_x-2-3-1-3-x,F,diminished7,dim7,1 b3 b5 bb7,advanced_reference,compact_seventh_position,seventh_5-4-3-2_b5-1-b3-bb7,x-2-3-1-3-x,"[null, 2, 3, 1, 3, null]",5-4-3-2,second_inversion,,80,3,2,None B F G# D None,None b5 1 b3 6/bb7 None,{}
F_diminished7_compact_seventh_position_seventh_4-3-2-1_1-b5-bb7-b3_x-x-3-4-3-4,F,diminished7,dim7,1 b3 b5 bb7,advanced_reference,compact_seventh_position,seventh_4-3-2-1_1-b5-bb7-b3,x-x-3-4-3-4,"[null, null, 3, 4, 3, 4]",4-3-2-1,root_position,,80,4,1,None None F B D G#,None None 1 b5 6/bb7 b3,{}
F_diminished7_compact_seventh_position_seventh_6-5-4-3_b3-bb7-1-b5_4-5-3-4-x-x,F,diminished7,dim7,1 b3 b5 bb7,advanced_reference,compact_seventh_position,seventh_6-5-4-3_b3-bb7-1-b5,4-5-3-4-x-x,"[4, 5, 3, 4, null, null]",6-5-4-3,first_inversion_or_suspended_bass,,80,5,2,G# D F B None None,b3 6/bb7 1 b5 None None,{}
F_diminished7_compact_seventh_position_seventh_5-4-3-2_bb7-1-b3-b5_x-5-3-1-0-x,F,diminished7,dim7,1 b3 b5 bb7,advanced_reference,compact_seventh_position,seventh_5-4-3-2_bb7-1-b3-b5,x-5-3-1-0-x,"[null, 5, 3, 1, 0, null]",5-4-3-2,seventh_in_bass,,80,5,4,None D F G# B None,None 6/bb7 1 b3 b5 None,{}
F_diminished7_compact_seventh_position_seventh_5-4-3-2_bb7-b3-b5-1_x-5-6-4-6-x,F,diminished7,dim7,1 b3 b5 bb7,advanced_reference,compact_seventh_position,seventh_5-4-3-2_bb7-b3-b5-1,x-5-6-4-6-x,"[null, 5, 6, 4, 6, null]",5-4-3-2,seventh_in_bass,,80,6,2,None D G# B F None,None 6/bb7 b3 b5 1 None,{}
F_diminished7_compact_seventh_position_seventh_4-3-2-1_b3-bb7-1-b5_x-x-6-7-6-7,F,diminished7,dim7,1 b3 b5 bb7,advanced_reference,compact_seventh_position,seventh_4-3-2-1_b3-bb7-1-b5,x-x-6-7-6-7,"[null, null, 6, 7, 6, 7]",4-3-2-1,first_inversion_or_suspended_bass,,80,7,1,None None G# D F B,None None b3 6/bb7 1 b5,{}
F_diminished7_compact_seventh_position_seventh_6-5-4-3_b5-1-b3-bb7_7-8-6-7-x-x,F,diminished7,dim7,1 b3 b5 bb7,advanced_reference,compact_seventh_position,seventh_6-5-4-3_b5-1-b3-bb7,7-8-6-7-x-x,"[7, 8, 6, 7, null, null]",6-5-4-3,second_inversion,,80,8,2,B F G# D None None,b5 1 b3 6/bb7 None None,{}
F_diminished7_compact_seventh_position_seventh_4-3-2-1_b5-1-b3-bb7_x-x-9-10-9-10,F,diminished7,dim7,1 b3 b5 bb7,advanced_reference,compact_seventh_position,seventh_4-3-2-1_b5-1-b3-bb7,x-x-9-10-9-10,"[null, null, 9, 10, 9, 10]",4-3-2-1,second_inversion,,80,10,1,None None B F G# D,None None b5 1 b3 6/bb7,{}
F_diminished7_compact_seventh_position_seventh_6-5-4-3_bb7-b3-b5-1_10-11-9-10-x-x,F,diminished7,dim7,1 b3 b5 bb7,advanced_reference,compact_seventh_position,seventh_6-5-4-3_bb7-b3-b5-1,10-11-9-10-x-x,"[10, 11, 9, 10, null, null]",6-5-4-3,seventh_in_bass,,80,11,2,D G# B F None None,6/bb7 b3 b5 1 None None,{}
F_diminished7_compact_seventh_position_seventh_5-4-3-2_b3-bb7-1-b5_x-11-12-10-12-x,F,diminished7,dim7,1 b3 b5 bb7,advanced_reference,compact_seventh_position,seventh_5-4-3-2_b3-bb7-1-b5,x-11-12-10-12-x,"[null, 11, 12, 10, 12, null]",5-4-3-2,first_inversion_or_suspended_bass,,80,12,2,None G# D F B None,None b3 6/bb7 1 b5 None,{}
F_diminished7_compact_seventh_position_seventh_4-3-2-1_bb7-b3-b5-1_x-x-12-13-12-13,F,diminished7,dim7,1 b3 b5 bb7,advanced_reference,compact_seventh_position,seventh_4-3-2-1_bb7-b3-b5-1,x-x-12-13-12-13,"[null, null, 12, 13, 12, 13]",4-3-2-1,seventh_in_bass,,80,13,1,None None D G# B F,None None 6/bb7 b3 b5 1,{}
F_diminished7_compact_seventh_position_seventh_6-5-4-3_1-b5-bb7-b3_13-14-12-13-x-x,F,diminished7,dim7,1 b3 b5 bb7,advanced_reference,compact_seventh_position,seventh_6-5-4-3_1-b5-bb7-b3,13-14-12-13-x-x,"[13, 14, 12, 13, null, null]",6-5-4-3,root_position,,80,14,2,F B D G# None None,1 b5 6/bb7 b3 None None,{}
F_diminished7_compact_seventh_position_seventh_5-4-3-2_b5-1-b3-bb7_x-14-15-13-15-x,F,diminished7,dim7,1 b3 b5 bb7,advanced_reference,compact_seventh_position,seventh_5-4-3-2_b5-1-b3-bb7,x-14-15-13-15-x,"[null, 14, 15, 13, 15, null]",5-4-3-2,second_inversion,,80,15,2,None B F G# D None,None b5 1 b3 6/bb7 None,{}
F_diminished7_compact_seventh_position_seventh_4-3-2-1_1-b5-bb7-b3_x-x-15-16-15-16,F,diminished7,dim7,1 b3 b5 bb7,advanced_reference,compact_seventh_position,seventh_4-3-2-1_1-b5-bb7-b3,x-x-15-16-15-16,"[null, null, 15, 16, 15, 16]",4-3-2-1,root_position,,80,16,1,None None F B D G#,None None 1 b5 6/bb7 b3,{}
F_diminished7_compact_seventh_position_seventh_6-5-4-3_b3-bb7-1-b5_16-17-15-16-x-x,F,diminished7,dim7,1 b3 b5 bb7,advanced_reference,compact_seventh_position,seventh_6-5-4-3_b3-bb7-1-b5,16-17-15-16-x-x,"[16, 17, 15, 16, null, null]",6-5-4-3,first_inversion_or_suspended_bass,,80,17,2,G# D F B None None,b3 6/bb7 1 b5 None None,{}
F_diminished7_compact_seventh_position_seventh_5-4-3-2_bb7-b3-b5-1_x-17-18-16-18-x,F,diminished7,dim7,1 b3 b5 bb7,advanced_reference,compact_seventh_position,seventh_5-4-3-2_bb7-b3-b5-1,x-17-18-16-18-x,"[null, 17, 18, 16, 18, null]",5-4-3-2,seventh_in_bass,,80,18,2,None D G# B F None,None 6/bb7 b3 b5 1 None,{}
F_dominant7_caged_seventh_E_shape_7_1-3-1-2-1-1,F,dominant7,7,1 3 5 b7,intermediate_core,caged_seventh,E_shape_7,1-3-1-2-1-1,"[1, 3, 1, 2, 1, 1]",,root_position,,35,3,2,F C D# A C F,1 5 b7 3 5 1,{}
F_dominant7_caged_seventh_D_shape_7_x-x-3-5-4-5,F,dominant7,7,1 3 5 b7,intermediate_core,caged_seventh,D_shape_7,x-x-3-5-4-5,"[null, null, 3, 5, 4, 5]",,root_position,,35,5,2,None None F C D# A,None None 1 5 b7 3,{}
F_dominant7_caged_seventh_A_shape_7_x-8-10-8-10-8,F,dominant7,7,1 3 5 b7,intermediate_core,caged_seventh,A_shape_7,x-8-10-8-10-8,"[null, 8, 10, 8, 10, 8]",,root_position,,35,10,2,None F C D# A C,None 1 5 b7 3 5,{}
F_dominant7_caged_seventh_G_shape_7_13-12-10-10-10-11,F,dominant7,7,1 3 5 b7,intermediate_core,caged_seventh,G_shape_7,13-12-10-10-10-11,"[13, 12, 10, 10, 10, 11]",,root_position,,35,13,3,F A C F A D#,1 3 5 1 3 b7,{}
F_dominant7_compact_seventh_position_seventh_4-3-2-1_b7-3-5-1_x-x-1-2-1-1,F,dominant7,7,1 3 5 b7,advanced_reference,compact_seventh_position,seventh_4-3-2-1_b7-3-5-1,x-x-1-2-1-1,"[null, null, 1, 2, 1, 1]",4-3-2-1,seventh_in_bass,,80,2,1,None None D# A C F,None None b7 3 5 1,{}
F_dominant7_compact_seventh_position_seventh_6-5-4-3_1-5-b7-3_1-3-1-2-x-x,F,dominant7,7,1 3 5 b7,advanced_reference,compact_seventh_position,seventh_6-5-4-3_1-5-b7-3,1-3-1-2-x-x,"[1, 3, 1, 2, null, null]",6-5-4-3,root_position,,80,3,2,F C D# A None None,1 5 b7 3 None None,{}
F_dominant7_compact_seventh_position_seventh_5-4-3-2_5-1-3-b7_x-3-3-2-4-x,F,dominant7,7,1 3 5 b7,advanced_reference,compact_seventh_position,seventh_5-4-3-2_5-1-3-b7,x-3-3-2-4-x,"[null, 3, 3, 2, 4, null]",5-4-3-2,second_inversion,,80,4,2,None C F A D# None,None 5 1 3 b7 None,{}
F_dominant7_compact_seventh_position_seventh_6-5-4-3_1-3-b7-5_1-0-1-5-x-x,F,dominant7,7,1 3 5 b7,advanced_reference,compact_seventh_position,seventh_6-5-4-3_1-3-b7-5,1-0-1-5-x-x,"[1, 0, 1, 5, null, null]",6-5-4-3,root_position,,80,5,4,F A D# C None None,1 3 b7 5 None None,{}
F_dominant7_compact_seventh_position_seventh_5-4-3-2_3-1-5-b7_x-0-3-5-4-x,F,dominant7,7,1 3 5 b7,advanced_reference,compact_seventh_position,seventh_5-4-3-2_3-1-5-b7,x-0-3-5-4-x,"[null, 0, 3, 5, 4, null]",5-4-3-2,first_inversion_or_suspended_bass,,80,5,2,None A F C D# None,None 3 1 5 b7 None,{}
F_dominant7_compact_seventh_position_seventh_6-5-4-3_3-b7-1-5_5-6-3-5-x-x,F,dominant7,7,1 3 5 b7,advanced_reference,compact_seventh_position,seventh_6-5-4-3_3-b7-1-5,5-6-3-5-x-x,"[5, 6, 3, 5, null, null]",6-5-4-3,first_inversion_or_suspended_bass,,80,6,3,A D# F C None None,3 b7 1 5 None None,{}
F_dominant7_compact_seventh_position_seventh_5-4-3-2_b7-3-5-1_x-6-7-5-6-x,F,dominant7,7,1 3 5 b7,advanced_reference,compact_seventh_position,seventh_5-4-3-2_b7-3-5-1,x-6-7-5-6-x,"[null, 6, 7, 5, 6, null]",5-4-3-2,seventh_in_bass,,80,7,2,None D# A C F None,None b7 3 5 1 None,{}
F_dominant7_compact_seventh_position_seventh_6-5-4-3_5-1-3-b7_8-8-7-8-x-x,F,dominant7,7,1 3 5 b7,advanced_reference,compact_seventh_position,seventh_6-5-4-3_5-1-3-b7,8-8-7-8-x-x,"[8, 8, 7, 8, null, null]",6-5-4-3,second_inversion,,80,8,1,C F A D# None None,5 1 3 b7 None None,{}
F_dominant7_compact_seventh_position_seventh_5-4-3-2_1-3-5-b7_x-8-7-5-4-x,F,dominant7,7,1 3 5 b7,advanced_reference,compact_seventh_position,seventh_5-4-3-2_1-3-5-b7,x-8-7-5-4-x,"[null, 8, 7, 5, 4, null]",5-4-3-2,root_position,,80,8,4,None F A C D# None,None 1 3 5 b7 None,{}
F_dominant7_compact_seventh_position_seventh_4-3-2-1_3-b7-1-5_x-x-7-8-6-8,F,dominant7,7,1 3 5 b7,advanced_reference,compact_seventh_position,seventh_4-3-2-1_3-b7-1-5,x-x-7-8-6-8,"[null, null, 7, 8, 6, 8]",4-3-2-1,first_inversion_or_suspended_bass,,80,8,2,None None A D# F C,None None 3 b7 1 5,{}
F_dominant7_compact_seventh_position_seventh_6-5-4-3_5-b7-3-1_8-6-7-10-x-x,F,dominant7,7,1 3 5 b7,advanced_reference,compact_seventh_position,seventh_6-5-4-3_5-b7-3-1,8-6-7-10-x-x,"[8, 6, 7, 10, null, null]",6-5-4-3,second_inversion,,80,10,4,C D# A F None None,5 b7 3 1 None None,{}
F_dominant7_compact_seventh_position_seventh_5-4-3-2_b7-5-1-3_x-6-10-10-10-x,F,dominant7,7,1 3 5 b7,advanced_reference,compact_seventh_position,seventh_5-4-3-2_b7-5-1-3,x-6-10-10-10-x,"[null, 6, 10, 10, 10, null]",5-4-3-2,seventh_in_bass,,80,10,4,None D# C F A None,None b7 5 1 3 None,{}
F_dominant7_compact_seventh_position_seventh_5-4-3-2_1-5-b7-3_x-8-10-8-10-x,F,dominant7,7,1 3 5 b7,advanced_reference,compact_seventh_position,seventh_5-4-3-2_1-5-b7-3,x-8-10-8-10-x,"[null, 8, 10, 8, 10, null]",5-4-3-2,root_position,,80,10,2,None F C D# A None,None 1 5 b7 3 None,{}
F_dominant7_compact_seventh_position_seventh_4-3-2-1_5-1-3-b7_x-x-10-10-10-11,F,dominant7,7,1 3 5 b7,advanced_reference,compact_seventh_position,seventh_4-3-2-1_5-1-3-b7,x-x-10-10-10-11,"[null, null, 10, 10, 10, 11]",4-3-2-1,second_inversion,,80,11,1,None None C F A D#,None None 5 1 3 b7,{}
F_dominant7_compact_seventh_position_seventh_6-5-4-3_b7-3-5-1_11-12-10-10-x-x,F,dominant7,7,1 3 5 b7,advanced_reference,compact_seventh_position,seventh_6-5-4-3_b7-3-5-1,11-12-10-10-x-x,"[11, 12, 10, 10, null, null]",6-5-4-3,seventh_in_bass,,80,12,2,D# A C F None None,b7 3 5 1 None None,{}
F_dominant7_compact_seventh_position_seventh_5-4-3-2_3-b7-1-5_x-12-13-10-13-x,F,dominant7,7,1 3 5 b7,advanced_reference,compact_seventh_position,seventh_5-4-3-2_3-b7-1-5,x-12-13-10-13-x,"[null, 12, 13, 10, 13, null]",5-4-3-2,first_inversion_or_suspended_bass,,80,13,3,None A D# F C None,None 3 b7 1 5 None,{}
F_dominant7_compact_seventh_position_seventh_4-3-2-1_b7-3-5-1_x-x-13-14-13-13,F,dominant7,7,1 3 5 b7,advanced_reference,compact_seventh_position,seventh_4-3-2-1_b7-3-5-1,x-x-13-14-13-13,"[null, null, 13, 14, 13, 13]",4-3-2-1,seventh_in_bass,,80,14,1,None None D# A C F,None None b7 3 5 1,{}
F_dominant7_compact_seventh_position_seventh_6-5-4-3_b7-5-1-3_11-15-15-14-x-x,F,dominant7,7,1 3 5 b7,advanced_reference,compact_seventh_position,seventh_6-5-4-3_b7-5-1-3,11-15-15-14-x-x,"[11, 15, 15, 14, null, null]",6-5-4-3,seventh_in_bass,,80,15,4,D# C F A None None,b7 5 1 3 None None,{}
F_dominant7_compact_seventh_position_seventh_6-5-4-3_1-5-b7-3_13-15-13-14-x-x,F,dominant7,7,1 3 5 b7,advanced_reference,compact_seventh_position,seventh_6-5-4-3_1-5-b7-3,13-15-13-14-x-x,"[13, 15, 13, 14, null, null]",6-5-4-3,root_position,,80,15,2,F C D# A None None,1 5 b7 3 None None,{}
F_dominant7_compact_seventh_position_seventh_4-3-2-1_1-3-5-b7_x-x-15-14-13-11,F,dominant7,7,1 3 5 b7,advanced_reference,compact_seventh_position,seventh_4-3-2-1_1-3-5-b7,x-x-15-14-13-11,"[null, null, 15, 14, 13, 11]",4-3-2-1,root_position,,80,15,4,None None F A C D#,None None 1 3 5 b7,{}
F_dominant7_compact_seventh_position_seventh_5-4-3-2_5-1-3-b7_x-15-15-14-16-x,F,dominant7,7,1 3 5 b7,advanced_reference,compact_seventh_position,seventh_5-4-3-2_5-1-3-b7,x-15-15-14-16-x,"[null, 15, 15, 14, 16, null]",5-4-3-2,second_inversion,,80,16,2,None C F A D# None,None 5 1 3 b7 None,{}
F_dominant7_compact_seventh_position_seventh_4-3-2-1_1-5-b7-3_x-x-15-17-16-17,F,dominant7,7,1 3 5 b7,advanced_reference,compact_seventh_position,seventh_4-3-2-1_1-5-b7-3,x-x-15-17-16-17,"[null, null, 15, 17, 16, 17]",4-3-2-1,root_position,,80,17,2,None None F C D# A,None None 1 5 b7 3,{}
F_dominant7_compact_seventh_position_seventh_6-5-4-3_3-b7-1-5_17-18-15-17-x-x,F,dominant7,7,1 3 5 b7,advanced_reference,compact_seventh_position,seventh_6-5-4-3_3-b7-1-5,17-18-15-17-x-x,"[17, 18, 15, 17, null, null]",6-5-4-3,first_inversion_or_suspended_bass,,80,18,3,A D# F C None None,3 b7 1 5 None None,{}
F_half_diminished7_movable_diminished_A_root_m7b5_x-8-9-8-9-x,F,half_diminished7,m7b5,1 b3 b5 b7,intermediate_core,movable_diminished,A_root_m7b5,x-8-9-8-9-x,"[null, 8, 9, 8, 9, null]",,root_position,,45,9,1,None F B D# G# None,None 1 b5 b7 b3 None,{}
F_half_diminished7_movable_diminished_E_root_m7b5_13-x-13-13-12-x,F,half_diminished7,m7b5,1 b3 b5 b7,intermediate_core,movable_diminished,E_root_m7b5,13-x-13-13-12-x,"[13, null, 13, 13, 12, null]",,root_position,,45,13,1,F None D# G# B None,1 None b7 b3 b5 None,{}
F_half_diminished7_compact_seventh_position_seventh_4-3-2-1_b7-b3-b5-1_x-x-1-1-0-1,F,half_diminished7,m7b5,1 b3 b5 b7,advanced_reference,compact_seventh_position,seventh_4-3-2-1_b7-b3-b5-1,x-x-1-1-0-1,"[null, null, 1, 1, 0, 1]",4-3-2-1,seventh_in_bass,,80,1,0,None None D# G# B F,None None b7 b3 b5 1,{}
F_half_diminished7_compact_seventh_position_seventh_6-5-4-3_1-b5-b7-b3_1-2-1-1-x-x,F,half_diminished7,m7b5,1 b3 b5 b7,advanced_reference,compact_seventh_position,seventh_6-5-4-3_1-b5-b7-b3,1-2-1-1-x-x,"[1, 2, 1, 1, null, null]",6-5-4-3,root_position,,80,2,1,F B D# G# None None,1 b5 b7 b3 None None,{}
F_half_diminished7_compact_seventh_position_seventh_5-4-3-2_b5-1-b3-b7_x-2-3-1-4-x,F,half_diminished7,m7b5,1 b3 b5 b7,advanced_reference,compact_seventh_position,seventh_5-4-3-2_b5-1-b3-b7,x-2-3-1-4-x,"[null, 2, 3, 1, 4, null]",5-4-3-2,second_inversion,,80,4,3,None B F G# D# None,None b5 1 b3 b7 None,{}
F_half_diminished7_compact_seventh_position_seventh_4-3-2-1_1-b5-b7-b3_x-x-3-4-4-4,F,half_diminished7,m7b5,1 b3 b5 b7,advanced_reference,compact_seventh_position,seventh_4-3-2-1_1-b5-b7-b3,x-x-3-4-4-4,"[null, null, 3, 4, 4, 4]",4-3-2-1,root_position,,80,4,1,None None F B D# G#,None None 1 b5 b7 b3,{}
F_half_diminished7_compact_seventh_position_seventh_6-5-4-3_b3-b7-1-b5_4-6-3-4-x-x,F,half_diminished7,m7b5,1 b3 b5 b7,advanced_reference,compact_seventh_position,seventh_6-5-4-3_b3-b7-1-b5,4-6-3-4-x-x,"[4, 6, 3, 4, null, null]",6-5-4-3,first_inversion_or_suspended_bass,,80,6,3,G# D# F B None None,b3 b7 1 b5 None None,{}
F_half_diminished7_compact_seventh_position_seventh_5-4-3-2_b7-b3-b5-1_x-6-6-4-6-x,F,half_diminished7,m7b5,1 b3 b5 b7,advanced_reference,compact_seventh_position,seventh_5-4-3-2_b7-b3-b5-1,x-6-6-4-6-x,"[null, 6, 6, 4, 6, null]",5-4-3-2,seventh_in_bass,,80,6,2,None D# G# B F None,None b7 b3 b5 1 None,{}
F_half_diminished7_compact_seventh_position_seventh_6-5-4-3_b5-1-b3-b7_7-8-6-8-x-x,F,half_diminished7,m7b5,1 b3 b5 b7,advanced_reference,compact_seventh_position,seventh_6-5-4-3_b5-1-b3-b7,7-8-6-8-x-x,"[7, 8, 6, 8, null, null]",6-5-4-3,second_inversion,,80,8,2,B F G# D# None None,b5 1 b3 b7 None None,{}
F_half_diminished7_compact_seventh_position_seventh_5-4-3-2_1-b3-b5-b7_x-8-6-4-4-x,F,half_diminished7,m7b5,1 b3 b5 b7,advanced_reference,compact_seventh_position,seventh_5-4-3-2_1-b3-b5-b7,x-8-6-4-4-x,"[null, 8, 6, 4, 4, null]",5-4-3-2,root_position,,80,8,4,None F G# B D# None,None 1 b3 b5 b7 None,{}
F_half_diminished7_compact_seventh_position_seventh_4-3-2-1_b3-b7-1-b5_x-x-6-8-6-7,F,half_diminished7,m7b5,1 b3 b5 b7,advanced_reference,compact_seventh_position,seventh_4-3-2-1_b3-b7-1-b5,x-x-6-8-6-7,"[null, null, 6, 8, 6, 7]",4-3-2-1,first_inversion_or_suspended_bass,,80,8,2,None None G# D# F B,None None b3 b7 1 b5,{}
F_half_diminished7_compact_seventh_position_seventh_6-5-4-3_b5-b7-b3-1_7-6-6-10-x-x,F,half_diminished7,m7b5,1 b3 b5 b7,advanced_reference,compact_seventh_position,seventh_6-5-4-3_b5-b7-b3-1,7-6-6-10-x-x,"[7, 6, 6, 10, null, null]",6-5-4-3,second_inversion,,80,10,4,B D# G# F None None,b5 b7 b3 1 None None,{}
F_half_diminished7_compact_seventh_position_seventh_5-4-3-2_b7-b5-1-b3_x-6-9-10-9-x,F,half_diminished7,m7b5,1 b3 b5 b7,advanced_reference,compact_seventh_position,seventh_5-4-3-2_b7-b5-1-b3,x-6-9-10-9-x,"[null, 6, 9, 10, 9, null]",5-4-3-2,seventh_in_bass,,80,10,4,None D# B F G# None,None b7 b5 1 b3 None,{}
F_half_diminished7_compact_seventh_position_seventh_6-5-4-3_b7-b3-b5-1_11-11-9-10-x-x,F,half_diminished7,m7b5,1 b3 b5 b7,advanced_reference,compact_seventh_position,seventh_6-5-4-3_b7-b3-b5-1,11-11-9-10-x-x,"[11, 11, 9, 10, null, null]",6-5-4-3,seventh_in_bass,,80,11,2,D# G# B F None None,b7 b3 b5 1 None None,{}
F_half_diminished7_compact_seventh_position_seventh_4-3-2-1_b5-1-b3-b7_x-x-9-10-9-11,F,half_diminished7,m7b5,1 b3 b5 b7,advanced_reference,compact_seventh_position,seventh_4-3-2-1_b5-1-b3-b7,x-x-9-10-9-11,"[null, null, 9, 10, 9, 11]",4-3-2-1,second_inversion,,80,11,2,None None B F G# D#,None None b5 1 b3 b7,{}
F_half_diminished7_compact_seventh_position_seventh_5-4-3-2_b3-b7-1-b5_x-11-13-10-12-x,F,half_diminished7,m7b5,1 b3 b5 b7,advanced_reference,compact_seventh_position,seventh_5-4-3-2_b3-b7-1-b5,x-11-13-10-12-x,"[null, 11, 13, 10, 12, null]",5-4-3-2,first_inversion_or_suspended_bass,,80,13,3,None G# D# F B None,None b3 b7 1 b5 None,{}
F_half_diminished7_compact_seventh_position_seventh_4-3-2-1_b7-b3-b5-1_x-x-13-13-12-13,F,half_diminished7,m7b5,1 b3 b5 b7,advanced_reference,compact_seventh_position,seventh_4-3-2-1_b7-b3-b5-1,x-x-13-13-12-13,"[null, null, 13, 13, 12, 13]",4-3-2-1,seventh_in_bass,,80,13,1,None None D# G# B F,None None b7 b3 b5 1,{}
F_half_diminished7_compact_seventh_position_seventh_6-5-4-3_1-b5-b7-b3_13-14-13-13-x-x,F,half_diminished7,m7b5,1 b3 b5 b7,advanced_reference,compact_seventh_position,seventh_6-5-4-3_1-b5-b7-b3,13-14-13-13-x-x,"[13, 14, 13, 13, null, null]",6-5-4-3,root_position,,80,14,1,F B D# G# None None,1 b5 b7 b3 None None,{}
F_half_diminished7_compact_seventh_position_seventh_6-5-4-3_b7-b5-1-b3_11-14-15-13-x-x,F,half_diminished7,m7b5,1 b3 b5 b7,advanced_reference,compact_seventh_position,seventh_6-5-4-3_b7-b5-1-b3,11-14-15-13-x-x,"[11, 14, 15, 13, null, null]",6-5-4-3,seventh_in_bass,,80,15,4,D# B F G# None None,b7 b5 1 b3 None None,{}
F_half_diminished7_compact_seventh_position_seventh_4-3-2-1_1-b3-b5-b7_x-x-15-13-12-11,F,half_diminished7,m7b5,1 b3 b5 b7,advanced_reference,compact_seventh_position,seventh_4-3-2-1_1-b3-b5-b7,x-x-15-13-12-11,"[null, null, 15, 13, 12, 11]",4-3-2-1,root_position,,80,15,4,None None F G# B D#,None None 1 b3 b5 b7,{}
F_half_diminished7_compact_seventh_position_seventh_5-4-3-2_b5-1-b3-b7_x-14-15-13-16-x,F,half_diminished7,m7b5,1 b3 b5 b7,advanced_reference,compact_seventh_position,seventh_5-4-3-2_b5-1-b3-b7,x-14-15-13-16-x,"[null, 14, 15, 13, 16, null]",5-4-3-2,second_inversion,,80,16,3,None B F G# D# None,None b5 1 b3 b7 None,{}
F_half_diminished7_compact_seventh_position_seventh_4-3-2-1_1-b5-b7-b3_x-x-15-16-16-16,F,half_diminished7,m7b5,1 b3 b5 b7,advanced_reference,compact_seventh_position,seventh_4-3-2-1_1-b5-b7-b3,x-x-15-16-16-16,"[null, null, 15, 16, 16, 16]",4-3-2-1,root_position,,80,16,1,None None F B D# G#,None None 1 b5 b7 b3,{}
F_half_diminished7_compact_seventh_position_seventh_6-5-4-3_b3-b7-1-b5_16-18-15-16-x-x,F,half_diminished7,m7b5,1 b3 b5 b7,advanced_reference,compact_seventh_position,seventh_6-5-4-3_b3-b7-1-b5,16-18-15-16-x-x,"[16, 18, 15, 16, null, null]",6-5-4-3,first_inversion_or_suspended_bass,,80,18,3,G# D# F B None None,b3 b7 1 b5 None None,{}
F_half_diminished7_compact_seventh_position_seventh_5-4-3-2_b7-b3-b5-1_x-18-18-16-18-x,F,half_diminished7,m7b5,1 b3 b5 b7,advanced_reference,compact_seventh_position,seventh_5-4-3-2_b7-b3-b5-1,x-18-18-16-18-x,"[null, 18, 18, 16, 18, null]",5-4-3-2,seventh_in_bass,,80,18,2,None D# G# B F None,None b7 b3 b5 1 None,{}
F_m7_caged_seventh_E_shape_m7_1-3-1-1-1-1,F,m7,m7,1 b3 5 b7,intermediate_core,caged_seventh,E_shape_m7,1-3-1-1-1-1,"[1, 3, 1, 1, 1, 1]",,root_position,,35,3,2,F C D# G# C F,1 5 b7 b3 5 1,{}
F_m7_caged_seventh_D_shape_m7_x-x-3-5-4-4,F,m7,m7,1 b3 5 b7,intermediate_core,caged_seventh,D_shape_m7,x-x-3-5-4-4,"[null, null, 3, 5, 4, 4]",,root_position,,35,5,2,None None F C D# G#,None None 1 5 b7 b3,{}
F_m7_caged_seventh_A_shape_m7_x-8-10-8-9-8,F,m7,m7,1 b3 5 b7,intermediate_core,caged_seventh,A_shape_m7,x-8-10-8-9-8,"[null, 8, 10, 8, 9, 8]",,root_position,,35,10,2,None F C D# G# C,None 1 5 b7 b3 5,{}
F_m7_compact_seventh_position_seventh_4-3-2-1_b7-b3-5-1_x-x-1-1-1-1,F,m7,m7,1 b3 5 b7,advanced_reference,compact_seventh_position,seventh_4-3-2-1_b7-b3-5-1,x-x-1-1-1-1,"[null, null, 1, 1, 1, 1]",4-3-2-1,seventh_in_bass,,80,1,0,None None D# G# C F,None None b7 b3 5 1,{}
F_m7_compact_seventh_position_seventh_6-5-4-3_1-5-b7-b3_1-3-1-1-x-x,F,m7,m7,1 b3 5 b7,advanced_reference,compact_seventh_position,seventh_6-5-4-3_1-5-b7-b3,1-3-1-1-x-x,"[1, 3, 1, 1, null, null]",6-5-4-3,root_position,,80,3,2,F C D# G# None None,1 5 b7 b3 None None,{}
F_m7_compact_seventh_position_seventh_5-4-3-2_5-1-b3-b7_x-3-3-1-4-x,F,m7,m7,1 b3 5 b7,advanced_reference,compact_seventh_position,seventh_5-4-3-2_5-1-b3-b7,x-3-3-1-4-x,"[null, 3, 3, 1, 4, null]",5-4-3-2,second_inversion,,80,4,3,None C F G# D# None,None 5 1 b3 b7 None,{}
F_m7_compact_seventh_position_seventh_6-5-4-3_b3-b7-1-5_4-6-3-5-x-x,F,m7,m7,1 b3 5 b7,advanced_reference,compact_seventh_position,seventh_6-5-4-3_b3-b7-1-5,4-6-3-5-x-x,"[4, 6, 3, 5, null, null]",6-5-4-3,first_inversion_or_suspended_bass,,80,6,3,G# D# F C None None,b3 b7 1 5 None None,{}
F_m7_compact_seventh_position_seventh_5-4-3-2_b7-b3-5-1_x-6-6-5-6-x,F,m7,m7,1 b3 5 b7,advanced_reference,compact_seventh_position,seventh_5-4-3-2_b7-b3-5-1,x-6-6-5-6-x,"[null, 6, 6, 5, 6, null]",5-4-3-2,seventh_in_bass,,80,6,1,None D# G# C F None,None b7 b3 5 1 None,{}
F_m7_compact_seventh_position_seventh_6-5-4-3_5-1-b3-b7_8-8-6-8-x-x,F,m7,m7,1 b3 5 b7,advanced_reference,compact_seventh_position,seventh_6-5-4-3_5-1-b3-b7,8-8-6-8-x-x,"[8, 8, 6, 8, null, null]",6-5-4-3,second_inversion,,80,8,2,C F G# D# None None,5 1 b3 b7 None None,{}
F_m7_compact_seventh_position_seventh_5-4-3-2_1-b3-5-b7_x-8-6-5-4-x,F,m7,m7,1 b3 5 b7,advanced_reference,compact_seventh_position,seventh_5-4-3-2_1-b3-5-b7,x-8-6-5-4-x,"[null, 8, 6, 5, 4, null]",5-4-3-2,root_position,,80,8,4,None F G# C D# None,None 1 b3 5 b7 None,{}
F_m7_compact_seventh_position_seventh_4-3-2-1_b3-b7-1-5_x-x-6-8-6-8,F,m7,m7,1 b3 5 b7,advanced_reference,compact_seventh_position,seventh_4-3-2-1_b3-b7-1-5,x-x-6-8-6-8,"[null, null, 6, 8, 6, 8]",4-3-2-1,first_inversion_or_suspended_bass,,80,8,2,None None G# D# F C,None None b3 b7 1 5,{}
F_m7_compact_seventh_position_seventh_6-5-4-3_5-b7-b3-1_8-6-6-10-x-x,F,m7,m7,1 b3 5 b7,advanced_reference,compact_seventh_position,seventh_6-5-4-3_5-b7-b3-1,8-6-6-10-x-x,"[8, 6, 6, 10, null, null]",6-5-4-3,second_inversion,,80,10,4,C D# G# F None None,5 b7 b3 1 None None,{}
F_m7_compact_seventh_position_seventh_5-4-3-2_b7-5-1-b3_x-6-10-10-9-x,F,m7,m7,1 b3 5 b7,advanced_reference,compact_seventh_position,seventh_5-4-3-2_b7-5-1-b3,x-6-10-10-9-x,"[null, 6, 10, 10, 9, null]",5-4-3-2,seventh_in_bass,,80,10,4,None D# C F G# None,None b7 5 1 b3 None,{}
F_m7_compact_seventh_position_seventh_5-4-3-2_1-5-b7-b3_x-8-10-8-9-x,F,m7,m7,1 b3 5 b7,advanced_reference,compact_seventh_position,seventh_5-4-3-2_1-5-b7-b3,x-8-10-8-9-x,"[null, 8, 10, 8, 9, null]",5-4-3-2,root_position,,80,10,2,None F C D# G# None,None 1 5 b7 b3 None,{}
F_m7_compact_seventh_position_seventh_6-5-4-3_b7-b3-5-1_11-11-10-10-x-x,F,m7,m7,1 b3 5 b7,advanced_reference,compact_seventh_position,seventh_6-5-4-3_b7-b3-5-1,11-11-10-10-x-x,"[11, 11, 10, 10, null, null]",6-5-4-3,seventh_in_bass,,80,11,1,D# G# C F None None,b7 b3 5 1 None None,{}
F_m7_compact_seventh_position_seventh_4-3-2-1_5-1-b3-b7_x-x-10-10-9-11,F,m7,m7,1 b3 5 b7,advanced_reference,compact_seventh_position,seventh_4-3-2-1_5-1-b3-b7,x-x-10-10-9-11,"[null, null, 10, 10, 9, 11]",4-3-2-1,second_inversion,,80,11,2,None None C F G# D#,None None 5 1 b3 b7,{}
F_m7_compact_seventh_position_seventh_5-4-3-2_b3-b7-1-5_x-11-13-10-13-x,F,m7,m7,1 b3 5 b7,advanced_reference,compact_seventh_position,seventh_5-4-3-2_b3-b7-1-5,x-11-13-10-13-x,"[null, 11, 13, 10, 13, null]",5-4-3-2,first_inversion_or_suspended_bass,,80,13,3,None G# D# F C None,None b3 b7 1 5 None,{}
F_m7_compact_seventh_position_seventh_4-3-2-1_b7-b3-5-1_x-x-13-13-13-13,F,m7,m7,1 b3 5 b7,advanced_reference,compact_seventh_position,seventh_4-3-2-1_b7-b3-5-1,x-x-13-13-13-13,"[null, null, 13, 13, 13, 13]",4-3-2-1,seventh_in_bass,,80,13,0,None None D# G# C F,None None b7 b3 5 1,{}
F_m7_compact_seventh_position_seventh_6-5-4-3_b7-5-1-b3_11-15-15-13-x-x,F,m7,m7,1 b3 5 b7,advanced_reference,compact_seventh_position,seventh_6-5-4-3_b7-5-1-b3,11-15-15-13-x-x,"[11, 15, 15, 13, null, null]",6-5-4-3,seventh_in_bass,,80,15,4,D# C F G# None None,b7 5 1 b3 None None,{}
F_m7_compact_seventh_position_seventh_6-5-4-3_1-5-b7-b3_13-15-13-13-x-x,F,m7,m7,1 b3 5 b7,advanced_reference,compact_seventh_position,seventh_6-5-4-3_1-5-b7-b3,13-15-13-13-x-x,"[13, 15, 13, 13, null, null]",6-5-4-3,root_position,,80,15,2,F C D# G# None None,1 5 b7 b3 None None,{}
F_m7_compact_seventh_position_seventh_4-3-2-1_1-b3-5-b7_x-x-15-13-13-11,F,m7,m7,1 b3 5 b7,advanced_reference,compact_seventh_position,seventh_4-3-2-1_1-b3-5-b7,x-x-15-13-13-11,"[null, null, 15, 13, 13, 11]",4-3-2-1,root_position,,80,15,4,None None F G# C D#,None None 1 b3 5 b7,{}
F_m7_compact_seventh_position_seventh_5-4-3-2_5-1-b3-b7_x-15-15-13-16-x,F,m7,m7,1 b3 5 b7,advanced_reference,compact_seventh_position,seventh_5-4-3-2_5-1-b3-b7,x-15-15-13-16-x,"[null, 15, 15, 13, 16, null]",5-4-3-2,second_inversion,,80,16,3,None C F G# D# None,None 5 1 b3 b7 None,{}
F_m7_compact_seventh_position_seventh_4-3-2-1_1-5-b7-b3_x-x-15-17-16-16,F,m7,m7,1 b3 5 b7,advanced_reference,compact_seventh_position,seventh_4-3-2-1_1-5-b7-b3,x-x-15-17-16-16,"[null, null, 15, 17, 16, 16]",4-3-2-1,root_position,,80,17,2,None None F C D# G#,None None 1 5 b7 b3,{}
F_m7_compact_seventh_position_seventh_6-5-4-3_b3-b7-1-5_16-18-15-17-x-x,F,m7,m7,1 b3 5 b7,advanced_reference,compact_seventh_position,seventh_6-5-4-3_b3-b7-1-5,16-18-15-17-x-x,"[16, 18, 15, 17, null, null]",6-5-4-3,first_inversion_or_suspended_bass,,80,18,3,G# D# F C None None,b3 b7 1 5 None None,{}
F_m7_compact_seventh_position_seventh_5-4-3-2_b7-b3-5-1_x-18-18-17-18-x,F,m7,m7,1 b3 5 b7,advanced_reference,compact_seventh_position,seventh_5-4-3-2_b7-b3-5-1,x-18-18-17-18-x,"[null, 18, 18, 17, 18, null]",5-4-3-2,seventh_in_bass,,80,18,1,None D# G# C F None,None b7 b3 5 1 None,{}
F_maj7_caged_seventh_E_shape_maj7_1-3-2-2-1-1,F,maj7,maj7,1 3 5 7,intermediate_core,caged_seventh,E_shape_maj7,1-3-2-2-1-1,"[1, 3, 2, 2, 1, 1]",,root_position,,35,3,2,F C E A C F,1 5 7 3 5 1,{}
F_maj7_caged_seventh_A_shape_maj7_x-8-10-9-10-8,F,maj7,maj7,1 3 5 7,intermediate_core,caged_seventh,A_shape_maj7,x-8-10-9-10-8,"[null, 8, 10, 9, 10, 8]",,root_position,,35,10,2,None F C E A C,None 1 5 7 3 5,{}
F_maj7_caged_seventh_G_shape_maj7_13-x-14-14-13-x,F,maj7,maj7,1 3 5 7,intermediate_core,caged_seventh,G_shape_maj7,13-x-14-14-13-x,"[13, null, 14, 14, 13, null]",,root_position,,35,14,1,F None E A C None,1 None 7 3 5 None,{}
F_maj7_compact_seventh_position_seventh_4-3-2-1_7-3-5-1_x-x-2-2-1-1,F,maj7,maj7,1 3 5 7,advanced_reference,compact_seventh_position,seventh_4-3-2-1_7-3-5-1,x-x-2-2-1-1,"[null, null, 2, 2, 1, 1]",4-3-2-1,seventh_in_bass,,80,2,1,None None E A C F,None None 7 3 5 1,{}
F_maj7_compact_seventh_position_seventh_6-5-4-3_7-5-1-3_0-3-3-2-x-x,F,maj7,maj7,1 3 5 7,advanced_reference,compact_seventh_position,seventh_6-5-4-3_7-5-1-3,0-3-3-2-x-x,"[0, 3, 3, 2, null, null]",6-5-4-3,seventh_in_bass,,80,3,1,E C F A None None,7 5 1 3 None None,{}
F_maj7_compact_seventh_position_seventh_6-5-4-3_1-5-7-3_1-3-2-2-x-x,F,maj7,maj7,1 3 5 7,advanced_reference,compact_seventh_position,seventh_6-5-4-3_1-5-7-3,1-3-2-2-x-x,"[1, 3, 2, 2, null, null]",6-5-4-3,root_position,,80,3,2,F C E A None None,1 5 7 3 None None,{}
F_maj7_compact_seventh_position_seventh_4-3-2-1_1-3-5-7_x-x-3-2-1-0,F,maj7,maj7,1 3 5 7,advanced_reference,compact_seventh_position,seventh_4-3-2-1_1-3-5-7,x-x-3-2-1-0,"[null, null, 3, 2, 1, 0]",4-3-2-1,root_position,,80,3,2,None None F A C E,None None 1 3 5 7,{}
F_maj7_compact_seventh_position_seventh_6-5-4-3_7-3-1-5_0-0-3-5-x-x,F,maj7,maj7,1 3 5 7,advanced_reference,compact_seventh_position,seventh_6-5-4-3_7-3-1-5,0-0-3-5-x-x,"[0, 0, 3, 5, null, null]",6-5-4-3,seventh_in_bass,,80,5,2,E A F C None None,7 3 1 5 None None,{}
F_maj7_compact_seventh_position_seventh_6-5-4-3_1-3-7-5_1-0-2-5-x-x,F,maj7,maj7,1 3 5 7,advanced_reference,compact_seventh_position,seventh_6-5-4-3_1-3-7-5,1-0-2-5-x-x,"[1, 0, 2, 5, null, null]",6-5-4-3,root_position,,80,5,4,F A E C None None,1 3 7 5 None None,{}
F_maj7_compact_seventh_position_seventh_5-4-3-2_3-1-5-7_x-0-3-5-5-x,F,maj7,maj7,1 3 5 7,advanced_reference,compact_seventh_position,seventh_5-4-3-2_3-1-5-7,x-0-3-5-5-x,"[null, 0, 3, 5, 5, null]",5-4-3-2,first_inversion_or_suspended_bass,,80,5,2,None A F C E None,None 3 1 5 7 None,{}
F_maj7_compact_seventh_position_seventh_5-4-3-2_5-1-3-7_x-3-3-2-5-x,F,maj7,maj7,1 3 5 7,advanced_reference,compact_seventh_position,seventh_5-4-3-2_5-1-3-7,x-3-3-2-5-x,"[null, 3, 3, 2, 5, null]",5-4-3-2,second_inversion,,80,5,3,None C F A E None,None 5 1 3 7 None,{}
F_maj7_compact_seventh_position_seventh_4-3-2-1_1-5-7-3_x-x-3-5-5-5,F,maj7,maj7,1 3 5 7,advanced_reference,compact_seventh_position,seventh_4-3-2-1_1-5-7-3,x-x-3-5-5-5,"[null, null, 3, 5, 5, 5]",4-3-2-1,root_position,,80,5,2,None None F C E A,None None 1 5 7 3,{}
F_maj7_compact_seventh_position_seventh_5-4-3-2_5-7-3-1_x-3-2-2-6-x,F,maj7,maj7,1 3 5 7,advanced_reference,compact_seventh_position,seventh_5-4-3-2_5-7-3-1,x-3-2-2-6-x,"[null, 3, 2, 2, 6, null]",5-4-3-2,second_inversion,,80,6,4,None C E A F None,None 5 7 3 1 None,{}
F_maj7_compact_seventh_position_seventh_4-3-2-1_7-5-1-3_x-x-2-5-6-5,F,maj7,maj7,1 3 5 7,advanced_reference,compact_seventh_position,seventh_4-3-2-1_7-5-1-3,x-x-2-5-6-5,"[null, null, 2, 5, 6, 5]",4-3-2-1,seventh_in_bass,,80,6,4,None None E C F A,None None 7 5 1 3,{}
F_maj7_compact_seventh_position_seventh_6-5-4-3_3-7-1-5_5-7-3-5-x-x,F,maj7,maj7,1 3 5 7,advanced_reference,compact_seventh_position,seventh_6-5-4-3_3-7-1-5,5-7-3-5-x-x,"[5, 7, 3, 5, null, null]",6-5-4-3,first_inversion_or_suspended_bass,,80,7,4,A E F C None None,3 7 1 5 None None,{}
F_maj7_compact_seventh_position_seventh_5-4-3-2_7-3-5-1_x-7-7-5-6-x,F,maj7,maj7,1 3 5 7,advanced_reference,compact_seventh_position,seventh_5-4-3-2_7-3-5-1,x-7-7-5-6-x,"[null, 7, 7, 5, 6, null]",5-4-3-2,seventh_in_bass,,80,7,2,None E A C F None,None 7 3 5 1 None,{}
F_maj7_compact_seventh_position_seventh_5-4-3-2_1-3-5-7_x-8-7-5-5-x,F,maj7,maj7,1 3 5 7,advanced_reference,compact_seventh_position,seventh_5-4-3-2_1-3-5-7,x-8-7-5-5-x,"[null, 8, 7, 5, 5, null]",5-4-3-2,root_position,,80,8,3,None F A C E None,None 1 3 5 7 None,{}
F_maj7_compact_seventh_position_seventh_6-5-4-3_5-1-3-7_8-8-7-9-x-x,F,maj7,maj7,1 3 5 7,advanced_reference,compact_seventh_position,seventh_6-5-4-3_5-1-3-7,8-8-7-9-x-x,"[8, 8, 7, 9, null, null]",6-5-4-3,second_inversion,,80,9,2,C F A E None None,5 1 3 7 None None,{}
F_maj7_compact_seventh_position_seventh_4-3-2-1_3-7-1-5_x-x-7-9-6-8,F,maj7,maj7,1 3 5 7,advanced_reference,compact_seventh_position,seventh_4-3-2-1_3-7-1-5,x-x-7-9-6-8,"[null, null, 7, 9, 6, 8]",4-3-2-1,first_inversion_or_suspended_bass,,80,9,3,None None A E F C,None None 3 7 1 5,{}
F_maj7_compact_seventh_position_seventh_6-5-4-3_5-7-3-1_8-7-7-10-x-x,F,maj7,maj7,1 3 5 7,advanced_reference,compact_seventh_position,seventh_6-5-4-3_5-7-3-1,8-7-7-10-x-x,"[8, 7, 7, 10, null, null]",6-5-4-3,second_inversion,,80,10,3,C E A F None None,5 7 3 1 None None,{}
F_maj7_compact_seventh_position_seventh_5-4-3-2_7-5-1-3_x-7-10-10-10-x,F,maj7,maj7,1 3 5 7,advanced_reference,compact_seventh_position,seventh_5-4-3-2_7-5-1-3,x-7-10-10-10-x,"[null, 7, 10, 10, 10, null]",5-4-3-2,seventh_in_bass,,80,10,3,None E C F A None,None 7 5 1 3 None,{}
F_maj7_compact_seventh_position_seventh_5-4-3-2_1-5-7-3_x-8-10-9-10-x,F,maj7,maj7,1 3 5 7,advanced_reference,compact_seventh_position,seventh_5-4-3-2_1-5-7-3,x-8-10-9-10-x,"[null, 8, 10, 9, 10, null]",5-4-3-2,root_position,,80,10,2,None F C E A None,None 1 5 7 3 None,{}
F_maj7_compact_seventh_position_seventh_6-5-4-3_7-3-5-1_12-12-10-10-x-x,F,maj7,maj7,1 3 5 7,advanced_reference,compact_seventh_position,seventh_6-5-4-3_7-3-5-1,12-12-10-10-x-x,"[12, 12, 10, 10, null, null]",6-5-4-3,seventh_in_bass,,80,12,2,E A C F None None,7 3 5 1 None None,{}
F_maj7_compact_seventh_position_seventh_4-3-2-1_5-1-3-7_x-x-10-10-10-12,F,maj7,maj7,1 3 5 7,advanced_reference,compact_seventh_position,seventh_4-3-2-1_5-1-3-7,x-x-10-10-10-12,"[null, null, 10, 10, 10, 12]",4-3-2-1,second_inversion,,80,12,2,None None C F A E,None None 5 1 3 7,{}
F_maj7_compact_seventh_position_seventh_6-5-4-3_1-3-5-7_13-12-10-9-x-x,F,maj7,maj7,1 3 5 7,advanced_reference,compact_seventh_position,seventh_6-5-4-3_1-3-5-7,13-12-10-9-x-x,"[13, 12, 10, 9, null, null]",6-5-4-3,root_position,,80,13,4,F A C E None None,1 3 5 7 None None,{}
F_maj7_compact_seventh_position_seventh_4-3-2-1_5-7-3-1_x-x-10-9-10-13,F,maj7,maj7,1 3 5 7,advanced_reference,compact_seventh_position,seventh_4-3-2-1_5-7-3-1,x-x-10-9-10-13,"[null, null, 10, 9, 10, 13]",4-3-2-1,second_inversion,,80,13,4,None None C E A F,None None 5 7 3 1,{}
F_maj7_compact_seventh_position_seventh_5-4-3-2_3-7-1-5_x-12-14-10-13-x,F,maj7,maj7,1 3 5 7,advanced_reference,compact_seventh_position,seventh_5-4-3-2_3-7-1-5,x-12-14-10-13-x,"[null, 12, 14, 10, 13, null]",5-4-3-2,first_inversion_or_suspended_bass,,80,14,4,None A E F C None,None 3 7 1 5 None,{}
F_maj7_compact_seventh_position_seventh_4-3-2-1_7-3-5-1_x-x-14-14-13-13,F,maj7,maj7,1 3 5 7,advanced_reference,compact_seventh_position,seventh_4-3-2-1_7-3-5-1,x-x-14-14-13-13,"[null, null, 14, 14, 13, 13]",4-3-2-1,seventh_in_bass,,80,14,1,None None E A C F,None None 7 3 5 1,{}
F_maj7_compact_seventh_position_seventh_6-5-4-3_7-5-1-3_12-15-15-14-x-x,F,maj7,maj7,1 3 5 7,advanced_reference,compact_seventh_position,seventh_6-5-4-3_7-5-1-3,12-15-15-14-x-x,"[12, 15, 15, 14, null, null]",6-5-4-3,seventh_in_bass,,80,15,3,E C F A None None,7 5 1 3 None None,{}
F_maj7_compact_seventh_position_seventh_6-5-4-3_1-5-7-3_13-15-14-14-x-x,F,maj7,maj7,1 3 5 7,advanced_reference,compact_seventh_position,seventh_6-5-4-3_1-5-7-3,13-15-14-14-x-x,"[13, 15, 14, 14, null, null]",6-5-4-3,root_position,,80,15,2,F C E A None None,1 5 7 3 None None,{}
F_maj7_compact_seventh_position_seventh_4-3-2-1_1-3-5-7_x-x-15-14-13-12,F,maj7,maj7,1 3 5 7,advanced_reference,compact_seventh_position,seventh_4-3-2-1_1-3-5-7,x-x-15-14-13-12,"[null, null, 15, 14, 13, 12]",4-3-2-1,root_position,,80,15,3,None None F A C E,None None 1 3 5 7,{}
F_maj7_compact_seventh_position_seventh_5-4-3-2_5-1-3-7_x-15-15-14-17-x,F,maj7,maj7,1 3 5 7,advanced_reference,compact_seventh_position,seventh_5-4-3-2_5-1-3-7,x-15-15-14-17-x,"[null, 15, 15, 14, 17, null]",5-4-3-2,second_inversion,,80,17,3,None C F A E None,None 5 1 3 7 None,{}
F_maj7_compact_seventh_position_seventh_4-3-2-1_1-5-7-3_x-x-15-17-17-17,F,maj7,maj7,1 3 5 7,advanced_reference,compact_seventh_position,seventh_4-3-2-1_1-5-7-3,x-x-15-17-17-17,"[null, null, 15, 17, 17, 17]",4-3-2-1,root_position,,80,17,2,None None F C E A,None None 1 5 7 3,{}
F_maj7_compact_seventh_position_seventh_5-4-3-2_5-7-3-1_x-15-14-14-18-x,F,maj7,maj7,1 3 5 7,advanced_reference,compact_seventh_position,seventh_5-4-3-2_5-7-3-1,x-15-14-14-18-x,"[null, 15, 14, 14, 18, null]",5-4-3-2,second_inversion,,80,18,4,None C E A F None,None 5 7 3 1 None,{}
F_maj7_compact_seventh_position_seventh_4-3-2-1_7-5-1-3_x-x-14-17-18-17,F,maj7,maj7,1 3 5 7,advanced_reference,compact_seventh_position,seventh_4-3-2-1_7-5-1-3,x-x-14-17-18-17,"[null, null, 14, 17, 18, 17]",4-3-2-1,seventh_in_bass,,80,18,4,None None E C F A,None None 7 5 1 3,{}
F_major_caged_major_C_shape_x-8-7-5-6-5,F,major,major,1 3 5,beginner_core,caged_major,C_shape,x-8-7-5-6-5,"[null, 8, 7, 5, 6, 5]",,root_position,,1,8,3,None F A C F A,None 1 3 5 1 3,{}
F_major_caged_major_A_shape_x-8-10-10-10-8,F,major,major,1 3 5,beginner_core,caged_major,A_shape,x-8-10-10-10-8,"[null, 8, 10, 10, 10, 8]",,root_position,,2,10,2,None F C F A C,None 1 5 1 3 5,{}
F_major_caged_major_G_shape_13-12-10-10-10-13,F,major,major,1 3 5,beginner_core,caged_major,G_shape,13-12-10-10-10-13,"[13, 12, 10, 10, 10, 13]",,root_position,,3,13,3,F A C F A F,1 3 5 1 3 1,{}
F_major_caged_major_E_shape_1-3-3-2-1-1,F,major,major,1 3 5,beginner_core,caged_major,E_shape,1-3-3-2-1-1,"[1, 3, 3, 2, 1, 1]",,root_position,,4,3,2,F C F A C F,1 5 1 3 5 1,{}
F_major_caged_major_D_shape_x-x-3-5-6-5,F,major,major,1 3 5,beginner_core,caged_major,D_shape,x-x-3-5-6-5,"[null, null, 3, 5, 6, 5]",,root_position,,5,6,3,None None F C F A,None None 1 5 1 3,{}
F_major_triad_position_triad_3-2-1_first_inversion_3-5-1_x-x-x-2-1-1,F,major,major,1 3 5,intermediate_core,triad_position,triad_3-2-1_first_inversion_3-5-1,x-x-x-2-1-1,"[null, null, null, 2, 1, 1]",3-2-1,first_inversion_or_suspended_bass,first_inversion,60,2,1,None None None A C F,None None None 3 5 1,"{""sus2"": ""F_sus2_triad_related_suspended_from_F_major_triad_position_triad_3-2-1_first_inversion_3-5-1_x-x-x-2-1-1_sus2_x-x-x-0-1-1"", ""sus4"": ""F_sus4_triad_related_suspended_from_F_major_triad_position_triad_3-2-1_first_inversion_3-5-1_x-x-x-2-1-1_sus4_x-x-x-3-1-1""}"
F_major_triad_position_triad_5-4-3_second_inversion_5-1-3_x-3-3-2-x-x,F,major,major,1 3 5,intermediate_core,triad_position,triad_5-4-3_second_inversion_5-1-3,x-3-3-2-x-x,"[null, 3, 3, 2, null, null]",5-4-3,second_inversion,second_inversion,60,3,1,None C F A None None,None 5 1 3 None None,"{""sus2"": ""F_sus2_triad_related_suspended_from_F_major_triad_position_triad_5-4-3_second_inversion_5-1-3_x-3-3-2-x-x_sus2_x-3-3-0-x-x"", ""sus4"": ""F_sus4_triad_related_suspended_from_F_major_triad_position_triad_5-4-3_second_inversion_5-1-3_x-3-3-2-x-x_sus4_x-3-3-3-x-x""}"
F_major_triad_position_triad_4-3-2_root_position_1-3-5_x-x-3-2-1-x,F,major,major,1 3 5,intermediate_core,triad_position,triad_4-3-2_root_position_1-3-5,x-x-3-2-1-x,"[null, null, 3, 2, 1, null]",4-3-2,root_position,root_position,60,3,2,None None F A C None,None None 1 3 5 None,"{""sus2"": ""F_sus2_triad_related_suspended_from_F_major_triad_position_triad_4-3-2_root_position_1-3-5_x-x-3-2-1-x_sus2_x-x-3-0-1-x"", ""sus4"": ""F_sus4_triad_related_suspended_from_F_major_triad_position_triad_4-3-2_root_position_1-3-5_x-x-3-2-1-x_sus4_x-x-3-3-1-x""}"
F_major_triad_position_triad_6-5-4_first_inversion_3-5-1_5-3-3-x-x-x,F,major,major,1 3 5,intermediate_core,triad_position,triad_6-5-4_first_inversion_3-5-1,5-3-3-x-x-x,"[5, 3, 3, null, null, null]",6-5-4,first_inversion_or_suspended_bass,first_inversion,60,5,2,A C F None None None,3 5 1 None None None,"{""sus2"": ""F_sus2_triad_related_suspended_from_F_major_triad_position_triad_6-5-4_first_inversion_3-5-1_5-3-3-x-x-x_sus2_3-3-3-x-x-x"", ""sus4"": ""F_sus4_triad_related_suspended_from_F_major_triad_position_triad_6-5-4_first_inversion_3-5-1_5-3-3-x-x-x_sus4_6-3-3-x-x-x""}"
F_major_triad_position_triad_5-4-3_first_inversion_3-1-5_x-0-3-5-x-x,F,major,major,1 3 5,intermediate_core,triad_position,triad_5-4-3_first_inversion_3-1-5,x-0-3-5-x-x,"[null, 0, 3, 5, null, null]",5-4-3,first_inversion_or_suspended_bass,first_inversion,60,5,2,None A F C None None,None 3 1 5 None None,"{""sus4"": ""F_sus4_triad_related_suspended_from_F_major_triad_position_triad_5-4-3_first_inversion_3-1-5_x-0-3-5-x-x_sus4_x-1-3-5-x-x""}"
F_major_triad_position_triad_3-2-1_second_inversion_5-1-3_x-x-x-5-6-5,F,major,major,1 3 5,intermediate_core,triad_position,triad_3-2-1_second_inversion_5-1-3,x-x-x-5-6-5,"[null, null, null, 5, 6, 5]",3-2-1,second_inversion,second_inversion,60,6,1,None None None C F A,None None None 5 1 3,"{""sus2"": ""F_sus2_triad_related_suspended_from_F_major_triad_position_triad_3-2-1_second_inversion_5-1-3_x-x-x-5-6-5_sus2_x-x-x-5-6-3"", ""sus4"": ""F_sus4_triad_related_suspended_from_F_major_triad_position_triad_3-2-1_second_inversion_5-1-3_x-x-x-5-6-5_sus4_x-x-x-5-6-6""}"
F_major_triad_position_triad_4-3-2_first_inversion_3-5-1_x-x-7-5-6-x,F,major,major,1 3 5,intermediate_core,triad_position,triad_4-3-2_first_inversion_3-5-1,x-x-7-5-6-x,"[null, null, 7, 5, 6, null]",4-3-2,first_inversion_or_suspended_bass,first_inversion,60,7,2,None None A C F None,None None 3 5 1 None,"{""sus2"": ""F_sus2_triad_related_suspended_from_F_major_triad_position_triad_4-3-2_first_inversion_3-5-1_x-x-7-5-6-x_sus2_x-x-5-5-6-x"", ""sus4"": ""F_sus4_triad_related_suspended_from_F_major_triad_position_triad_4-3-2_first_inversion_3-5-1_x-x-7-5-6-x_sus4_x-x-8-5-6-x""}"
F_major_triad_position_triad_6-5-4_second_inversion_5-1-3_8-8-7-x-x-x,F,major,major,1 3 5,intermediate_core,triad_position,triad_6-5-4_second_inversion_5-1-3,8-8-7-x-x-x,"[8, 8, 7, null, null, null]",6-5-4,second_inversion,second_inversion,60,8,1,C F A None None None,5 1 3 None None None,"{""sus2"": ""F_sus2_triad_related_suspended_from_F_major_triad_position_triad_6-5-4_second_inversion_5-1-3_8-8-7-x-x-x_sus2_8-8-5-x-x-x"", ""sus4"": ""F_sus4_triad_related_suspended_from_F_major_triad_position_triad_6-5-4_second_inversion_5-1-3_8-8-7-x-x-x_sus4_8-8-8-x-x-x""}"
F_major_triad_position_triad_5-4-3_root_position_1-3-5_x-8-7-5-x-x,F,major,major,1 3 5,intermediate_core,triad_position,triad_5-4-3_root_position_1-3-5,x-8-7-5-x-x,"[null, 8, 7, 5, null, null]",5-4-3,root_position,root_position,60,8,3,None F A C None None,None 1 3 5 None None,"{""sus2"": ""F_sus2_triad_related_suspended_from_F_major_triad_position_triad_5-4-3_root_position_1-3-5_x-8-7-5-x-x_sus2_x-8-5-5-x-x"", ""sus4"": ""F_sus4_triad_related_suspended_from_F_major_triad_position_triad_5-4-3_root_position_1-3-5_x-8-7-5-x-x_sus4_x-8-8-5-x-x""}"
F_major_triad_position_triad_4-3-2_second_inversion_5-1-3_x-x-10-10-10-x,F,major,major,1 3 5,intermediate_core,triad_position,triad_4-3-2_second_inversion_5-1-3,x-x-10-10-10-x,"[null, null, 10, 10, 10, null]",4-3-2,second_inversion,second_inversion,60,10,0,None None C F A None,None None 5 1 3 None,"{""sus2"": ""F_sus2_triad_related_suspended_from_F_major_triad_position_triad_4-3-2_second_inversion_5-1-3_x-x-10-10-10-x_sus2_x-x-10-10-8-x"", ""sus4"": ""F_sus4_triad_related_suspended_from_F_major_triad_position_triad_4-3-2_second_inversion_5-1-3_x-x-10-10-10-x_sus4_x-x-10-10-11-x""}"
F_major_triad_position_triad_3-2-1_root_position_1-3-5_x-x-x-10-10-8,F,major,major,1 3 5,intermediate_core,triad_position,triad_3-2-1_root_position_1-3-5,x-x-x-10-10-8,"[null, null, null, 10, 10, 8]",3-2-1,root_position,root_position,60,10,2,None None None F A C,None None None 1 3 5,"{""sus2"": ""F_sus2_triad_related_suspended_from_F_major_triad_position_triad_3-2-1_root_position_1-3-5_x-x-x-10-10-8_sus2_x-x-x-10-8-8"", ""sus4"": ""F_sus4_triad_related_suspended_from_F_major_triad_position_triad_3-2-1_root_position_1-3-5_x-x-x-10-10-8_sus4_x-x-x-10-11-8""}"
F_major_triad_position_triad_5-4-3_first_inversion_3-5-1_x-12-10-10-x-x,F,major,major,1 3 5,intermediate_core,triad_position,triad_5-4-3_first_inversion_3-5-1,x-12-10-10-x-x,"[null, 12, 10, 10, null, null]",5-4-3,first_inversion_or_suspended_bass,first_inversion,60,12,2,None A C F None None,None 3 5 1 None None,"{""sus2"": ""F_sus2_triad_related_suspended_from_F_major_triad_position_triad_5-4-3_first_inversion_3-5-1_x-12-10-10-x-x_sus2_x-10-10-10-x-x"", ""sus4"": ""F_sus4_triad_related_suspended_from_F_major_triad_position_triad_5-4-3_first_inversion_3-5-1_x-12-10-10-x-x_sus4_x-13-10-10-x-x""}"
F_major_triad_position_triad_6-5-4_root_position_1-3-5_13-12-10-x-x-x,F,major,major,1 3 5,intermediate_core,triad_position,triad_6-5-4_root_position_1-3-5,13-12-10-x-x-x,"[13, 12, 10, null, null, null]",6-5-4,root_position,root_position,60,13,3,F A C None None None,1 3 5 None None None,"{""sus2"": ""F_sus2_triad_related_suspended_from_F_major_triad_position_triad_6-5-4_root_position_1-3-5_13-12-10-x-x-x_sus2_13-10-10-x-x-x"", ""sus4"": ""F_sus4_triad_related_suspended_from_F_major_triad_position_triad_6-5-4_root_position_1-3-5_13-12-10-x-x-x_sus4_13-13-10-x-x-x""}"
F_major_triad_position_triad_3-2-1_first_inversion_3-5-1_x-x-x-14-13-13,F,major,major,1 3 5,intermediate_core,triad_position,triad_3-2-1_first_inversion_3-5-1,x-x-x-14-13-13,"[null, null, null, 14, 13, 13]",3-2-1,first_inversion_or_suspended_bass,first_inversion,60,14,1,None None None A C F,None None None 3 5 1,"{""sus2"": ""F_sus2_triad_related_suspended_from_F_major_triad_position_triad_3-2-1_first_inversion_3-5-1_x-x-x-14-13-13_sus2_x-x-x-12-13-13"", ""sus4"": ""F_sus4_triad_related_suspended_from_F_major_triad_position_triad_3-2-1_first_inversion_3-5-1_x-x-x-14-13-13_sus4_x-x-x-15-13-13""}"
F_major_triad_position_triad_5-4-3_second_inversion_5-1-3_x-15-15-14-x-x,F,major,major,1 3 5,intermediate_core,triad_position,triad_5-4-3_second_inversion_5-1-3,x-15-15-14-x-x,"[null, 15, 15, 14, null, null]",5-4-3,second_inversion,second_inversion,60,15,1,None C F A None None,None 5 1 3 None None,"{""sus2"": ""F_sus2_triad_related_suspended_from_F_major_triad_position_triad_5-4-3_second_inversion_5-1-3_x-15-15-14-x-x_sus2_x-15-15-12-x-x"", ""sus4"": ""F_sus4_triad_related_suspended_from_F_major_triad_position_triad_5-4-3_second_inversion_5-1-3_x-15-15-14-x-x_sus4_x-15-15-15-x-x""}"
F_major_triad_position_triad_4-3-2_root_position_1-3-5_x-x-15-14-13-x,F,major,major,1 3 5,intermediate_core,triad_position,triad_4-3-2_root_position_1-3-5,x-x-15-14-13-x,"[null, null, 15, 14, 13, null]",4-3-2,root_position,root_position,60,15,2,None None F A C None,None None 1 3 5 None,"{""sus2"": ""F_sus2_triad_related_suspended_from_F_major_triad_position_triad_4-3-2_root_position_1-3-5_x-x-15-14-13-x_sus2_x-x-15-12-13-x"", ""sus4"": ""F_sus4_triad_related_suspended_from_F_major_triad_position_triad_4-3-2_root_position_1-3-5_x-x-15-14-13-x_sus4_x-x-15-15-13-x""}"
F_major_triad_position_triad_6-5-4_first_inversion_3-5-1_17-15-15-x-x-x,F,major,major,1 3 5,intermediate_core,triad_position,triad_6-5-4_first_inversion_3-5-1,17-15-15-x-x-x,"[17, 15, 15, null, null, null]",6-5-4,first_inversion_or_suspended_bass,first_inversion,60,17,2,A C F None None None,3 5 1 None None None,"{""sus2"": ""F_sus2_triad_related_suspended_from_F_major_triad_position_triad_6-5-4_first_inversion_3-5-1_17-15-15-x-x-x_sus2_15-15-15-x-x-x"", ""sus4"": ""F_sus4_triad_related_suspended_from_F_major_triad_position_triad_6-5-4_first_inversion_3-5-1_17-15-15-x-x-x_sus4_18-15-15-x-x-x""}"
F_major_triad_position_triad_3-2-1_second_inversion_5-1-3_x-x-x-17-18-17,F,major,major,1 3 5,intermediate_core,triad_position,triad_3-2-1_second_inversion_5-1-3,x-x-x-17-18-17,"[null, null, null, 17, 18, 17]",3-2-1,second_inversion,second_inversion,60,18,1,None None None C F A,None None None 5 1 3,"{""sus2"": ""F_sus2_triad_related_suspended_from_F_major_triad_position_triad_3-2-1_second_inversion_5-1-3_x-x-x-17-18-17_sus2_x-x-x-17-18-15"", ""sus4"": ""F_sus4_triad_related_suspended_from_F_major_triad_position_triad_3-2-1_second_inversion_5-1-3_x-x-x-17-18-17_sus4_x-x-x-17-18-18""}"
F_minor_caged_minor_C_shape_minor_x-8-6-5-6-8,F,minor,minor,1 b3 5,beginner_core,caged_minor,C_shape_minor,x-8-6-5-6-8,"[null, 8, 6, 5, 6, 8]",,root_position,,10,8,3,None F G# C F C,None 1 b3 5 1 5,{}
F_minor_caged_minor_A_shape_minor_x-8-10-10-9-8,F,minor,minor,1 b3 5,beginner_core,caged_minor,A_shape_minor,x-8-10-10-9-8,"[null, 8, 10, 10, 9, 8]",,root_position,,11,10,2,None F C F G# C,None 1 5 1 b3 5,{}
F_minor_caged_minor_G_shape_minor_13-11-10-10-13-13,F,minor,minor,1 b3 5,beginner_core,caged_minor,G_shape_minor,13-11-10-10-13-13,"[13, 11, 10, 10, 13, 13]",,root_position,,12,13,3,F G# C F C F,1 b3 5 1 5 1,{}
F_minor_caged_minor_E_shape_minor_1-3-3-1-1-1,F,minor,minor,1 b3 5,beginner_core,caged_minor,E_shape_minor,1-3-3-1-1-1,"[1, 3, 3, 1, 1, 1]",,root_position,,13,3,2,F C F G# C F,1 5 1 b3 5 1,{}
F_minor_caged_minor_D_shape_minor_x-x-3-5-6-4,F,minor,minor,1 b3 5,beginner_core,caged_minor,D_shape_minor,x-x-3-5-6-4,"[null, null, 3, 5, 6, 4]",,root_position,,14,6,3,None None F C F G#,None None 1 5 1 b3,{}
F_minor_triad_position_triad_3-2-1_first_inversion_b3-5-1_x-x-x-1-1-1,F,minor,minor,1 b3 5,intermediate_core,triad_position,triad_3-2-1_first_inversion_b3-5-1,x-x-x-1-1-1,"[null, null, null, 1, 1, 1]",3-2-1,first_inversion_or_suspended_bass,first_inversion,60,1,0,None None None G# C F,None None None b3 5 1,{}
F_minor_triad_position_triad_5-4-3_second_inversion_5-1-b3_x-3-3-1-x-x,F,minor,minor,1 b3 5,intermediate_core,triad_position,triad_5-4-3_second_inversion_5-1-b3,x-3-3-1-x-x,"[null, 3, 3, 1, null, null]",5-4-3,second_inversion,second_inversion,60,3,2,None C F G# None None,None 5 1 b3 None None,{}
F_minor_triad_position_triad_4-3-2_root_position_1-b3-5_x-x-3-1-1-x,F,minor,minor,1 b3 5,intermediate_core,triad_position,triad_4-3-2_root_position_1-b3-5,x-x-3-1-1-x,"[null, null, 3, 1, 1, null]",4-3-2,root_position,root_position,60,3,2,None None F G# C None,None None 1 b3 5 None,{}
F_minor_triad_position_triad_6-5-4_first_inversion_b3-5-1_4-3-3-x-x-x,F,minor,minor,1 b3 5,intermediate_core,triad_position,triad_6-5-4_first_inversion_b3-5-1,4-3-3-x-x-x,"[4, 3, 3, null, null, null]",6-5-4,first_inversion_or_suspended_bass,first_inversion,60,4,1,G# C F None None None,b3 5 1 None None None,{}
F_minor_triad_position_triad_4-3-2_first_inversion_b3-5-1_x-x-6-5-6-x,F,minor,minor,1 b3 5,intermediate_core,triad_position,triad_4-3-2_first_inversion_b3-5-1,x-x-6-5-6-x,"[null, null, 6, 5, 6, null]",4-3-2,first_inversion_or_suspended_bass,first_inversion,60,6,1,None None G# C F None,None None b3 5 1 None,{}
F_minor_triad_position_triad_3-2-1_second_inversion_5-1-b3_x-x-x-5-6-4,F,minor,minor,1 b3 5,intermediate_core,triad_position,triad_3-2-1_second_inversion_5-1-b3,x-x-x-5-6-4,"[null, null, null, 5, 6, 4]",3-2-1,second_inversion,second_inversion,60,6,2,None None None C F G#,None None None 5 1 b3,{}
F_minor_triad_position_triad_6-5-4_second_inversion_5-1-b3_8-8-6-x-x-x,F,minor,minor,1 b3 5,intermediate_core,triad_position,triad_6-5-4_second_inversion_5-1-b3,8-8-6-x-x-x,"[8, 8, 6, null, null, null]",6-5-4,second_inversion,second_inversion,60,8,2,C F G# None None None,5 1 b3 None None None,{}
F_minor_triad_position_triad_5-4-3_root_position_1-b3-5_x-8-6-5-x-x,F,minor,minor,1 b3 5,intermediate_core,triad_position,triad_5-4-3_root_position_1-b3-5,x-8-6-5-x-x,"[null, 8, 6, 5, null, null]",5-4-3,root_position,root_position,60,8,3,None F G# C None None,None 1 b3 5 None None,{}
F_minor_triad_position_triad_4-3-2_second_inversion_5-1-b3_x-x-10-10-9-x,F,minor,minor,1 b3 5,intermediate_core,triad_position,triad_4-3-2_second_inversion_5-1-b3,x-x-10-10-9-x,"[null, null, 10, 10, 9, null]",4-3-2,second_inversion,second_inversion,60,10,1,None None C F G# None,None None 5 1 b3 None,{}
F_minor_triad_position_triad_3-2-1_root_position_1-b3-5_x-x-x-10-9-8,F,minor,minor,1 b3 5,intermediate_core,triad_position,triad_3-2-1_root_position_1-b3-5,x-x-x-10-9-8,"[null, null, null, 10, 9, 8]",3-2-1,root_position,root_position,60,10,2,None None None F G# C,None None None 1 b3 5,{}
F_minor_triad_position_triad_5-4-3_first_inversion_b3-5-1_x-11-10-10-x-x,F,minor,minor,1 b3 5,intermediate_core,triad_position,triad_5-4-3_first_inversion_b3-5-1,x-11-10-10-x-x,"[null, 11, 10, 10, null, null]",5-4-3,first_inversion_or_suspended_bass,first_inversion,60,11,1,None G# C F None None,None b3 5 1 None None,{}
F_minor_triad_position_triad_6-5-4_root_position_1-b3-5_13-11-10-x-x-x,F,minor,minor,1 b3 5,intermediate_core,triad_position,triad_6-5-4_root_position_1-b3-5,13-11-10-x-x-x,"[13, 11, 10, null, null, null]",6-5-4,root_position,root_position,60,13,3,F G# C None None None,1 b3 5 None None None,{}
F_minor_triad_position_triad_3-2-1_first_inversion_b3-5-1_x-x-x-13-13-13,F,minor,minor,1 b3 5,intermediate_core,triad_position,triad_3-2-1_first_inversion_b3-5-1,x-x-x-13-13-13,"[null, null, null, 13, 13, 13]",3-2-1,first_inversion_or_suspended_bass,first_inversion,60,13,0,None None None G# C F,None None None b3 5 1,{}
F_minor_triad_position_triad_5-4-3_second_inversion_5-1-b3_x-15-15-13-x-x,F,minor,minor,1 b3 5,intermediate_core,triad_position,triad_5-4-3_second_inversion_5-1-b3,x-15-15-13-x-x,"[null, 15, 15, 13, null, null]",5-4-3,second_inversion,second_inversion,60,15,2,None C F G# None None,None 5 1 b3 None None,{}
F_minor_triad_position_triad_4-3-2_root_position_1-b3-5_x-x-15-13-13-x,F,minor,minor,1 b3 5,intermediate_core,triad_position,triad_4-3-2_root_position_1-b3-5,x-x-15-13-13-x,"[null, null, 15, 13, 13, null]",4-3-2,root_position,root_position,60,15,2,None None F G# C None,None None 1 b3 5 None,{}
F_minor_triad_position_triad_6-5-4_first_inversion_b3-5-1_16-15-15-x-x-x,F,minor,minor,1 b3 5,intermediate_core,triad_position,triad_6-5-4_first_inversion_b3-5-1,16-15-15-x-x-x,"[16, 15, 15, null, null, null]",6-5-4,first_inversion_or_suspended_bass,first_inversion,60,16,1,G# C F None None None,b3 5 1 None None None,{}
F_minor_triad_position_triad_4-3-2_first_inversion_b3-5-1_x-x-18-17-18-x,F,minor,minor,1 b3 5,intermediate_core,triad_position,triad_4-3-2_first_inversion_b3-5-1,x-x-18-17-18-x,"[null, null, 18, 17, 18, null]",4-3-2,first_inversion_or_suspended_bass,first_inversion,60,18,1,None None G# C F None,None None b3 5 1 None,"{""sus2"": ""F_sus2_triad_related_suspended_from_F_minor_triad_position_triad_4-3-2_first_inversion_b3-5-1_x-x-18-17-18-x_sus2_x-x-17-17-18-x""}"
F_minor_triad_position_triad_3-2-1_second_inversion_5-1-b3_x-x-x-17-18-16,F,minor,minor,1 b3 5,intermediate_core,triad_position,triad_3-2-1_second_inversion_5-1-b3,x-x-x-17-18-16,"[null, null, null, 17, 18, 16]",3-2-1,second_inversion,second_inversion,60,18,2,None None None C F G#,None None None 5 1 b3,{}
F_sus2_caged_suspended_E_shape_sus2_1-3-5-5-1-1,F,sus2,sus2,1 2 5,intermediate_core,caged_suspended,E_shape_sus2,1-3-5-5-1-1,"[1, 3, 5, 5, 1, 1]",,root_position,,30,5,4,F C G C C F,1 5 2 5 5 1,{}
F_sus2_caged_suspended_D_shape_sus2_x-x-3-5-6-3,F,sus2,sus2,1 2 5,intermediate_core,caged_suspended,D_shape_sus2,x-x-3-5-6-3,"[null, null, 3, 5, 6, 3]",,root_position,,30,6,3,None None F C F G,None None 1 5 1 2,{}
F_sus2_caged_suspended_C_shape_sus2_x-8-5-5-6-8,F,sus2,sus2,1 2 5,intermediate_core,caged_suspended,C_shape_sus2,x-8-5-5-6-8,"[null, 8, 5, 5, 6, 8]",,root_position,,30,8,3,None F G C F C,None 1 2 5 1 5,{}
F_sus2_caged_suspended_A_shape_sus2_x-8-10-10-8-8,F,sus2,sus2,1 2 5,intermediate_core,caged_suspended,A_shape_sus2,x-8-10-10-8-8,"[null, 8, 10, 10, 8, 8]",,root_position,,30,10,2,None F C F G C,None 1 5 1 2 5,{}
F_sus2_triad_related_suspended_from_F_major_triad_position_triad_3-2-1_first_inversion_3-5-1_x-x-x-2-1-1_sus2_x-x-x-0-1-1,F,sus2,sus2,1 2 5,intermediate_core,triad_related_suspended,from_F_major_triad_position_triad_3-2-1_first_inversion_3-5-1_x-x-x-2-1-1_sus2,x-x-x-0-1-1,"[null, null, null, 0, 1, 1]",3-2-1,first_inversion_or_suspended_bass,,65,1,0,None None None G C F,None None None 2 5 1,{}
F_sus2_triad_related_suspended_from_F_major_triad_position_triad_6-5-4_first_inversion_3-5-1_5-3-3-x-x-x_sus2_3-3-3-x-x-x,F,sus2,sus2,1 2 5,intermediate_core,triad_related_suspended,from_F_major_triad_position_triad_6-5-4_first_inversion_3-5-1_5-3-3-x-x-x_sus2,3-3-3-x-x-x,"[3, 3, 3, null, null, null]",6-5-4,first_inversion_or_suspended_bass,,65,3,0,G C F None None None,2 5 1 None None None,{}
F_sus2_triad_related_suspended_from_F_major_triad_position_triad_5-4-3_second_inversion_5-1-3_x-3-3-2-x-x_sus2_x-3-3-0-x-x,F,sus2,sus2,1 2 5,intermediate_core,triad_related_suspended,from_F_major_triad_position_triad_5-4-3_second_inversion_5-1-3_x-3-3-2-x-x_sus2,x-3-3-0-x-x,"[null, 3, 3, 0, null, null]",5-4-3,second_inversion,,65,3,0,None C F G None None,None 5 1 2 None None,{}
F_sus2_triad_related_suspended_from_F_major_triad_position_triad_4-3-2_root_position_1-3-5_x-x-3-2-1-x_sus2_x-x-3-0-1-x,F,sus2,sus2,1 2 5,intermediate_core,triad_related_suspended,from_F_major_triad_position_triad_4-3-2_root_position_1-3-5_x-x-3-2-1-x_sus2,x-x-3-0-1-x,"[null, null, 3, 0, 1, null]",4-3-2,root_position,,65,3,2,None None F G C None,None None 1 2 5 None,{}
F_sus2_triad_related_suspended_from_F_major_triad_position_triad_4-3-2_first_inversion_3-5-1_x-x-7-5-6-x_sus2_x-x-5-5-6-x,F,sus2,sus2,1 2 5,intermediate_core,triad_related_suspended,from_F_major_triad_position_triad_4-3-2_first_inversion_3-5-1_x-x-7-5-6-x_sus2,x-x-5-5-6-x,"[null, null, 5, 5, 6, null]",4-3-2,first_inversion_or_suspended_bass,,65,6,1,None None G C F None,None None 2 5 1 None,{}
F_sus2_triad_related_suspended_from_F_major_triad_position_triad_3-2-1_second_inversion_5-1-3_x-x-x-5-6-5_sus2_x-x-x-5-6-3,F,sus2,sus2,1 2 5,intermediate_core,triad_related_suspended,from_F_major_triad_position_triad_3-2-1_second_inversion_5-1-3_x-x-x-5-6-5_sus2,x-x-x-5-6-3,"[null, null, null, 5, 6, 3]",3-2-1,second_inversion,,65,6,3,None None None C F G,None None None 5 1 2,{}
F_sus2_triad_related_suspended_from_F_major_triad_position_triad_6-5-4_second_inversion_5-1-3_8-8-7-x-x-x_sus2_8-8-5-x-x-x,F,sus2,sus2,1 2 5,intermediate_core,triad_related_suspended,from_F_major_triad_position_triad_6-5-4_second_inversion_5-1-3_8-8-7-x-x-x_sus2,8-8-5-x-x-x,"[8, 8, 5, null, null, null]",6-5-4,second_inversion,,65,8,3,C F G None None None,5 1 2 None None None,{}
F_sus2_triad_related_suspended_from_F_major_triad_position_triad_5-4-3_root_position_1-3-5_x-8-7-5-x-x_sus2_x-8-5-5-x-x,F,sus2,sus2,1 2 5,intermediate_core,triad_related_suspended,from_F_major_triad_position_triad_5-4-3_root_position_1-3-5_x-8-7-5-x-x_sus2,x-8-5-5-x-x,"[null, 8, 5, 5, null, null]",5-4-3,root_position,,65,8,3,None F G C None None,None 1 2 5 None None,{}
F_sus2_triad_related_suspended_from_F_major_triad_position_triad_5-4-3_first_inversion_3-5-1_x-12-10-10-x-x_sus2_x-10-10-10-x-x,F,sus2,sus2,1 2 5,intermediate_core,triad_related_suspended,from_F_major_triad_position_triad_5-4-3_first_inversion_3-5-1_x-12-10-10-x-x_sus2,x-10-10-10-x-x,"[null, 10, 10, 10, null, null]",5-4-3,first_inversion_or_suspended_bass,,65,10,0,None G C F None None,None 2 5 1 None None,{}
F_sus2_triad_related_suspended_from_F_major_triad_position_triad_4-3-2_second_inversion_5-1-3_x-x-10-10-10-x_sus2_x-x-10-10-8-x,F,sus2,sus2,1 2 5,intermediate_core,triad_related_suspended,from_F_major_triad_position_triad_4-3-2_second_inversion_5-1-3_x-x-10-10-10-x_sus2,x-x-10-10-8-x,"[null, null, 10, 10, 8, null]",4-3-2,second_inversion,,65,10,2,None None C F G None,None None 5 1 2 None,{}
F_sus2_triad_related_suspended_from_F_major_triad_position_triad_3-2-1_root_position_1-3-5_x-x-x-10-10-8_sus2_x-x-x-10-8-8,F,sus2,sus2,1 2 5,intermediate_core,triad_related_suspended,from_F_major_triad_position_triad_3-2-1_root_position_1-3-5_x-x-x-10-10-8_sus2,x-x-x-10-8-8,"[null, null, null, 10, 8, 8]",3-2-1,root_position,,65,10,2,None None None F G C,None None None 1 2 5,{}
F_sus2_triad_related_suspended_from_F_major_triad_position_triad_6-5-4_root_position_1-3-5_13-12-10-x-x-x_sus2_13-10-10-x-x-x,F,sus2,sus2,1 2 5,intermediate_core,triad_related_suspended,from_F_major_triad_position_triad_6-5-4_root_position_1-3-5_13-12-10-x-x-x_sus2,13-10-10-x-x-x,"[13, 10, 10, null, null, null]",6-5-4,root_position,,65,13,3,F G C None None None,1 2 5 None None None,{}
F_sus2_triad_related_suspended_from_F_major_triad_position_triad_3-2-1_first_inversion_3-5-1_x-x-x-14-13-13_sus2_x-x-x-12-13-13,F,sus2,sus2,1 2 5,intermediate_core,triad_related_suspended,from_F_major_triad_position_triad_3-2-1_first_inversion_3-5-1_x-x-x-14-13-13_sus2,x-x-x-12-13-13,"[null, null, null, 12, 13, 13]",3-2-1,first_inversion_or_suspended_bass,,65,13,1,None None None G C F,None None None 2 5 1,{}
F_sus2_triad_related_suspended_from_F_major_triad_position_triad_6-5-4_first_inversion_3-5-1_17-15-15-x-x-x_sus2_15-15-15-x-x-x,F,sus2,sus2,1 2 5,intermediate_core,triad_related_suspended,from_F_major_triad_position_triad_6-5-4_first_inversion_3-5-1_17-15-15-x-x-x_sus2,15-15-15-x-x-x,"[15, 15, 15, null, null, null]",6-5-4,first_inversion_or_suspended_bass,,65,15,0,G C F None None None,2 5 1 None None None,{}
F_sus2_triad_related_suspended_from_F_major_triad_position_triad_5-4-3_second_inversion_5-1-3_x-15-15-14-x-x_sus2_x-15-15-12-x-x,F,sus2,sus2,1 2 5,intermediate_core,triad_related_suspended,from_F_major_triad_position_triad_5-4-3_second_inversion_5-1-3_x-15-15-14-x-x_sus2,x-15-15-12-x-x,"[null, 15, 15, 12, null, null]",5-4-3,second_inversion,,65,15,3,None C F G None None,None 5 1 2 None None,{}
F_sus2_triad_related_suspended_from_F_major_triad_position_triad_4-3-2_root_position_1-3-5_x-x-15-14-13-x_sus2_x-x-15-12-13-x,F,sus2,sus2,1 2 5,intermediate_core,triad_related_suspended,from_F_major_triad_position_triad_4-3-2_root_position_1-3-5_x-x-15-14-13-x_sus2,x-x-15-12-13-x,"[null, null, 15, 12, 13, null]",4-3-2,root_position,,65,15,3,None None F G C None,None None 1 2 5 None,{}
F_sus2_triad_related_suspended_from_F_minor_triad_position_triad_4-3-2_first_inversion_b3-5-1_x-x-18-17-18-x_sus2_x-x-17-17-18-x,F,sus2,sus2,1 2 5,intermediate_core,triad_related_suspended,from_F_minor_triad_position_triad_4-3-2_first_inversion_b3-5-1_x-x-18-17-18-x_sus2,x-x-17-17-18-x,"[null, null, 17, 17, 18, null]",4-3-2,first_inversion_or_suspended_bass,,65,18,1,None None G C F None,None None 2 5 1 None,{}
F_sus2_triad_related_suspended_from_F_major_triad_position_triad_3-2-1_second_inversion_5-1-3_x-x-x-17-18-17_sus2_x-x-x-17-18-15,F,sus2,sus2,1 2 5,intermediate_core,triad_related_suspended,from_F_major_triad_position_triad_3-2-1_second_inversion_5-1-3_x-x-x-17-18-17_sus2,x-x-x-17-18-15,"[null, null, null, 17, 18, 15]",3-2-1,second_inversion,,65,18,3,None None None C F G,None None None 5 1 2,{}
F_sus4_caged_suspended_E_shape_sus4_1-3-3-3-1-1,F,sus4,sus4,1 4 5,intermediate_core,caged_suspended,E_shape_sus4,1-3-3-3-1-1,"[1, 3, 3, 3, 1, 1]",,root_position,,30,3,2,F C F A# C F,1 5 1 4 5 1,{}
F_sus4_caged_suspended_D_shape_sus4_x-x-3-5-6-6,F,sus4,sus4,1 4 5,intermediate_core,caged_suspended,D_shape_sus4,x-x-3-5-6-6,"[null, null, 3, 5, 6, 6]",,root_position,,30,6,3,None None F C F A#,None None 1 5 1 4,{}
F_sus4_caged_suspended_C_shape_sus4_x-8-8-5-6-6,F,sus4,sus4,1 4 5,intermediate_core,caged_suspended,C_shape_sus4,x-8-8-5-6-6,"[null, 8, 8, 5, 6, 6]",,root_position,,30,8,3,None F A# C F A#,None 1 4 5 1 4,{}
F_sus4_caged_suspended_A_shape_sus4_x-8-10-10-11-8,F,sus4,sus4,1 4 5,intermediate_core,caged_suspended,A_shape_sus4,x-8-10-10-11-8,"[null, 8, 10, 10, 11, 8]",,root_position,,30,11,3,None F C F A# C,None 1 5 1 4 5,{}
F_sus4_triad_related_suspended_from_F_major_triad_position_triad_5-4-3_second_inversion_5-1-3_x-3-3-2-x-x_sus4_x-3-3-3-x-x,F,sus4,sus4,1 4 5,intermediate_core,triad_related_suspended,from_F_major_triad_position_triad_5-4-3_second_inversion_5-1-3_x-3-3-2-x-x_sus4,x-3-3-3-x-x,"[null, 3, 3, 3, null, null]",5-4-3,second_inversion,,65,3,0,None C F A# None None,None 5 1 4 None None,{}
F_sus4_triad_related_suspended_from_F_major_triad_position_triad_4-3-2_root_position_1-3-5_x-x-3-2-1-x_sus4_x-x-3-3-1-x,F,sus4,sus4,1 4 5,intermediate_core,triad_related_suspended,from_F_major_triad_position_triad_4-3-2_root_position_1-3-5_x-x-3-2-1-x_sus4,x-x-3-3-1-x,"[null, null, 3, 3, 1, null]",4-3-2,root_position,,65,3,2,None None F A# C None,None None 1 4 5 None,{}
F_sus4_triad_related_suspended_from_F_major_triad_position_triad_3-2-1_first_inversion_3-5-1_x-x-x-2-1-1_sus4_x-x-x-3-1-1,F,sus4,sus4,1 4 5,intermediate_core,triad_related_suspended,from_F_major_triad_position_triad_3-2-1_first_inversion_3-5-1_x-x-x-2-1-1_sus4,x-x-x-3-1-1,"[null, null, null, 3, 1, 1]",3-2-1,first_inversion_or_suspended_bass,,65,3,2,None None None A# C F,None None None 4 5 1,{}
F_sus4_triad_related_suspended_from_F_major_triad_position_triad_5-4-3_first_inversion_3-1-5_x-0-3-5-x-x_sus4_x-1-3-5-x-x,F,sus4,sus4,1 4 5,intermediate_core,triad_related_suspended,from_F_major_triad_position_triad_5-4-3_first_inversion_3-1-5_x-0-3-5-x-x_sus4,x-1-3-5-x-x,"[null, 1, 3, 5, null, null]",5-4-3,first_inversion_or_suspended_bass,,65,5,4,None A# F C None None,None 4 1 5 None None,{}
F_sus4_triad_related_suspended_from_F_major_triad_position_triad_6-5-4_first_inversion_3-5-1_5-3-3-x-x-x_sus4_6-3-3-x-x-x,F,sus4,sus4,1 4 5,intermediate_core,triad_related_suspended,from_F_major_triad_position_triad_6-5-4_first_inversion_3-5-1_5-3-3-x-x-x_sus4,6-3-3-x-x-x,"[6, 3, 3, null, null, null]",6-5-4,first_inversion_or_suspended_bass,,65,6,3,A# C F None None None,4 5 1 None None None,{}
F_sus4_triad_related_suspended_from_F_major_triad_position_triad_3-2-1_second_inversion_5-1-3_x-x-x-5-6-5_sus4_x-x-x-5-6-6,F,sus4,sus4,1 4 5,intermediate_core,triad_related_suspended,from_F_major_triad_position_triad_3-2-1_second_inversion_5-1-3_x-x-x-5-6-5_sus4,x-x-x-5-6-6,"[null, null, null, 5, 6, 6]",3-2-1,second_inversion,,65,6,1,None None None C F A#,None None None 5 1 4,{}
F_sus4_triad_related_suspended_from_F_major_triad_position_triad_6-5-4_second_inversion_5-1-3_8-8-7-x-x-x_sus4_8-8-8-x-x-x,F,sus4,sus4,1 4 5,intermediate_core,triad_related_suspended,from_F_major_triad_position_triad_6-5-4_second_inversion_5-1-3_8-8-7-x-x-x_sus4,8-8-8-x-x-x,"[8, 8, 8, null, null, null]",6-5-4,second_inversion,,65,8,0,C F A# None None None,5 1 4 None None None,{}
F_sus4_triad_related_suspended_from_F_major_triad_position_triad_5-4-3_root_position_1-3-5_x-8-7-5-x-x_sus4_x-8-8-5-x-x,F,sus4,sus4,1 4 5,intermediate_core,triad_related_suspended,from_F_major_triad_position_triad_5-4-3_root_position_1-3-5_x-8-7-5-x-x_sus4,x-8-8-5-x-x,"[null, 8, 8, 5, null, null]",5-4-3,root_position,,65,8,3,None F A# C None None,None 1 4 5 None None,{}
F_sus4_triad_related_suspended_from_F_major_triad_position_triad_4-3-2_first_inversion_3-5-1_x-x-7-5-6-x_sus4_x-x-8-5-6-x,F,sus4,sus4,1 4 5,intermediate_core,triad_related_suspended,from_F_major_triad_position_triad_4-3-2_first_inversion_3-5-1_x-x-7-5-6-x_sus4,x-x-8-5-6-x,"[null, null, 8, 5, 6, null]",4-3-2,first_inversion_or_suspended_bass,,65,8,3,None None A# C F None,None None 4 5 1 None,{}
F_sus4_triad_related_suspended_from_F_major_triad_position_triad_4-3-2_second_inversion_5-1-3_x-x-10-10-10-x_sus4_x-x-10-10-11-x,F,sus4,sus4,1 4 5,intermediate_core,triad_related_suspended,from_F_major_triad_position_triad_4-3-2_second_inversion_5-1-3_x-x-10-10-10-x_sus4,x-x-10-10-11-x,"[null, null, 10, 10, 11, null]",4-3-2,second_inversion,,65,11,1,None None C F A# None,None None 5 1 4 None,{}
F_sus4_triad_related_suspended_from_F_major_triad_position_triad_3-2-1_root_position_1-3-5_x-x-x-10-10-8_sus4_x-x-x-10-11-8,F,sus4,sus4,1 4 5,intermediate_core,triad_related_suspended,from_F_major_triad_position_triad_3-2-1_root_position_1-3-5_x-x-x-10-10-8_sus4,x-x-x-10-11-8,"[null, null, null, 10, 11, 8]",3-2-1,root_position,,65,11,3,None None None F A# C,None None None 1 4 5,{}
F_sus4_triad_related_suspended_from_F_major_triad_position_triad_6-5-4_root_position_1-3-5_13-12-10-x-x-x_sus4_13-13-10-x-x-x,F,sus4,sus4,1 4 5,intermediate_core,triad_related_suspended,from_F_major_triad_position_triad_6-5-4_root_position_1-3-5_13-12-10-x-x-x_sus4,13-13-10-x-x-x,"[13, 13, 10, null, null, null]",6-5-4,root_position,,65,13,3,F A# C None None None,1 4 5 None None None,{}
F_sus4_triad_related_suspended_from_F_major_triad_position_triad_5-4-3_first_inversion_3-5-1_x-12-10-10-x-x_sus4_x-13-10-10-x-x,F,sus4,sus4,1 4 5,intermediate_core,triad_related_suspended,from_F_major_triad_position_triad_5-4-3_first_inversion_3-5-1_x-12-10-10-x-x_sus4,x-13-10-10-x-x,"[null, 13, 10, 10, null, null]",5-4-3,first_inversion_or_suspended_bass,,65,13,3,None A# C F None None,None 4 5 1 None None,{}
F_sus4_triad_related_suspended_from_F_major_triad_position_triad_5-4-3_second_inversion_5-1-3_x-15-15-14-x-x_sus4_x-15-15-15-x-x,F,sus4,sus4,1 4 5,intermediate_core,triad_related_suspended,from_F_major_triad_position_triad_5-4-3_second_inversion_5-1-3_x-15-15-14-x-x_sus4,x-15-15-15-x-x,"[null, 15, 15, 15, null, null]",5-4-3,second_inversion,,65,15,0,None C F A# None None,None 5 1 4 None None,{}
F_sus4_triad_related_suspended_from_F_major_triad_position_triad_4-3-2_root_position_1-3-5_x-x-15-14-13-x_sus4_x-x-15-15-13-x,F,sus4,sus4,1 4 5,intermediate_core,triad_related_suspended,from_F_major_triad_position_triad_4-3-2_root_position_1-3-5_x-x-15-14-13-x_sus4,x-x-15-15-13-x,"[null, null, 15, 15, 13, null]",4-3-2,root_position,,65,15,2,None None F A# C None,None None 1 4 5 None,{}
F_sus4_triad_related_suspended_from_F_major_triad_position_triad_3-2-1_first_inversion_3-5-1_x-x-x-14-13-13_sus4_x-x-x-15-13-13,F,sus4,sus4,1 4 5,intermediate_core,triad_related_suspended,from_F_major_triad_position_triad_3-2-1_first_inversion_3-5-1_x-x-x-14-13-13_sus4,x-x-x-15-13-13,"[null, null, null, 15, 13, 13]",3-2-1,first_inversion_or_suspended_bass,,65,15,2,None None None A# C F,None None None 4 5 1,{}
F_sus4_triad_related_suspended_from_F_major_triad_position_triad_6-5-4_first_inversion_3-5-1_17-15-15-x-x-x_sus4_18-15-15-x-x-x,F,sus4,sus4,1 4 5,intermediate_core,triad_related_suspended,from_F_major_triad_position_triad_6-5-4_first_inversion_3-5-1_17-15-15-x-x-x_sus4,18-15-15-x-x-x,"[18, 15, 15, null, null, null]",6-5-4,first_inversion_or_suspended_bass,,65,18,3,A# C F None None None,4 5 1 None None None,{}
F_sus4_triad_related_suspended_from_F_major_triad_position_triad_3-2-1_second_inversion_5-1-3_x-x-x-17-18-17_sus4_x-x-x-17-18-18,F,sus4,sus4,1 4 5,intermediate_core,triad_related_suspended,from_F_major_triad_position_triad_3-2-1_second_inversion_5-1-3_x-x-x-17-18-17_sus4,x-x-x-17-18-18,"[null, null, null, 17, 18, 18]",3-2-1,second_inversion,,65,18,1,None None None C F A#,None None None 5 1 4,{}
F#_diminished_triad_position_triad_3-2-1_first_inversion_b3-b5-1_x-x-x-2-1-2,F#,diminished,dim,1 b3 b5,advanced_reference,triad_position,triad_3-2-1_first_inversion_b3-b5-1,x-x-x-2-1-2,"[null, null, null, 2, 1, 2]",3-2-1,first_inversion_or_suspended_bass,first_inversion,60,2,1,None None None A C F#,None None None b3 b5 1,{}
F#_diminished_triad_position_triad_5-4-3_second_inversion_b5-1-b3_x-3-4-2-x-x,F#,diminished,dim,1 b3 b5,advanced_reference,triad_position,triad_5-4-3_second_inversion_b5-1-b3,x-3-4-2-x-x,"[null, 3, 4, 2, null, null]",5-4-3,second_inversion,second_inversion,60,4,2,None C F# A None None,None b5 1 b3 None None,{}
F#_diminished_triad_position_triad_4-3-2_root_position_1-b3-b5_x-x-4-2-1-x,F#,diminished,dim,1 b3 b5,advanced_reference,triad_position,triad_4-3-2_root_position_1-b3-b5,x-x-4-2-1-x,"[null, null, 4, 2, 1, null]",4-3-2,root_position,root_position,60,4,3,None None F# A C None,None None 1 b3 b5 None,{}
F#_diminished_triad_position_triad_6-5-4_first_inversion_b3-b5-1_5-3-4-x-x-x,F#,diminished,dim,1 b3 b5,advanced_reference,triad_position,triad_6-5-4_first_inversion_b3-b5-1,5-3-4-x-x-x,"[5, 3, 4, null, null, null]",6-5-4,first_inversion_or_suspended_bass,first_inversion,60,5,2,A C F# None None None,b3 b5 1 None None None,{}
F#_diminished_triad_position_triad_5-4-3_first_inversion_b3-1-b5_x-0-4-5-x-x,F#,diminished,dim,1 b3 b5,advanced_reference,triad_position,triad_5-4-3_first_inversion_b3-1-b5,x-0-4-5-x-x,"[null, 0, 4, 5, null, null]",5-4-3,first_inversion_or_suspended_bass,first_inversion,60,5,1,None A F# C None None,None b3 1 b5 None None,{}
F#_diminished_triad_position_triad_4-3-2_first_inversion_b3-b5-1_x-x-7-5-7-x,F#,diminished,dim,1 b3 b5,advanced_reference,triad_position,triad_4-3-2_first_inversion_b3-b5-1,x-x-7-5-7-x,"[null, null, 7, 5, 7, null]",4-3-2,first_inversion_or_suspended_bass,first_inversion,60,7,2,None None A C F# None,None None b3 b5 1 None,{}
F#_diminished_triad_position_triad_3-2-1_second_inversion_b5-1-b3_x-x-x-5-7-5,F#,diminished,dim,1 b3 b5,advanced_reference,triad_position,triad_3-2-1_second_inversion_b5-1-b3,x-x-x-5-7-5,"[null, null, null, 5, 7, 5]",3-2-1,second_inversion,second_inversion,60,7,2,None None None C F# A,None None None b5 1 b3,{}
F#_diminished_triad_position_triad_6-5-4_second_inversion_b5-1-b3_8-9-7-x-x-x,F#,diminished,dim,1 b3 b5,advanced_reference,triad_position,triad_6-5-4_second_inversion_b5-1-b3,8-9-7-x-x-x,"[8, 9, 7, null, null, null]",6-5-4,second_inversion,second_inversion,60,9,2,C F# A None None None,b5 1 b3 None None None,{}
F#_diminished_triad_position_triad_5-4-3_root_position_1-b3-b5_x-9-7-5-x-x,F#,diminished,dim,1 b3 b5,advanced_reference,triad_position,triad_5-4-3_root_position_1-b3-b5,x-9-7-5-x-x,"[null, 9, 7, 5, null, null]",5-4-3,root_position,root_position,60,9,4,None F# A C None None,None 1 b3 b5 None None,{}
F#_diminished_triad_position_triad_4-3-2_second_inversion_b5-1-b3_x-x-10-11-10-x,F#,diminished,dim,1 b3 b5,advanced_reference,triad_position,triad_4-3-2_second_inversion_b5-1-b3,x-x-10-11-10-x,"[null, null, 10, 11, 10, null]",4-3-2,second_inversion,second_inversion,60,11,1,None None C F# A None,None None b5 1 b3 None,{}
F#_diminished_triad_position_triad_3-2-1_root_position_1-b3-b5_x-x-x-11-10-8,F#,diminished,dim,1 b3 b5,advanced_reference,triad_position,triad_3-2-1_root_position_1-b3-b5,x-x-x-11-10-8,"[null, null, null, 11, 10, 8]",3-2-1,root_position,root_position,60,11,3,None None None F# A C,None None None 1 b3 b5,{}
F#_diminished_triad_position_triad_5-4-3_first_inversion_b3-b5-1_x-12-10-11-x-x,F#,diminished,dim,1 b3 b5,advanced_reference,triad_position,triad_5-4-3_first_inversion_b3-b5-1,x-12-10-11-x-x,"[null, 12, 10, 11, null, null]",5-4-3,first_inversion_or_suspended_bass,first_inversion,60,12,2,None A C F# None None,None b3 b5 1 None None,{}
F#_diminished_triad_position_triad_6-5-4_root_position_1-b3-b5_14-12-10-x-x-x,F#,diminished,dim,1 b3 b5,advanced_reference,triad_position,triad_6-5-4_root_position_1-b3-b5,14-12-10-x-x-x,"[14, 12, 10, null, null, null]",6-5-4,root_position,root_position,60,14,4,F# A C None None None,1 b3 b5 None None None,{}
F#_diminished_triad_position_triad_3-2-1_first_inversion_b3-b5-1_x-x-x-14-13-14,F#,diminished,dim,1 b3 b5,advanced_reference,triad_position,triad_3-2-1_first_inversion_b3-b5-1,x-x-x-14-13-14,"[null, null, null, 14, 13, 14]",3-2-1,first_inversion_or_suspended_bass,first_inversion,60,14,1,None None None A C F#,None None None b3 b5 1,{}
F#_diminished_triad_position_triad_5-4-3_second_inversion_b5-1-b3_x-15-16-14-x-x,F#,diminished,dim,1 b3 b5,advanced_reference,triad_position,triad_5-4-3_second_inversion_b5-1-b3,x-15-16-14-x-x,"[null, 15, 16, 14, null, null]",5-4-3,second_inversion,second_inversion,60,16,2,None C F# A None None,None b5 1 b3 None None,{}
F#_diminished_triad_position_triad_4-3-2_root_position_1-b3-b5_x-x-16-14-13-x,F#,diminished,dim,1 b3 b5,advanced_reference,triad_position,triad_4-3-2_root_position_1-b3-b5,x-x-16-14-13-x,"[null, null, 16, 14, 13, null]",4-3-2,root_position,root_position,60,16,3,None None F# A C None,None None 1 b3 b5 None,{}
F#_diminished_triad_position_triad_6-5-4_first_inversion_b3-b5-1_17-15-16-x-x-x,F#,diminished,dim,1 b3 b5,advanced_reference,triad_position,triad_6-5-4_first_inversion_b3-b5-1,17-15-16-x-x-x,"[17, 15, 16, null, null, null]",6-5-4,first_inversion_or_suspended_bass,first_inversion,60,17,2,A C F# None None None,b3 b5 1 None None None,{}
F#_diminished7_movable_diminished_A_root_dim7_diamond_x-9-10-8-10-x,F#,diminished7,dim7,1 b3 b5 bb7,intermediate_core,movable_diminished,A_root_dim7_diamond,x-9-10-8-10-x,"[null, 9, 10, 8, 10, null]",,root_position,,45,10,2,None F# C D# A None,None 1 b5 6/bb7 b3 None,{}
F#_diminished7_movable_diminished_E_root_dim7_barre_14-x-13-14-13-x,F#,diminished7,dim7,1 b3 b5 bb7,intermediate_core,movable_diminished,E_root_dim7_barre,14-x-13-14-13-x,"[14, null, 13, 14, 13, null]",,root_position,,45,14,1,F# None D# A C None,1 None 6/bb7 b3 b5 None,{}
F#_diminished7_compact_seventh_position_seventh_4-3-2-1_bb7-b3-b5-1_x-x-1-2-1-2,F#,diminished7,dim7,1 b3 b5 bb7,advanced_reference,compact_seventh_position,seventh_4-3-2-1_bb7-b3-b5-1,x-x-1-2-1-2,"[null, null, 1, 2, 1, 2]",4-3-2-1,seventh_in_bass,,80,2,1,None None D# A C F#,None None 6/bb7 b3 b5 1,{}
F#_diminished7_compact_seventh_position_seventh_6-5-4-3_1-b5-bb7-b3_2-3-1-2-x-x,F#,diminished7,dim7,1 b3 b5 bb7,advanced_reference,compact_seventh_position,seventh_6-5-4-3_1-b5-bb7-b3,2-3-1-2-x-x,"[2, 3, 1, 2, null, null]",6-5-4-3,root_position,,80,3,2,F# C D# A None None,1 b5 6/bb7 b3 None None,{}
F#_diminished7_compact_seventh_position_seventh_5-4-3-2_b5-1-b3-bb7_x-3-4-2-4-x,F#,diminished7,dim7,1 b3 b5 bb7,advanced_reference,compact_seventh_position,seventh_5-4-3-2_b5-1-b3-bb7,x-3-4-2-4-x,"[null, 3, 4, 2, 4, null]",5-4-3-2,second_inversion,,80,4,2,None C F# A D# None,None b5 1 b3 6/bb7 None,{}
F#_diminished7_compact_seventh_position_seventh_6-5-4-3_1-b3-bb7-b5_2-0-1-5-x-x,F#,diminished7,dim7,1 b3 b5 bb7,advanced_reference,compact_seventh_position,seventh_6-5-4-3_1-b3-bb7-b5,2-0-1-5-x-x,"[2, 0, 1, 5, null, null]",6-5-4-3,root_position,,80,5,4,F# A D# C None None,1 b3 6/bb7 b5 None None,{}
F#_diminished7_compact_seventh_position_seventh_5-4-3-2_b3-1-b5-bb7_x-0-4-5-4-x,F#,diminished7,dim7,1 b3 b5 bb7,advanced_reference,compact_seventh_position,seventh_5-4-3-2_b3-1-b5-bb7,x-0-4-5-4-x,"[null, 0, 4, 5, 4, null]",5-4-3-2,first_inversion_or_suspended_bass,,80,5,1,None A F# C D# None,None b3 1 b5 6/bb7 None,{}
F#_diminished7_compact_seventh_position_seventh_4-3-2-1_1-b5-bb7-b3_x-x-4-5-4-5,F#,diminished7,dim7,1 b3 b5 bb7,advanced_reference,compact_seventh_position,seventh_4-3-2-1_1-b5-bb7-b3,x-x-4-5-4-5,"[null, null, 4, 5, 4, 5]",4-3-2-1,root_position,,80,5,1,None None F# C D# A,None None 1 b5 6/bb7 b3,{}
F#_diminished7_compact_seventh_position_seventh_6-5-4-3_b3-bb7-1-b5_5-6-4-5-x-x,F#,diminished7,dim7,1 b3 b5 bb7,advanced_reference,compact_seventh_position,seventh_6-5-4-3_b3-bb7-1-b5,5-6-4-5-x-x,"[5, 6, 4, 5, null, null]",6-5-4-3,first_inversion_or_suspended_bass,,80,6,2,A D# F# C None None,b3 6/bb7 1 b5 None None,{}
F#_diminished7_compact_seventh_position_seventh_5-4-3-2_bb7-b3-b5-1_x-6-7-5-7-x,F#,diminished7,dim7,1 b3 b5 bb7,advanced_reference,compact_seventh_position,seventh_5-4-3-2_bb7-b3-b5-1,x-6-7-5-7-x,"[null, 6, 7, 5, 7, null]",5-4-3-2,seventh_in_bass,,80,7,2,None D# A C F# None,None 6/bb7 b3 b5 1 None,{}
F#_diminished7_compact_seventh_position_seventh_4-3-2-1_b3-bb7-1-b5_x-x-7-8-7-8,F#,diminished7,dim7,1 b3 b5 bb7,advanced_reference,compact_seventh_position,seventh_4-3-2-1_b3-bb7-1-b5,x-x-7-8-7-8,"[null, null, 7, 8, 7, 8]",4-3-2-1,first_inversion_or_suspended_bass,,80,8,1,None None A D# F# C,None None b3 6/bb7 1 b5,{}
F#_diminished7_compact_seventh_position_seventh_6-5-4-3_b5-1-b3-bb7_8-9-7-8-x-x,F#,diminished7,dim7,1 b3 b5 bb7,advanced_reference,compact_seventh_position,seventh_6-5-4-3_b5-1-b3-bb7,8-9-7-8-x-x,"[8, 9, 7, 8, null, null]",6-5-4-3,second_inversion,,80,9,2,C F# A D# None None,b5 1 b3 6/bb7 None None,{}
F#_diminished7_compact_seventh_position_seventh_4-3-2-1_b5-1-b3-bb7_x-x-10-11-10-11,F#,diminished7,dim7,1 b3 b5 bb7,advanced_reference,compact_seventh_position,seventh_4-3-2-1_b5-1-b3-bb7,x-x-10-11-10-11,"[null, null, 10, 11, 10, 11]",4-3-2-1,second_inversion,,80,11,1,None None C F# A D#,None None b5 1 b3 6/bb7,{}
F#_diminished7_compact_seventh_position_seventh_6-5-4-3_bb7-b3-b5-1_11-12-10-11-x-x,F#,diminished7,dim7,1 b3 b5 bb7,advanced_reference,compact_seventh_position,seventh_6-5-4-3_bb7-b3-b5-1,11-12-10-11-x-x,"[11, 12, 10, 11, null, null]",6-5-4-3,seventh_in_bass,,80,12,2,D# A C F# None None,6/bb7 b3 b5 1 None None,{}
F#_diminished7_compact_seventh_position_seventh_5-4-3-2_b3-bb7-1-b5_x-12-13-11-13-x,F#,diminished7,dim7,1 b3 b5 bb7,advanced_reference,compact_seventh_position,seventh_5-4-3-2_b3-bb7-1-b5,x-12-13-11-13-x,"[null, 12, 13, 11, 13, null]",5-4-3-2,first_inversion_or_suspended_bass,,80,13,2,None A D# F# C None,None b3 6/bb7 1 b5 None,{}
F#_diminished7_compact_seventh_position_seventh_4-3-2-1_bb7-b3-b5-1_x-x-13-14-13-14,F#,diminished7,dim7,1 b3 b5 bb7,advanced_reference,compact_seventh_position,seventh_4-3-2-1_bb7-b3-b5-1,x-x-13-14-13-14,"[null, null, 13, 14, 13, 14]",4-3-2-1,seventh_in_bass,,80,14,1,None None D# A C F#,None None 6/bb7 b3 b5 1,{}
F#_diminished7_compact_seventh_position_seventh_6-5-4-3_1-b5-bb7-b3_14-15-13-14-x-x,F#,diminished7,dim7,1 b3 b5 bb7,advanced_reference,compact_seventh_position,seventh_6-5-4-3_1-b5-bb7-b3,14-15-13-14-x-x,"[14, 15, 13, 14, null, null]",6-5-4-3,root_position,,80,15,2,F# C D# A None None,1 b5 6/bb7 b3 None None,{}
F#_diminished7_compact_seventh_position_seventh_5-4-3-2_b5-1-b3-bb7_x-15-16-14-16-x,F#,diminished7,dim7,1 b3 b5 bb7,advanced_reference,compact_seventh_position,seventh_5-4-3-2_b5-1-b3-bb7,x-15-16-14-16-x,"[null, 15, 16, 14, 16, null]",5-4-3-2,second_inversion,,80,16,2,None C F# A D# None,None b5 1 b3 6/bb7 None,{}
F#_diminished7_compact_seventh_position_seventh_4-3-2-1_1-b5-bb7-b3_x-x-16-17-16-17,F#,diminished7,dim7,1 b3 b5 bb7,advanced_reference,compact_seventh_position,seventh_4-3-2-1_1-b5-bb7-b3,x-x-16-17-16-17,"[null, null, 16, 17, 16, 17]",4-3-2-1,root_position,,80,17,1,None None F# C D# A,None None 1 b5 6/bb7 b3,{}
F#_diminished7_compact_seventh_position_seventh_6-5-4-3_b3-bb7-1-b5_17-18-16-17-x-x,F#,diminished7,dim7,1 b3 b5 bb7,advanced_reference,compact_seventh_position,seventh_6-5-4-3_b3-bb7-1-b5,17-18-16-17-x-x,"[17, 18, 16, 17, null, null]",6-5-4-3,first_inversion_or_suspended_bass,,80,18,2,A D# F# C None None,b3 6/bb7 1 b5 None None,{}
F#_dominant7_caged_seventh_E_shape_7_2-4-2-3-2-2,F#,dominant7,7,1 3 5 b7,intermediate_core,caged_seventh,E_shape_7,2-4-2-3-2-2,"[2, 4, 2, 3, 2, 2]",,root_position,,35,4,2,F# C# E A# C# F#,1 5 b7 3 5 1,{}
F#_dominant7_caged_seventh_D_shape_7_x-x-4-6-5-6,F#,dominant7,7,1 3 5 b7,intermediate_core,caged_seventh,D_shape_7,x-x-4-6-5-6,"[null, null, 4, 6, 5, 6]",,root_position,,35,6,2,None None F# C# E A#,None None 1 5 b7 3,{}
F#_dominant7_caged_seventh_A_shape_7_x-9-11-9-11-9,F#,dominant7,7,1 3 5 b7,intermediate_core,caged_seventh,A_shape_7,x-9-11-9-11-9,"[null, 9, 11, 9, 11, 9]",,root_position,,35,11,2,None F# C# E A# C#,None 1 5 b7 3 5,{}
F#_dominant7_caged_seventh_G_shape_7_14-13-11-11-11-12,F#,dominant7,7,1 3 5 b7,intermediate_core,caged_seventh,G_shape_7,14-13-11-11-11-12,"[14, 13, 11, 11, 11, 12]",,root_position,,35,14,3,F# A# C# F# A# E,1 3 5 1 3 b7,{}
F#_dominant7_compact_seventh_position_seventh_4-3-2-1_b7-3-5-1_x-x-2-3-2-2,F#,dominant7,7,1 3 5 b7,advanced_reference,compact_seventh_position,seventh_4-3-2-1_b7-3-5-1,x-x-2-3-2-2,"[null, null, 2, 3, 2, 2]",4-3-2-1,seventh_in_bass,,80,3,1,None None E A# C# F#,None None b7 3 5 1,{}
F#_dominant7_compact_seventh_position_seventh_6-5-4-3_b7-5-1-3_0-4-4-3-x-x,F#,dominant7,7,1 3 5 b7,advanced_reference,compact_seventh_position,seventh_6-5-4-3_b7-5-1-3,0-4-4-3-x-x,"[0, 4, 4, 3, null, null]",6-5-4-3,seventh_in_bass,,80,4,1,E C# F# A# None None,b7 5 1 3 None None,{}
F#_dominant7_compact_seventh_position_seventh_6-5-4-3_1-5-b7-3_2-4-2-3-x-x,F#,dominant7,7,1 3 5 b7,advanced_reference,compact_seventh_position,seventh_6-5-4-3_1-5-b7-3,2-4-2-3-x-x,"[2, 4, 2, 3, null, null]",6-5-4-3,root_position,,80,4,2,F# C# E A# None None,1 5 b7 3 None None,{}
F#_dominant7_compact_seventh_position_seventh_4-3-2-1_1-3-5-b7_x-x-4-3-2-0,F#,dominant7,7,1 3 5 b7,advanced_reference,compact_seventh_position,seventh_4-3-2-1_1-3-5-b7,x-x-4-3-2-0,"[null, null, 4, 3, 2, 0]",4-3-2-1,root_position,,80,4,2,None None F# A# C# E,None None 1 3 5 b7,{}
F#_dominant7_compact_seventh_position_seventh_5-4-3-2_5-1-3-b7_x-4-4-3-5-x,F#,dominant7,7,1 3 5 b7,advanced_reference,compact_seventh_position,seventh_5-4-3-2_5-1-3-b7,x-4-4-3-5-x,"[null, 4, 4, 3, 5, null]",5-4-3-2,second_inversion,,80,5,2,None C# F# A# E None,None 5 1 3 b7 None,{}
F#_dominant7_compact_seventh_position_seventh_6-5-4-3_3-b7-1-5_6-7-4-6-x-x,F#,dominant7,7,1 3 5 b7,advanced_reference,compact_seventh_position,seventh_6-5-4-3_3-b7-1-5,6-7-4-6-x-x,"[6, 7, 4, 6, null, null]",6-5-4-3,first_inversion_or_suspended_bass,,80,7,3,A# E F# C# None None,3 b7 1 5 None None,{}
F#_dominant7_compact_seventh_position_seventh_5-4-3-2_b7-3-5-1_x-7-8-6-7-x,F#,dominant7,7,1 3 5 b7,advanced_reference,compact_seventh_position,seventh_5-4-3-2_b7-3-5-1,x-7-8-6-7-x,"[null, 7, 8, 6, 7, null]",5-4-3-2,seventh_in_bass,,80,8,2,None E A# C# F# None,None b7 3 5 1 None,{}
F#_dominant7_compact_seventh_position_seventh_6-5-4-3_5-1-3-b7_9-9-8-9-x-x,F#,dominant7,7,1 3 5 b7,advanced_reference,compact_seventh_position,seventh_6-5-4-3_5-1-3-b7,9-9-8-9-x-x,"[9, 9, 8, 9, null, null]",6-5-4-3,second_inversion,,80,9,1,C# F# A# E None None,5 1 3 b7 None None,{}
F#_dominant7_compact_seventh_position_seventh_5-4-3-2_1-3-5-b7_x-9-8-6-5-x,F#,dominant7,7,1 3 5 b7,advanced_reference,compact_seventh_position,seventh_5-4-3-2_1-3-5-b7,x-9-8-6-5-x,"[null, 9, 8, 6, 5, null]",5-4-3-2,root_position,,80,9,4,None F# A# C# E None,None 1 3 5 b7 None,{}
F#_dominant7_compact_seventh_position_seventh_4-3-2-1_3-b7-1-5_x-x-8-9-7-9,F#,dominant7,7,1 3 5 b7,advanced_reference,compact_seventh_position,seventh_4-3-2-1_3-b7-1-5,x-x-8-9-7-9,"[null, null, 8, 9, 7, 9]",4-3-2-1,first_inversion_or_suspended_bass,,80,9,2,None None A# E F# C#,None None 3 b7 1 5,{}
F#_dominant7_compact_seventh_position_seventh_6-5-4-3_5-b7-3-1_9-7-8-11-x-x,F#,dominant7,7,1 3 5 b7,advanced_reference,compact_seventh_position,seventh_6-5-4-3_5-b7-3-1,9-7-8-11-x-x,"[9, 7, 8, 11, null, null]",6-5-4-3,second_inversion,,80,11,4,C# E A# F# None None,5 b7 3 1 None None,{}
F#_dominant7_compact_seventh_position_seventh_5-4-3-2_b7-5-1-3_x-7-11-11-11-x,F#,dominant7,7,1 3 5 b7,advanced_reference,compact_seventh_position,seventh_5-4-3-2_b7-5-1-3,x-7-11-11-11-x,"[null, 7, 11, 11, 11, null]",5-4-3-2,seventh_in_bass,,80,11,4,None E C# F# A# None,None b7 5 1 3 None,{}
F#_dominant7_compact_seventh_position_seventh_5-4-3-2_1-5-b7-3_x-9-11-9-11-x,F#,dominant7,7,1 3 5 b7,advanced_reference,compact_seventh_position,seventh_5-4-3-2_1-5-b7-3,x-9-11-9-11-x,"[null, 9, 11, 9, 11, null]",5-4-3-2,root_position,,80,11,2,None F# C# E A# None,None 1 5 b7 3 None,{}
F#_dominant7_compact_seventh_position_seventh_4-3-2-1_5-1-3-b7_x-x-11-11-11-12,F#,dominant7,7,1 3 5 b7,advanced_reference,compact_seventh_position,seventh_4-3-2-1_5-1-3-b7,x-x-11-11-11-12,"[null, null, 11, 11, 11, 12]",4-3-2-1,second_inversion,,80,12,1,None None C# F# A# E,None None 5 1 3 b7,{}
F#_dominant7_compact_seventh_position_seventh_6-5-4-3_b7-3-5-1_12-13-11-11-x-x,F#,dominant7,7,1 3 5 b7,advanced_reference,compact_seventh_position,seventh_6-5-4-3_b7-3-5-1,12-13-11-11-x-x,"[12, 13, 11, 11, null, null]",6-5-4-3,seventh_in_bass,,80,13,2,E A# C# F# None None,b7 3 5 1 None None,{}
F#_dominant7_compact_seventh_position_seventh_5-4-3-2_3-b7-1-5_x-13-14-11-14-x,F#,dominant7,7,1 3 5 b7,advanced_reference,compact_seventh_position,seventh_5-4-3-2_3-b7-1-5,x-13-14-11-14-x,"[null, 13, 14, 11, 14, null]",5-4-3-2,first_inversion_or_suspended_bass,,80,14,3,None A# E F# C# None,None 3 b7 1 5 None,{}
F#_dominant7_compact_seventh_position_seventh_4-3-2-1_b7-3-5-1_x-x-14-15-14-14,F#,dominant7,7,1 3 5 b7,advanced_reference,compact_seventh_position,seventh_4-3-2-1_b7-3-5-1,x-x-14-15-14-14,"[null, null, 14, 15, 14, 14]",4-3-2-1,seventh_in_bass,,80,15,1,None None E A# C# F#,None None b7 3 5 1,{}
F#_dominant7_compact_seventh_position_seventh_6-5-4-3_b7-5-1-3_12-16-16-15-x-x,F#,dominant7,7,1 3 5 b7,advanced_reference,compact_seventh_position,seventh_6-5-4-3_b7-5-1-3,12-16-16-15-x-x,"[12, 16, 16, 15, null, null]",6-5-4-3,seventh_in_bass,,80,16,4,E C# F# A# None None,b7 5 1 3 None None,{}
F#_dominant7_compact_seventh_position_seventh_6-5-4-3_1-5-b7-3_14-16-14-15-x-x,F#,dominant7,7,1 3 5 b7,advanced_reference,compact_seventh_position,seventh_6-5-4-3_1-5-b7-3,14-16-14-15-x-x,"[14, 16, 14, 15, null, null]",6-5-4-3,root_position,,80,16,2,F# C# E A# None None,1 5 b7 3 None None,{}
F#_dominant7_compact_seventh_position_seventh_4-3-2-1_1-3-5-b7_x-x-16-15-14-12,F#,dominant7,7,1 3 5 b7,advanced_reference,compact_seventh_position,seventh_4-3-2-1_1-3-5-b7,x-x-16-15-14-12,"[null, null, 16, 15, 14, 12]",4-3-2-1,root_position,,80,16,4,None None F# A# C# E,None None 1 3 5 b7,{}
F#_dominant7_compact_seventh_position_seventh_5-4-3-2_5-1-3-b7_x-16-16-15-17-x,F#,dominant7,7,1 3 5 b7,advanced_reference,compact_seventh_position,seventh_5-4-3-2_5-1-3-b7,x-16-16-15-17-x,"[null, 16, 16, 15, 17, null]",5-4-3-2,second_inversion,,80,17,2,None C# F# A# E None,None 5 1 3 b7 None,{}
F#_dominant7_compact_seventh_position_seventh_4-3-2-1_1-5-b7-3_x-x-16-18-17-18,F#,dominant7,7,1 3 5 b7,advanced_reference,compact_seventh_position,seventh_4-3-2-1_1-5-b7-3,x-x-16-18-17-18,"[null, null, 16, 18, 17, 18]",4-3-2-1,root_position,,80,18,2,None None F# C# E A#,None None 1 5 b7 3,{}
F#_half_diminished7_movable_diminished_A_root_m7b5_x-9-10-9-10-x,F#,half_diminished7,m7b5,1 b3 b5 b7,intermediate_core,movable_diminished,A_root_m7b5,x-9-10-9-10-x,"[null, 9, 10, 9, 10, null]",,root_position,,45,10,1,None F# C E A None,None 1 b5 b7 b3 None,{}
F#_half_diminished7_movable_diminished_E_root_m7b5_14-x-14-14-13-x,F#,half_diminished7,m7b5,1 b3 b5 b7,intermediate_core,movable_diminished,E_root_m7b5,14-x-14-14-13-x,"[14, null, 14, 14, 13, null]",,root_position,,45,14,1,F# None E A C None,1 None b7 b3 b5 None,{}
F#_half_diminished7_compact_seventh_position_seventh_4-3-2-1_b7-b3-b5-1_x-x-2-2-1-2,F#,half_diminished7,m7b5,1 b3 b5 b7,advanced_reference,compact_seventh_position,seventh_4-3-2-1_b7-b3-b5-1,x-x-2-2-1-2,"[null, null, 2, 2, 1, 2]",4-3-2-1,seventh_in_bass,,80,2,1,None None E A C F#,None None b7 b3 b5 1,{}
F#_half_diminished7_compact_seventh_position_seventh_6-5-4-3_1-b5-b7-b3_2-3-2-2-x-x,F#,half_diminished7,m7b5,1 b3 b5 b7,advanced_reference,compact_seventh_position,seventh_6-5-4-3_1-b5-b7-b3,2-3-2-2-x-x,"[2, 3, 2, 2, null, null]",6-5-4-3,root_position,,80,3,1,F# C E A None None,1 b5 b7 b3 None None,{}
F#_half_diminished7_compact_seventh_position_seventh_6-5-4-3_b7-b5-1-b3_0-3-4-2-x-x,F#,half_diminished7,m7b5,1 b3 b5 b7,advanced_reference,compact_seventh_position,seventh_6-5-4-3_b7-b5-1-b3,0-3-4-2-x-x,"[0, 3, 4, 2, null, null]",6-5-4-3,seventh_in_bass,,80,4,2,E C F# A None None,b7 b5 1 b3 None None,{}
F#_half_diminished7_compact_seventh_position_seventh_4-3-2-1_1-b3-b5-b7_x-x-4-2-1-0,F#,half_diminished7,m7b5,1 b3 b5 b7,advanced_reference,compact_seventh_position,seventh_4-3-2-1_1-b3-b5-b7,x-x-4-2-1-0,"[null, null, 4, 2, 1, 0]",4-3-2-1,root_position,,80,4,3,None None F# A C E,None None 1 b3 b5 b7,{}
F#_half_diminished7_compact_seventh_position_seventh_6-5-4-3_b7-b3-1-b5_0-0-4-5-x-x,F#,half_diminished7,m7b5,1 b3 b5 b7,advanced_reference,compact_seventh_position,seventh_6-5-4-3_b7-b3-1-b5,0-0-4-5-x-x,"[0, 0, 4, 5, null, null]",6-5-4-3,seventh_in_bass,,80,5,1,E A F# C None None,b7 b3 1 b5 None None,{}
F#_half_diminished7_compact_seventh_position_seventh_6-5-4-3_1-b3-b7-b5_2-0-2-5-x-x,F#,half_diminished7,m7b5,1 b3 b5 b7,advanced_reference,compact_seventh_position,seventh_6-5-4-3_1-b3-b7-b5,2-0-2-5-x-x,"[2, 0, 2, 5, null, null]",6-5-4-3,root_position,,80,5,3,F# A E C None None,1 b3 b7 b5 None None,{}
F#_half_diminished7_compact_seventh_position_seventh_5-4-3-2_b3-1-b5-b7_x-0-4-5-5-x,F#,half_diminished7,m7b5,1 b3 b5 b7,advanced_reference,compact_seventh_position,seventh_5-4-3-2_b3-1-b5-b7,x-0-4-5-5-x,"[null, 0, 4, 5, 5, null]",5-4-3-2,first_inversion_or_suspended_bass,,80,5,1,None A F# C E None,None b3 1 b5 b7 None,{}
F#_half_diminished7_compact_seventh_position_seventh_5-4-3-2_b5-1-b3-b7_x-3-4-2-5-x,F#,half_diminished7,m7b5,1 b3 b5 b7,advanced_reference,compact_seventh_position,seventh_5-4-3-2_b5-1-b3-b7,x-3-4-2-5-x,"[null, 3, 4, 2, 5, null]",5-4-3-2,second_inversion,,80,5,3,None C F# A E None,None b5 1 b3 b7 None,{}
F#_half_diminished7_compact_seventh_position_seventh_4-3-2-1_1-b5-b7-b3_x-x-4-5-5-5,F#,half_diminished7,m7b5,1 b3 b5 b7,advanced_reference,compact_seventh_position,seventh_4-3-2-1_1-b5-b7-b3,x-x-4-5-5-5,"[null, null, 4, 5, 5, 5]",4-3-2-1,root_position,,80,5,1,None None F# C E A,None None 1 b5 b7 b3,{}
F#_half_diminished7_compact_seventh_position_seventh_6-5-4-3_b3-b7-1-b5_5-7-4-5-x-x,F#,half_diminished7,m7b5,1 b3 b5 b7,advanced_reference,compact_seventh_position,seventh_6-5-4-3_b3-b7-1-b5,5-7-4-5-x-x,"[5, 7, 4, 5, null, null]",6-5-4-3,first_inversion_or_suspended_bass,,80,7,3,A E F# C None None,b3 b7 1 b5 None None,{}
F#_half_diminished7_compact_seventh_position_seventh_5-4-3-2_b7-b3-b5-1_x-7-7-5-7-x,F#,half_diminished7,m7b5,1 b3 b5 b7,advanced_reference,compact_seventh_position,seventh_5-4-3-2_b7-b3-b5-1,x-7-7-5-7-x,"[null, 7, 7, 5, 7, null]",5-4-3-2,seventh_in_bass,,80,7,2,None E A C F# None,None b7 b3 b5 1 None,{}
F#_half_diminished7_compact_seventh_position_seventh_6-5-4-3_b5-1-b3-b7_8-9-7-9-x-x,F#,half_diminished7,m7b5,1 b3 b5 b7,advanced_reference,compact_seventh_position,seventh_6-5-4-3_b5-1-b3-b7,8-9-7-9-x-x,"[8, 9, 7, 9, null, null]",6-5-4-3,second_inversion,,80,9,2,C F# A E None None,b5 1 b3 b7 None None,{}
F#_half_diminished7_compact_seventh_position_seventh_5-4-3-2_1-b3-b5-b7_x-9-7-5-5-x,F#,half_diminished7,m7b5,1 b3 b5 b7,advanced_reference,compact_seventh_position,seventh_5-4-3-2_1-b3-b5-b7,x-9-7-5-5-x,"[null, 9, 7, 5, 5, null]",5-4-3-2,root_position,,80,9,4,None F# A C E None,None 1 b3 b5 b7 None,{}
F#_half_diminished7_compact_seventh_position_seventh_4-3-2-1_b3-b7-1-b5_x-x-7-9-7-8,F#,half_diminished7,m7b5,1 b3 b5 b7,advanced_reference,compact_seventh_position,seventh_4-3-2-1_b3-b7-1-b5,x-x-7-9-7-8,"[null, null, 7, 9, 7, 8]",4-3-2-1,first_inversion_or_suspended_bass,,80,9,2,None None A E F# C,None None b3 b7 1 b5,{}
F#_half_diminished7_compact_seventh_position_seventh_6-5-4-3_b5-b7-b3-1_8-7-7-11-x-x,F#,half_diminished7,m7b5,1 b3 b5 b7,advanced_reference,compact_seventh_position,seventh_6-5-4-3_b5-b7-b3-1,8-7-7-11-x-x,"[8, 7, 7, 11, null, null]",6-5-4-3,second_inversion,,80,11,4,C E A F# None None,b5 b7 b3 1 None None,{}
F#_half_diminished7_compact_seventh_position_seventh_5-4-3-2_b7-b5-1-b3_x-7-10-11-10-x,F#,half_diminished7,m7b5,1 b3 b5 b7,advanced_reference,compact_seventh_position,seventh_5-4-3-2_b7-b5-1-b3,x-7-10-11-10-x,"[null, 7, 10, 11, 10, null]",5-4-3-2,seventh_in_bass,,80,11,4,None E C F# A None,None b7 b5 1 b3 None,{}
F#_half_diminished7_compact_seventh_position_seventh_6-5-4-3_b7-b3-b5-1_12-12-10-11-x-x,F#,half_diminished7,m7b5,1 b3 b5 b7,advanced_reference,compact_seventh_position,seventh_6-5-4-3_b7-b3-b5-1,12-12-10-11-x-x,"[12, 12, 10, 11, null, null]",6-5-4-3,seventh_in_bass,,80,12,2,E A C F# None None,b7 b3 b5 1 None None,{}
F#_half_diminished7_compact_seventh_position_seventh_4-3-2-1_b5-1-b3-b7_x-x-10-11-10-12,F#,half_diminished7,m7b5,1 b3 b5 b7,advanced_reference,compact_seventh_position,seventh_4-3-2-1_b5-1-b3-b7,x-x-10-11-10-12,"[null, null, 10, 11, 10, 12]",4-3-2-1,second_inversion,,80,12,2,None None C F# A E,None None b5 1 b3 b7,{}
F#_half_diminished7_compact_seventh_position_seventh_5-4-3-2_b3-b7-1-b5_x-12-14-11-13-x,F#,half_diminished7,m7b5,1 b3 b5 b7,advanced_reference,compact_seventh_position,seventh_5-4-3-2_b3-b7-1-b5,x-12-14-11-13-x,"[null, 12, 14, 11, 13, null]",5-4-3-2,first_inversion_or_suspended_bass,,80,14,3,None A E F# C None,None b3 b7 1 b5 None,{}
F#_half_diminished7_compact_seventh_position_seventh_4-3-2-1_b7-b3-b5-1_x-x-14-14-13-14,F#,half_diminished7,m7b5,1 b3 b5 b7,advanced_reference,compact_seventh_position,seventh_4-3-2-1_b7-b3-b5-1,x-x-14-14-13-14,"[null, null, 14, 14, 13, 14]",4-3-2-1,seventh_in_bass,,80,14,1,None None E A C F#,None None b7 b3 b5 1,{}
F#_half_diminished7_compact_seventh_position_seventh_6-5-4-3_1-b5-b7-b3_14-15-14-14-x-x,F#,half_diminished7,m7b5,1 b3 b5 b7,advanced_reference,compact_seventh_position,seventh_6-5-4-3_1-b5-b7-b3,14-15-14-14-x-x,"[14, 15, 14, 14, null, null]",6-5-4-3,root_position,,80,15,1,F# C E A None None,1 b5 b7 b3 None None,{}
F#_half_diminished7_compact_seventh_position_seventh_6-5-4-3_b7-b5-1-b3_12-15-16-14-x-x,F#,half_diminished7,m7b5,1 b3 b5 b7,advanced_reference,compact_seventh_position,seventh_6-5-4-3_b7-b5-1-b3,12-15-16-14-x-x,"[12, 15, 16, 14, null, null]",6-5-4-3,seventh_in_bass,,80,16,4,E C F# A None None,b7 b5 1 b3 None None,{}
F#_half_diminished7_compact_seventh_position_seventh_4-3-2-1_1-b3-b5-b7_x-x-16-14-13-12,F#,half_diminished7,m7b5,1 b3 b5 b7,advanced_reference,compact_seventh_position,seventh_4-3-2-1_1-b3-b5-b7,x-x-16-14-13-12,"[null, null, 16, 14, 13, 12]",4-3-2-1,root_position,,80,16,4,None None F# A C E,None None 1 b3 b5 b7,{}
F#_half_diminished7_compact_seventh_position_seventh_5-4-3-2_b5-1-b3-b7_x-15-16-14-17-x,F#,half_diminished7,m7b5,1 b3 b5 b7,advanced_reference,compact_seventh_position,seventh_5-4-3-2_b5-1-b3-b7,x-15-16-14-17-x,"[null, 15, 16, 14, 17, null]",5-4-3-2,second_inversion,,80,17,3,None C F# A E None,None b5 1 b3 b7 None,{}
F#_half_diminished7_compact_seventh_position_seventh_4-3-2-1_1-b5-b7-b3_x-x-16-17-17-17,F#,half_diminished7,m7b5,1 b3 b5 b7,advanced_reference,compact_seventh_position,seventh_4-3-2-1_1-b5-b7-b3,x-x-16-17-17-17,"[null, null, 16, 17, 17, 17]",4-3-2-1,root_position,,80,17,1,None None F# C E A,None None 1 b5 b7 b3,{}
F#_m7_caged_seventh_E_shape_m7_2-4-2-2-2-2,F#,m7,m7,1 b3 5 b7,intermediate_core,caged_seventh,E_shape_m7,2-4-2-2-2-2,"[2, 4, 2, 2, 2, 2]",,root_position,,35,4,2,F# C# E A C# F#,1 5 b7 b3 5 1,{}
F#_m7_caged_seventh_D_shape_m7_x-x-4-6-5-5,F#,m7,m7,1 b3 5 b7,intermediate_core,caged_seventh,D_shape_m7,x-x-4-6-5-5,"[null, null, 4, 6, 5, 5]",,root_position,,35,6,2,None None F# C# E A,None None 1 5 b7 b3,{}
F#_m7_caged_seventh_A_shape_m7_x-9-11-9-10-9,F#,m7,m7,1 b3 5 b7,intermediate_core,caged_seventh,A_shape_m7,x-9-11-9-10-9,"[null, 9, 11, 9, 10, 9]",,root_position,,35,11,2,None F# C# E A C#,None 1 5 b7 b3 5,{}
F#_m7_compact_seventh_position_seventh_4-3-2-1_b7-b3-5-1_x-x-2-2-2-2,F#,m7,m7,1 b3 5 b7,advanced_reference,compact_seventh_position,seventh_4-3-2-1_b7-b3-5-1,x-x-2-2-2-2,"[null, null, 2, 2, 2, 2]",4-3-2-1,seventh_in_bass,,80,2,0,None None E A C# F#,None None b7 b3 5 1,{}
F#_m7_compact_seventh_position_seventh_6-5-4-3_b7-5-1-b3_0-4-4-2-x-x,F#,m7,m7,1 b3 5 b7,advanced_reference,compact_seventh_position,seventh_6-5-4-3_b7-5-1-b3,0-4-4-2-x-x,"[0, 4, 4, 2, null, null]",6-5-4-3,seventh_in_bass,,80,4,2,E C# F# A None None,b7 5 1 b3 None None,{}
F#_m7_compact_seventh_position_seventh_6-5-4-3_1-5-b7-b3_2-4-2-2-x-x,F#,m7,m7,1 b3 5 b7,advanced_reference,compact_seventh_position,seventh_6-5-4-3_1-5-b7-b3,2-4-2-2-x-x,"[2, 4, 2, 2, null, null]",6-5-4-3,root_position,,80,4,2,F# C# E A None None,1 5 b7 b3 None None,{}
F#_m7_compact_seventh_position_seventh_4-3-2-1_1-b3-5-b7_x-x-4-2-2-0,F#,m7,m7,1 b3 5 b7,advanced_reference,compact_seventh_position,seventh_4-3-2-1_1-b3-5-b7,x-x-4-2-2-0,"[null, null, 4, 2, 2, 0]",4-3-2-1,root_position,,80,4,2,None None F# A C# E,None None 1 b3 5 b7,{}
F#_m7_compact_seventh_position_seventh_5-4-3-2_5-1-b3-b7_x-4-4-2-5-x,F#,m7,m7,1 b3 5 b7,advanced_reference,compact_seventh_position,seventh_5-4-3-2_5-1-b3-b7,x-4-4-2-5-x,"[null, 4, 4, 2, 5, null]",5-4-3-2,second_inversion,,80,5,3,None C# F# A E None,None 5 1 b3 b7 None,{}
F#_m7_compact_seventh_position_seventh_6-5-4-3_b3-b7-1-5_5-7-4-6-x-x,F#,m7,m7,1 b3 5 b7,advanced_reference,compact_seventh_position,seventh_6-5-4-3_b3-b7-1-5,5-7-4-6-x-x,"[5, 7, 4, 6, null, null]",6-5-4-3,first_inversion_or_suspended_bass,,80,7,3,A E F# C# None None,b3 b7 1 5 None None,{}
F#_m7_compact_seventh_position_seventh_5-4-3-2_b7-b3-5-1_x-7-7-6-7-x,F#,m7,m7,1 b3 5 b7,advanced_reference,compact_seventh_position,seventh_5-4-3-2_b7-b3-5-1,x-7-7-6-7-x,"[null, 7, 7, 6, 7, null]",5-4-3-2,seventh_in_bass,,80,7,1,None E A C# F# None,None b7 b3 5 1 None,{}
F#_m7_compact_seventh_position_seventh_6-5-4-3_5-1-b3-b7_9-9-7-9-x-x,F#,m7,m7,1 b3 5 b7,advanced_reference,compact_seventh_position,seventh_6-5-4-3_5-1-b3-b7,9-9-7-9-x-x,"[9, 9, 7, 9, null, null]",6-5-4-3,second_inversion,,80,9,2,C# F# A E None None,5 1 b3 b7 None None,{}
F#_m7_compact_seventh_position_seventh_5-4-3-2_1-b3-5-b7_x-9-7-6-5-x,F#,m7,m7,1 b3 5 b7,advanced_reference,compact_seventh_position,seventh_5-4-3-2_1-b3-5-b7,x-9-7-6-5-x,"[null, 9, 7, 6, 5, null]",5-4-3-2,root_position,,80,9,4,None F# A C# E None,None 1 b3 5 b7 None,{}
F#_m7_compact_seventh_position_seventh_4-3-2-1_b3-b7-1-5_x-x-7-9-7-9,F#,m7,m7,1 b3 5 b7,advanced_reference,compact_seventh_position,seventh_4-3-2-1_b3-b7-1-5,x-x-7-9-7-9,"[null, null, 7, 9, 7, 9]",4-3-2-1,first_inversion_or_suspended_bass,,80,9,2,None None A E F# C#,None None b3 b7 1 5,{}
F#_m7_compact_seventh_position_seventh_6-5-4-3_5-b7-b3-1_9-7-7-11-x-x,F#,m7,m7,1 b3 5 b7,advanced_reference,compact_seventh_position,seventh_6-5-4-3_5-b7-b3-1,9-7-7-11-x-x,"[9, 7, 7, 11, null, null]",6-5-4-3,second_inversion,,80,11,4,C# E A F# None None,5 b7 b3 1 None None,{}
F#_m7_compact_seventh_position_seventh_5-4-3-2_b7-5-1-b3_x-7-11-11-10-x,F#,m7,m7,1 b3 5 b7,advanced_reference,compact_seventh_position,seventh_5-4-3-2_b7-5-1-b3,x-7-11-11-10-x,"[null, 7, 11, 11, 10, null]",5-4-3-2,seventh_in_bass,,80,11,4,None E C# F# A None,None b7 5 1 b3 None,{}
F#_m7_compact_seventh_position_seventh_5-4-3-2_1-5-b7-b3_x-9-11-9-10-x,F#,m7,m7,1 b3 5 b7,advanced_reference,compact_seventh_position,seventh_5-4-3-2_1-5-b7-b3,x-9-11-9-10-x,"[null, 9, 11, 9, 10, null]",5-4-3-2,root_position,,80,11,2,None F# C# E A None,None 1 5 b7 b3 None,{}
F#_m7_compact_seventh_position_seventh_6-5-4-3_b7-b3-5-1_12-12-11-11-x-x,F#,m7,m7,1 b3 5 b7,advanced_reference,compact_seventh_position,seventh_6-5-4-3_b7-b3-5-1,12-12-11-11-x-x,"[12, 12, 11, 11, null, null]",6-5-4-3,seventh_in_bass,,80,12,1,E A C# F# None None,b7 b3 5 1 None None,{}
F#_m7_compact_seventh_position_seventh_4-3-2-1_5-1-b3-b7_x-x-11-11-10-12,F#,m7,m7,1 b3 5 b7,advanced_reference,compact_seventh_position,seventh_4-3-2-1_5-1-b3-b7,x-x-11-11-10-12,"[null, null, 11, 11, 10, 12]",4-3-2-1,second_inversion,,80,12,2,None None C# F# A E,None None 5 1 b3 b7,{}
F#_m7_compact_seventh_position_seventh_5-4-3-2_b3-b7-1-5_x-12-14-11-14-x,F#,m7,m7,1 b3 5 b7,advanced_reference,compact_seventh_position,seventh_5-4-3-2_b3-b7-1-5,x-12-14-11-14-x,"[null, 12, 14, 11, 14, null]",5-4-3-2,first_inversion_or_suspended_bass,,80,14,3,None A E F# C# None,None b3 b7 1 5 None,{}
F#_m7_compact_seventh_position_seventh_4-3-2-1_b7-b3-5-1_x-x-14-14-14-14,F#,m7,m7,1 b3 5 b7,advanced_reference,compact_seventh_position,seventh_4-3-2-1_b7-b3-5-1,x-x-14-14-14-14,"[null, null, 14, 14, 14, 14]",4-3-2-1,seventh_in_bass,,80,14,0,None None E A C# F#,None None b7 b3 5 1,{}
F#_m7_compact_seventh_position_seventh_6-5-4-3_b7-5-1-b3_12-16-16-14-x-x,F#,m7,m7,1 b3 5 b7,advanced_reference,compact_seventh_position,seventh_6-5-4-3_b7-5-1-b3,12-16-16-14-x-x,"[12, 16, 16, 14, null, null]",6-5-4-3,seventh_in_bass,,80,16,4,E C# F# A None None,b7 5 1 b3 None None,{}
F#_m7_compact_seventh_position_seventh_6-5-4-3_1-5-b7-b3_14-16-14-14-x-x,F#,m7,m7,1 b3 5 b7,advanced_reference,compact_seventh_position,seventh_6-5-4-3_1-5-b7-b3,14-16-14-14-x-x,"[14, 16, 14, 14, null, null]",6-5-4-3,root_position,,80,16,2,F# C# E A None None,1 5 b7 b3 None None,{}
F#_m7_compact_seventh_position_seventh_4-3-2-1_1-b3-5-b7_x-x-16-14-14-12,F#,m7,m7,1 b3 5 b7,advanced_reference,compact_seventh_position,seventh_4-3-2-1_1-b3-5-b7,x-x-16-14-14-12,"[null, null, 16, 14, 14, 12]",4-3-2-1,root_position,,80,16,4,None None F# A C# E,None None 1 b3 5 b7,{}
F#_m7_compact_seventh_position_seventh_5-4-3-2_5-1-b3-b7_x-16-16-14-17-x,F#,m7,m7,1 b3 5 b7,advanced_reference,compact_seventh_position,seventh_5-4-3-2_5-1-b3-b7,x-16-16-14-17-x,"[null, 16, 16, 14, 17, null]",5-4-3-2,second_inversion,,80,17,3,None C# F# A E None,None 5 1 b3 b7 None,{}
F#_m7_compact_seventh_position_seventh_4-3-2-1_1-5-b7-b3_x-x-16-18-17-17,F#,m7,m7,1 b3 5 b7,advanced_reference,compact_seventh_position,seventh_4-3-2-1_1-5-b7-b3,x-x-16-18-17-17,"[null, null, 16, 18, 17, 17]",4-3-2-1,root_position,,80,18,2,None None F# C# E A,None None 1 5 b7 b3,{}
F#_maj7_caged_seventh_E_shape_maj7_2-4-3-3-2-2,F#,maj7,maj7,1 3 5 7,intermediate_core,caged_seventh,E_shape_maj7,2-4-3-3-2-2,"[2, 4, 3, 3, 2, 2]",,root_position,,35,4,2,F# C# F A# C# F#,1 5 7 3 5 1,{}
F#_maj7_caged_seventh_A_shape_maj7_x-9-11-10-11-9,F#,maj7,maj7,1 3 5 7,intermediate_core,caged_seventh,A_shape_maj7,x-9-11-10-11-9,"[null, 9, 11, 10, 11, 9]",,root_position,,35,11,2,None F# C# F A# C#,None 1 5 7 3 5,{}
F#_maj7_caged_seventh_G_shape_maj7_14-x-15-15-14-x,F#,maj7,maj7,1 3 5 7,intermediate_core,caged_seventh,G_shape_maj7,14-x-15-15-14-x,"[14, null, 15, 15, 14, null]",,root_position,,35,15,1,F# None F A# C# None,1 None 7 3 5 None,{}
F#_maj7_compact_seventh_position_seventh_4-3-2-1_7-3-5-1_x-x-3-3-2-2,F#,maj7,maj7,1 3 5 7,advanced_reference,compact_seventh_position,seventh_4-3-2-1_7-3-5-1,x-x-3-3-2-2,"[null, null, 3, 3, 2, 2]",4-3-2-1,seventh_in_bass,,80,3,1,None None F A# C# F#,None None 7 3 5 1,{}
F#_maj7_compact_seventh_position_seventh_6-5-4-3_7-5-1-3_1-4-4-3-x-x,F#,maj7,maj7,1 3 5 7,advanced_reference,compact_seventh_position,seventh_6-5-4-3_7-5-1-3,1-4-4-3-x-x,"[1, 4, 4, 3, null, null]",6-5-4-3,seventh_in_bass,,80,4,3,F C# F# A# None None,7 5 1 3 None None,{}
F#_maj7_compact_seventh_position_seventh_6-5-4-3_1-5-7-3_2-4-3-3-x-x,F#,maj7,maj7,1 3 5 7,advanced_reference,compact_seventh_position,seventh_6-5-4-3_1-5-7-3,2-4-3-3-x-x,"[2, 4, 3, 3, null, null]",6-5-4-3,root_position,,80,4,2,F# C# F A# None None,1 5 7 3 None None,{}
F#_maj7_compact_seventh_position_seventh_4-3-2-1_1-3-5-7_x-x-4-3-2-1,F#,maj7,maj7,1 3 5 7,advanced_reference,compact_seventh_position,seventh_4-3-2-1_1-3-5-7,x-x-4-3-2-1,"[null, null, 4, 3, 2, 1]",4-3-2-1,root_position,,80,4,3,None None F# A# C# F,None None 1 3 5 7,{}
F#_maj7_compact_seventh_position_seventh_5-4-3-2_5-1-3-7_x-4-4-3-6-x,F#,maj7,maj7,1 3 5 7,advanced_reference,compact_seventh_position,seventh_5-4-3-2_5-1-3-7,x-4-4-3-6-x,"[null, 4, 4, 3, 6, null]",5-4-3-2,second_inversion,,80,6,3,None C# F# A# F None,None 5 1 3 7 None,{}
F#_maj7_compact_seventh_position_seventh_4-3-2-1_1-5-7-3_x-x-4-6-6-6,F#,maj7,maj7,1 3 5 7,advanced_reference,compact_seventh_position,seventh_4-3-2-1_1-5-7-3,x-x-4-6-6-6,"[null, null, 4, 6, 6, 6]",4-3-2-1,root_position,,80,6,2,None None F# C# F A#,None None 1 5 7 3,{}
F#_maj7_compact_seventh_position_seventh_5-4-3-2_5-7-3-1_x-4-3-3-7-x,F#,maj7,maj7,1 3 5 7,advanced_reference,compact_seventh_position,seventh_5-4-3-2_5-7-3-1,x-4-3-3-7-x,"[null, 4, 3, 3, 7, null]",5-4-3-2,second_inversion,,80,7,4,None C# F A# F# None,None 5 7 3 1 None,{}
F#_maj7_compact_seventh_position_seventh_4-3-2-1_7-5-1-3_x-x-3-6-7-6,F#,maj7,maj7,1 3 5 7,advanced_reference,compact_seventh_position,seventh_4-3-2-1_7-5-1-3,x-x-3-6-7-6,"[null, null, 3, 6, 7, 6]",4-3-2-1,seventh_in_bass,,80,7,4,None None F C# F# A#,None None 7 5 1 3,{}
F#_maj7_compact_seventh_position_seventh_6-5-4-3_3-7-1-5_6-8-4-6-x-x,F#,maj7,maj7,1 3 5 7,advanced_reference,compact_seventh_position,seventh_6-5-4-3_3-7-1-5,6-8-4-6-x-x,"[6, 8, 4, 6, null, null]",6-5-4-3,first_inversion_or_suspended_bass,,80,8,4,A# F F# C# None None,3 7 1 5 None None,{}
F#_maj7_compact_seventh_position_seventh_5-4-3-2_7-3-5-1_x-8-8-6-7-x,F#,maj7,maj7,1 3 5 7,advanced_reference,compact_seventh_position,seventh_5-4-3-2_7-3-5-1,x-8-8-6-7-x,"[null, 8, 8, 6, 7, null]",5-4-3-2,seventh_in_bass,,80,8,2,None F A# C# F# None,None 7 3 5 1 None,{}
F#_maj7_compact_seventh_position_seventh_5-4-3-2_1-3-5-7_x-9-8-6-6-x,F#,maj7,maj7,1 3 5 7,advanced_reference,compact_seventh_position,seventh_5-4-3-2_1-3-5-7,x-9-8-6-6-x,"[null, 9, 8, 6, 6, null]",5-4-3-2,root_position,,80,9,3,None F# A# C# F None,None 1 3 5 7 None,{}
F#_maj7_compact_seventh_position_seventh_6-5-4-3_5-1-3-7_9-9-8-10-x-x,F#,maj7,maj7,1 3 5 7,advanced_reference,compact_seventh_position,seventh_6-5-4-3_5-1-3-7,9-9-8-10-x-x,"[9, 9, 8, 10, null, null]",6-5-4-3,second_inversion,,80,10,2,C# F# A# F None None,5 1 3 7 None None,{}
F#_maj7_compact_seventh_position_seventh_4-3-2-1_3-7-1-5_x-x-8-10-7-9,F#,maj7,maj7,1 3 5 7,advanced_reference,compact_seventh_position,seventh_4-3-2-1_3-7-1-5,x-x-8-10-7-9,"[null, null, 8, 10, 7, 9]",4-3-2-1,first_inversion_or_suspended_bass,,80,10,3,None None A# F F# C#,None None 3 7 1 5,{}
F#_maj7_compact_seventh_position_seventh_6-5-4-3_5-7-3-1_9-8-8-11-x-x,F#,maj7,maj7,1 3 5 7,advanced_reference,compact_seventh_position,seventh_6-5-4-3_5-7-3-1,9-8-8-11-x-x,"[9, 8, 8, 11, null, null]",6-5-4-3,second_inversion,,80,11,3,C# F A# F# None None,5 7 3 1 None None,{}
F#_maj7_compact_seventh_position_seventh_5-4-3-2_7-5-1-3_x-8-11-11-11-x,F#,maj7,maj7,1 3 5 7,advanced_reference,compact_seventh_position,seventh_5-4-3-2_7-5-1-3,x-8-11-11-11-x,"[null, 8, 11, 11, 11, null]",5-4-3-2,seventh_in_bass,,80,11,3,None F C# F# A# None,None 7 5 1 3 None,{}
F#_maj7_compact_seventh_position_seventh_5-4-3-2_1-5-7-3_x-9-11-10-11-x,F#,maj7,maj7,1 3 5 7,advanced_reference,compact_seventh_position,seventh_5-4-3-2_1-5-7-3,x-9-11-10-11-x,"[null, 9, 11, 10, 11, null]",5-4-3-2,root_position,,80,11,2,None F# C# F A# None,None 1 5 7 3 None,{}
F#_maj7_compact_seventh_position_seventh_6-5-4-3_7-3-5-1_13-13-11-11-x-x,F#,maj7,maj7,1 3 5 7,advanced_reference,compact_seventh_position,seventh_6-5-4-3_7-3-5-1,13-13-11-11-x-x,"[13, 13, 11, 11, null, null]",6-5-4-3,seventh_in_bass,,80,13,2,F A# C# F# None None,7 3 5 1 None None,{}
F#_maj7_compact_seventh_position_seventh_4-3-2-1_5-1-3-7_x-x-11-11-11-13,F#,maj7,maj7,1 3 5 7,advanced_reference,compact_seventh_position,seventh_4-3-2-1_5-1-3-7,x-x-11-11-11-13,"[null, null, 11, 11, 11, 13]",4-3-2-1,second_inversion,,80,13,2,None None C# F# A# F,None None 5 1 3 7,{}
F#_maj7_compact_seventh_position_seventh_6-5-4-3_1-3-5-7_14-13-11-10-x-x,F#,maj7,maj7,1 3 5 7,advanced_reference,compact_seventh_position,seventh_6-5-4-3_1-3-5-7,14-13-11-10-x-x,"[14, 13, 11, 10, null, null]",6-5-4-3,root_position,,80,14,4,F# A# C# F None None,1 3 5 7 None None,{}
F#_maj7_compact_seventh_position_seventh_4-3-2-1_5-7-3-1_x-x-11-10-11-14,F#,maj7,maj7,1 3 5 7,advanced_reference,compact_seventh_position,seventh_4-3-2-1_5-7-3-1,x-x-11-10-11-14,"[null, null, 11, 10, 11, 14]",4-3-2-1,second_inversion,,80,14,4,None None C# F A# F#,None None 5 7 3 1,{}
F#_maj7_compact_seventh_position_seventh_5-4-3-2_3-7-1-5_x-13-15-11-14-x,F#,maj7,maj7,1 3 5 7,advanced_reference,compact_seventh_position,seventh_5-4-3-2_3-7-1-5,x-13-15-11-14-x,"[null, 13, 15, 11, 14, null]",5-4-3-2,first_inversion_or_suspended_bass,,80,15,4,None A# F F# C# None,None 3 7 1 5 None,{}
F#_maj7_compact_seventh_position_seventh_4-3-2-1_7-3-5-1_x-x-15-15-14-14,F#,maj7,maj7,1 3 5 7,advanced_reference,compact_seventh_position,seventh_4-3-2-1_7-3-5-1,x-x-15-15-14-14,"[null, null, 15, 15, 14, 14]",4-3-2-1,seventh_in_bass,,80,15,1,None None F A# C# F#,None None 7 3 5 1,{}
F#_maj7_compact_seventh_position_seventh_6-5-4-3_7-5-1-3_13-16-16-15-x-x,F#,maj7,maj7,1 3 5 7,advanced_reference,compact_seventh_position,seventh_6-5-4-3_7-5-1-3,13-16-16-15-x-x,"[13, 16, 16, 15, null, null]",6-5-4-3,seventh_in_bass,,80,16,3,F C# F# A# None None,7 5 1 3 None None,{}
F#_maj7_compact_seventh_position_seventh_6-5-4-3_1-5-7-3_14-16-15-15-x-x,F#,maj7,maj7,1 3 5 7,advanced_reference,compact_seventh_position,seventh_6-5-4-3_1-5-7-3,14-16-15-15-x-x,"[14, 16, 15, 15, null, null]",6-5-4-3,root_position,,80,16,2,F# C# F A# None None,1 5 7 3 None None,{}
F#_maj7_compact_seventh_position_seventh_4-3-2-1_1-3-5-7_x-x-16-15-14-13,F#,maj7,maj7,1 3 5 7,advanced_reference,compact_seventh_position,seventh_4-3-2-1_1-3-5-7,x-x-16-15-14-13,"[null, null, 16, 15, 14, 13]",4-3-2-1,root_position,,80,16,3,None None F# A# C# F,None None 1 3 5 7,{}
F#_maj7_compact_seventh_position_seventh_5-4-3-2_5-1-3-7_x-16-16-15-18-x,F#,maj7,maj7,1 3 5 7,advanced_reference,compact_seventh_position,seventh_5-4-3-2_5-1-3-7,x-16-16-15-18-x,"[null, 16, 16, 15, 18, null]",5-4-3-2,second_inversion,,80,18,3,None C# F# A# F None,None 5 1 3 7 None,{}
F#_maj7_compact_seventh_position_seventh_4-3-2-1_1-5-7-3_x-x-16-18-18-18,F#,maj7,maj7,1 3 5 7,advanced_reference,compact_seventh_position,seventh_4-3-2-1_1-5-7-3,x-x-16-18-18-18,"[null, null, 16, 18, 18, 18]",4-3-2-1,root_position,,80,18,2,None None F# C# F A#,None None 1 5 7 3,{}
F#_major_caged_major_C_shape_x-9-8-6-7-6,F#,major,major,1 3 5,beginner_core,caged_major,C_shape,x-9-8-6-7-6,"[null, 9, 8, 6, 7, 6]",,root_position,,1,9,3,None F# A# C# F# A#,None 1 3 5 1 3,{}
F#_major_caged_major_A_shape_x-9-11-11-11-9,F#,major,major,1 3 5,beginner_core,caged_major,A_shape,x-9-11-11-11-9,"[null, 9, 11, 11, 11, 9]",,root_position,,2,11,2,None F# C# F# A# C#,None 1 5 1 3 5,{}
F#_major_caged_major_G_shape_14-13-11-11-11-14,F#,major,major,1 3 5,beginner_core,caged_major,G_shape,14-13-11-11-11-14,"[14, 13, 11, 11, 11, 14]",,root_position,,3,14,3,F# A# C# F# A# F#,1 3 5 1 3 1,{}
F#_major_caged_major_E_shape_2-4-4-3-2-2,F#,major,major,1 3 5,beginner_core,caged_major,E_shape,2-4-4-3-2-2,"[2, 4, 4, 3, 2, 2]",,root_position,,4,4,2,F# C# F# A# C# F#,1 5 1 3 5 1,{}
F#_major_caged_major_D_shape_x-x-4-6-7-6,F#,major,major,1 3 5,beginner_core,caged_major,D_shape,x-x-4-6-7-6,"[null, null, 4, 6, 7, 6]",,root_position,,5,7,3,None None F# C# F# A#,None None 1 5 1 3,{}
F#_major_triad_position_triad_3-2-1_first_inversion_3-5-1_x-x-x-3-2-2,F#,major,major,1 3 5,intermediate_core,triad_position,triad_3-2-1_first_inversion_3-5-1,x-x-x-3-2-2,"[null, null, null, 3, 2, 2]",3-2-1,first_inversion_or_suspended_bass,first_inversion,60,3,1,None None None A# C# F#,None None None 3 5 1,"{""sus2"": ""F#_sus2_triad_related_suspended_from_F#_major_triad_position_triad_3-2-1_first_inversion_3-5-1_x-x-x-3-2-2_sus2_x-x-x-1-2-2"", ""sus4"": ""F#_sus4_triad_related_suspended_from_F#_major_triad_position_triad_3-2-1_first_inversion_3-5-1_x-x-x-3-2-2_sus4_x-x-x-4-2-2""}"
F#_major_triad_position_triad_5-4-3_second_inversion_5-1-3_x-4-4-3-x-x,F#,major,major,1 3 5,intermediate_core,triad_position,triad_5-4-3_second_inversion_5-1-3,x-4-4-3-x-x,"[null, 4, 4, 3, null, null]",5-4-3,second_inversion,second_inversion,60,4,1,None C# F# A# None None,None 5 1 3 None None,"{""sus2"": ""F#_sus2_triad_related_suspended_from_F#_major_triad_position_triad_5-4-3_second_inversion_5-1-3_x-4-4-3-x-x_sus2_x-4-4-1-x-x"", ""sus4"": ""F#_sus4_triad_related_suspended_from_F#_major_triad_position_triad_5-4-3_second_inversion_5-1-3_x-4-4-3-x-x_sus4_x-4-4-4-x-x""}"
F#_major_triad_position_triad_4-3-2_root_position_1-3-5_x-x-4-3-2-x,F#,major,major,1 3 5,intermediate_core,triad_position,triad_4-3-2_root_position_1-3-5,x-x-4-3-2-x,"[null, null, 4, 3, 2, null]",4-3-2,root_position,root_position,60,4,2,None None F# A# C# None,None None 1 3 5 None,"{""sus2"": ""F#_sus2_triad_related_suspended_from_F#_major_triad_position_triad_4-3-2_root_position_1-3-5_x-x-4-3-2-x_sus2_x-x-4-1-2-x"", ""sus4"": ""F#_sus4_triad_related_suspended_from_F#_major_triad_position_triad_4-3-2_root_position_1-3-5_x-x-4-3-2-x_sus4_x-x-4-4-2-x""}"
F#_major_triad_position_triad_6-5-4_first_inversion_3-5-1_6-4-4-x-x-x,F#,major,major,1 3 5,intermediate_core,triad_position,triad_6-5-4_first_inversion_3-5-1,6-4-4-x-x-x,"[6, 4, 4, null, null, null]",6-5-4,first_inversion_or_suspended_bass,first_inversion,60,6,2,A# C# F# None None None,3 5 1 None None None,"{""sus2"": ""F#_sus2_triad_related_suspended_from_F#_major_triad_position_triad_6-5-4_first_inversion_3-5-1_6-4-4-x-x-x_sus2_4-4-4-x-x-x"", ""sus4"": ""F#_sus4_triad_related_suspended_from_F#_major_triad_position_triad_6-5-4_first_inversion_3-5-1_6-4-4-x-x-x_sus4_7-4-4-x-x-x""}"
F#_major_triad_position_triad_3-2-1_second_inversion_5-1-3_x-x-x-6-7-6,F#,major,major,1 3 5,intermediate_core,triad_position,triad_3-2-1_second_inversion_5-1-3,x-x-x-6-7-6,"[null, null, null, 6, 7, 6]",3-2-1,second_inversion,second_inversion,60,7,1,None None None C# F# A#,None None None 5 1 3,"{""sus2"": ""F#_sus2_triad_related_suspended_from_F#_major_triad_position_triad_3-2-1_second_inversion_5-1-3_x-x-x-6-7-6_sus2_x-x-x-6-7-4"", ""sus4"": ""F#_sus4_triad_related_suspended_from_F#_major_triad_position_triad_3-2-1_second_inversion_5-1-3_x-x-x-6-7-6_sus4_x-x-x-6-7-7""}"
F#_major_triad_position_triad_4-3-2_first_inversion_3-5-1_x-x-8-6-7-x,F#,major,major,1 3 5,intermediate_core,triad_position,triad_4-3-2_first_inversion_3-5-1,x-x-8-6-7-x,"[null, null, 8, 6, 7, null]",4-3-2,first_inversion_or_suspended_bass,first_inversion,60,8,2,None None A# C# F# None,None None 3 5 1 None,"{""sus2"": ""F#_sus2_triad_related_suspended_from_F#_major_triad_position_triad_4-3-2_first_inversion_3-5-1_x-x-8-6-7-x_sus2_x-x-6-6-7-x"", ""sus4"": ""F#_sus4_triad_related_suspended_from_F#_major_triad_position_triad_4-3-2_first_inversion_3-5-1_x-x-8-6-7-x_sus4_x-x-9-6-7-x""}"
F#_major_triad_position_triad_6-5-4_second_inversion_5-1-3_9-9-8-x-x-x,F#,major,major,1 3 5,intermediate_core,triad_position,triad_6-5-4_second_inversion_5-1-3,9-9-8-x-x-x,"[9, 9, 8, null, null, null]",6-5-4,second_inversion,second_inversion,60,9,1,C# F# A# None None None,5 1 3 None None None,"{""sus2"": ""F#_sus2_triad_related_suspended_from_F#_major_triad_position_triad_6-5-4_second_inversion_5-1-3_9-9-8-x-x-x_sus2_9-9-6-x-x-x"", ""sus4"": ""F#_sus4_triad_related_suspended_from_F#_major_triad_position_triad_6-5-4_second_inversion_5-1-3_9-9-8-x-x-x_sus4_9-9-9-x-x-x""}"
F#_major_triad_position_triad_5-4-3_root_position_1-3-5_x-9-8-6-x-x,F#,major,major,1 3 5,intermediate_core,triad_position,triad_5-4-3_root_position_1-3-5,x-9-8-6-x-x,"[null, 9, 8, 6, null, null]",5-4-3,root_position,root_position,60,9,3,None F# A# C# None None,None 1 3 5 None None,"{""sus2"": ""F#_sus2_triad_related_suspended_from_F#_major_triad_position_triad_5-4-3_root_position_1-3-5_x-9-8-6-x-x_sus2_x-9-6-6-x-x"", ""sus4"": ""F#_sus4_triad_related_suspended_from_F#_major_triad_position_triad_5-4-3_root_position_1-3-5_x-9-8-6-x-x_sus4_x-9-9-6-x-x""}"
F#_major_triad_position_triad_4-3-2_second_inversion_5-1-3_x-x-11-11-11-x,F#,major,major,1 3 5,intermediate_core,triad_position,triad_4-3-2_second_inversion_5-1-3,x-x-11-11-11-x,"[null, null, 11, 11, 11, null]",4-3-2,second_inversion,second_inversion,60,11,0,None None C# F# A# None,None None 5 1 3 None,"{""sus2"": ""F#_sus2_triad_related_suspended_from_F#_major_triad_position_triad_4-3-2_second_inversion_5-1-3_x-x-11-11-11-x_sus2_x-x-11-11-9-x"", ""sus4"": ""F#_sus4_triad_related_suspended_from_F#_major_triad_position_triad_4-3-2_second_inversion_5-1-3_x-x-11-11-11-x_sus4_x-x-11-11-12-x""}"
F#_major_triad_position_triad_3-2-1_root_position_1-3-5_x-x-x-11-11-9,F#,major,major,1 3 5,intermediate_core,triad_position,triad_3-2-1_root_position_1-3-5,x-x-x-11-11-9,"[null, null, null, 11, 11, 9]",3-2-1,root_position,root_position,60,11,2,None None None F# A# C#,None None None 1 3 5,"{""sus2"": ""F#_sus2_triad_related_suspended_from_F#_major_triad_position_triad_3-2-1_root_position_1-3-5_x-x-x-11-11-9_sus2_x-x-x-11-9-9"", ""sus4"": ""F#_sus4_triad_related_suspended_from_F#_major_triad_position_triad_3-2-1_root_position_1-3-5_x-x-x-11-11-9_sus4_x-x-x-11-12-9""}"
F#_major_triad_position_triad_5-4-3_first_inversion_3-5-1_x-13-11-11-x-x,F#,major,major,1 3 5,intermediate_core,triad_position,triad_5-4-3_first_inversion_3-5-1,x-13-11-11-x-x,"[null, 13, 11, 11, null, null]",5-4-3,first_inversion_or_suspended_bass,first_inversion,60,13,2,None A# C# F# None None,None 3 5 1 None None,"{""sus2"": ""F#_sus2_triad_related_suspended_from_F#_major_triad_position_triad_5-4-3_first_inversion_3-5-1_x-13-11-11-x-x_sus2_x-11-11-11-x-x"", ""sus4"": ""F#_sus4_triad_related_suspended_from_F#_major_triad_position_triad_5-4-3_first_inversion_3-5-1_x-13-11-11-x-x_sus4_x-14-11-11-x-x""}"
F#_major_triad_position_triad_6-5-4_root_position_1-3-5_14-13-11-x-x-x,F#,major,major,1 3 5,intermediate_core,triad_position,triad_6-5-4_root_position_1-3-5,14-13-11-x-x-x,"[14, 13, 11, null, null, null]",6-5-4,root_position,root_position,60,14,3,F# A# C# None None None,1 3 5 None None None,"{""sus2"": ""F#_sus2_triad_related_suspended_from_F#_major_triad_position_triad_6-5-4_root_position_1-3-5_14-13-11-x-x-x_sus2_14-11-11-x-x-x"", ""sus4"": ""F#_sus4_triad_related_suspended_from_F#_major_triad_position_triad_6-5-4_root_position_1-3-5_14-13-11-x-x-x_sus4_14-14-11-x-x-x""}"
F#_major_triad_position_triad_3-2-1_first_inversion_3-5-1_x-x-x-15-14-14,F#,major,major,1 3 5,intermediate_core,triad_position,triad_3-2-1_first_inversion_3-5-1,x-x-x-15-14-14,"[null, null, null, 15, 14, 14]",3-2-1,first_inversion_or_suspended_bass,first_inversion,60,15,1,None None None A# C# F#,None None None 3 5 1,"{""sus2"": ""F#_sus2_triad_related_suspended_from_F#_major_triad_position_triad_3-2-1_first_inversion_3-5-1_x-x-x-15-14-14_sus2_x-x-x-13-14-14"", ""sus4"": ""F#_sus4_triad_related_suspended_from_F#_major_triad_position_triad_3-2-1_first_inversion_3-5-1_x-x-x-15-14-14_sus4_x-x-x-16-14-14""}"
F#_major_triad_position_triad_5-4-3_second_inversion_5-1-3_x-16-16-15-x-x,F#,major,major,1 3 5,intermediate_core,triad_position,triad_5-4-3_second_inversion_5-1-3,x-16-16-15-x-x,"[null, 16, 16, 15, null, null]",5-4-3,second_inversion,second_inversion,60,16,1,None C# F# A# None None,None 5 1 3 None None,"{""sus2"": ""F#_sus2_triad_related_suspended_from_F#_major_triad_position_triad_5-4-3_second_inversion_5-1-3_x-16-16-15-x-x_sus2_x-16-16-13-x-x"", ""sus4"": ""F#_sus4_triad_related_suspended_from_F#_major_triad_position_triad_5-4-3_second_inversion_5-1-3_x-16-16-15-x-x_sus4_x-16-16-16-x-x""}"
F#_major_triad_position_triad_4-3-2_root_position_1-3-5_x-x-16-15-14-x,F#,major,major,1 3 5,intermediate_core,triad_position,triad_4-3-2_root_position_1-3-5,x-x-16-15-14-x,"[null, null, 16, 15, 14, null]",4-3-2,root_position,root_position,60,16,2,None None F# A# C# None,None None 1 3 5 None,"{""sus2"": ""F#_sus2_triad_related_suspended_from_F#_major_triad_position_triad_4-3-2_root_position_1-3-5_x-x-16-15-14-x_sus2_x-x-16-13-14-x"", ""sus4"": ""F#_sus4_triad_related_suspended_from_F#_major_triad_position_triad_4-3-2_root_position_1-3-5_x-x-16-15-14-x_sus4_x-x-16-16-14-x""}"
F#_major_triad_position_triad_6-5-4_first_inversion_3-5-1_18-16-16-x-x-x,F#,major,major,1 3 5,intermediate_core,triad_position,triad_6-5-4_first_inversion_3-5-1,18-16-16-x-x-x,"[18, 16, 16, null, null, null]",6-5-4,first_inversion_or_suspended_bass,first_inversion,60,18,2,A# C# F# None None None,3 5 1 None None None,"{""sus2"": ""F#_sus2_triad_related_suspended_from_F#_major_triad_position_triad_6-5-4_first_inversion_3-5-1_18-16-16-x-x-x_sus2_16-16-16-x-x-x""}"
F#_minor_caged_minor_C_shape_minor_x-9-7-6-7-9,F#,minor,minor,1 b3 5,beginner_core,caged_minor,C_shape_minor,x-9-7-6-7-9,"[null, 9, 7, 6, 7, 9]",,root_position,,10,9,3,None F# A C# F# C#,None 1 b3 5 1 5,{}
F#_minor_caged_minor_A_shape_minor_x-9-11-11-10-9,F#,minor,minor,1 b3 5,beginner_core,caged_minor,A_shape_minor,x-9-11-11-10-9,"[null, 9, 11, 11, 10, 9]",,root_position,,11,11,2,None F# C# F# A C#,None 1 5 1 b3 5,{}
F#_minor_caged_minor_G_shape_minor_14-12-11-11-14-14,F#,minor,minor,1 b3 5,beginner_core,caged_minor,G_shape_minor,14-12-11-11-14-14,"[14, 12, 11, 11, 14, 14]",,root_position,,12,14,3,F# A C# F# C# F#,1 b3 5 1 5 1,{}
F#_minor_caged_minor_E_shape_minor_2-4-4-2-2-2,F#,minor,minor,1 b3 5,beginner_core,caged_minor,E_shape_minor,2-4-4-2-2-2,"[2, 4, 4, 2, 2, 2]",,root_position,,13,4,2,F# C# F# A C# F#,1 5 1 b3 5 1,{}
F#_minor_caged_minor_D_shape_minor_x-x-4-6-7-5,F#,minor,minor,1 b3 5,beginner_core,caged_minor,D_shape_minor,x-x-4-6-7-5,"[null, null, 4, 6, 7, 5]",,root_position,,14,7,3,None None F# C# F# A,None None 1 5 1 b3,{}
F#_minor_triad_position_triad_3-2-1_first_inversion_b3-5-1_x-x-x-2-2-2,F#,minor,minor,1 b3 5,intermediate_core,triad_position,triad_3-2-1_first_inversion_b3-5-1,x-x-x-2-2-2,"[null, null, null, 2, 2, 2]",3-2-1,first_inversion_or_suspended_bass,first_inversion,60,2,0,None None None A C# F#,None None None b3 5 1,{}
F#_minor_triad_position_triad_5-4-3_second_inversion_5-1-b3_x-4-4-2-x-x,F#,minor,minor,1 b3 5,intermediate_core,triad_position,triad_5-4-3_second_inversion_5-1-b3,x-4-4-2-x-x,"[null, 4, 4, 2, null, null]",5-4-3,second_inversion,second_inversion,60,4,2,None C# F# A None None,None 5 1 b3 None None,{}
F#_minor_triad_position_triad_4-3-2_root_position_1-b3-5_x-x-4-2-2-x,F#,minor,minor,1 b3 5,intermediate_core,triad_position,triad_4-3-2_root_position_1-b3-5,x-x-4-2-2-x,"[null, null, 4, 2, 2, null]",4-3-2,root_position,root_position,60,4,2,None None F# A C# None,None None 1 b3 5 None,{}
F#_minor_triad_position_triad_6-5-4_first_inversion_b3-5-1_5-4-4-x-x-x,F#,minor,minor,1 b3 5,intermediate_core,triad_position,triad_6-5-4_first_inversion_b3-5-1,5-4-4-x-x-x,"[5, 4, 4, null, null, null]",6-5-4,first_inversion_or_suspended_bass,first_inversion,60,5,1,A C# F# None None None,b3 5 1 None None None,{}
F#_minor_triad_position_triad_4-3-2_first_inversion_b3-5-1_x-x-7-6-7-x,F#,minor,minor,1 b3 5,intermediate_core,triad_position,triad_4-3-2_first_inversion_b3-5-1,x-x-7-6-7-x,"[null, null, 7, 6, 7, null]",4-3-2,first_inversion_or_suspended_bass,first_inversion,60,7,1,None None A C# F# None,None None b3 5 1 None,{}
F#_minor_triad_position_triad_3-2-1_second_inversion_5-1-b3_x-x-x-6-7-5,F#,minor,minor,1 b3 5,intermediate_core,triad_position,triad_3-2-1_second_inversion_5-1-b3,x-x-x-6-7-5,"[null, null, null, 6, 7, 5]",3-2-1,second_inversion,second_inversion,60,7,2,None None None C# F# A,None None None 5 1 b3,{}
F#_minor_triad_position_triad_6-5-4_second_inversion_5-1-b3_9-9-7-x-x-x,F#,minor,minor,1 b3 5,intermediate_core,triad_position,triad_6-5-4_second_inversion_5-1-b3,9-9-7-x-x-x,"[9, 9, 7, null, null, null]",6-5-4,second_inversion,second_inversion,60,9,2,C# F# A None None None,5 1 b3 None None None,{}
F#_minor_triad_position_triad_5-4-3_root_position_1-b3-5_x-9-7-6-x-x,F#,minor,minor,1 b3 5,intermediate_core,triad_position,triad_5-4-3_root_position_1-b3-5,x-9-7-6-x-x,"[null, 9, 7, 6, null, null]",5-4-3,root_position,root_position,60,9,3,None F# A C# None None,None 1 b3 5 None None,{}
F#_minor_triad_position_triad_4-3-2_second_inversion_5-1-b3_x-x-11-11-10-x,F#,minor,minor,1 b3 5,intermediate_core,triad_position,triad_4-3-2_second_inversion_5-1-b3,x-x-11-11-10-x,"[null, null, 11, 11, 10, null]",4-3-2,second_inversion,second_inversion,60,11,1,None None C# F# A None,None None 5 1 b3 None,{}
F#_minor_triad_position_triad_3-2-1_root_position_1-b3-5_x-x-x-11-10-9,F#,minor,minor,1 b3 5,intermediate_core,triad_position,triad_3-2-1_root_position_1-b3-5,x-x-x-11-10-9,"[null, null, null, 11, 10, 9]",3-2-1,root_position,root_position,60,11,2,None None None F# A C#,None None None 1 b3 5,{}
F#_minor_triad_position_triad_5-4-3_first_inversion_b3-5-1_x-12-11-11-x-x,F#,minor,minor,1 b3 5,intermediate_core,triad_position,triad_5-4-3_first_inversion_b3-5-1,x-12-11-11-x-x,"[null, 12, 11, 11, null, null]",5-4-3,first_inversion_or_suspended_bass,first_inversion,60,12,1,None A C# F# None None,None b3 5 1 None None,{}
F#_minor_triad_position_triad_6-5-4_root_position_1-b3-5_14-12-11-x-x-x,F#,minor,minor,1 b3 5,intermediate_core,triad_position,triad_6-5-4_root_position_1-b3-5,14-12-11-x-x-x,"[14, 12, 11, null, null, null]",6-5-4,root_position,root_position,60,14,3,F# A C# None None None,1 b3 5 None None None,{}
F#_minor_triad_position_triad_3-2-1_first_inversion_b3-5-1_x-x-x-14-14-14,F#,minor,minor,1 b3 5,intermediate_core,triad_position,triad_3-2-1_first_inversion_b3-5-1,x-x-x-14-14-14,"[null, null, null, 14, 14, 14]",3-2-1,first_inversion_or_suspended_bass,first_inversion,60,14,0,None None None A C# F#,None None None b3 5 1,{}
F#_minor_triad_position_triad_5-4-3_second_inversion_5-1-b3_x-16-16-14-x-x,F#,minor,minor,1 b3 5,intermediate_core,triad_position,triad_5-4-3_second_inversion_5-1-b3,x-16-16-14-x-x,"[null, 16, 16, 14, null, null]",5-4-3,second_inversion,second_inversion,60,16,2,None C# F# A None None,None 5 1 b3 None None,{}
F#_minor_triad_position_triad_4-3-2_root_position_1-b3-5_x-x-16-14-14-x,F#,minor,minor,1 b3 5,intermediate_core,triad_position,triad_4-3-2_root_position_1-b3-5,x-x-16-14-14-x,"[null, null, 16, 14, 14, null]",4-3-2,root_position,root_position,60,16,2,None None F# A C# None,None None 1 b3 5 None,{}
F#_minor_triad_position_triad_6-5-4_first_inversion_b3-5-1_17-16-16-x-x-x,F#,minor,minor,1 b3 5,intermediate_core,triad_position,triad_6-5-4_first_inversion_b3-5-1,17-16-16-x-x-x,"[17, 16, 16, null, null, null]",6-5-4,first_inversion_or_suspended_bass,first_inversion,60,17,1,A C# F# None None None,b3 5 1 None None None,{}
F#_sus2_caged_suspended_E_shape_sus2_2-4-6-6-2-2,F#,sus2,sus2,1 2 5,intermediate_core,caged_suspended,E_shape_sus2,2-4-6-6-2-2,"[2, 4, 6, 6, 2, 2]",,root_position,,30,6,4,F# C# G# C# C# F#,1 5 2 5 5 1,{}
F#_sus2_caged_suspended_D_shape_sus2_x-x-4-6-7-4,F#,sus2,sus2,1 2 5,intermediate_core,caged_suspended,D_shape_sus2,x-x-4-6-7-4,"[null, null, 4, 6, 7, 4]",,root_position,,30,7,3,None None F# C# F# G#,None None 1 5 1 2,{}
F#_sus2_caged_suspended_C_shape_sus2_x-9-6-6-7-9,F#,sus2,sus2,1 2 5,intermediate_core,caged_suspended,C_shape_sus2,x-9-6-6-7-9,"[null, 9, 6, 6, 7, 9]",,root_position,,30,9,3,None F# G# C# F# C#,None 1 2 5 1 5,{}
F#_sus2_caged_suspended_A_shape_sus2_x-9-11-11-9-9,F#,sus2,sus2,1 2 5,intermediate_core,caged_suspended,A_shape_sus2,x-9-11-11-9-9,"[null, 9, 11, 11, 9, 9]",,root_position,,30,11,2,None F# C# F# G# C#,None 1 5 1 2 5,{}
F#_sus2_triad_related_suspended_from_F#_major_triad_position_triad_3-2-1_first_inversion_3-5-1_x-x-x-3-2-2_sus2_x-x-x-1-2-2,F#,sus2,sus2,1 2 5,intermediate_core,triad_related_suspended,from_F#_major_triad_position_triad_3-2-1_first_inversion_3-5-1_x-x-x-3-2-2_sus2,x-x-x-1-2-2,"[null, null, null, 1, 2, 2]",3-2-1,first_inversion_or_suspended_bass,,65,2,1,None None None G# C# F#,None None None 2 5 1,{}
F#_sus2_triad_related_suspended_from_F#_major_triad_position_triad_6-5-4_first_inversion_3-5-1_6-4-4-x-x-x_sus2_4-4-4-x-x-x,F#,sus2,sus2,1 2 5,intermediate_core,triad_related_suspended,from_F#_major_triad_position_triad_6-5-4_first_inversion_3-5-1_6-4-4-x-x-x_sus2,4-4-4-x-x-x,"[4, 4, 4, null, null, null]",6-5-4,first_inversion_or_suspended_bass,,65,4,0,G# C# F# None None None,2 5 1 None None None,{}
F#_sus2_triad_related_suspended_from_F#_major_triad_position_triad_5-4-3_second_inversion_5-1-3_x-4-4-3-x-x_sus2_x-4-4-1-x-x,F#,sus2,sus2,1 2 5,intermediate_core,triad_related_suspended,from_F#_major_triad_position_triad_5-4-3_second_inversion_5-1-3_x-4-4-3-x-x_sus2,x-4-4-1-x-x,"[null, 4, 4, 1, null, null]",5-4-3,second_inversion,,65,4,3,None C# F# G# None None,None 5 1 2 None None,{}
F#_sus2_triad_related_suspended_from_F#_major_triad_position_triad_4-3-2_root_position_1-3-5_x-x-4-3-2-x_sus2_x-x-4-1-2-x,F#,sus2,sus2,1 2 5,intermediate_core,triad_related_suspended,from_F#_major_triad_position_triad_4-3-2_root_position_1-3-5_x-x-4-3-2-x_sus2,x-x-4-1-2-x,"[null, null, 4, 1, 2, null]",4-3-2,root_position,,65,4,3,None None F# G# C# None,None None 1 2 5 None,{}
F#_sus2_triad_related_suspended_from_F#_major_triad_position_triad_4-3-2_first_inversion_3-5-1_x-x-8-6-7-x_sus2_x-x-6-6-7-x,F#,sus2,sus2,1 2 5,intermediate_core,triad_related_suspended,from_F#_major_triad_position_triad_4-3-2_first_inversion_3-5-1_x-x-8-6-7-x_sus2,x-x-6-6-7-x,"[null, null, 6, 6, 7, null]",4-3-2,first_inversion_or_suspended_bass,,65,7,1,None None G# C# F# None,None None 2 5 1 None,{}
F#_sus2_triad_related_suspended_from_F#_major_triad_position_triad_3-2-1_second_inversion_5-1-3_x-x-x-6-7-6_sus2_x-x-x-6-7-4,F#,sus2,sus2,1 2 5,intermediate_core,triad_related_suspended,from_F#_major_triad_position_triad_3-2-1_second_inversion_5-1-3_x-x-x-6-7-6_sus2,x-x-x-6-7-4,"[null, null, null, 6, 7, 4]",3-2-1,second_inversion,,65,7,3,None None None C# F# G#,None None None 5 1 2,{}
F#_sus2_triad_related_suspended_from_F#_major_triad_position_triad_6-5-4_second_inversion_5-1-3_9-9-8-x-x-x_sus2_9-9-6-x-x-x,F#,sus2,sus2,1 2 5,intermediate_core,triad_related_suspended,from_F#_major_triad_position_triad_6-5-4_second_inversion_5-1-3_9-9-8-x-x-x_sus2,9-9-6-x-x-x,"[9, 9, 6, null, null, null]",6-5-4,second_inversion,,65,9,3,C# F# G# None None None,5 1 2 None None None,{}
F#_sus2_triad_related_suspended_from_F#_major_triad_position_triad_5-4-3_root_position_1-3-5_x-9-8-6-x-x_sus2_x-9-6-6-x-x,F#,sus2,sus2,1 2 5,intermediate_core,triad_related_suspended,from_F#_major_triad_position_triad_5-4-3_root_position_1-3-5_x-9-8-6-x-x_sus2,x-9-6-6-x-x,"[null, 9, 6, 6, null, null]",5-4-3,root_position,,65,9,3,None F# G# C# None None,None 1 2 5 None None,{}
F#_sus2_triad_related_suspended_from_F#_major_triad_position_triad_5-4-3_first_inversion_3-5-1_x-13-11-11-x-x_sus2_x-11-11-11-x-x,F#,sus2,sus2,1 2 5,intermediate_core,triad_related_suspended,from_F#_major_triad_position_triad_5-4-3_first_inversion_3-5-1_x-13-11-11-x-x_sus2,x-11-11-11-x-x,"[null, 11, 11, 11, null, null]",5-4-3,first_inversion_or_suspended_bass,,65,11,0,None G# C# F# None None,None 2 5 1 None None,{}
F#_sus2_triad_related_suspended_from_F#_major_triad_position_triad_4-3-2_second_inversion_5-1-3_x-x-11-11-11-x_sus2_x-x-11-11-9-x,F#,sus2,sus2,1 2 5,intermediate_core,triad_related_suspended,from_F#_major_triad_position_triad_4-3-2_second_inversion_5-1-3_x-x-11-11-11-x_sus2,x-x-11-11-9-x,"[null, null, 11, 11, 9, null]",4-3-2,second_inversion,,65,11,2,None None C# F# G# None,None None 5 1 2 None,{}
F#_sus2_triad_related_suspended_from_F#_major_triad_position_triad_3-2-1_root_position_1-3-5_x-x-x-11-11-9_sus2_x-x-x-11-9-9,F#,sus2,sus2,1 2 5,intermediate_core,triad_related_suspended,from_F#_major_triad_position_triad_3-2-1_root_position_1-3-5_x-x-x-11-11-9_sus2,x-x-x-11-9-9,"[null, null, null, 11, 9, 9]",3-2-1,root_position,,65,11,2,None None None F# G# C#,None None None 1 2 5,{}
F#_sus2_triad_related_suspended_from_F#_major_triad_position_triad_6-5-4_root_position_1-3-5_14-13-11-x-x-x_sus2_14-11-11-x-x-x,F#,sus2,sus2,1 2 5,intermediate_core,triad_related_suspended,from_F#_major_triad_position_triad_6-5-4_root_position_1-3-5_14-13-11-x-x-x_sus2,14-11-11-x-x-x,"[14, 11, 11, null, null, null]",6-5-4,root_position,,65,14,3,F# G# C# None None None,1 2 5 None None None,{}
F#_sus2_triad_related_suspended_from_F#_major_triad_position_triad_3-2-1_first_inversion_3-5-1_x-x-x-15-14-14_sus2_x-x-x-13-14-14,F#,sus2,sus2,1 2 5,intermediate_core,triad_related_suspended,from_F#_major_triad_position_triad_3-2-1_first_inversion_3-5-1_x-x-x-15-14-14_sus2,x-x-x-13-14-14,"[null, null, null, 13, 14, 14]",3-2-1,first_inversion_or_suspended_bass,,65,14,1,None None None G# C# F#,None None None 2 5 1,{}
F#_sus2_triad_related_suspended_from_F#_major_triad_position_triad_6-5-4_first_inversion_3-5-1_18-16-16-x-x-x_sus2_16-16-16-x-x-x,F#,sus2,sus2,1 2 5,intermediate_core,triad_related_suspended,from_F#_major_triad_position_triad_6-5-4_first_inversion_3-5-1_18-16-16-x-x-x_sus2,16-16-16-x-x-x,"[16, 16, 16, null, null, null]",6-5-4,first_inversion_or_suspended_bass,,65,16,0,G# C# F# None None None,2 5 1 None None None,{}
F#_sus2_triad_related_suspended_from_F#_major_triad_position_triad_5-4-3_second_inversion_5-1-3_x-16-16-15-x-x_sus2_x-16-16-13-x-x,F#,sus2,sus2,1 2 5,intermediate_core,triad_related_suspended,from_F#_major_triad_position_triad_5-4-3_second_inversion_5-1-3_x-16-16-15-x-x_sus2,x-16-16-13-x-x,"[null, 16, 16, 13, null, null]",5-4-3,second_inversion,,65,16,3,None C# F# G# None None,None 5 1 2 None None,{}
F#_sus2_triad_related_suspended_from_F#_major_triad_position_triad_4-3-2_root_position_1-3-5_x-x-16-15-14-x_sus2_x-x-16-13-14-x,F#,sus2,sus2,1 2 5,intermediate_core,triad_related_suspended,from_F#_major_triad_position_triad_4-3-2_root_position_1-3-5_x-x-16-15-14-x_sus2,x-x-16-13-14-x,"[null, null, 16, 13, 14, null]",4-3-2,root_position,,65,16,3,None None F# G# C# None,None None 1 2 5 None,{}
F#_sus4_caged_suspended_E_shape_sus4_2-4-4-4-2-2,F#,sus4,sus4,1 4 5,intermediate_core,caged_suspended,E_shape_sus4,2-4-4-4-2-2,"[2, 4, 4, 4, 2, 2]",,root_position,,30,4,2,F# C# F# B C# F#,1 5 1 4 5 1,{}
F#_sus4_caged_suspended_D_shape_sus4_x-x-4-6-7-7,F#,sus4,sus4,1 4 5,intermediate_core,caged_suspended,D_shape_sus4,x-x-4-6-7-7,"[null, null, 4, 6, 7, 7]",,root_position,,30,7,3,None None F# C# F# B,None None 1 5 1 4,{}
F#_sus4_caged_suspended_C_shape_sus4_x-9-9-6-7-7,F#,sus4,sus4,1 4 5,intermediate_core,caged_suspended,C_shape_sus4,x-9-9-6-7-7,"[null, 9, 9, 6, 7, 7]",,root_position,,30,9,3,None F# B C# F# B,None 1 4 5 1 4,{}
F#_sus4_caged_suspended_A_shape_sus4_x-9-11-11-12-9,F#,sus4,sus4,1 4 5,intermediate_core,caged_suspended,A_shape_sus4,x-9-11-11-12-9,"[null, 9, 11, 11, 12, 9]",,root_position,,30,12,3,None F# C# F# B C#,None 1 5 1 4 5,{}
F#_sus4_triad_related_suspended_from_F#_major_triad_position_triad_5-4-3_second_inversion_5-1-3_x-4-4-3-x-x_sus4_x-4-4-4-x-x,F#,sus4,sus4,1 4 5,intermediate_core,triad_related_suspended,from_F#_major_triad_position_triad_5-4-3_second_inversion_5-1-3_x-4-4-3-x-x_sus4,x-4-4-4-x-x,"[null, 4, 4, 4, null, null]",5-4-3,second_inversion,,65,4,0,None C# F# B None None,None 5 1 4 None None,{}
F#_sus4_triad_related_suspended_from_F#_major_triad_position_triad_4-3-2_root_position_1-3-5_x-x-4-3-2-x_sus4_x-x-4-4-2-x,F#,sus4,sus4,1 4 5,intermediate_core,triad_related_suspended,from_F#_major_triad_position_triad_4-3-2_root_position_1-3-5_x-x-4-3-2-x_sus4,x-x-4-4-2-x,"[null, null, 4, 4, 2, null]",4-3-2,root_position,,65,4,2,None None F# B C# None,None None 1 4 5 None,{}
F#_sus4_triad_related_suspended_from_F#_major_triad_position_triad_3-2-1_first_inversion_3-5-1_x-x-x-3-2-2_sus4_x-x-x-4-2-2,F#,sus4,sus4,1 4 5,intermediate_core,triad_related_suspended,from_F#_major_triad_position_triad_3-2-1_first_inversion_3-5-1_x-x-x-3-2-2_sus4,x-x-x-4-2-2,"[null, null, null, 4, 2, 2]",3-2-1,first_inversion_or_suspended_bass,,65,4,2,None None None B C# F#,None None None 4 5 1,{}
F#_sus4_triad_related_suspended_from_F#_major_triad_position_triad_6-5-4_first_inversion_3-5-1_6-4-4-x-x-x_sus4_7-4-4-x-x-x,F#,sus4,sus4,1 4 5,intermediate_core,triad_related_suspended,from_F#_major_triad_position_triad_6-5-4_first_inversion_3-5-1_6-4-4-x-x-x_sus4,7-4-4-x-x-x,"[7, 4, 4, null, null, null]",6-5-4,first_inversion_or_suspended_bass,,65,7,3,B C# F# None None None,4 5 1 None None None,{}
F#_sus4_triad_related_suspended_from_F#_major_triad_position_triad_3-2-1_second_inversion_5-1-3_x-x-x-6-7-6_sus4_x-x-x-6-7-7,F#,sus4,sus4,1 4 5,intermediate_core,triad_related_suspended,from_F#_major_triad_position_triad_3-2-1_second_inversion_5-1-3_x-x-x-6-7-6_sus4,x-x-x-6-7-7,"[null, null, null, 6, 7, 7]",3-2-1,second_inversion,,65,7,1,None None None C# F# B,None None None 5 1 4,{}
F#_sus4_triad_related_suspended_from_F#_major_triad_position_triad_6-5-4_second_inversion_5-1-3_9-9-8-x-x-x_sus4_9-9-9-x-x-x,F#,sus4,sus4,1 4 5,intermediate_core,triad_related_suspended,from_F#_major_triad_position_triad_6-5-4_second_inversion_5-1-3_9-9-8-x-x-x_sus4,9-9-9-x-x-x,"[9, 9, 9, null, null, null]",6-5-4,second_inversion,,65,9,0,C# F# B None None None,5 1 4 None None None,{}
F#_sus4_triad_related_suspended_from_F#_major_triad_position_triad_5-4-3_root_position_1-3-5_x-9-8-6-x-x_sus4_x-9-9-6-x-x,F#,sus4,sus4,1 4 5,intermediate_core,triad_related_suspended,from_F#_major_triad_position_triad_5-4-3_root_position_1-3-5_x-9-8-6-x-x_sus4,x-9-9-6-x-x,"[null, 9, 9, 6, null, null]",5-4-3,root_position,,65,9,3,None F# B C# None None,None 1 4 5 None None,{}
F#_sus4_triad_related_suspended_from_F#_major_triad_position_triad_4-3-2_first_inversion_3-5-1_x-x-8-6-7-x_sus4_x-x-9-6-7-x,F#,sus4,sus4,1 4 5,intermediate_core,triad_related_suspended,from_F#_major_triad_position_triad_4-3-2_first_inversion_3-5-1_x-x-8-6-7-x_sus4,x-x-9-6-7-x,"[null, null, 9, 6, 7, null]",4-3-2,first_inversion_or_suspended_bass,,65,9,3,None None B C# F# None,None None 4 5 1 None,{}
F#_sus4_triad_related_suspended_from_F#_major_triad_position_triad_4-3-2_second_inversion_5-1-3_x-x-11-11-11-x_sus4_x-x-11-11-12-x,F#,sus4,sus4,1 4 5,intermediate_core,triad_related_suspended,from_F#_major_triad_position_triad_4-3-2_second_inversion_5-1-3_x-x-11-11-11-x_sus4,x-x-11-11-12-x,"[null, null, 11, 11, 12, null]",4-3-2,second_inversion,,65,12,1,None None C# F# B None,None None 5 1 4 None,{}
F#_sus4_triad_related_suspended_from_F#_major_triad_position_triad_3-2-1_root_position_1-3-5_x-x-x-11-11-9_sus4_x-x-x-11-12-9,F#,sus4,sus4,1 4 5,intermediate_core,triad_related_suspended,from_F#_major_triad_position_triad_3-2-1_root_position_1-3-5_x-x-x-11-11-9_sus4,x-x-x-11-12-9,"[null, null, null, 11, 12, 9]",3-2-1,root_position,,65,12,3,None None None F# B C#,None None None 1 4 5,{}
F#_sus4_triad_related_suspended_from_F#_major_triad_position_triad_6-5-4_root_position_1-3-5_14-13-11-x-x-x_sus4_14-14-11-x-x-x,F#,sus4,sus4,1 4 5,intermediate_core,triad_related_suspended,from_F#_major_triad_position_triad_6-5-4_root_position_1-3-5_14-13-11-x-x-x_sus4,14-14-11-x-x-x,"[14, 14, 11, null, null, null]",6-5-4,root_position,,65,14,3,F# B C# None None None,1 4 5 None None None,{}
F#_sus4_triad_related_suspended_from_F#_major_triad_position_triad_5-4-3_first_inversion_3-5-1_x-13-11-11-x-x_sus4_x-14-11-11-x-x,F#,sus4,sus4,1 4 5,intermediate_core,triad_related_suspended,from_F#_major_triad_position_triad_5-4-3_first_inversion_3-5-1_x-13-11-11-x-x_sus4,x-14-11-11-x-x,"[null, 14, 11, 11, null, null]",5-4-3,first_inversion_or_suspended_bass,,65,14,3,None B C# F# None None,None 4 5 1 None None,{}
F#_sus4_triad_related_suspended_from_F#_major_triad_position_triad_5-4-3_second_inversion_5-1-3_x-16-16-15-x-x_sus4_x-16-16-16-x-x,F#,sus4,sus4,1 4 5,intermediate_core,triad_related_suspended,from_F#_major_triad_position_triad_5-4-3_second_inversion_5-1-3_x-16-16-15-x-x_sus4,x-16-16-16-x-x,"[null, 16, 16, 16, null, null]",5-4-3,second_inversion,,65,16,0,None C# F# B None None,None 5 1 4 None None,{}
F#_sus4_triad_related_suspended_from_F#_major_triad_position_triad_4-3-2_root_position_1-3-5_x-x-16-15-14-x_sus4_x-x-16-16-14-x,F#,sus4,sus4,1 4 5,intermediate_core,triad_related_suspended,from_F#_major_triad_position_triad_4-3-2_root_position_1-3-5_x-x-16-15-14-x_sus4,x-x-16-16-14-x,"[null, null, 16, 16, 14, null]",4-3-2,root_position,,65,16,2,None None F# B C# None,None None 1 4 5 None,{}
F#_sus4_triad_related_suspended_from_F#_major_triad_position_triad_3-2-1_first_inversion_3-5-1_x-x-x-15-14-14_sus4_x-x-x-16-14-14,F#,sus4,sus4,1 4 5,intermediate_core,triad_related_suspended,from_F#_major_triad_position_triad_3-2-1_first_inversion_3-5-1_x-x-x-15-14-14_sus4,x-x-x-16-14-14,"[null, null, null, 16, 14, 14]",3-2-1,first_inversion_or_suspended_bass,,65,16,2,None None None B C# F#,None None None 4 5 1,{}
G_diminished_triad_position_triad_3-2-1_first_inversion_b3-b5-1_x-x-x-3-2-3,G,diminished,dim,1 b3 b5,advanced_reference,triad_position,triad_3-2-1_first_inversion_b3-b5-1,x-x-x-3-2-3,"[null, null, null, 3, 2, 3]",3-2-1,first_inversion_or_suspended_bass,first_inversion,60,3,1,None None None A# C# G,None None None b3 b5 1,{}
G_diminished_triad_position_triad_5-4-3_second_inversion_b5-1-b3_x-4-5-3-x-x,G,diminished,dim,1 b3 b5,advanced_reference,triad_position,triad_5-4-3_second_inversion_b5-1-b3,x-4-5-3-x-x,"[null, 4, 5, 3, null, null]",5-4-3,second_inversion,second_inversion,60,5,2,None C# G A# None None,None b5 1 b3 None None,{}
G_diminished_triad_position_triad_4-3-2_root_position_1-b3-b5_x-x-5-3-2-x,G,diminished,dim,1 b3 b5,advanced_reference,triad_position,triad_4-3-2_root_position_1-b3-b5,x-x-5-3-2-x,"[null, null, 5, 3, 2, null]",4-3-2,root_position,root_position,60,5,3,None None G A# C# None,None None 1 b3 b5 None,{}
G_diminished_triad_position_triad_6-5-4_first_inversion_b3-b5-1_6-4-5-x-x-x,G,diminished,dim,1 b3 b5,advanced_reference,triad_position,triad_6-5-4_first_inversion_b3-b5-1,6-4-5-x-x-x,"[6, 4, 5, null, null, null]",6-5-4,first_inversion_or_suspended_bass,first_inversion,60,6,2,A# C# G None None None,b3 b5 1 None None None,{}
G_diminished_triad_position_triad_4-3-2_first_inversion_b3-b5-1_x-x-8-6-8-x,G,diminished,dim,1 b3 b5,advanced_reference,triad_position,triad_4-3-2_first_inversion_b3-b5-1,x-x-8-6-8-x,"[null, null, 8, 6, 8, null]",4-3-2,first_inversion_or_suspended_bass,first_inversion,60,8,2,None None A# C# G None,None None b3 b5 1 None,{}
G_diminished_triad_position_triad_3-2-1_second_inversion_b5-1-b3_x-x-x-6-8-6,G,diminished,dim,1 b3 b5,advanced_reference,triad_position,triad_3-2-1_second_inversion_b5-1-b3,x-x-x-6-8-6,"[null, null, null, 6, 8, 6]",3-2-1,second_inversion,second_inversion,60,8,2,None None None C# G A#,None None None b5 1 b3,{}
G_diminished_triad_position_triad_6-5-4_second_inversion_b5-1-b3_9-10-8-x-x-x,G,diminished,dim,1 b3 b5,advanced_reference,triad_position,triad_6-5-4_second_inversion_b5-1-b3,9-10-8-x-x-x,"[9, 10, 8, null, null, null]",6-5-4,second_inversion,second_inversion,60,10,2,C# G A# None None None,b5 1 b3 None None None,{}
G_diminished_triad_position_triad_5-4-3_root_position_1-b3-b5_x-10-8-6-x-x,G,diminished,dim,1 b3 b5,advanced_reference,triad_position,triad_5-4-3_root_position_1-b3-b5,x-10-8-6-x-x,"[null, 10, 8, 6, null, null]",5-4-3,root_position,root_position,60,10,4,None G A# C# None None,None 1 b3 b5 None None,{}
G_diminished_triad_position_triad_4-3-2_second_inversion_b5-1-b3_x-x-11-12-11-x,G,diminished,dim,1 b3 b5,advanced_reference,triad_position,triad_4-3-2_second_inversion_b5-1-b3,x-x-11-12-11-x,"[null, null, 11, 12, 11, null]",4-3-2,second_inversion,second_inversion,60,12,1,None None C# G A# None,None None b5 1 b3 None,{}
G_diminished_triad_position_triad_3-2-1_root_position_1-b3-b5_x-x-x-12-11-9,G,diminished,dim,1 b3 b5,advanced_reference,triad_position,triad_3-2-1_root_position_1-b3-b5,x-x-x-12-11-9,"[null, null, null, 12, 11, 9]",3-2-1,root_position,root_position,60,12,3,None None None G A# C#,None None None 1 b3 b5,{}
G_diminished_triad_position_triad_5-4-3_first_inversion_b3-b5-1_x-13-11-12-x-x,G,diminished,dim,1 b3 b5,advanced_reference,triad_position,triad_5-4-3_first_inversion_b3-b5-1,x-13-11-12-x-x,"[null, 13, 11, 12, null, null]",5-4-3,first_inversion_or_suspended_bass,first_inversion,60,13,2,None A# C# G None None,None b3 b5 1 None None,{}
G_diminished_triad_position_triad_6-5-4_root_position_1-b3-b5_15-13-11-x-x-x,G,diminished,dim,1 b3 b5,advanced_reference,triad_position,triad_6-5-4_root_position_1-b3-b5,15-13-11-x-x-x,"[15, 13, 11, null, null, null]",6-5-4,root_position,root_position,60,15,4,G A# C# None None None,1 b3 b5 None None None,{}
G_diminished_triad_position_triad_3-2-1_first_inversion_b3-b5-1_x-x-x-15-14-15,G,diminished,dim,1 b3 b5,advanced_reference,triad_position,triad_3-2-1_first_inversion_b3-b5-1,x-x-x-15-14-15,"[null, null, null, 15, 14, 15]",3-2-1,first_inversion_or_suspended_bass,first_inversion,60,15,1,None None None A# C# G,None None None b3 b5 1,{}
G_diminished_triad_position_triad_5-4-3_second_inversion_b5-1-b3_x-16-17-15-x-x,G,diminished,dim,1 b3 b5,advanced_reference,triad_position,triad_5-4-3_second_inversion_b5-1-b3,x-16-17-15-x-x,"[null, 16, 17, 15, null, null]",5-4-3,second_inversion,second_inversion,60,17,2,None C# G A# None None,None b5 1 b3 None None,{}
G_diminished_triad_position_triad_4-3-2_root_position_1-b3-b5_x-x-17-15-14-x,G,diminished,dim,1 b3 b5,advanced_reference,triad_position,triad_4-3-2_root_position_1-b3-b5,x-x-17-15-14-x,"[null, null, 17, 15, 14, null]",4-3-2,root_position,root_position,60,17,3,None None G A# C# None,None None 1 b3 b5 None,{}
G_diminished_triad_position_triad_6-5-4_first_inversion_b3-b5-1_18-16-17-x-x-x,G,diminished,dim,1 b3 b5,advanced_reference,triad_position,triad_6-5-4_first_inversion_b3-b5-1,18-16-17-x-x-x,"[18, 16, 17, null, null, null]",6-5-4,first_inversion_or_suspended_bass,first_inversion,60,18,2,A# C# G None None None,b3 b5 1 None None None,{}
G_diminished7_movable_diminished_A_root_dim7_diamond_x-10-11-9-11-x,G,diminished7,dim7,1 b3 b5 bb7,intermediate_core,movable_diminished,A_root_dim7_diamond,x-10-11-9-11-x,"[null, 10, 11, 9, 11, null]",,root_position,,45,11,2,None G C# E A# None,None 1 b5 6/bb7 b3 None,{}
G_diminished7_movable_diminished_E_root_dim7_barre_15-x-14-15-14-x,G,diminished7,dim7,1 b3 b5 bb7,intermediate_core,movable_diminished,E_root_dim7_barre,15-x-14-15-14-x,"[15, null, 14, 15, 14, null]",,root_position,,45,15,1,G None E A# C# None,1 None 6/bb7 b3 b5 None,{}
G_diminished7_compact_seventh_position_seventh_5-4-3-2_b3-bb7-1-b5_x-1-2-0-2-x,G,diminished7,dim7,1 b3 b5 bb7,advanced_reference,compact_seventh_position,seventh_5-4-3-2_b3-bb7-1-b5,x-1-2-0-2-x,"[null, 1, 2, 0, 2, null]",5-4-3-2,first_inversion_or_suspended_bass,,80,2,1,None A# E G C# None,None b3 6/bb7 1 b5 None,{}
G_diminished7_compact_seventh_position_seventh_4-3-2-1_bb7-b3-b5-1_x-x-2-3-2-3,G,diminished7,dim7,1 b3 b5 bb7,advanced_reference,compact_seventh_position,seventh_4-3-2-1_bb7-b3-b5-1,x-x-2-3-2-3,"[null, null, 2, 3, 2, 3]",4-3-2-1,seventh_in_bass,,80,3,1,None None E A# C# G,None None 6/bb7 b3 b5 1,{}
G_diminished7_compact_seventh_position_seventh_6-5-4-3_1-b5-bb7-b3_3-4-2-3-x-x,G,diminished7,dim7,1 b3 b5 bb7,advanced_reference,compact_seventh_position,seventh_6-5-4-3_1-b5-bb7-b3,3-4-2-3-x-x,"[3, 4, 2, 3, null, null]",6-5-4-3,root_position,,80,4,2,G C# E A# None None,1 b5 6/bb7 b3 None None,{}
G_diminished7_compact_seventh_position_seventh_6-5-4-3_bb7-b5-1-b3_0-4-5-3-x-x,G,diminished7,dim7,1 b3 b5 bb7,advanced_reference,compact_seventh_position,seventh_6-5-4-3_bb7-b5-1-b3,0-4-5-3-x-x,"[0, 4, 5, 3, null, null]",6-5-4-3,seventh_in_bass,,80,5,2,E C# G A# None None,6/bb7 b5 1 b3 None None,{}
G_diminished7_compact_seventh_position_seventh_5-4-3-2_b5-1-b3-bb7_x-4-5-3-5-x,G,diminished7,dim7,1 b3 b5 bb7,advanced_reference,compact_seventh_position,seventh_5-4-3-2_b5-1-b3-bb7,x-4-5-3-5-x,"[null, 4, 5, 3, 5, null]",5-4-3-2,second_inversion,,80,5,2,None C# G A# E None,None b5 1 b3 6/bb7 None,{}
G_diminished7_compact_seventh_position_seventh_4-3-2-1_1-b3-b5-bb7_x-x-5-3-2-0,G,diminished7,dim7,1 b3 b5 bb7,advanced_reference,compact_seventh_position,seventh_4-3-2-1_1-b3-b5-bb7,x-x-5-3-2-0,"[null, null, 5, 3, 2, 0]",4-3-2-1,root_position,,80,5,3,None None G A# C# E,None None 1 b3 b5 6/bb7,{}
G_diminished7_compact_seventh_position_seventh_4-3-2-1_1-b5-bb7-b3_x-x-5-6-5-6,G,diminished7,dim7,1 b3 b5 bb7,advanced_reference,compact_seventh_position,seventh_4-3-2-1_1-b5-bb7-b3,x-x-5-6-5-6,"[null, null, 5, 6, 5, 6]",4-3-2-1,root_position,,80,6,1,None None G C# E A#,None None 1 b5 6/bb7 b3,{}
G_diminished7_compact_seventh_position_seventh_6-5-4-3_b3-bb7-1-b5_6-7-5-6-x-x,G,diminished7,dim7,1 b3 b5 bb7,advanced_reference,compact_seventh_position,seventh_6-5-4-3_b3-bb7-1-b5,6-7-5-6-x-x,"[6, 7, 5, 6, null, null]",6-5-4-3,first_inversion_or_suspended_bass,,80,7,2,A# E G C# None None,b3 6/bb7 1 b5 None None,{}
G_diminished7_compact_seventh_position_seventh_5-4-3-2_bb7-b3-b5-1_x-7-8-6-8-x,G,diminished7,dim7,1 b3 b5 bb7,advanced_reference,compact_seventh_position,seventh_5-4-3-2_bb7-b3-b5-1,x-7-8-6-8-x,"[null, 7, 8, 6, 8, null]",5-4-3-2,seventh_in_bass,,80,8,2,None E A# C# G None,None 6/bb7 b3 b5 1 None,{}
G_diminished7_compact_seventh_position_seventh_4-3-2-1_b3-bb7-1-b5_x-x-8-9-8-9,G,diminished7,dim7,1 b3 b5 bb7,advanced_reference,compact_seventh_position,seventh_4-3-2-1_b3-bb7-1-b5,x-x-8-9-8-9,"[null, null, 8, 9, 8, 9]",4-3-2-1,first_inversion_or_suspended_bass,,80,9,1,None None A# E G C#,None None b3 6/bb7 1 b5,{}
G_diminished7_compact_seventh_position_seventh_6-5-4-3_b5-1-b3-bb7_9-10-8-9-x-x,G,diminished7,dim7,1 b3 b5 bb7,advanced_reference,compact_seventh_position,seventh_6-5-4-3_b5-1-b3-bb7,9-10-8-9-x-x,"[9, 10, 8, 9, null, null]",6-5-4-3,second_inversion,,80,10,2,C# G A# E None None,b5 1 b3 6/bb7 None None,{}
G_diminished7_compact_seventh_position_seventh_4-3-2-1_b5-1-b3-bb7_x-x-11-12-11-12,G,diminished7,dim7,1 b3 b5 bb7,advanced_reference,compact_seventh_position,seventh_4-3-2-1_b5-1-b3-bb7,x-x-11-12-11-12,"[null, null, 11, 12, 11, 12]",4-3-2-1,second_inversion,,80,12,1,None None C# G A# E,None None b5 1 b3 6/bb7,{}
G_diminished7_compact_seventh_position_seventh_6-5-4-3_bb7-b3-b5-1_12-13-11-12-x-x,G,diminished7,dim7,1 b3 b5 bb7,advanced_reference,compact_seventh_position,seventh_6-5-4-3_bb7-b3-b5-1,12-13-11-12-x-x,"[12, 13, 11, 12, null, null]",6-5-4-3,seventh_in_bass,,80,13,2,E A# C# G None None,6/bb7 b3 b5 1 None None,{}
G_diminished7_compact_seventh_position_seventh_5-4-3-2_b3-bb7-1-b5_x-13-14-12-14-x,G,diminished7,dim7,1 b3 b5 bb7,advanced_reference,compact_seventh_position,seventh_5-4-3-2_b3-bb7-1-b5,x-13-14-12-14-x,"[null, 13, 14, 12, 14, null]",5-4-3-2,first_inversion_or_suspended_bass,,80,14,2,None A# E G C# None,None b3 6/bb7 1 b5 None,{}
G_diminished7_compact_seventh_position_seventh_4-3-2-1_bb7-b3-b5-1_x-x-14-15-14-15,G,diminished7,dim7,1 b3 b5 bb7,advanced_reference,compact_seventh_position,seventh_4-3-2-1_bb7-b3-b5-1,x-x-14-15-14-15,"[null, null, 14, 15, 14, 15]",4-3-2-1,seventh_in_bass,,80,15,1,None None E A# C# G,None None 6/bb7 b3 b5 1,{}
G_diminished7_compact_seventh_position_seventh_6-5-4-3_1-b5-bb7-b3_15-16-14-15-x-x,G,diminished7,dim7,1 b3 b5 bb7,advanced_reference,compact_seventh_position,seventh_6-5-4-3_1-b5-bb7-b3,15-16-14-15-x-x,"[15, 16, 14, 15, null, null]",6-5-4-3,root_position,,80,16,2,G C# E A# None None,1 b5 6/bb7 b3 None None,{}
G_diminished7_compact_seventh_position_seventh_5-4-3-2_b5-1-b3-bb7_x-16-17-15-17-x,G,diminished7,dim7,1 b3 b5 bb7,advanced_reference,compact_seventh_position,seventh_5-4-3-2_b5-1-b3-bb7,x-16-17-15-17-x,"[null, 16, 17, 15, 17, null]",5-4-3-2,second_inversion,,80,17,2,None C# G A# E None,None b5 1 b3 6/bb7 None,{}
G_diminished7_compact_seventh_position_seventh_4-3-2-1_1-b5-bb7-b3_x-x-17-18-17-18,G,diminished7,dim7,1 b3 b5 bb7,advanced_reference,compact_seventh_position,seventh_4-3-2-1_1-b5-bb7-b3,x-x-17-18-17-18,"[null, null, 17, 18, 17, 18]",4-3-2-1,root_position,,80,18,1,None None G C# E A#,None None 1 b5 6/bb7 b3,{}
G_dominant7_caged_seventh_G_shape_7_3-2-0-0-0-1,G,dominant7,7,1 3 5 b7,intermediate_core,caged_seventh,G_shape_7,3-2-0-0-0-1,"[3, 2, 0, 0, 0, 1]",,root_position,,35,3,2,G B D G B F,1 3 5 1 3 b7,{}
G_dominant7_caged_seventh_E_shape_7_3-5-3-4-3-3,G,dominant7,7,1 3 5 b7,intermediate_core,caged_seventh,E_shape_7,3-5-3-4-3-3,"[3, 5, 3, 4, 3, 3]",,root_position,,35,5,2,G D F B D G,1 5 b7 3 5 1,{}
G_dominant7_caged_seventh_D_shape_7_x-x-5-7-6-7,G,dominant7,7,1 3 5 b7,intermediate_core,caged_seventh,D_shape_7,x-x-5-7-6-7,"[null, null, 5, 7, 6, 7]",,root_position,,35,7,2,None None G D F B,None None 1 5 b7 3,{}
G_dominant7_caged_seventh_A_shape_7_x-10-12-10-12-10,G,dominant7,7,1 3 5 b7,intermediate_core,caged_seventh,A_shape_7,x-10-12-10-12-10,"[null, 10, 12, 10, 12, 10]",,root_position,,35,12,2,None G D F B D,None 1 5 b7 3 5,{}
G_dominant7_compact_seventh_position_seventh_4-3-2-1_5-1-3-b7_x-x-0-0-0-1,G,dominant7,7,1 3 5 b7,advanced_reference,compact_seventh_position,seventh_4-3-2-1_5-1-3-b7,x-x-0-0-0-1,"[null, null, 0, 0, 0, 1]",4-3-2-1,second_inversion,,80,1,0,None None D G B F,None None 5 1 3 b7,{}
G_dominant7_compact_seventh_position_seventh_6-5-4-3_b7-3-5-1_1-2-0-0-x-x,G,dominant7,7,1 3 5 b7,advanced_reference,compact_seventh_position,seventh_6-5-4-3_b7-3-5-1,1-2-0-0-x-x,"[1, 2, 0, 0, null, null]",6-5-4-3,seventh_in_bass,,80,2,1,F B D G None None,b7 3 5 1 None None,{}
G_dominant7_compact_seventh_position_seventh_5-4-3-2_3-b7-1-5_x-2-3-0-3-x,G,dominant7,7,1 3 5 b7,advanced_reference,compact_seventh_position,seventh_5-4-3-2_3-b7-1-5,x-2-3-0-3-x,"[null, 2, 3, 0, 3, null]",5-4-3-2,first_inversion_or_suspended_bass,,80,3,1,None B F G D None,None 3 b7 1 5 None,{}
G_dominant7_compact_seventh_position_seventh_4-3-2-1_b7-3-5-1_x-x-3-4-3-3,G,dominant7,7,1 3 5 b7,advanced_reference,compact_seventh_position,seventh_4-3-2-1_b7-3-5-1,x-x-3-4-3-3,"[null, null, 3, 4, 3, 3]",4-3-2-1,seventh_in_bass,,80,4,1,None None F B D G,None None b7 3 5 1,{}
G_dominant7_compact_seventh_position_seventh_6-5-4-3_b7-5-1-3_1-5-5-4-x-x,G,dominant7,7,1 3 5 b7,advanced_reference,compact_seventh_position,seventh_6-5-4-3_b7-5-1-3,1-5-5-4-x-x,"[1, 5, 5, 4, null, null]",6-5-4-3,seventh_in_bass,,80,5,4,F D G B None None,b7 5 1 3 None None,{}
G_dominant7_compact_seventh_position_seventh_6-5-4-3_1-5-b7-3_3-5-3-4-x-x,G,dominant7,7,1 3 5 b7,advanced_reference,compact_seventh_position,seventh_6-5-4-3_1-5-b7-3,3-5-3-4-x-x,"[3, 5, 3, 4, null, null]",6-5-4-3,root_position,,80,5,2,G D F B None None,1 5 b7 3 None None,{}
G_dominant7_compact_seventh_position_seventh_5-4-3-2_5-b7-1-3_x-5-3-0-0-x,G,dominant7,7,1 3 5 b7,advanced_reference,compact_seventh_position,seventh_5-4-3-2_5-b7-1-3,x-5-3-0-0-x,"[null, 5, 3, 0, 0, null]",5-4-3-2,second_inversion,,80,5,2,None D F G B None,None 5 b7 1 3 None,{}
G_dominant7_compact_seventh_position_seventh_4-3-2-1_1-3-5-b7_x-x-5-4-3-1,G,dominant7,7,1 3 5 b7,advanced_reference,compact_seventh_position,seventh_4-3-2-1_1-3-5-b7,x-x-5-4-3-1,"[null, null, 5, 4, 3, 1]",4-3-2-1,root_position,,80,5,4,None None G B D F,None None 1 3 5 b7,{}
G_dominant7_compact_seventh_position_seventh_5-4-3-2_5-1-3-b7_x-5-5-4-6-x,G,dominant7,7,1 3 5 b7,advanced_reference,compact_seventh_position,seventh_5-4-3-2_5-1-3-b7,x-5-5-4-6-x,"[null, 5, 5, 4, 6, null]",5-4-3-2,second_inversion,,80,6,2,None D G B F None,None 5 1 3 b7 None,{}
G_dominant7_compact_seventh_position_seventh_6-5-4-3_3-b7-1-5_7-8-5-7-x-x,G,dominant7,7,1 3 5 b7,advanced_reference,compact_seventh_position,seventh_6-5-4-3_3-b7-1-5,7-8-5-7-x-x,"[7, 8, 5, 7, null, null]",6-5-4-3,first_inversion_or_suspended_bass,,80,8,3,B F G D None None,3 b7 1 5 None None,{}
G_dominant7_compact_seventh_position_seventh_5-4-3-2_b7-3-5-1_x-8-9-7-8-x,G,dominant7,7,1 3 5 b7,advanced_reference,compact_seventh_position,seventh_5-4-3-2_b7-3-5-1,x-8-9-7-8-x,"[null, 8, 9, 7, 8, null]",5-4-3-2,seventh_in_bass,,80,9,2,None F B D G None,None b7 3 5 1 None,{}
G_dominant7_compact_seventh_position_seventh_6-5-4-3_5-1-3-b7_10-10-9-10-x-x,G,dominant7,7,1 3 5 b7,advanced_reference,compact_seventh_position,seventh_6-5-4-3_5-1-3-b7,10-10-9-10-x-x,"[10, 10, 9, 10, null, null]",6-5-4-3,second_inversion,,80,10,1,D G B F None None,5 1 3 b7 None None,{}
G_dominant7_compact_seventh_position_seventh_5-4-3-2_1-3-5-b7_x-10-9-7-6-x,G,dominant7,7,1 3 5 b7,advanced_reference,compact_seventh_position,seventh_5-4-3-2_1-3-5-b7,x-10-9-7-6-x,"[null, 10, 9, 7, 6, null]",5-4-3-2,root_position,,80,10,4,None G B D F None,None 1 3 5 b7 None,{}
G_dominant7_compact_seventh_position_seventh_4-3-2-1_3-b7-1-5_x-x-9-10-8-10,G,dominant7,7,1 3 5 b7,advanced_reference,compact_seventh_position,seventh_4-3-2-1_3-b7-1-5,x-x-9-10-8-10,"[null, null, 9, 10, 8, 10]",4-3-2-1,first_inversion_or_suspended_bass,,80,10,2,None None B F G D,None None 3 b7 1 5,{}
G_dominant7_compact_seventh_position_seventh_6-5-4-3_5-b7-3-1_10-8-9-12-x-x,G,dominant7,7,1 3 5 b7,advanced_reference,compact_seventh_position,seventh_6-5-4-3_5-b7-3-1,10-8-9-12-x-x,"[10, 8, 9, 12, null, null]",6-5-4-3,second_inversion,,80,12,4,D F B G None None,5 b7 3 1 None None,{}
G_dominant7_compact_seventh_position_seventh_5-4-3-2_1-5-b7-3_x-10-12-10-12-x,G,dominant7,7,1 3 5 b7,advanced_reference,compact_seventh_position,seventh_5-4-3-2_1-5-b7-3,x-10-12-10-12-x,"[null, 10, 12, 10, 12, null]",5-4-3-2,root_position,,80,12,2,None G D F B None,None 1 5 b7 3 None,{}
G_dominant7_compact_seventh_position_seventh_5-4-3-2_b7-5-1-3_x-8-12-12-12-x,G,dominant7,7,1 3 5 b7,advanced_reference,compact_seventh_position,seventh_5-4-3-2_b7-5-1-3,x-8-12-12-12-x,"[null, 8, 12, 12, 12, null]",5-4-3-2,seventh_in_bass,,80,12,4,None F D G B None,None b7 5 1 3 None,{}
G_dominant7_compact_seventh_position_seventh_4-3-2-1_5-1-3-b7_x-x-12-12-12-13,G,dominant7,7,1 3 5 b7,advanced_reference,compact_seventh_position,seventh_4-3-2-1_5-1-3-b7,x-x-12-12-12-13,"[null, null, 12, 12, 12, 13]",4-3-2-1,second_inversion,,80,13,1,None None D G B F,None None 5 1 3 b7,{}
G_dominant7_compact_seventh_position_seventh_6-5-4-3_b7-3-5-1_13-14-12-12-x-x,G,dominant7,7,1 3 5 b7,advanced_reference,compact_seventh_position,seventh_6-5-4-3_b7-3-5-1,13-14-12-12-x-x,"[13, 14, 12, 12, null, null]",6-5-4-3,seventh_in_bass,,80,14,2,F B D G None None,b7 3 5 1 None None,{}
G_dominant7_compact_seventh_position_seventh_5-4-3-2_3-b7-1-5_x-14-15-12-15-x,G,dominant7,7,1 3 5 b7,advanced_reference,compact_seventh_position,seventh_5-4-3-2_3-b7-1-5,x-14-15-12-15-x,"[null, 14, 15, 12, 15, null]",5-4-3-2,first_inversion_or_suspended_bass,,80,15,3,None B F G D None,None 3 b7 1 5 None,{}
G_dominant7_compact_seventh_position_seventh_4-3-2-1_b7-3-5-1_x-x-15-16-15-15,G,dominant7,7,1 3 5 b7,advanced_reference,compact_seventh_position,seventh_4-3-2-1_b7-3-5-1,x-x-15-16-15-15,"[null, null, 15, 16, 15, 15]",4-3-2-1,seventh_in_bass,,80,16,1,None None F B D G,None None b7 3 5 1,{}
G_dominant7_compact_seventh_position_seventh_6-5-4-3_b7-5-1-3_13-17-17-16-x-x,G,dominant7,7,1 3 5 b7,advanced_reference,compact_seventh_position,seventh_6-5-4-3_b7-5-1-3,13-17-17-16-x-x,"[13, 17, 17, 16, null, null]",6-5-4-3,seventh_in_bass,,80,17,4,F D G B None None,b7 5 1 3 None None,{}
G_dominant7_compact_seventh_position_seventh_6-5-4-3_1-5-b7-3_15-17-15-16-x-x,G,dominant7,7,1 3 5 b7,advanced_reference,compact_seventh_position,seventh_6-5-4-3_1-5-b7-3,15-17-15-16-x-x,"[15, 17, 15, 16, null, null]",6-5-4-3,root_position,,80,17,2,G D F B None None,1 5 b7 3 None None,{}
G_dominant7_compact_seventh_position_seventh_4-3-2-1_1-3-5-b7_x-x-17-16-15-13,G,dominant7,7,1 3 5 b7,advanced_reference,compact_seventh_position,seventh_4-3-2-1_1-3-5-b7,x-x-17-16-15-13,"[null, null, 17, 16, 15, 13]",4-3-2-1,root_position,,80,17,4,None None G B D F,None None 1 3 5 b7,{}
G_dominant7_compact_seventh_position_seventh_5-4-3-2_5-1-3-b7_x-17-17-16-18-x,G,dominant7,7,1 3 5 b7,advanced_reference,compact_seventh_position,seventh_5-4-3-2_5-1-3-b7,x-17-17-16-18-x,"[null, 17, 17, 16, 18, null]",5-4-3-2,second_inversion,,80,18,2,None D G B F None,None 5 1 3 b7 None,{}
G_half_diminished7_movable_diminished_A_root_m7b5_x-10-11-10-11-x,G,half_diminished7,m7b5,1 b3 b5 b7,intermediate_core,movable_diminished,A_root_m7b5,x-10-11-10-11-x,"[null, 10, 11, 10, 11, null]",,root_position,,45,11,1,None G C# F A# None,None 1 b5 b7 b3 None,{}
G_half_diminished7_movable_diminished_E_root_m7b5_15-x-15-15-14-x,G,half_diminished7,m7b5,1 b3 b5 b7,intermediate_core,movable_diminished,E_root_m7b5,15-x-15-15-14-x,"[15, null, 15, 15, 14, null]",,root_position,,45,15,1,G None F A# C# None,1 None b7 b3 b5 None,{}
G_half_diminished7_compact_seventh_position_seventh_5-4-3-2_b3-b7-1-b5_x-1-3-0-2-x,G,half_diminished7,m7b5,1 b3 b5 b7,advanced_reference,compact_seventh_position,seventh_5-4-3-2_b3-b7-1-b5,x-1-3-0-2-x,"[null, 1, 3, 0, 2, null]",5-4-3-2,first_inversion_or_suspended_bass,,80,3,2,None A# F G C# None,None b3 b7 1 b5 None,{}
G_half_diminished7_compact_seventh_position_seventh_4-3-2-1_b7-b3-b5-1_x-x-3-3-2-3,G,half_diminished7,m7b5,1 b3 b5 b7,advanced_reference,compact_seventh_position,seventh_4-3-2-1_b7-b3-b5-1,x-x-3-3-2-3,"[null, null, 3, 3, 2, 3]",4-3-2-1,seventh_in_bass,,80,3,1,None None F A# C# G,None None b7 b3 b5 1,{}
G_half_diminished7_compact_seventh_position_seventh_6-5-4-3_1-b5-b7-b3_3-4-3-3-x-x,G,half_diminished7,m7b5,1 b3 b5 b7,advanced_reference,compact_seventh_position,seventh_6-5-4-3_1-b5-b7-b3,3-4-3-3-x-x,"[3, 4, 3, 3, null, null]",6-5-4-3,root_position,,80,4,1,G C# F A# None None,1 b5 b7 b3 None None,{}
G_half_diminished7_compact_seventh_position_seventh_6-5-4-3_b7-b5-1-b3_1-4-5-3-x-x,G,half_diminished7,m7b5,1 b3 b5 b7,advanced_reference,compact_seventh_position,seventh_6-5-4-3_b7-b5-1-b3,1-4-5-3-x-x,"[1, 4, 5, 3, null, null]",6-5-4-3,seventh_in_bass,,80,5,4,F C# G A# None None,b7 b5 1 b3 None None,{}
G_half_diminished7_compact_seventh_position_seventh_4-3-2-1_1-b3-b5-b7_x-x-5-3-2-1,G,half_diminished7,m7b5,1 b3 b5 b7,advanced_reference,compact_seventh_position,seventh_4-3-2-1_1-b3-b5-b7,x-x-5-3-2-1,"[null, null, 5, 3, 2, 1]",4-3-2-1,root_position,,80,5,4,None None G A# C# F,None None 1 b3 b5 b7,{}
G_half_diminished7_compact_seventh_position_seventh_5-4-3-2_b5-1-b3-b7_x-4-5-3-6-x,G,half_diminished7,m7b5,1 b3 b5 b7,advanced_reference,compact_seventh_position,seventh_5-4-3-2_b5-1-b3-b7,x-4-5-3-6-x,"[null, 4, 5, 3, 6, null]",5-4-3-2,second_inversion,,80,6,3,None C# G A# F None,None b5 1 b3 b7 None,{}
G_half_diminished7_compact_seventh_position_seventh_4-3-2-1_1-b5-b7-b3_x-x-5-6-6-6,G,half_diminished7,m7b5,1 b3 b5 b7,advanced_reference,compact_seventh_position,seventh_4-3-2-1_1-b5-b7-b3,x-x-5-6-6-6,"[null, null, 5, 6, 6, 6]",4-3-2-1,root_position,,80,6,1,None None G C# F A#,None None 1 b5 b7 b3,{}
G_half_diminished7_compact_seventh_position_seventh_6-5-4-3_b3-b7-1-b5_6-8-5-6-x-x,G,half_diminished7,m7b5,1 b3 b5 b7,advanced_reference,compact_seventh_position,seventh_6-5-4-3_b3-b7-1-b5,6-8-5-6-x-x,"[6, 8, 5, 6, null, null]",6-5-4-3,first_inversion_or_suspended_bass,,80,8,3,A# F G C# None None,b3 b7 1 b5 None None,{}
G_half_diminished7_compact_seventh_position_seventh_5-4-3-2_b7-b3-b5-1_x-8-8-6-8-x,G,half_diminished7,m7b5,1 b3 b5 b7,advanced_reference,compact_seventh_position,seventh_5-4-3-2_b7-b3-b5-1,x-8-8-6-8-x,"[null, 8, 8, 6, 8, null]",5-4-3-2,seventh_in_bass,,80,8,2,None F A# C# G None,None b7 b3 b5 1 None,{}
G_half_diminished7_compact_seventh_position_seventh_6-5-4-3_b5-1-b3-b7_9-10-8-10-x-x,G,half_diminished7,m7b5,1 b3 b5 b7,advanced_reference,compact_seventh_position,seventh_6-5-4-3_b5-1-b3-b7,9-10-8-10-x-x,"[9, 10, 8, 10, null, null]",6-5-4-3,second_inversion,,80,10,2,C# G A# F None None,b5 1 b3 b7 None None,{}
G_half_diminished7_compact_seventh_position_seventh_5-4-3-2_1-b3-b5-b7_x-10-8-6-6-x,G,half_diminished7,m7b5,1 b3 b5 b7,advanced_reference,compact_seventh_position,seventh_5-4-3-2_1-b3-b5-b7,x-10-8-6-6-x,"[null, 10, 8, 6, 6, null]",5-4-3-2,root_position,,80,10,4,None G A# C# F None,None 1 b3 b5 b7 None,{}
G_half_diminished7_compact_seventh_position_seventh_4-3-2-1_b3-b7-1-b5_x-x-8-10-8-9,G,half_diminished7,m7b5,1 b3 b5 b7,advanced_reference,compact_seventh_position,seventh_4-3-2-1_b3-b7-1-b5,x-x-8-10-8-9,"[null, null, 8, 10, 8, 9]",4-3-2-1,first_inversion_or_suspended_bass,,80,10,2,None None A# F G C#,None None b3 b7 1 b5,{}
G_half_diminished7_compact_seventh_position_seventh_6-5-4-3_b5-b7-b3-1_9-8-8-12-x-x,G,half_diminished7,m7b5,1 b3 b5 b7,advanced_reference,compact_seventh_position,seventh_6-5-4-3_b5-b7-b3-1,9-8-8-12-x-x,"[9, 8, 8, 12, null, null]",6-5-4-3,second_inversion,,80,12,4,C# F A# G None None,b5 b7 b3 1 None None,{}
G_half_diminished7_compact_seventh_position_seventh_5-4-3-2_b7-b5-1-b3_x-8-11-12-11-x,G,half_diminished7,m7b5,1 b3 b5 b7,advanced_reference,compact_seventh_position,seventh_5-4-3-2_b7-b5-1-b3,x-8-11-12-11-x,"[null, 8, 11, 12, 11, null]",5-4-3-2,seventh_in_bass,,80,12,4,None F C# G A# None,None b7 b5 1 b3 None,{}
G_half_diminished7_compact_seventh_position_seventh_6-5-4-3_b7-b3-b5-1_13-13-11-12-x-x,G,half_diminished7,m7b5,1 b3 b5 b7,advanced_reference,compact_seventh_position,seventh_6-5-4-3_b7-b3-b5-1,13-13-11-12-x-x,"[13, 13, 11, 12, null, null]",6-5-4-3,seventh_in_bass,,80,13,2,F A# C# G None None,b7 b3 b5 1 None None,{}
G_half_diminished7_compact_seventh_position_seventh_4-3-2-1_b5-1-b3-b7_x-x-11-12-11-13,G,half_diminished7,m7b5,1 b3 b5 b7,advanced_reference,compact_seventh_position,seventh_4-3-2-1_b5-1-b3-b7,x-x-11-12-11-13,"[null, null, 11, 12, 11, 13]",4-3-2-1,second_inversion,,80,13,2,None None C# G A# F,None None b5 1 b3 b7,{}
G_half_diminished7_compact_seventh_position_seventh_5-4-3-2_b3-b7-1-b5_x-13-15-12-14-x,G,half_diminished7,m7b5,1 b3 b5 b7,advanced_reference,compact_seventh_position,seventh_5-4-3-2_b3-b7-1-b5,x-13-15-12-14-x,"[null, 13, 15, 12, 14, null]",5-4-3-2,first_inversion_or_suspended_bass,,80,15,3,None A# F G C# None,None b3 b7 1 b5 None,{}
G_half_diminished7_compact_seventh_position_seventh_4-3-2-1_b7-b3-b5-1_x-x-15-15-14-15,G,half_diminished7,m7b5,1 b3 b5 b7,advanced_reference,compact_seventh_position,seventh_4-3-2-1_b7-b3-b5-1,x-x-15-15-14-15,"[null, null, 15, 15, 14, 15]",4-3-2-1,seventh_in_bass,,80,15,1,None None F A# C# G,None None b7 b3 b5 1,{}
G_half_diminished7_compact_seventh_position_seventh_6-5-4-3_1-b5-b7-b3_15-16-15-15-x-x,G,half_diminished7,m7b5,1 b3 b5 b7,advanced_reference,compact_seventh_position,seventh_6-5-4-3_1-b5-b7-b3,15-16-15-15-x-x,"[15, 16, 15, 15, null, null]",6-5-4-3,root_position,,80,16,1,G C# F A# None None,1 b5 b7 b3 None None,{}
G_half_diminished7_compact_seventh_position_seventh_6-5-4-3_b7-b5-1-b3_13-16-17-15-x-x,G,half_diminished7,m7b5,1 b3 b5 b7,advanced_reference,compact_seventh_position,seventh_6-5-4-3_b7-b5-1-b3,13-16-17-15-x-x,"[13, 16, 17, 15, null, null]",6-5-4-3,seventh_in_bass,,80,17,4,F C# G A# None None,b7 b5 1 b3 None None,{}
G_half_diminished7_compact_seventh_position_seventh_4-3-2-1_1-b3-b5-b7_x-x-17-15-14-13,G,half_diminished7,m7b5,1 b3 b5 b7,advanced_reference,compact_seventh_position,seventh_4-3-2-1_1-b3-b5-b7,x-x-17-15-14-13,"[null, null, 17, 15, 14, 13]",4-3-2-1,root_position,,80,17,4,None None G A# C# F,None None 1 b3 b5 b7,{}
G_half_diminished7_compact_seventh_position_seventh_5-4-3-2_b5-1-b3-b7_x-16-17-15-18-x,G,half_diminished7,m7b5,1 b3 b5 b7,advanced_reference,compact_seventh_position,seventh_5-4-3-2_b5-1-b3-b7,x-16-17-15-18-x,"[null, 16, 17, 15, 18, null]",5-4-3-2,second_inversion,,80,18,3,None C# G A# F None,None b5 1 b3 b7 None,{}
G_half_diminished7_compact_seventh_position_seventh_4-3-2-1_1-b5-b7-b3_x-x-17-18-18-18,G,half_diminished7,m7b5,1 b3 b5 b7,advanced_reference,compact_seventh_position,seventh_4-3-2-1_1-b5-b7-b3,x-x-17-18-18-18,"[null, null, 17, 18, 18, 18]",4-3-2-1,root_position,,80,18,1,None None G C# F A#,None None 1 b5 b7 b3,{}
G_m7_caged_seventh_E_shape_m7_3-5-3-3-3-3,G,m7,m7,1 b3 5 b7,intermediate_core,caged_seventh,E_shape_m7,3-5-3-3-3-3,"[3, 5, 3, 3, 3, 3]",,root_position,,35,5,2,G D F A# D G,1 5 b7 b3 5 1,{}
G_m7_caged_seventh_D_shape_m7_x-x-5-7-6-6,G,m7,m7,1 b3 5 b7,intermediate_core,caged_seventh,D_shape_m7,x-x-5-7-6-6,"[null, null, 5, 7, 6, 6]",,root_position,,35,7,2,None None G D F A#,None None 1 5 b7 b3,{}
G_m7_caged_seventh_A_shape_m7_x-10-12-10-11-10,G,m7,m7,1 b3 5 b7,intermediate_core,caged_seventh,A_shape_m7,x-10-12-10-11-10,"[null, 10, 12, 10, 11, 10]",,root_position,,35,12,2,None G D F A# D,None 1 5 b7 b3 5,{}
G_m7_compact_seventh_position_seventh_6-5-4-3_b7-b3-5-1_1-1-0-0-x-x,G,m7,m7,1 b3 5 b7,advanced_reference,compact_seventh_position,seventh_6-5-4-3_b7-b3-5-1,1-1-0-0-x-x,"[1, 1, 0, 0, null, null]",6-5-4-3,seventh_in_bass,,80,1,0,F A# D G None None,b7 b3 5 1 None None,{}
G_m7_compact_seventh_position_seventh_5-4-3-2_b3-b7-1-5_x-1-3-0-3-x,G,m7,m7,1 b3 5 b7,advanced_reference,compact_seventh_position,seventh_5-4-3-2_b3-b7-1-5,x-1-3-0-3-x,"[null, 1, 3, 0, 3, null]",5-4-3-2,first_inversion_or_suspended_bass,,80,3,2,None A# F G D None,None b3 b7 1 5 None,{}
G_m7_compact_seventh_position_seventh_4-3-2-1_b7-b3-5-1_x-x-3-3-3-3,G,m7,m7,1 b3 5 b7,advanced_reference,compact_seventh_position,seventh_4-3-2-1_b7-b3-5-1,x-x-3-3-3-3,"[null, null, 3, 3, 3, 3]",4-3-2-1,seventh_in_bass,,80,3,0,None None F A# D G,None None b7 b3 5 1,{}
G_m7_compact_seventh_position_seventh_6-5-4-3_b7-5-1-b3_1-5-5-3-x-x,G,m7,m7,1 b3 5 b7,advanced_reference,compact_seventh_position,seventh_6-5-4-3_b7-5-1-b3,1-5-5-3-x-x,"[1, 5, 5, 3, null, null]",6-5-4-3,seventh_in_bass,,80,5,4,F D G A# None None,b7 5 1 b3 None None,{}
G_m7_compact_seventh_position_seventh_6-5-4-3_1-5-b7-b3_3-5-3-3-x-x,G,m7,m7,1 b3 5 b7,advanced_reference,compact_seventh_position,seventh_6-5-4-3_1-5-b7-b3,3-5-3-3-x-x,"[3, 5, 3, 3, null, null]",6-5-4-3,root_position,,80,5,2,G D F A# None None,1 5 b7 b3 None None,{}
G_m7_compact_seventh_position_seventh_4-3-2-1_1-b3-5-b7_x-x-5-3-3-1,G,m7,m7,1 b3 5 b7,advanced_reference,compact_seventh_position,seventh_4-3-2-1_1-b3-5-b7,x-x-5-3-3-1,"[null, null, 5, 3, 3, 1]",4-3-2-1,root_position,,80,5,4,None None G A# D F,None None 1 b3 5 b7,{}
G_m7_compact_seventh_position_seventh_5-4-3-2_5-1-b3-b7_x-5-5-3-6-x,G,m7,m7,1 b3 5 b7,advanced_reference,compact_seventh_position,seventh_5-4-3-2_5-1-b3-b7,x-5-5-3-6-x,"[null, 5, 5, 3, 6, null]",5-4-3-2,second_inversion,,80,6,3,None D G A# F None,None 5 1 b3 b7 None,{}
G_m7_compact_seventh_position_seventh_6-5-4-3_b3-b7-1-5_6-8-5-7-x-x,G,m7,m7,1 b3 5 b7,advanced_reference,compact_seventh_position,seventh_6-5-4-3_b3-b7-1-5,6-8-5-7-x-x,"[6, 8, 5, 7, null, null]",6-5-4-3,first_inversion_or_suspended_bass,,80,8,3,A# F G D None None,b3 b7 1 5 None None,{}
G_m7_compact_seventh_position_seventh_5-4-3-2_b7-b3-5-1_x-8-8-7-8-x,G,m7,m7,1 b3 5 b7,advanced_reference,compact_seventh_position,seventh_5-4-3-2_b7-b3-5-1,x-8-8-7-8-x,"[null, 8, 8, 7, 8, null]",5-4-3-2,seventh_in_bass,,80,8,1,None F A# D G None,None b7 b3 5 1 None,{}
G_m7_compact_seventh_position_seventh_6-5-4-3_5-1-b3-b7_10-10-8-10-x-x,G,m7,m7,1 b3 5 b7,advanced_reference,compact_seventh_position,seventh_6-5-4-3_5-1-b3-b7,10-10-8-10-x-x,"[10, 10, 8, 10, null, null]",6-5-4-3,second_inversion,,80,10,2,D G A# F None None,5 1 b3 b7 None None,{}
G_m7_compact_seventh_position_seventh_5-4-3-2_1-b3-5-b7_x-10-8-7-6-x,G,m7,m7,1 b3 5 b7,advanced_reference,compact_seventh_position,seventh_5-4-3-2_1-b3-5-b7,x-10-8-7-6-x,"[null, 10, 8, 7, 6, null]",5-4-3-2,root_position,,80,10,4,None G A# D F None,None 1 b3 5 b7 None,{}
G_m7_compact_seventh_position_seventh_4-3-2-1_b3-b7-1-5_x-x-8-10-8-10,G,m7,m7,1 b3 5 b7,advanced_reference,compact_seventh_position,seventh_4-3-2-1_b3-b7-1-5,x-x-8-10-8-10,"[null, null, 8, 10, 8, 10]",4-3-2-1,first_inversion_or_suspended_bass,,80,10,2,None None A# F G D,None None b3 b7 1 5,{}
G_m7_compact_seventh_position_seventh_6-5-4-3_5-b7-b3-1_10-8-8-12-x-x,G,m7,m7,1 b3 5 b7,advanced_reference,compact_seventh_position,seventh_6-5-4-3_5-b7-b3-1,10-8-8-12-x-x,"[10, 8, 8, 12, null, null]",6-5-4-3,second_inversion,,80,12,4,D F A# G None None,5 b7 b3 1 None None,{}
G_m7_compact_seventh_position_seventh_5-4-3-2_1-5-b7-b3_x-10-12-10-11-x,G,m7,m7,1 b3 5 b7,advanced_reference,compact_seventh_position,seventh_5-4-3-2_1-5-b7-b3,x-10-12-10-11-x,"[null, 10, 12, 10, 11, null]",5-4-3-2,root_position,,80,12,2,None G D F A# None,None 1 5 b7 b3 None,{}
G_m7_compact_seventh_position_seventh_5-4-3-2_b7-5-1-b3_x-8-12-12-11-x,G,m7,m7,1 b3 5 b7,advanced_reference,compact_seventh_position,seventh_5-4-3-2_b7-5-1-b3,x-8-12-12-11-x,"[null, 8, 12, 12, 11, null]",5-4-3-2,seventh_in_bass,,80,12,4,None F D G A# None,None b7 5 1 b3 None,{}
G_m7_compact_seventh_position_seventh_6-5-4-3_b7-b3-5-1_13-13-12-12-x-x,G,m7,m7,1 b3 5 b7,advanced_reference,compact_seventh_position,seventh_6-5-4-3_b7-b3-5-1,13-13-12-12-x-x,"[13, 13, 12, 12, null, null]",6-5-4-3,seventh_in_bass,,80,13,1,F A# D G None None,b7 b3 5 1 None None,{}
G_m7_compact_seventh_position_seventh_4-3-2-1_5-1-b3-b7_x-x-12-12-11-13,G,m7,m7,1 b3 5 b7,advanced_reference,compact_seventh_position,seventh_4-3-2-1_5-1-b3-b7,x-x-12-12-11-13,"[null, null, 12, 12, 11, 13]",4-3-2-1,second_inversion,,80,13,2,None None D G A# F,None None 5 1 b3 b7,{}
G_m7_compact_seventh_position_seventh_5-4-3-2_b3-b7-1-5_x-13-15-12-15-x,G,m7,m7,1 b3 5 b7,advanced_reference,compact_seventh_position,seventh_5-4-3-2_b3-b7-1-5,x-13-15-12-15-x,"[null, 13, 15, 12, 15, null]",5-4-3-2,first_inversion_or_suspended_bass,,80,15,3,None A# F G D None,None b3 b7 1 5 None,{}
G_m7_compact_seventh_position_seventh_4-3-2-1_b7-b3-5-1_x-x-15-15-15-15,G,m7,m7,1 b3 5 b7,advanced_reference,compact_seventh_position,seventh_4-3-2-1_b7-b3-5-1,x-x-15-15-15-15,"[null, null, 15, 15, 15, 15]",4-3-2-1,seventh_in_bass,,80,15,0,None None F A# D G,None None b7 b3 5 1,{}
G_m7_compact_seventh_position_seventh_6-5-4-3_b7-5-1-b3_13-17-17-15-x-x,G,m7,m7,1 b3 5 b7,advanced_reference,compact_seventh_position,seventh_6-5-4-3_b7-5-1-b3,13-17-17-15-x-x,"[13, 17, 17, 15, null, null]",6-5-4-3,seventh_in_bass,,80,17,4,F D G A# None None,b7 5 1 b3 None None,{}
G_m7_compact_seventh_position_seventh_6-5-4-3_1-5-b7-b3_15-17-15-15-x-x,G,m7,m7,1 b3 5 b7,advanced_reference,compact_seventh_position,seventh_6-5-4-3_1-5-b7-b3,15-17-15-15-x-x,"[15, 17, 15, 15, null, null]",6-5-4-3,root_position,,80,17,2,G D F A# None None,1 5 b7 b3 None None,{}
G_m7_compact_seventh_position_seventh_4-3-2-1_1-b3-5-b7_x-x-17-15-15-13,G,m7,m7,1 b3 5 b7,advanced_reference,compact_seventh_position,seventh_4-3-2-1_1-b3-5-b7,x-x-17-15-15-13,"[null, null, 17, 15, 15, 13]",4-3-2-1,root_position,,80,17,4,None None G A# D F,None None 1 b3 5 b7,{}
G_m7_compact_seventh_position_seventh_5-4-3-2_5-1-b3-b7_x-17-17-15-18-x,G,m7,m7,1 b3 5 b7,advanced_reference,compact_seventh_position,seventh_5-4-3-2_5-1-b3-b7,x-17-17-15-18-x,"[null, 17, 17, 15, 18, null]",5-4-3-2,second_inversion,,80,18,3,None D G A# F None,None 5 1 b3 b7 None,{}
G_maj7_caged_seventh_G_shape_maj7_3-x-4-4-3-x,G,maj7,maj7,1 3 5 7,intermediate_core,caged_seventh,G_shape_maj7,3-x-4-4-3-x,"[3, null, 4, 4, 3, null]",,root_position,,35,4,1,G None F# B D None,1 None 7 3 5 None,{}
G_maj7_caged_seventh_E_shape_maj7_3-5-4-4-3-3,G,maj7,maj7,1 3 5 7,intermediate_core,caged_seventh,E_shape_maj7,3-5-4-4-3-3,"[3, 5, 4, 4, 3, 3]",,root_position,,35,5,2,G D F# B D G,1 5 7 3 5 1,{}
G_maj7_caged_seventh_A_shape_maj7_x-10-12-11-12-10,G,maj7,maj7,1 3 5 7,intermediate_core,caged_seventh,A_shape_maj7,x-10-12-11-12-10,"[null, 10, 12, 11, 12, 10]",,root_position,,35,12,2,None G D F# B D,None 1 5 7 3 5,{}
G_maj7_compact_seventh_position_seventh_6-5-4-3_7-3-5-1_2-2-0-0-x-x,G,maj7,maj7,1 3 5 7,advanced_reference,compact_seventh_position,seventh_6-5-4-3_7-3-5-1,2-2-0-0-x-x,"[2, 2, 0, 0, null, null]",6-5-4-3,seventh_in_bass,,80,2,0,F# B D G None None,7 3 5 1 None None,{}
G_maj7_compact_seventh_position_seventh_4-3-2-1_5-1-3-7_x-x-0-0-0-2,G,maj7,maj7,1 3 5 7,advanced_reference,compact_seventh_position,seventh_4-3-2-1_5-1-3-7,x-x-0-0-0-2,"[null, null, 0, 0, 0, 2]",4-3-2-1,second_inversion,,80,2,0,None None D G B F#,None None 5 1 3 7,{}
G_maj7_compact_seventh_position_seventh_5-4-3-2_3-7-1-5_x-2-4-0-3-x,G,maj7,maj7,1 3 5 7,advanced_reference,compact_seventh_position,seventh_5-4-3-2_3-7-1-5,x-2-4-0-3-x,"[null, 2, 4, 0, 3, null]",5-4-3-2,first_inversion_or_suspended_bass,,80,4,2,None B F# G D None,None 3 7 1 5 None,{}
G_maj7_compact_seventh_position_seventh_4-3-2-1_7-3-5-1_x-x-4-4-3-3,G,maj7,maj7,1 3 5 7,advanced_reference,compact_seventh_position,seventh_4-3-2-1_7-3-5-1,x-x-4-4-3-3,"[null, null, 4, 4, 3, 3]",4-3-2-1,seventh_in_bass,,80,4,1,None None F# B D G,None None 7 3 5 1,{}
G_maj7_compact_seventh_position_seventh_6-5-4-3_7-5-1-3_2-5-5-4-x-x,G,maj7,maj7,1 3 5 7,advanced_reference,compact_seventh_position,seventh_6-5-4-3_7-5-1-3,2-5-5-4-x-x,"[2, 5, 5, 4, null, null]",6-5-4-3,seventh_in_bass,,80,5,3,F# D G B None None,7 5 1 3 None None,{}
G_maj7_compact_seventh_position_seventh_6-5-4-3_1-5-7-3_3-5-4-4-x-x,G,maj7,maj7,1 3 5 7,advanced_reference,compact_seventh_position,seventh_6-5-4-3_1-5-7-3,3-5-4-4-x-x,"[3, 5, 4, 4, null, null]",6-5-4-3,root_position,,80,5,2,G D F# B None None,1 5 7 3 None None,{}
G_maj7_compact_seventh_position_seventh_5-4-3-2_5-7-1-3_x-5-4-0-0-x,G,maj7,maj7,1 3 5 7,advanced_reference,compact_seventh_position,seventh_5-4-3-2_5-7-1-3,x-5-4-0-0-x,"[null, 5, 4, 0, 0, null]",5-4-3-2,second_inversion,,80,5,1,None D F# G B None,None 5 7 1 3 None,{}
G_maj7_compact_seventh_position_seventh_4-3-2-1_1-3-5-7_x-x-5-4-3-2,G,maj7,maj7,1 3 5 7,advanced_reference,compact_seventh_position,seventh_4-3-2-1_1-3-5-7,x-x-5-4-3-2,"[null, null, 5, 4, 3, 2]",4-3-2-1,root_position,,80,5,3,None None G B D F#,None None 1 3 5 7,{}
G_maj7_compact_seventh_position_seventh_5-4-3-2_5-1-3-7_x-5-5-4-7-x,G,maj7,maj7,1 3 5 7,advanced_reference,compact_seventh_position,seventh_5-4-3-2_5-1-3-7,x-5-5-4-7-x,"[null, 5, 5, 4, 7, null]",5-4-3-2,second_inversion,,80,7,3,None D G B F# None,None 5 1 3 7 None,{}
G_maj7_compact_seventh_position_seventh_4-3-2-1_1-5-7-3_x-x-5-7-7-7,G,maj7,maj7,1 3 5 7,advanced_reference,compact_seventh_position,seventh_4-3-2-1_1-5-7-3,x-x-5-7-7-7,"[null, null, 5, 7, 7, 7]",4-3-2-1,root_position,,80,7,2,None None G D F# B,None None 1 5 7 3,{}
G_maj7_compact_seventh_position_seventh_5-4-3-2_5-7-3-1_x-5-4-4-8-x,G,maj7,maj7,1 3 5 7,advanced_reference,compact_seventh_position,seventh_5-4-3-2_5-7-3-1,x-5-4-4-8-x,"[null, 5, 4, 4, 8, null]",5-4-3-2,second_inversion,,80,8,4,None D F# B G None,None 5 7 3 1 None,{}
G_maj7_compact_seventh_position_seventh_4-3-2-1_7-5-1-3_x-x-4-7-8-7,G,maj7,maj7,1 3 5 7,advanced_reference,compact_seventh_position,seventh_4-3-2-1_7-5-1-3,x-x-4-7-8-7,"[null, null, 4, 7, 8, 7]",4-3-2-1,seventh_in_bass,,80,8,4,None None F# D G B,None None 7 5 1 3,{}
G_maj7_compact_seventh_position_seventh_6-5-4-3_3-7-1-5_7-9-5-7-x-x,G,maj7,maj7,1 3 5 7,advanced_reference,compact_seventh_position,seventh_6-5-4-3_3-7-1-5,7-9-5-7-x-x,"[7, 9, 5, 7, null, null]",6-5-4-3,first_inversion_or_suspended_bass,,80,9,4,B F# G D None None,3 7 1 5 None None,{}
G_maj7_compact_seventh_position_seventh_5-4-3-2_7-3-5-1_x-9-9-7-8-x,G,maj7,maj7,1 3 5 7,advanced_reference,compact_seventh_position,seventh_5-4-3-2_7-3-5-1,x-9-9-7-8-x,"[null, 9, 9, 7, 8, null]",5-4-3-2,seventh_in_bass,,80,9,2,None F# B D G None,None 7 3 5 1 None,{}
G_maj7_compact_seventh_position_seventh_5-4-3-2_1-3-5-7_x-10-9-7-7-x,G,maj7,maj7,1 3 5 7,advanced_reference,compact_seventh_position,seventh_5-4-3-2_1-3-5-7,x-10-9-7-7-x,"[null, 10, 9, 7, 7, null]",5-4-3-2,root_position,,80,10,3,None G B D F# None,None 1 3 5 7 None,{}
G_maj7_compact_seventh_position_seventh_6-5-4-3_5-1-3-7_10-10-9-11-x-x,G,maj7,maj7,1 3 5 7,advanced_reference,compact_seventh_position,seventh_6-5-4-3_5-1-3-7,10-10-9-11-x-x,"[10, 10, 9, 11, null, null]",6-5-4-3,second_inversion,,80,11,2,D G B F# None None,5 1 3 7 None None,{}
G_maj7_compact_seventh_position_seventh_4-3-2-1_3-7-1-5_x-x-9-11-8-10,G,maj7,maj7,1 3 5 7,advanced_reference,compact_seventh_position,seventh_4-3-2-1_3-7-1-5,x-x-9-11-8-10,"[null, null, 9, 11, 8, 10]",4-3-2-1,first_inversion_or_suspended_bass,,80,11,3,None None B F# G D,None None 3 7 1 5,{}
G_maj7_compact_seventh_position_seventh_6-5-4-3_5-7-3-1_10-9-9-12-x-x,G,maj7,maj7,1 3 5 7,advanced_reference,compact_seventh_position,seventh_6-5-4-3_5-7-3-1,10-9-9-12-x-x,"[10, 9, 9, 12, null, null]",6-5-4-3,second_inversion,,80,12,3,D F# B G None None,5 7 3 1 None None,{}
G_maj7_compact_seventh_position_seventh_5-4-3-2_1-5-7-3_x-10-12-11-12-x,G,maj7,maj7,1 3 5 7,advanced_reference,compact_seventh_position,seventh_5-4-3-2_1-5-7-3,x-10-12-11-12-x,"[null, 10, 12, 11, 12, null]",5-4-3-2,root_position,,80,12,2,None G D F# B None,None 1 5 7 3 None,{}
G_maj7_compact_seventh_position_seventh_5-4-3-2_7-5-1-3_x-9-12-12-12-x,G,maj7,maj7,1 3 5 7,advanced_reference,compact_seventh_position,seventh_5-4-3-2_7-5-1-3,x-9-12-12-12-x,"[null, 9, 12, 12, 12, null]",5-4-3-2,seventh_in_bass,,80,12,3,None F# D G B None,None 7 5 1 3 None,{}
G_maj7_compact_seventh_position_seventh_6-5-4-3_7-3-5-1_14-14-12-12-x-x,G,maj7,maj7,1 3 5 7,advanced_reference,compact_seventh_position,seventh_6-5-4-3_7-3-5-1,14-14-12-12-x-x,"[14, 14, 12, 12, null, null]",6-5-4-3,seventh_in_bass,,80,14,2,F# B D G None None,7 3 5 1 None None,{}
G_maj7_compact_seventh_position_seventh_4-3-2-1_5-1-3-7_x-x-12-12-12-14,G,maj7,maj7,1 3 5 7,advanced_reference,compact_seventh_position,seventh_4-3-2-1_5-1-3-7,x-x-12-12-12-14,"[null, null, 12, 12, 12, 14]",4-3-2-1,second_inversion,,80,14,2,None None D G B F#,None None 5 1 3 7,{}
G_maj7_compact_seventh_position_seventh_6-5-4-3_1-3-5-7_15-14-12-11-x-x,G,maj7,maj7,1 3 5 7,advanced_reference,compact_seventh_position,seventh_6-5-4-3_1-3-5-7,15-14-12-11-x-x,"[15, 14, 12, 11, null, null]",6-5-4-3,root_position,,80,15,4,G B D F# None None,1 3 5 7 None None,{}
G_maj7_compact_seventh_position_seventh_4-3-2-1_5-7-3-1_x-x-12-11-12-15,G,maj7,maj7,1 3 5 7,advanced_reference,compact_seventh_position,seventh_4-3-2-1_5-7-3-1,x-x-12-11-12-15,"[null, null, 12, 11, 12, 15]",4-3-2-1,second_inversion,,80,15,4,None None D F# B G,None None 5 7 3 1,{}
G_maj7_compact_seventh_position_seventh_5-4-3-2_3-7-1-5_x-14-16-12-15-x,G,maj7,maj7,1 3 5 7,advanced_reference,compact_seventh_position,seventh_5-4-3-2_3-7-1-5,x-14-16-12-15-x,"[null, 14, 16, 12, 15, null]",5-4-3-2,first_inversion_or_suspended_bass,,80,16,4,None B F# G D None,None 3 7 1 5 None,{}
G_maj7_compact_seventh_position_seventh_4-3-2-1_7-3-5-1_x-x-16-16-15-15,G,maj7,maj7,1 3 5 7,advanced_reference,compact_seventh_position,seventh_4-3-2-1_7-3-5-1,x-x-16-16-15-15,"[null, null, 16, 16, 15, 15]",4-3-2-1,seventh_in_bass,,80,16,1,None None F# B D G,None None 7 3 5 1,{}
G_maj7_compact_seventh_position_seventh_6-5-4-3_7-5-1-3_14-17-17-16-x-x,G,maj7,maj7,1 3 5 7,advanced_reference,compact_seventh_position,seventh_6-5-4-3_7-5-1-3,14-17-17-16-x-x,"[14, 17, 17, 16, null, null]",6-5-4-3,seventh_in_bass,,80,17,3,F# D G B None None,7 5 1 3 None None,{}
G_maj7_compact_seventh_position_seventh_6-5-4-3_1-5-7-3_15-17-16-16-x-x,G,maj7,maj7,1 3 5 7,advanced_reference,compact_seventh_position,seventh_6-5-4-3_1-5-7-3,15-17-16-16-x-x,"[15, 17, 16, 16, null, null]",6-5-4-3,root_position,,80,17,2,G D F# B None None,1 5 7 3 None None,{}
G_maj7_compact_seventh_position_seventh_4-3-2-1_1-3-5-7_x-x-17-16-15-14,G,maj7,maj7,1 3 5 7,advanced_reference,compact_seventh_position,seventh_4-3-2-1_1-3-5-7,x-x-17-16-15-14,"[null, null, 17, 16, 15, 14]",4-3-2-1,root_position,,80,17,3,None None G B D F#,None None 1 3 5 7,{}
G_major_curated_common_open_common_G_alt_3-2-0-0-3-3,G,major,major,1 3 5,beginner_core,curated_common_open,common_G_alt,3-2-0-0-3-3,"[3, 2, 0, 0, 3, 3]",,root_position,,0,3,1,G B D G D G,1 3 5 1 5 1,{}
G_major_caged_major_C_shape_x-10-9-7-8-7,G,major,major,1 3 5,beginner_core,caged_major,C_shape,x-10-9-7-8-7,"[null, 10, 9, 7, 8, 7]",,root_position,,1,10,3,None G B D G B,None 1 3 5 1 3,{}
G_major_caged_major_A_shape_x-10-12-12-12-10,G,major,major,1 3 5,beginner_core,caged_major,A_shape,x-10-12-12-12-10,"[null, 10, 12, 12, 12, 10]",,root_position,,2,12,2,None G D G B D,None 1 5 1 3 5,{}
G_major_caged_major_G_shape_3-2-0-0-0-3,G,major,major,1 3 5,beginner_core,caged_major,G_shape,3-2-0-0-0-3,"[3, 2, 0, 0, 0, 3]",,root_position,,3,3,1,G B D G B G,1 3 5 1 3 1,{}
G_major_caged_major_E_shape_3-5-5-4-3-3,G,major,major,1 3 5,beginner_core,caged_major,E_shape,3-5-5-4-3-3,"[3, 5, 5, 4, 3, 3]",,root_position,,4,5,2,G D G B D G,1 5 1 3 5 1,{}
G_major_caged_major_D_shape_x-x-5-7-8-7,G,major,major,1 3 5,beginner_core,caged_major,D_shape,x-x-5-7-8-7,"[null, null, 5, 7, 8, 7]",,root_position,,5,8,3,None None G D G B,None None 1 5 1 3,{}
G_major_triad_position_triad_4-3-2_second_inversion_5-1-3_x-x-0-0-0-x,G,major,major,1 3 5,intermediate_core,triad_position,triad_4-3-2_second_inversion_5-1-3,x-x-0-0-0-x,"[null, null, 0, 0, 0, null]",4-3-2,second_inversion,second_inversion,60,0,0,None None D G B None,None None 5 1 3 None,"{""sus4"": ""G_sus4_triad_related_suspended_from_G_major_triad_position_triad_4-3-2_second_inversion_5-1-3_x-x-0-0-0-x_sus4_x-x-0-0-1-x""}"
G_major_triad_position_triad_5-4-3_first_inversion_3-5-1_x-2-0-0-x-x,G,major,major,1 3 5,intermediate_core,triad_position,triad_5-4-3_first_inversion_3-5-1,x-2-0-0-x-x,"[null, 2, 0, 0, null, null]",5-4-3,first_inversion_or_suspended_bass,first_inversion,60,2,0,None B D G None None,None 3 5 1 None None,"{""sus2"": ""G_sus2_triad_related_suspended_from_G_major_triad_position_triad_5-4-3_first_inversion_3-5-1_x-2-0-0-x-x_sus2_x-0-0-0-x-x"", ""sus4"": ""G_sus4_triad_related_suspended_from_G_major_triad_position_triad_5-4-3_first_inversion_3-5-1_x-2-0-0-x-x_sus4_x-3-0-0-x-x""}"
G_major_triad_position_triad_6-5-4_root_position_1-3-5_3-2-0-x-x-x,G,major,major,1 3 5,intermediate_core,triad_position,triad_6-5-4_root_position_1-3-5,3-2-0-x-x-x,"[3, 2, 0, null, null, null]",6-5-4,root_position,root_position,60,3,1,G B D None None None,1 3 5 None None None,"{""sus2"": ""G_sus2_triad_related_suspended_from_G_major_triad_position_triad_6-5-4_root_position_1-3-5_3-2-0-x-x-x_sus2_3-0-0-x-x-x"", ""sus4"": ""G_sus4_triad_related_suspended_from_G_major_triad_position_triad_6-5-4_root_position_1-3-5_3-2-0-x-x-x_sus4_3-3-0-x-x-x""}"
G_major_triad_position_triad_3-2-1_first_inversion_3-5-1_x-x-x-4-3-3,G,major,major,1 3 5,intermediate_core,triad_position,triad_3-2-1_first_inversion_3-5-1,x-x-x-4-3-3,"[null, null, null, 4, 3, 3]",3-2-1,first_inversion_or_suspended_bass,first_inversion,60,4,1,None None None B D G,None None None 3 5 1,"{""sus2"": ""G_sus2_triad_related_suspended_from_G_major_triad_position_triad_3-2-1_first_inversion_3-5-1_x-x-x-4-3-3_sus2_x-x-x-2-3-3"", ""sus4"": ""G_sus4_triad_related_suspended_from_G_major_triad_position_triad_3-2-1_first_inversion_3-5-1_x-x-x-4-3-3_sus4_x-x-x-5-3-3""}"
G_major_triad_position_triad_5-4-3_second_inversion_5-1-3_x-5-5-4-x-x,G,major,major,1 3 5,intermediate_core,triad_position,triad_5-4-3_second_inversion_5-1-3,x-5-5-4-x-x,"[null, 5, 5, 4, null, null]",5-4-3,second_inversion,second_inversion,60,5,1,None D G B None None,None 5 1 3 None None,"{""sus2"": ""G_sus2_triad_related_suspended_from_G_major_triad_position_triad_5-4-3_second_inversion_5-1-3_x-5-5-4-x-x_sus2_x-5-5-2-x-x"", ""sus4"": ""G_sus4_triad_related_suspended_from_G_major_triad_position_triad_5-4-3_second_inversion_5-1-3_x-5-5-4-x-x_sus4_x-5-5-5-x-x""}"
G_major_triad_position_triad_4-3-2_root_position_1-3-5_x-x-5-4-3-x,G,major,major,1 3 5,intermediate_core,triad_position,triad_4-3-2_root_position_1-3-5,x-x-5-4-3-x,"[null, null, 5, 4, 3, null]",4-3-2,root_position,root_position,60,5,2,None None G B D None,None None 1 3 5 None,"{""sus2"": ""G_sus2_triad_related_suspended_from_G_major_triad_position_triad_4-3-2_root_position_1-3-5_x-x-5-4-3-x_sus2_x-x-5-2-3-x"", ""sus4"": ""G_sus4_triad_related_suspended_from_G_major_triad_position_triad_4-3-2_root_position_1-3-5_x-x-5-4-3-x_sus4_x-x-5-5-3-x""}"
G_major_triad_position_triad_6-5-4_first_inversion_3-5-1_7-5-5-x-x-x,G,major,major,1 3 5,intermediate_core,triad_position,triad_6-5-4_first_inversion_3-5-1,7-5-5-x-x-x,"[7, 5, 5, null, null, null]",6-5-4,first_inversion_or_suspended_bass,first_inversion,60,7,2,B D G None None None,3 5 1 None None None,"{""sus2"": ""G_sus2_triad_related_suspended_from_G_major_triad_position_triad_6-5-4_first_inversion_3-5-1_7-5-5-x-x-x_sus2_5-5-5-x-x-x"", ""sus4"": ""G_sus4_triad_related_suspended_from_G_major_triad_position_triad_6-5-4_first_inversion_3-5-1_7-5-5-x-x-x_sus4_8-5-5-x-x-x""}"
G_major_triad_position_triad_3-2-1_second_inversion_5-1-3_x-x-x-7-8-7,G,major,major,1 3 5,intermediate_core,triad_position,triad_3-2-1_second_inversion_5-1-3,x-x-x-7-8-7,"[null, null, null, 7, 8, 7]",3-2-1,second_inversion,second_inversion,60,8,1,None None None D G B,None None None 5 1 3,"{""sus2"": ""G_sus2_triad_related_suspended_from_G_major_triad_position_triad_3-2-1_second_inversion_5-1-3_x-x-x-7-8-7_sus2_x-x-x-7-8-5"", ""sus4"": ""G_sus4_triad_related_suspended_from_G_major_triad_position_triad_3-2-1_second_inversion_5-1-3_x-x-x-7-8-7_sus4_x-x-x-7-8-8""}"
G_major_triad_position_triad_4-3-2_first_inversion_3-5-1_x-x-9-7-8-x,G,major,major,1 3 5,intermediate_core,triad_position,triad_4-3-2_first_inversion_3-5-1,x-x-9-7-8-x,"[null, null, 9, 7, 8, null]",4-3-2,first_inversion_or_suspended_bass,first_inversion,60,9,2,None None B D G None,None None 3 5 1 None,"{""sus2"": ""G_sus2_triad_related_suspended_from_G_major_triad_position_triad_4-3-2_first_inversion_3-5-1_x-x-9-7-8-x_sus2_x-x-7-7-8-x"", ""sus4"": ""G_sus4_triad_related_suspended_from_G_major_triad_position_triad_4-3-2_first_inversion_3-5-1_x-x-9-7-8-x_sus4_x-x-10-7-8-x""}"
G_major_triad_position_triad_6-5-4_second_inversion_5-1-3_10-10-9-x-x-x,G,major,major,1 3 5,intermediate_core,triad_position,triad_6-5-4_second_inversion_5-1-3,10-10-9-x-x-x,"[10, 10, 9, null, null, null]",6-5-4,second_inversion,second_inversion,60,10,1,D G B None None None,5 1 3 None None None,"{""sus2"": ""G_sus2_triad_related_suspended_from_G_major_triad_position_triad_6-5-4_second_inversion_5-1-3_10-10-9-x-x-x_sus2_10-10-7-x-x-x"", ""sus4"": ""G_sus4_triad_related_suspended_from_G_major_triad_position_triad_6-5-4_second_inversion_5-1-3_10-10-9-x-x-x_sus4_10-10-10-x-x-x""}"
G_major_triad_position_triad_5-4-3_root_position_1-3-5_x-10-9-7-x-x,G,major,major,1 3 5,intermediate_core,triad_position,triad_5-4-3_root_position_1-3-5,x-10-9-7-x-x,"[null, 10, 9, 7, null, null]",5-4-3,root_position,root_position,60,10,3,None G B D None None,None 1 3 5 None None,"{""sus2"": ""G_sus2_triad_related_suspended_from_G_major_triad_position_triad_5-4-3_root_position_1-3-5_x-10-9-7-x-x_sus2_x-10-7-7-x-x"", ""sus4"": ""G_sus4_triad_related_suspended_from_G_major_triad_position_triad_5-4-3_root_position_1-3-5_x-10-9-7-x-x_sus4_x-10-10-7-x-x""}"
G_major_triad_position_triad_4-3-2_second_inversion_5-1-3_x-x-12-12-12-x,G,major,major,1 3 5,intermediate_core,triad_position,triad_4-3-2_second_inversion_5-1-3,x-x-12-12-12-x,"[null, null, 12, 12, 12, null]",4-3-2,second_inversion,second_inversion,60,12,0,None None D G B None,None None 5 1 3 None,"{""sus2"": ""G_sus2_triad_related_suspended_from_G_major_triad_position_triad_4-3-2_second_inversion_5-1-3_x-x-12-12-12-x_sus2_x-x-12-12-10-x"", ""sus4"": ""G_sus4_triad_related_suspended_from_G_major_triad_position_triad_4-3-2_second_inversion_5-1-3_x-x-12-12-12-x_sus4_x-x-12-12-13-x""}"
G_major_triad_position_triad_3-2-1_root_position_1-3-5_x-x-x-12-12-10,G,major,major,1 3 5,intermediate_core,triad_position,triad_3-2-1_root_position_1-3-5,x-x-x-12-12-10,"[null, null, null, 12, 12, 10]",3-2-1,root_position,root_position,60,12,2,None None None G B D,None None None 1 3 5,"{""sus2"": ""G_sus2_triad_related_suspended_from_G_major_triad_position_triad_3-2-1_root_position_1-3-5_x-x-x-12-12-10_sus2_x-x-x-12-10-10"", ""sus4"": ""G_sus4_triad_related_suspended_from_G_major_triad_position_triad_3-2-1_root_position_1-3-5_x-x-x-12-12-10_sus4_x-x-x-12-13-10""}"
G_major_triad_position_triad_5-4-3_first_inversion_3-5-1_x-14-12-12-x-x,G,major,major,1 3 5,intermediate_core,triad_position,triad_5-4-3_first_inversion_3-5-1,x-14-12-12-x-x,"[null, 14, 12, 12, null, null]",5-4-3,first_inversion_or_suspended_bass,first_inversion,60,14,2,None B D G None None,None 3 5 1 None None,"{""sus2"": ""G_sus2_triad_related_suspended_from_G_major_triad_position_triad_5-4-3_first_inversion_3-5-1_x-14-12-12-x-x_sus2_x-12-12-12-x-x"", ""sus4"": ""G_sus4_triad_related_suspended_from_G_major_triad_position_triad_5-4-3_first_inversion_3-5-1_x-14-12-12-x-x_sus4_x-15-12-12-x-x""}"
G_major_triad_position_triad_6-5-4_root_position_1-3-5_15-14-12-x-x-x,G,major,major,1 3 5,intermediate_core,triad_position,triad_6-5-4_root_position_1-3-5,15-14-12-x-x-x,"[15, 14, 12, null, null, null]",6-5-4,root_position,root_position,60,15,3,G B D None None None,1 3 5 None None None,"{""sus2"": ""G_sus2_triad_related_suspended_from_G_major_triad_position_triad_6-5-4_root_position_1-3-5_15-14-12-x-x-x_sus2_15-12-12-x-x-x"", ""sus4"": ""G_sus4_triad_related_suspended_from_G_major_triad_position_triad_6-5-4_root_position_1-3-5_15-14-12-x-x-x_sus4_15-15-12-x-x-x""}"
G_major_triad_position_triad_3-2-1_first_inversion_3-5-1_x-x-x-16-15-15,G,major,major,1 3 5,intermediate_core,triad_position,triad_3-2-1_first_inversion_3-5-1,x-x-x-16-15-15,"[null, null, null, 16, 15, 15]",3-2-1,first_inversion_or_suspended_bass,first_inversion,60,16,1,None None None B D G,None None None 3 5 1,"{""sus2"": ""G_sus2_triad_related_suspended_from_G_major_triad_position_triad_3-2-1_first_inversion_3-5-1_x-x-x-16-15-15_sus2_x-x-x-14-15-15"", ""sus4"": ""G_sus4_triad_related_suspended_from_G_major_triad_position_triad_3-2-1_first_inversion_3-5-1_x-x-x-16-15-15_sus4_x-x-x-17-15-15""}"
G_major_triad_position_triad_5-4-3_second_inversion_5-1-3_x-17-17-16-x-x,G,major,major,1 3 5,intermediate_core,triad_position,triad_5-4-3_second_inversion_5-1-3,x-17-17-16-x-x,"[null, 17, 17, 16, null, null]",5-4-3,second_inversion,second_inversion,60,17,1,None D G B None None,None 5 1 3 None None,"{""sus2"": ""G_sus2_triad_related_suspended_from_G_major_triad_position_triad_5-4-3_second_inversion_5-1-3_x-17-17-16-x-x_sus2_x-17-17-14-x-x"", ""sus4"": ""G_sus4_triad_related_suspended_from_G_major_triad_position_triad_5-4-3_second_inversion_5-1-3_x-17-17-16-x-x_sus4_x-17-17-17-x-x""}"
G_major_triad_position_triad_4-3-2_root_position_1-3-5_x-x-17-16-15-x,G,major,major,1 3 5,intermediate_core,triad_position,triad_4-3-2_root_position_1-3-5,x-x-17-16-15-x,"[null, null, 17, 16, 15, null]",4-3-2,root_position,root_position,60,17,2,None None G B D None,None None 1 3 5 None,"{""sus2"": ""G_sus2_triad_related_suspended_from_G_major_triad_position_triad_4-3-2_root_position_1-3-5_x-x-17-16-15-x_sus2_x-x-17-14-15-x"", ""sus4"": ""G_sus4_triad_related_suspended_from_G_major_triad_position_triad_4-3-2_root_position_1-3-5_x-x-17-16-15-x_sus4_x-x-17-17-15-x""}"
G_minor_caged_minor_C_shape_minor_x-10-8-7-8-10,G,minor,minor,1 b3 5,beginner_core,caged_minor,C_shape_minor,x-10-8-7-8-10,"[null, 10, 8, 7, 8, 10]",,root_position,,10,10,3,None G A# D G D,None 1 b3 5 1 5,{}
G_minor_caged_minor_A_shape_minor_x-10-12-12-11-10,G,minor,minor,1 b3 5,beginner_core,caged_minor,A_shape_minor,x-10-12-12-11-10,"[null, 10, 12, 12, 11, 10]",,root_position,,11,12,2,None G D G A# D,None 1 5 1 b3 5,{}
G_minor_caged_minor_G_shape_minor_3-1-0-0-3-3,G,minor,minor,1 b3 5,beginner_core,caged_minor,G_shape_minor,3-1-0-0-3-3,"[3, 1, 0, 0, 3, 3]",,root_position,,12,3,2,G A# D G D G,1 b3 5 1 5 1,{}
G_minor_caged_minor_E_shape_minor_3-5-5-3-3-3,G,minor,minor,1 b3 5,beginner_core,caged_minor,E_shape_minor,3-5-5-3-3-3,"[3, 5, 5, 3, 3, 3]",,root_position,,13,5,2,G D G A# D G,1 5 1 b3 5 1,{}
G_minor_caged_minor_D_shape_minor_x-x-5-7-8-6,G,minor,minor,1 b3 5,beginner_core,caged_minor,D_shape_minor,x-x-5-7-8-6,"[null, null, 5, 7, 8, 6]",,root_position,,14,8,3,None None G D G A#,None None 1 5 1 b3,{}
G_minor_triad_position_triad_5-4-3_first_inversion_b3-5-1_x-1-0-0-x-x,G,minor,minor,1 b3 5,intermediate_core,triad_position,triad_5-4-3_first_inversion_b3-5-1,x-1-0-0-x-x,"[null, 1, 0, 0, null, null]",5-4-3,first_inversion_or_suspended_bass,first_inversion,60,1,0,None A# D G None None,None b3 5 1 None None,{}
G_minor_triad_position_triad_6-5-4_root_position_1-b3-5_3-1-0-x-x-x,G,minor,minor,1 b3 5,intermediate_core,triad_position,triad_6-5-4_root_position_1-b3-5,3-1-0-x-x-x,"[3, 1, 0, null, null, null]",6-5-4,root_position,root_position,60,3,2,G A# D None None None,1 b3 5 None None None,{}
G_minor_triad_position_triad_3-2-1_first_inversion_b3-5-1_x-x-x-3-3-3,G,minor,minor,1 b3 5,intermediate_core,triad_position,triad_3-2-1_first_inversion_b3-5-1,x-x-x-3-3-3,"[null, null, null, 3, 3, 3]",3-2-1,first_inversion_or_suspended_bass,first_inversion,60,3,0,None None None A# D G,None None None b3 5 1,{}
G_minor_triad_position_triad_5-4-3_second_inversion_5-1-b3_x-5-5-3-x-x,G,minor,minor,1 b3 5,intermediate_core,triad_position,triad_5-4-3_second_inversion_5-1-b3,x-5-5-3-x-x,"[null, 5, 5, 3, null, null]",5-4-3,second_inversion,second_inversion,60,5,2,None D G A# None None,None 5 1 b3 None None,{}
G_minor_triad_position_triad_4-3-2_root_position_1-b3-5_x-x-5-3-3-x,G,minor,minor,1 b3 5,intermediate_core,triad_position,triad_4-3-2_root_position_1-b3-5,x-x-5-3-3-x,"[null, null, 5, 3, 3, null]",4-3-2,root_position,root_position,60,5,2,None None G A# D None,None None 1 b3 5 None,{}
G_minor_triad_position_triad_6-5-4_first_inversion_b3-5-1_6-5-5-x-x-x,G,minor,minor,1 b3 5,intermediate_core,triad_position,triad_6-5-4_first_inversion_b3-5-1,6-5-5-x-x-x,"[6, 5, 5, null, null, null]",6-5-4,first_inversion_or_suspended_bass,first_inversion,60,6,1,A# D G None None None,b3 5 1 None None None,{}
G_minor_triad_position_triad_4-3-2_first_inversion_b3-5-1_x-x-8-7-8-x,G,minor,minor,1 b3 5,intermediate_core,triad_position,triad_4-3-2_first_inversion_b3-5-1,x-x-8-7-8-x,"[null, null, 8, 7, 8, null]",4-3-2,first_inversion_or_suspended_bass,first_inversion,60,8,1,None None A# D G None,None None b3 5 1 None,{}
G_minor_triad_position_triad_3-2-1_second_inversion_5-1-b3_x-x-x-7-8-6,G,minor,minor,1 b3 5,intermediate_core,triad_position,triad_3-2-1_second_inversion_5-1-b3,x-x-x-7-8-6,"[null, null, null, 7, 8, 6]",3-2-1,second_inversion,second_inversion,60,8,2,None None None D G A#,None None None 5 1 b3,{}
G_minor_triad_position_triad_6-5-4_second_inversion_5-1-b3_10-10-8-x-x-x,G,minor,minor,1 b3 5,intermediate_core,triad_position,triad_6-5-4_second_inversion_5-1-b3,10-10-8-x-x-x,"[10, 10, 8, null, null, null]",6-5-4,second_inversion,second_inversion,60,10,2,D G A# None None None,5 1 b3 None None None,{}
G_minor_triad_position_triad_5-4-3_root_position_1-b3-5_x-10-8-7-x-x,G,minor,minor,1 b3 5,intermediate_core,triad_position,triad_5-4-3_root_position_1-b3-5,x-10-8-7-x-x,"[null, 10, 8, 7, null, null]",5-4-3,root_position,root_position,60,10,3,None G A# D None None,None 1 b3 5 None None,{}
G_minor_triad_position_triad_4-3-2_second_inversion_5-1-b3_x-x-12-12-11-x,G,minor,minor,1 b3 5,intermediate_core,triad_position,triad_4-3-2_second_inversion_5-1-b3,x-x-12-12-11-x,"[null, null, 12, 12, 11, null]",4-3-2,second_inversion,second_inversion,60,12,1,None None D G A# None,None None 5 1 b3 None,{}
G_minor_triad_position_triad_3-2-1_root_position_1-b3-5_x-x-x-12-11-10,G,minor,minor,1 b3 5,intermediate_core,triad_position,triad_3-2-1_root_position_1-b3-5,x-x-x-12-11-10,"[null, null, null, 12, 11, 10]",3-2-1,root_position,root_position,60,12,2,None None None G A# D,None None None 1 b3 5,{}
G_minor_triad_position_triad_5-4-3_first_inversion_b3-5-1_x-13-12-12-x-x,G,minor,minor,1 b3 5,intermediate_core,triad_position,triad_5-4-3_first_inversion_b3-5-1,x-13-12-12-x-x,"[null, 13, 12, 12, null, null]",5-4-3,first_inversion_or_suspended_bass,first_inversion,60,13,1,None A# D G None None,None b3 5 1 None None,{}
G_minor_triad_position_triad_6-5-4_root_position_1-b3-5_15-13-12-x-x-x,G,minor,minor,1 b3 5,intermediate_core,triad_position,triad_6-5-4_root_position_1-b3-5,15-13-12-x-x-x,"[15, 13, 12, null, null, null]",6-5-4,root_position,root_position,60,15,3,G A# D None None None,1 b3 5 None None None,{}
G_minor_triad_position_triad_3-2-1_first_inversion_b3-5-1_x-x-x-15-15-15,G,minor,minor,1 b3 5,intermediate_core,triad_position,triad_3-2-1_first_inversion_b3-5-1,x-x-x-15-15-15,"[null, null, null, 15, 15, 15]",3-2-1,first_inversion_or_suspended_bass,first_inversion,60,15,0,None None None A# D G,None None None b3 5 1,{}
G_minor_triad_position_triad_5-4-3_second_inversion_5-1-b3_x-17-17-15-x-x,G,minor,minor,1 b3 5,intermediate_core,triad_position,triad_5-4-3_second_inversion_5-1-b3,x-17-17-15-x-x,"[null, 17, 17, 15, null, null]",5-4-3,second_inversion,second_inversion,60,17,2,None D G A# None None,None 5 1 b3 None None,{}
G_minor_triad_position_triad_4-3-2_root_position_1-b3-5_x-x-17-15-15-x,G,minor,minor,1 b3 5,intermediate_core,triad_position,triad_4-3-2_root_position_1-b3-5,x-x-17-15-15-x,"[null, null, 17, 15, 15, null]",4-3-2,root_position,root_position,60,17,2,None None G A# D None,None None 1 b3 5 None,{}
G_minor_triad_position_triad_6-5-4_first_inversion_b3-5-1_18-17-17-x-x-x,G,minor,minor,1 b3 5,intermediate_core,triad_position,triad_6-5-4_first_inversion_b3-5-1,18-17-17-x-x-x,"[18, 17, 17, null, null, null]",6-5-4,first_inversion_or_suspended_bass,first_inversion,60,18,1,A# D G None None None,b3 5 1 None None None,"{""sus2"": ""G_sus2_triad_related_suspended_from_G_minor_triad_position_triad_6-5-4_first_inversion_b3-5-1_18-17-17-x-x-x_sus2_17-17-17-x-x-x""}"
G_sus2_caged_suspended_E_shape_sus2_3-5-7-7-3-3,G,sus2,sus2,1 2 5,intermediate_core,caged_suspended,E_shape_sus2,3-5-7-7-3-3,"[3, 5, 7, 7, 3, 3]",,root_position,,30,7,4,G D A D D G,1 5 2 5 5 1,{}
G_sus2_caged_suspended_D_shape_sus2_x-x-5-7-8-5,G,sus2,sus2,1 2 5,intermediate_core,caged_suspended,D_shape_sus2,x-x-5-7-8-5,"[null, null, 5, 7, 8, 5]",,root_position,,30,8,3,None None G D G A,None None 1 5 1 2,{}
G_sus2_caged_suspended_C_shape_sus2_x-10-7-7-8-10,G,sus2,sus2,1 2 5,intermediate_core,caged_suspended,C_shape_sus2,x-10-7-7-8-10,"[null, 10, 7, 7, 8, 10]",,root_position,,30,10,3,None G A D G D,None 1 2 5 1 5,{}
G_sus2_caged_suspended_A_shape_sus2_x-10-12-12-10-10,G,sus2,sus2,1 2 5,intermediate_core,caged_suspended,A_shape_sus2,x-10-12-12-10-10,"[null, 10, 12, 12, 10, 10]",,root_position,,30,12,2,None G D G A D,None 1 5 1 2 5,{}
G_sus2_triad_related_suspended_from_G_major_triad_position_triad_5-4-3_first_inversion_3-5-1_x-2-0-0-x-x_sus2_x-0-0-0-x-x,G,sus2,sus2,1 2 5,intermediate_core,triad_related_suspended,from_G_major_triad_position_triad_5-4-3_first_inversion_3-5-1_x-2-0-0-x-x_sus2,x-0-0-0-x-x,"[null, 0, 0, 0, null, null]",5-4-3,first_inversion_or_suspended_bass,,65,0,0,None A D G None None,None 2 5 1 None None,{}
G_sus2_triad_related_suspended_from_G_major_triad_position_triad_6-5-4_root_position_1-3-5_3-2-0-x-x-x_sus2_3-0-0-x-x-x,G,sus2,sus2,1 2 5,intermediate_core,triad_related_suspended,from_G_major_triad_position_triad_6-5-4_root_position_1-3-5_3-2-0-x-x-x_sus2,3-0-0-x-x-x,"[3, 0, 0, null, null, null]",6-5-4,root_position,,65,3,0,G A D None None None,1 2 5 None None None,{}
G_sus2_triad_related_suspended_from_G_major_triad_position_triad_3-2-1_first_inversion_3-5-1_x-x-x-4-3-3_sus2_x-x-x-2-3-3,G,sus2,sus2,1 2 5,intermediate_core,triad_related_suspended,from_G_major_triad_position_triad_3-2-1_first_inversion_3-5-1_x-x-x-4-3-3_sus2,x-x-x-2-3-3,"[null, null, null, 2, 3, 3]",3-2-1,first_inversion_or_suspended_bass,,65,3,1,None None None A D G,None None None 2 5 1,{}
G_sus2_triad_related_suspended_from_G_major_triad_position_triad_6-5-4_first_inversion_3-5-1_7-5-5-x-x-x_sus2_5-5-5-x-x-x,G,sus2,sus2,1 2 5,intermediate_core,triad_related_suspended,from_G_major_triad_position_triad_6-5-4_first_inversion_3-5-1_7-5-5-x-x-x_sus2,5-5-5-x-x-x,"[5, 5, 5, null, null, null]",6-5-4,first_inversion_or_suspended_bass,,65,5,0,A D G None None None,2 5 1 None None None,{}
G_sus2_triad_related_suspended_from_G_major_triad_position_triad_5-4-3_second_inversion_5-1-3_x-5-5-4-x-x_sus2_x-5-5-2-x-x,G,sus2,sus2,1 2 5,intermediate_core,triad_related_suspended,from_G_major_triad_position_triad_5-4-3_second_inversion_5-1-3_x-5-5-4-x-x_sus2,x-5-5-2-x-x,"[null, 5, 5, 2, null, null]",5-4-3,second_inversion,,65,5,3,None D G A None None,None 5 1 2 None None,{}
G_sus2_triad_related_suspended_from_G_major_triad_position_triad_4-3-2_root_position_1-3-5_x-x-5-4-3-x_sus2_x-x-5-2-3-x,G,sus2,sus2,1 2 5,intermediate_core,triad_related_suspended,from_G_major_triad_position_triad_4-3-2_root_position_1-3-5_x-x-5-4-3-x_sus2,x-x-5-2-3-x,"[null, null, 5, 2, 3, null]",4-3-2,root_position,,65,5,3,None None G A D None,None None 1 2 5 None,{}
G_sus2_triad_related_suspended_from_G_major_triad_position_triad_4-3-2_first_inversion_3-5-1_x-x-9-7-8-x_sus2_x-x-7-7-8-x,G,sus2,sus2,1 2 5,intermediate_core,triad_related_suspended,from_G_major_triad_position_triad_4-3-2_first_inversion_3-5-1_x-x-9-7-8-x_sus2,x-x-7-7-8-x,"[null, null, 7, 7, 8, null]",4-3-2,first_inversion_or_suspended_bass,,65,8,1,None None A D G None,None None 2 5 1 None,{}
G_sus2_triad_related_suspended_from_G_major_triad_position_triad_3-2-1_second_inversion_5-1-3_x-x-x-7-8-7_sus2_x-x-x-7-8-5,G,sus2,sus2,1 2 5,intermediate_core,triad_related_suspended,from_G_major_triad_position_triad_3-2-1_second_inversion_5-1-3_x-x-x-7-8-7_sus2,x-x-x-7-8-5,"[null, null, null, 7, 8, 5]",3-2-1,second_inversion,,65,8,3,None None None D G A,None None None 5 1 2,{}
G_sus2_triad_related_suspended_from_G_major_triad_position_triad_6-5-4_second_inversion_5-1-3_10-10-9-x-x-x_sus2_10-10-7-x-x-x,G,sus2,sus2,1 2 5,intermediate_core,triad_related_suspended,from_G_major_triad_position_triad_6-5-4_second_inversion_5-1-3_10-10-9-x-x-x_sus2,10-10-7-x-x-x,"[10, 10, 7, null, null, null]",6-5-4,second_inversion,,65,10,3,D G A None None None,5 1 2 None None None,{}
G_sus2_triad_related_suspended_from_G_major_triad_position_triad_5-4-3_root_position_1-3-5_x-10-9-7-x-x_sus2_x-10-7-7-x-x,G,sus2,sus2,1 2 5,intermediate_core,triad_related_suspended,from_G_major_triad_position_triad_5-4-3_root_position_1-3-5_x-10-9-7-x-x_sus2,x-10-7-7-x-x,"[null, 10, 7, 7, null, null]",5-4-3,root_position,,65,10,3,None G A D None None,None 1 2 5 None None,{}
G_sus2_triad_related_suspended_from_G_major_triad_position_triad_5-4-3_first_inversion_3-5-1_x-14-12-12-x-x_sus2_x-12-12-12-x-x,G,sus2,sus2,1 2 5,intermediate_core,triad_related_suspended,from_G_major_triad_position_triad_5-4-3_first_inversion_3-5-1_x-14-12-12-x-x_sus2,x-12-12-12-x-x,"[null, 12, 12, 12, null, null]",5-4-3,first_inversion_or_suspended_bass,,65,12,0,None A D G None None,None 2 5 1 None None,{}
G_sus2_triad_related_suspended_from_G_major_triad_position_triad_4-3-2_second_inversion_5-1-3_x-x-12-12-12-x_sus2_x-x-12-12-10-x,G,sus2,sus2,1 2 5,intermediate_core,triad_related_suspended,from_G_major_triad_position_triad_4-3-2_second_inversion_5-1-3_x-x-12-12-12-x_sus2,x-x-12-12-10-x,"[null, null, 12, 12, 10, null]",4-3-2,second_inversion,,65,12,2,None None D G A None,None None 5 1 2 None,{}
G_sus2_triad_related_suspended_from_G_major_triad_position_triad_3-2-1_root_position_1-3-5_x-x-x-12-12-10_sus2_x-x-x-12-10-10,G,sus2,sus2,1 2 5,intermediate_core,triad_related_suspended,from_G_major_triad_position_triad_3-2-1_root_position_1-3-5_x-x-x-12-12-10_sus2,x-x-x-12-10-10,"[null, null, null, 12, 10, 10]",3-2-1,root_position,,65,12,2,None None None G A D,None None None 1 2 5,{}
G_sus2_triad_related_suspended_from_G_major_triad_position_triad_6-5-4_root_position_1-3-5_15-14-12-x-x-x_sus2_15-12-12-x-x-x,G,sus2,sus2,1 2 5,intermediate_core,triad_related_suspended,from_G_major_triad_position_triad_6-5-4_root_position_1-3-5_15-14-12-x-x-x_sus2,15-12-12-x-x-x,"[15, 12, 12, null, null, null]",6-5-4,root_position,,65,15,3,G A D None None None,1 2 5 None None None,{}
G_sus2_triad_related_suspended_from_G_major_triad_position_triad_3-2-1_first_inversion_3-5-1_x-x-x-16-15-15_sus2_x-x-x-14-15-15,G,sus2,sus2,1 2 5,intermediate_core,triad_related_suspended,from_G_major_triad_position_triad_3-2-1_first_inversion_3-5-1_x-x-x-16-15-15_sus2,x-x-x-14-15-15,"[null, null, null, 14, 15, 15]",3-2-1,first_inversion_or_suspended_bass,,65,15,1,None None None A D G,None None None 2 5 1,{}
G_sus2_triad_related_suspended_from_G_minor_triad_position_triad_6-5-4_first_inversion_b3-5-1_18-17-17-x-x-x_sus2_17-17-17-x-x-x,G,sus2,sus2,1 2 5,intermediate_core,triad_related_suspended,from_G_minor_triad_position_triad_6-5-4_first_inversion_b3-5-1_18-17-17-x-x-x_sus2,17-17-17-x-x-x,"[17, 17, 17, null, null, null]",6-5-4,first_inversion_or_suspended_bass,,65,17,0,A D G None None None,2 5 1 None None None,{}
G_sus2_triad_related_suspended_from_G_major_triad_position_triad_5-4-3_second_inversion_5-1-3_x-17-17-16-x-x_sus2_x-17-17-14-x-x,G,sus2,sus2,1 2 5,intermediate_core,triad_related_suspended,from_G_major_triad_position_triad_5-4-3_second_inversion_5-1-3_x-17-17-16-x-x_sus2,x-17-17-14-x-x,"[null, 17, 17, 14, null, null]",5-4-3,second_inversion,,65,17,3,None D G A None None,None 5 1 2 None None,{}
G_sus2_triad_related_suspended_from_G_major_triad_position_triad_4-3-2_root_position_1-3-5_x-x-17-16-15-x_sus2_x-x-17-14-15-x,G,sus2,sus2,1 2 5,intermediate_core,triad_related_suspended,from_G_major_triad_position_triad_4-3-2_root_position_1-3-5_x-x-17-16-15-x_sus2,x-x-17-14-15-x,"[null, null, 17, 14, 15, null]",4-3-2,root_position,,65,17,3,None None G A D None,None None 1 2 5 None,{}
G_sus4_caged_suspended_E_shape_sus4_3-5-5-5-3-3,G,sus4,sus4,1 4 5,intermediate_core,caged_suspended,E_shape_sus4,3-5-5-5-3-3,"[3, 5, 5, 5, 3, 3]",,root_position,,30,5,2,G D G C D G,1 5 1 4 5 1,{}
G_sus4_caged_suspended_D_shape_sus4_x-x-5-7-8-8,G,sus4,sus4,1 4 5,intermediate_core,caged_suspended,D_shape_sus4,x-x-5-7-8-8,"[null, null, 5, 7, 8, 8]",,root_position,,30,8,3,None None G D G C,None None 1 5 1 4,{}
G_sus4_caged_suspended_C_shape_sus4_x-10-10-7-8-8,G,sus4,sus4,1 4 5,intermediate_core,caged_suspended,C_shape_sus4,x-10-10-7-8-8,"[null, 10, 10, 7, 8, 8]",,root_position,,30,10,3,None G C D G C,None 1 4 5 1 4,{}
G_sus4_caged_suspended_A_shape_sus4_x-10-12-12-13-10,G,sus4,sus4,1 4 5,intermediate_core,caged_suspended,A_shape_sus4,x-10-12-12-13-10,"[null, 10, 12, 12, 13, 10]",,root_position,,30,13,3,None G D G C D,None 1 5 1 4 5,{}
G_sus4_triad_related_suspended_from_G_major_triad_position_triad_4-3-2_second_inversion_5-1-3_x-x-0-0-0-x_sus4_x-x-0-0-1-x,G,sus4,sus4,1 4 5,intermediate_core,triad_related_suspended,from_G_major_triad_position_triad_4-3-2_second_inversion_5-1-3_x-x-0-0-0-x_sus4,x-x-0-0-1-x,"[null, null, 0, 0, 1, null]",4-3-2,second_inversion,,65,1,0,None None D G C None,None None 5 1 4 None,{}
G_sus4_triad_related_suspended_from_G_major_triad_position_triad_6-5-4_root_position_1-3-5_3-2-0-x-x-x_sus4_3-3-0-x-x-x,G,sus4,sus4,1 4 5,intermediate_core,triad_related_suspended,from_G_major_triad_position_triad_6-5-4_root_position_1-3-5_3-2-0-x-x-x_sus4,3-3-0-x-x-x,"[3, 3, 0, null, null, null]",6-5-4,root_position,,65,3,0,G C D None None None,1 4 5 None None None,{}
G_sus4_triad_related_suspended_from_G_major_triad_position_triad_5-4-3_first_inversion_3-5-1_x-2-0-0-x-x_sus4_x-3-0-0-x-x,G,sus4,sus4,1 4 5,intermediate_core,triad_related_suspended,from_G_major_triad_position_triad_5-4-3_first_inversion_3-5-1_x-2-0-0-x-x_sus4,x-3-0-0-x-x,"[null, 3, 0, 0, null, null]",5-4-3,first_inversion_or_suspended_bass,,65,3,0,None C D G None None,None 4 5 1 None None,{}
G_sus4_triad_related_suspended_from_G_major_triad_position_triad_5-4-3_second_inversion_5-1-3_x-5-5-4-x-x_sus4_x-5-5-5-x-x,G,sus4,sus4,1 4 5,intermediate_core,triad_related_suspended,from_G_major_triad_position_triad_5-4-3_second_inversion_5-1-3_x-5-5-4-x-x_sus4,x-5-5-5-x-x,"[null, 5, 5, 5, null, null]",5-4-3,second_inversion,,65,5,0,None D G C None None,None 5 1 4 None None,{}
G_sus4_triad_related_suspended_from_G_major_triad_position_triad_4-3-2_root_position_1-3-5_x-x-5-4-3-x_sus4_x-x-5-5-3-x,G,sus4,sus4,1 4 5,intermediate_core,triad_related_suspended,from_G_major_triad_position_triad_4-3-2_root_position_1-3-5_x-x-5-4-3-x_sus4,x-x-5-5-3-x,"[null, null, 5, 5, 3, null]",4-3-2,root_position,,65,5,2,None None G C D None,None None 1 4 5 None,{}
G_sus4_triad_related_suspended_from_G_major_triad_position_triad_3-2-1_first_inversion_3-5-1_x-x-x-4-3-3_sus4_x-x-x-5-3-3,G,sus4,sus4,1 4 5,intermediate_core,triad_related_suspended,from_G_major_triad_position_triad_3-2-1_first_inversion_3-5-1_x-x-x-4-3-3_sus4,x-x-x-5-3-3,"[null, null, null, 5, 3, 3]",3-2-1,first_inversion_or_suspended_bass,,65,5,2,None None None C D G,None None None 4 5 1,{}
G_sus4_triad_related_suspended_from_G_major_triad_position_triad_6-5-4_first_inversion_3-5-1_7-5-5-x-x-x_sus4_8-5-5-x-x-x,G,sus4,sus4,1 4 5,intermediate_core,triad_related_suspended,from_G_major_triad_position_triad_6-5-4_first_inversion_3-5-1_7-5-5-x-x-x_sus4,8-5-5-x-x-x,"[8, 5, 5, null, null, null]",6-5-4,first_inversion_or_suspended_bass,,65,8,3,C D G None None None,4 5 1 None None None,{}
G_sus4_triad_related_suspended_from_G_major_triad_position_triad_3-2-1_second_inversion_5-1-3_x-x-x-7-8-7_sus4_x-x-x-7-8-8,G,sus4,sus4,1 4 5,intermediate_core,triad_related_suspended,from_G_major_triad_position_triad_3-2-1_second_inversion_5-1-3_x-x-x-7-8-7_sus4,x-x-x-7-8-8,"[null, null, null, 7, 8, 8]",3-2-1,second_inversion,,65,8,1,None None None D G C,None None None 5 1 4,{}
G_sus4_triad_related_suspended_from_G_major_triad_position_triad_6-5-4_second_inversion_5-1-3_10-10-9-x-x-x_sus4_10-10-10-x-x-x,G,sus4,sus4,1 4 5,intermediate_core,triad_related_suspended,from_G_major_triad_position_triad_6-5-4_second_inversion_5-1-3_10-10-9-x-x-x_sus4,10-10-10-x-x-x,"[10, 10, 10, null, null, null]",6-5-4,second_inversion,,65,10,0,D G C None None None,5 1 4 None None None,{}
G_sus4_triad_related_suspended_from_G_major_triad_position_triad_5-4-3_root_position_1-3-5_x-10-9-7-x-x_sus4_x-10-10-7-x-x,G,sus4,sus4,1 4 5,intermediate_core,triad_related_suspended,from_G_major_triad_position_triad_5-4-3_root_position_1-3-5_x-10-9-7-x-x_sus4,x-10-10-7-x-x,"[null, 10, 10, 7, null, null]",5-4-3,root_position,,65,10,3,None G C D None None,None 1 4 5 None None,{}
G_sus4_triad_related_suspended_from_G_major_triad_position_triad_4-3-2_first_inversion_3-5-1_x-x-9-7-8-x_sus4_x-x-10-7-8-x,G,sus4,sus4,1 4 5,intermediate_core,triad_related_suspended,from_G_major_triad_position_triad_4-3-2_first_inversion_3-5-1_x-x-9-7-8-x_sus4,x-x-10-7-8-x,"[null, null, 10, 7, 8, null]",4-3-2,first_inversion_or_suspended_bass,,65,10,3,None None C D G None,None None 4 5 1 None,{}
G_sus4_triad_related_suspended_from_G_major_triad_position_triad_4-3-2_second_inversion_5-1-3_x-x-12-12-12-x_sus4_x-x-12-12-13-x,G,sus4,sus4,1 4 5,intermediate_core,triad_related_suspended,from_G_major_triad_position_triad_4-3-2_second_inversion_5-1-3_x-x-12-12-12-x_sus4,x-x-12-12-13-x,"[null, null, 12, 12, 13, null]",4-3-2,second_inversion,,65,13,1,None None D G C None,None None 5 1 4 None,{}
G_sus4_triad_related_suspended_from_G_major_triad_position_triad_3-2-1_root_position_1-3-5_x-x-x-12-12-10_sus4_x-x-x-12-13-10,G,sus4,sus4,1 4 5,intermediate_core,triad_related_suspended,from_G_major_triad_position_triad_3-2-1_root_position_1-3-5_x-x-x-12-12-10_sus4,x-x-x-12-13-10,"[null, null, null, 12, 13, 10]",3-2-1,root_position,,65,13,3,None None None G C D,None None None 1 4 5,{}
G_sus4_triad_related_suspended_from_G_major_triad_position_triad_6-5-4_root_position_1-3-5_15-14-12-x-x-x_sus4_15-15-12-x-x-x,G,sus4,sus4,1 4 5,intermediate_core,triad_related_suspended,from_G_major_triad_position_triad_6-5-4_root_position_1-3-5_15-14-12-x-x-x_sus4,15-15-12-x-x-x,"[15, 15, 12, null, null, null]",6-5-4,root_position,,65,15,3,G C D None None None,1 4 5 None None None,{}
G_sus4_triad_related_suspended_from_G_major_triad_position_triad_5-4-3_first_inversion_3-5-1_x-14-12-12-x-x_sus4_x-15-12-12-x-x,G,sus4,sus4,1 4 5,intermediate_core,triad_related_suspended,from_G_major_triad_position_triad_5-4-3_first_inversion_3-5-1_x-14-12-12-x-x_sus4,x-15-12-12-x-x,"[null, 15, 12, 12, null, null]",5-4-3,first_inversion_or_suspended_bass,,65,15,3,None C D G None None,None 4 5 1 None None,{}
G_sus4_triad_related_suspended_from_G_major_triad_position_triad_5-4-3_second_inversion_5-1-3_x-17-17-16-x-x_sus4_x-17-17-17-x-x,G,sus4,sus4,1 4 5,intermediate_core,triad_related_suspended,from_G_major_triad_position_triad_5-4-3_second_inversion_5-1-3_x-17-17-16-x-x_sus4,x-17-17-17-x-x,"[null, 17, 17, 17, null, null]",5-4-3,second_inversion,,65,17,0,None D G C None None,None 5 1 4 None None,{}
G_sus4_triad_related_suspended_from_G_major_triad_position_triad_4-3-2_root_position_1-3-5_x-x-17-16-15-x_sus4_x-x-17-17-15-x,G,sus4,sus4,1 4 5,intermediate_core,triad_related_suspended,from_G_major_triad_position_triad_4-3-2_root_position_1-3-5_x-x-17-16-15-x_sus4,x-x-17-17-15-x,"[null, null, 17, 17, 15, null]",4-3-2,root_position,,65,17,2,None None G C D None,None None 1 4 5 None,{}
G_sus4_triad_related_suspended_from_G_major_triad_position_triad_3-2-1_first_inversion_3-5-1_x-x-x-16-15-15_sus4_x-x-x-17-15-15,G,sus4,sus4,1 4 5,intermediate_core,triad_related_suspended,from_G_major_triad_position_triad_3-2-1_first_inversion_3-5-1_x-x-x-16-15-15_sus4,x-x-x-17-15-15,"[null, null, null, 17, 15, 15]",3-2-1,first_inversion_or_suspended_bass,,65,17,2,None None None C D G,None None None 4 5 1,{}
G#_diminished_triad_position_triad_4-3-2_second_inversion_b5-1-b3_x-x-0-1-0-x,G#,diminished,dim,1 b3 b5,advanced_reference,triad_position,triad_4-3-2_second_inversion_b5-1-b3,x-x-0-1-0-x,"[null, null, 0, 1, 0, null]",4-3-2,second_inversion,second_inversion,60,1,0,None None D G# B None,None None b5 1 b3 None,{}
G#_diminished_triad_position_triad_5-4-3_first_inversion_b3-b5-1_x-2-0-1-x-x,G#,diminished,dim,1 b3 b5,advanced_reference,triad_position,triad_5-4-3_first_inversion_b3-b5-1,x-2-0-1-x-x,"[null, 2, 0, 1, null, null]",5-4-3,first_inversion_or_suspended_bass,first_inversion,60,2,1,None B D G# None None,None b3 b5 1 None None,{}
G#_diminished_triad_position_triad_6-5-4_root_position_1-b3-b5_4-2-0-x-x-x,G#,diminished,dim,1 b3 b5,advanced_reference,triad_position,triad_6-5-4_root_position_1-b3-b5,4-2-0-x-x-x,"[4, 2, 0, null, null, null]",6-5-4,root_position,root_position,60,4,2,G# B D None None None,1 b3 b5 None None None,{}
G#_diminished_triad_position_triad_3-2-1_first_inversion_b3-b5-1_x-x-x-4-3-4,G#,diminished,dim,1 b3 b5,advanced_reference,triad_position,triad_3-2-1_first_inversion_b3-b5-1,x-x-x-4-3-4,"[null, null, null, 4, 3, 4]",3-2-1,first_inversion_or_suspended_bass,first_inversion,60,4,1,None None None B D G#,None None None b3 b5 1,{}
G#_diminished_triad_position_triad_5-4-3_second_inversion_b5-1-b3_x-5-6-4-x-x,G#,diminished,dim,1 b3 b5,advanced_reference,triad_position,triad_5-4-3_second_inversion_b5-1-b3,x-5-6-4-x-x,"[null, 5, 6, 4, null, null]",5-4-3,second_inversion,second_inversion,60,6,2,None D G# B None None,None b5 1 b3 None None,{}
G#_diminished_triad_position_triad_4-3-2_root_position_1-b3-b5_x-x-6-4-3-x,G#,diminished,dim,1 b3 b5,advanced_reference,triad_position,triad_4-3-2_root_position_1-b3-b5,x-x-6-4-3-x,"[null, null, 6, 4, 3, null]",4-3-2,root_position,root_position,60,6,3,None None G# B D None,None None 1 b3 b5 None,{}
G#_diminished_triad_position_triad_6-5-4_first_inversion_b3-b5-1_7-5-6-x-x-x,G#,diminished,dim,1 b3 b5,advanced_reference,triad_position,triad_6-5-4_first_inversion_b3-b5-1,7-5-6-x-x-x,"[7, 5, 6, null, null, null]",6-5-4,first_inversion_or_suspended_bass,first_inversion,60,7,2,B D G# None None None,b3 b5 1 None None None,{}
G#_diminished_triad_position_triad_4-3-2_first_inversion_b3-b5-1_x-x-9-7-9-x,G#,diminished,dim,1 b3 b5,advanced_reference,triad_position,triad_4-3-2_first_inversion_b3-b5-1,x-x-9-7-9-x,"[null, null, 9, 7, 9, null]",4-3-2,first_inversion_or_suspended_bass,first_inversion,60,9,2,None None B D G# None,None None b3 b5 1 None,{}
G#_diminished_triad_position_triad_3-2-1_second_inversion_b5-1-b3_x-x-x-7-9-7,G#,diminished,dim,1 b3 b5,advanced_reference,triad_position,triad_3-2-1_second_inversion_b5-1-b3,x-x-x-7-9-7,"[null, null, null, 7, 9, 7]",3-2-1,second_inversion,second_inversion,60,9,2,None None None D G# B,None None None b5 1 b3,{}
G#_diminished_triad_position_triad_6-5-4_second_inversion_b5-1-b3_10-11-9-x-x-x,G#,diminished,dim,1 b3 b5,advanced_reference,triad_position,triad_6-5-4_second_inversion_b5-1-b3,10-11-9-x-x-x,"[10, 11, 9, null, null, null]",6-5-4,second_inversion,second_inversion,60,11,2,D G# B None None None,b5 1 b3 None None None,{}
G#_diminished_triad_position_triad_5-4-3_root_position_1-b3-b5_x-11-9-7-x-x,G#,diminished,dim,1 b3 b5,advanced_reference,triad_position,triad_5-4-3_root_position_1-b3-b5,x-11-9-7-x-x,"[null, 11, 9, 7, null, null]",5-4-3,root_position,root_position,60,11,4,None G# B D None None,None 1 b3 b5 None None,{}
G#_diminished_triad_position_triad_4-3-2_second_inversion_b5-1-b3_x-x-12-13-12-x,G#,diminished,dim,1 b3 b5,advanced_reference,triad_position,triad_4-3-2_second_inversion_b5-1-b3,x-x-12-13-12-x,"[null, null, 12, 13, 12, null]",4-3-2,second_inversion,second_inversion,60,13,1,None None D G# B None,None None b5 1 b3 None,{}
G#_diminished_triad_position_triad_3-2-1_root_position_1-b3-b5_x-x-x-13-12-10,G#,diminished,dim,1 b3 b5,advanced_reference,triad_position,triad_3-2-1_root_position_1-b3-b5,x-x-x-13-12-10,"[null, null, null, 13, 12, 10]",3-2-1,root_position,root_position,60,13,3,None None None G# B D,None None None 1 b3 b5,{}
G#_diminished_triad_position_triad_5-4-3_first_inversion_b3-b5-1_x-14-12-13-x-x,G#,diminished,dim,1 b3 b5,advanced_reference,triad_position,triad_5-4-3_first_inversion_b3-b5-1,x-14-12-13-x-x,"[null, 14, 12, 13, null, null]",5-4-3,first_inversion_or_suspended_bass,first_inversion,60,14,2,None B D G# None None,None b3 b5 1 None None,{}
G#_diminished_triad_position_triad_6-5-4_root_position_1-b3-b5_16-14-12-x-x-x,G#,diminished,dim,1 b3 b5,advanced_reference,triad_position,triad_6-5-4_root_position_1-b3-b5,16-14-12-x-x-x,"[16, 14, 12, null, null, null]",6-5-4,root_position,root_position,60,16,4,G# B D None None None,1 b3 b5 None None None,{}
G#_diminished_triad_position_triad_3-2-1_first_inversion_b3-b5-1_x-x-x-16-15-16,G#,diminished,dim,1 b3 b5,advanced_reference,triad_position,triad_3-2-1_first_inversion_b3-b5-1,x-x-x-16-15-16,"[null, null, null, 16, 15, 16]",3-2-1,first_inversion_or_suspended_bass,first_inversion,60,16,1,None None None B D G#,None None None b3 b5 1,{}
G#_diminished_triad_position_triad_5-4-3_second_inversion_b5-1-b3_x-17-18-16-x-x,G#,diminished,dim,1 b3 b5,advanced_reference,triad_position,triad_5-4-3_second_inversion_b5-1-b3,x-17-18-16-x-x,"[null, 17, 18, 16, null, null]",5-4-3,second_inversion,second_inversion,60,18,2,None D G# B None None,None b5 1 b3 None None,{}
G#_diminished_triad_position_triad_4-3-2_root_position_1-b3-b5_x-x-18-16-15-x,G#,diminished,dim,1 b3 b5,advanced_reference,triad_position,triad_4-3-2_root_position_1-b3-b5,x-x-18-16-15-x,"[null, null, 18, 16, 15, null]",4-3-2,root_position,root_position,60,18,3,None None G# B D None,None None 1 b3 b5 None,{}
G#_diminished7_movable_diminished_A_root_dim7_diamond_x-11-12-10-12-x,G#,diminished7,dim7,1 b3 b5 bb7,intermediate_core,movable_diminished,A_root_dim7_diamond,x-11-12-10-12-x,"[null, 11, 12, 10, 12, null]",,root_position,,45,12,2,None G# D F B None,None 1 b5 6/bb7 b3 None,{}
G#_diminished7_movable_diminished_E_root_dim7_barre_16-x-15-16-15-x,G#,diminished7,dim7,1 b3 b5 bb7,intermediate_core,movable_diminished,E_root_dim7_barre,16-x-15-16-15-x,"[16, null, 15, 16, 15, null]",,root_position,,45,16,1,G# None F B D None,1 None 6/bb7 b3 b5 None,{}
G#_diminished7_compact_seventh_position_seventh_4-3-2-1_b5-1-b3-bb7_x-x-0-1-0-1,G#,diminished7,dim7,1 b3 b5 bb7,advanced_reference,compact_seventh_position,seventh_4-3-2-1_b5-1-b3-bb7,x-x-0-1-0-1,"[null, null, 0, 1, 0, 1]",4-3-2-1,second_inversion,,80,1,0,None None D G# B F,None None b5 1 b3 6/bb7,{}
G#_diminished7_compact_seventh_position_seventh_6-5-4-3_bb7-b3-b5-1_1-2-0-1-x-x,G#,diminished7,dim7,1 b3 b5 bb7,advanced_reference,compact_seventh_position,seventh_6-5-4-3_bb7-b3-b5-1,1-2-0-1-x-x,"[1, 2, 0, 1, null, null]",6-5-4-3,seventh_in_bass,,80,2,1,F B D G# None None,6/bb7 b3 b5 1 None None,{}
G#_diminished7_compact_seventh_position_seventh_5-4-3-2_b3-bb7-1-b5_x-2-3-1-3-x,G#,diminished7,dim7,1 b3 b5 bb7,advanced_reference,compact_seventh_position,seventh_5-4-3-2_b3-bb7-1-b5,x-2-3-1-3-x,"[null, 2, 3, 1, 3, null]",5-4-3-2,first_inversion_or_suspended_bass,,80,3,2,None B F G# D None,None b3 6/bb7 1 b5 None,{}
G#_diminished7_compact_seventh_position_seventh_4-3-2-1_bb7-b3-b5-1_x-x-3-4-3-4,G#,diminished7,dim7,1 b3 b5 bb7,advanced_reference,compact_seventh_position,seventh_4-3-2-1_bb7-b3-b5-1,x-x-3-4-3-4,"[null, null, 3, 4, 3, 4]",4-3-2-1,seventh_in_bass,,80,4,1,None None F B D G#,None None 6/bb7 b3 b5 1,{}
G#_diminished7_compact_seventh_position_seventh_6-5-4-3_1-b5-bb7-b3_4-5-3-4-x-x,G#,diminished7,dim7,1 b3 b5 bb7,advanced_reference,compact_seventh_position,seventh_6-5-4-3_1-b5-bb7-b3,4-5-3-4-x-x,"[4, 5, 3, 4, null, null]",6-5-4-3,root_position,,80,5,2,G# D F B None None,1 b5 6/bb7 b3 None None,{}
G#_diminished7_compact_seventh_position_seventh_5-4-3-2_b5-bb7-1-b3_x-5-3-1-0-x,G#,diminished7,dim7,1 b3 b5 bb7,advanced_reference,compact_seventh_position,seventh_5-4-3-2_b5-bb7-1-b3,x-5-3-1-0-x,"[null, 5, 3, 1, 0, null]",5-4-3-2,second_inversion,,80,5,4,None D F G# B None,None b5 6/bb7 1 b3 None,{}
G#_diminished7_compact_seventh_position_seventh_5-4-3-2_b5-1-b3-bb7_x-5-6-4-6-x,G#,diminished7,dim7,1 b3 b5 bb7,advanced_reference,compact_seventh_position,seventh_5-4-3-2_b5-1-b3-bb7,x-5-6-4-6-x,"[null, 5, 6, 4, 6, null]",5-4-3-2,second_inversion,,80,6,2,None D G# B F None,None b5 1 b3 6/bb7 None,{}
G#_diminished7_compact_seventh_position_seventh_4-3-2-1_1-b5-bb7-b3_x-x-6-7-6-7,G#,diminished7,dim7,1 b3 b5 bb7,advanced_reference,compact_seventh_position,seventh_4-3-2-1_1-b5-bb7-b3,x-x-6-7-6-7,"[null, null, 6, 7, 6, 7]",4-3-2-1,root_position,,80,7,1,None None G# D F B,None None 1 b5 6/bb7 b3,{}
G#_diminished7_compact_seventh_position_seventh_6-5-4-3_b3-bb7-1-b5_7-8-6-7-x-x,G#,diminished7,dim7,1 b3 b5 bb7,advanced_reference,compact_seventh_position,seventh_6-5-4-3_b3-bb7-1-b5,7-8-6-7-x-x,"[7, 8, 6, 7, null, null]",6-5-4-3,first_inversion_or_suspended_bass,,80,8,2,B F G# D None None,b3 6/bb7 1 b5 None None,{}
G#_diminished7_compact_seventh_position_seventh_5-4-3-2_bb7-b3-b5-1_x-8-9-7-9-x,G#,diminished7,dim7,1 b3 b5 bb7,advanced_reference,compact_seventh_position,seventh_5-4-3-2_bb7-b3-b5-1,x-8-9-7-9-x,"[null, 8, 9, 7, 9, null]",5-4-3-2,seventh_in_bass,,80,9,2,None F B D G# None,None 6/bb7 b3 b5 1 None,{}
G#_diminished7_compact_seventh_position_seventh_4-3-2-1_b3-bb7-1-b5_x-x-9-10-9-10,G#,diminished7,dim7,1 b3 b5 bb7,advanced_reference,compact_seventh_position,seventh_4-3-2-1_b3-bb7-1-b5,x-x-9-10-9-10,"[null, null, 9, 10, 9, 10]",4-3-2-1,first_inversion_or_suspended_bass,,80,10,1,None None B F G# D,None None b3 6/bb7 1 b5,{}
G#_diminished7_compact_seventh_position_seventh_6-5-4-3_b5-1-b3-bb7_10-11-9-10-x-x,G#,diminished7,dim7,1 b3 b5 bb7,advanced_reference,compact_seventh_position,seventh_6-5-4-3_b5-1-b3-bb7,10-11-9-10-x-x,"[10, 11, 9, 10, null, null]",6-5-4-3,second_inversion,,80,11,2,D G# B F None None,b5 1 b3 6/bb7 None None,{}
G#_diminished7_compact_seventh_position_seventh_4-3-2-1_b5-1-b3-bb7_x-x-12-13-12-13,G#,diminished7,dim7,1 b3 b5 bb7,advanced_reference,compact_seventh_position,seventh_4-3-2-1_b5-1-b3-bb7,x-x-12-13-12-13,"[null, null, 12, 13, 12, 13]",4-3-2-1,second_inversion,,80,13,1,None None D G# B F,None None b5 1 b3 6/bb7,{}
G#_diminished7_compact_seventh_position_seventh_6-5-4-3_bb7-b3-b5-1_13-14-12-13-x-x,G#,diminished7,dim7,1 b3 b5 bb7,advanced_reference,compact_seventh_position,seventh_6-5-4-3_bb7-b3-b5-1,13-14-12-13-x-x,"[13, 14, 12, 13, null, null]",6-5-4-3,seventh_in_bass,,80,14,2,F B D G# None None,6/bb7 b3 b5 1 None None,{}
G#_diminished7_compact_seventh_position_seventh_5-4-3-2_b3-bb7-1-b5_x-14-15-13-15-x,G#,diminished7,dim7,1 b3 b5 bb7,advanced_reference,compact_seventh_position,seventh_5-4-3-2_b3-bb7-1-b5,x-14-15-13-15-x,"[null, 14, 15, 13, 15, null]",5-4-3-2,first_inversion_or_suspended_bass,,80,15,2,None B F G# D None,None b3 6/bb7 1 b5 None,{}
G#_diminished7_compact_seventh_position_seventh_4-3-2-1_bb7-b3-b5-1_x-x-15-16-15-16,G#,diminished7,dim7,1 b3 b5 bb7,advanced_reference,compact_seventh_position,seventh_4-3-2-1_bb7-b3-b5-1,x-x-15-16-15-16,"[null, null, 15, 16, 15, 16]",4-3-2-1,seventh_in_bass,,80,16,1,None None F B D G#,None None 6/bb7 b3 b5 1,{}
G#_diminished7_compact_seventh_position_seventh_6-5-4-3_1-b5-bb7-b3_16-17-15-16-x-x,G#,diminished7,dim7,1 b3 b5 bb7,advanced_reference,compact_seventh_position,seventh_6-5-4-3_1-b5-bb7-b3,16-17-15-16-x-x,"[16, 17, 15, 16, null, null]",6-5-4-3,root_position,,80,17,2,G# D F B None None,1 b5 6/bb7 b3 None None,{}
G#_diminished7_compact_seventh_position_seventh_5-4-3-2_b5-1-b3-bb7_x-17-18-16-18-x,G#,diminished7,dim7,1 b3 b5 bb7,advanced_reference,compact_seventh_position,seventh_5-4-3-2_b5-1-b3-bb7,x-17-18-16-18-x,"[null, 17, 18, 16, 18, null]",5-4-3-2,second_inversion,,80,18,2,None D G# B F None,None b5 1 b3 6/bb7 None,{}
G#_dominant7_caged_seventh_G_shape_7_4-3-1-1-1-2,G#,dominant7,7,1 3 5 b7,intermediate_core,caged_seventh,G_shape_7,4-3-1-1-1-2,"[4, 3, 1, 1, 1, 2]",,root_position,,35,4,3,G# C D# G# C F#,1 3 5 1 3 b7,{}
G#_dominant7_caged_seventh_E_shape_7_4-6-4-5-4-4,G#,dominant7,7,1 3 5 b7,intermediate_core,caged_seventh,E_shape_7,4-6-4-5-4-4,"[4, 6, 4, 5, 4, 4]",,root_position,,35,6,2,G# D# F# C D# G#,1 5 b7 3 5 1,{}
G#_dominant7_caged_seventh_D_shape_7_x-x-6-8-7-8,G#,dominant7,7,1 3 5 b7,intermediate_core,caged_seventh,D_shape_7,x-x-6-8-7-8,"[null, null, 6, 8, 7, 8]",,root_position,,35,8,2,None None G# D# F# C,None None 1 5 b7 3,{}
G#_dominant7_caged_seventh_A_shape_7_x-11-13-11-13-11,G#,dominant7,7,1 3 5 b7,intermediate_core,caged_seventh,A_shape_7,x-11-13-11-13-11,"[null, 11, 13, 11, 13, 11]",,root_position,,35,13,2,None G# D# F# C D#,None 1 5 b7 3 5,{}
G#_dominant7_compact_seventh_position_seventh_4-3-2-1_5-1-3-b7_x-x-1-1-1-2,G#,dominant7,7,1 3 5 b7,advanced_reference,compact_seventh_position,seventh_4-3-2-1_5-1-3-b7,x-x-1-1-1-2,"[null, null, 1, 1, 1, 2]",4-3-2-1,second_inversion,,80,2,1,None None D# G# C F#,None None 5 1 3 b7,{}
G#_dominant7_compact_seventh_position_seventh_6-5-4-3_b7-3-5-1_2-3-1-1-x-x,G#,dominant7,7,1 3 5 b7,advanced_reference,compact_seventh_position,seventh_6-5-4-3_b7-3-5-1,2-3-1-1-x-x,"[2, 3, 1, 1, null, null]",6-5-4-3,seventh_in_bass,,80,3,2,F# C D# G# None None,b7 3 5 1 None None,{}
G#_dominant7_compact_seventh_position_seventh_5-4-3-2_3-b7-1-5_x-3-4-1-4-x,G#,dominant7,7,1 3 5 b7,advanced_reference,compact_seventh_position,seventh_5-4-3-2_3-b7-1-5,x-3-4-1-4-x,"[null, 3, 4, 1, 4, null]",5-4-3-2,first_inversion_or_suspended_bass,,80,4,3,None C F# G# D# None,None 3 b7 1 5 None,{}
G#_dominant7_compact_seventh_position_seventh_4-3-2-1_b7-3-5-1_x-x-4-5-4-4,G#,dominant7,7,1 3 5 b7,advanced_reference,compact_seventh_position,seventh_4-3-2-1_b7-3-5-1,x-x-4-5-4-4,"[null, null, 4, 5, 4, 4]",4-3-2-1,seventh_in_bass,,80,5,1,None None F# C D# G#,None None b7 3 5 1,{}
G#_dominant7_compact_seventh_position_seventh_6-5-4-3_b7-5-1-3_2-6-6-5-x-x,G#,dominant7,7,1 3 5 b7,advanced_reference,compact_seventh_position,seventh_6-5-4-3_b7-5-1-3,2-6-6-5-x-x,"[2, 6, 6, 5, null, null]",6-5-4-3,seventh_in_bass,,80,6,4,F# D# G# C None None,b7 5 1 3 None None,{}
G#_dominant7_compact_seventh_position_seventh_6-5-4-3_1-5-b7-3_4-6-4-5-x-x,G#,dominant7,7,1 3 5 b7,advanced_reference,compact_seventh_position,seventh_6-5-4-3_1-5-b7-3,4-6-4-5-x-x,"[4, 6, 4, 5, null, null]",6-5-4-3,root_position,,80,6,2,G# D# F# C None None,1 5 b7 3 None None,{}
G#_dominant7_compact_seventh_position_seventh_4-3-2-1_1-3-5-b7_x-x-6-5-4-2,G#,dominant7,7,1 3 5 b7,advanced_reference,compact_seventh_position,seventh_4-3-2-1_1-3-5-b7,x-x-6-5-4-2,"[null, null, 6, 5, 4, 2]",4-3-2-1,root_position,,80,6,4,None None G# C D# F#,None None 1 3 5 b7,{}
G#_dominant7_compact_seventh_position_seventh_5-4-3-2_5-1-3-b7_x-6-6-5-7-x,G#,dominant7,7,1 3 5 b7,advanced_reference,compact_seventh_position,seventh_5-4-3-2_5-1-3-b7,x-6-6-5-7-x,"[null, 6, 6, 5, 7, null]",5-4-3-2,second_inversion,,80,7,2,None D# G# C F# None,None 5 1 3 b7 None,{}
G#_dominant7_compact_seventh_position_seventh_6-5-4-3_3-b7-1-5_8-9-6-8-x-x,G#,dominant7,7,1 3 5 b7,advanced_reference,compact_seventh_position,seventh_6-5-4-3_3-b7-1-5,8-9-6-8-x-x,"[8, 9, 6, 8, null, null]",6-5-4-3,first_inversion_or_suspended_bass,,80,9,3,C F# G# D# None None,3 b7 1 5 None None,{}
G#_dominant7_compact_seventh_position_seventh_5-4-3-2_b7-3-5-1_x-9-10-8-9-x,G#,dominant7,7,1 3 5 b7,advanced_reference,compact_seventh_position,seventh_5-4-3-2_b7-3-5-1,x-9-10-8-9-x,"[null, 9, 10, 8, 9, null]",5-4-3-2,seventh_in_bass,,80,10,2,None F# C D# G# None,None b7 3 5 1 None,{}
G#_dominant7_compact_seventh_position_seventh_6-5-4-3_5-1-3-b7_11-11-10-11-x-x,G#,dominant7,7,1 3 5 b7,advanced_reference,compact_seventh_position,seventh_6-5-4-3_5-1-3-b7,11-11-10-11-x-x,"[11, 11, 10, 11, null, null]",6-5-4-3,second_inversion,,80,11,1,D# G# C F# None None,5 1 3 b7 None None,{}
G#_dominant7_compact_seventh_position_seventh_5-4-3-2_1-3-5-b7_x-11-10-8-7-x,G#,dominant7,7,1 3 5 b7,advanced_reference,compact_seventh_position,seventh_5-4-3-2_1-3-5-b7,x-11-10-8-7-x,"[null, 11, 10, 8, 7, null]",5-4-3-2,root_position,,80,11,4,None G# C D# F# None,None 1 3 5 b7 None,{}
G#_dominant7_compact_seventh_position_seventh_4-3-2-1_3-b7-1-5_x-x-10-11-9-11,G#,dominant7,7,1 3 5 b7,advanced_reference,compact_seventh_position,seventh_4-3-2-1_3-b7-1-5,x-x-10-11-9-11,"[null, null, 10, 11, 9, 11]",4-3-2-1,first_inversion_or_suspended_bass,,80,11,2,None None C F# G# D#,None None 3 b7 1 5,{}
G#_dominant7_compact_seventh_position_seventh_6-5-4-3_5-b7-3-1_11-9-10-13-x-x,G#,dominant7,7,1 3 5 b7,advanced_reference,compact_seventh_position,seventh_6-5-4-3_5-b7-3-1,11-9-10-13-x-x,"[11, 9, 10, 13, null, null]",6-5-4-3,second_inversion,,80,13,4,D# F# C G# None None,5 b7 3 1 None None,{}
G#_dominant7_compact_seventh_position_seventh_5-4-3-2_1-5-b7-3_x-11-13-11-13-x,G#,dominant7,7,1 3 5 b7,advanced_reference,compact_seventh_position,seventh_5-4-3-2_1-5-b7-3,x-11-13-11-13-x,"[null, 11, 13, 11, 13, null]",5-4-3-2,root_position,,80,13,2,None G# D# F# C None,None 1 5 b7 3 None,{}
G#_dominant7_compact_seventh_position_seventh_5-4-3-2_b7-5-1-3_x-9-13-13-13-x,G#,dominant7,7,1 3 5 b7,advanced_reference,compact_seventh_position,seventh_5-4-3-2_b7-5-1-3,x-9-13-13-13-x,"[null, 9, 13, 13, 13, null]",5-4-3-2,seventh_in_bass,,80,13,4,None F# D# G# C None,None b7 5 1 3 None,{}
G#_dominant7_compact_seventh_position_seventh_4-3-2-1_5-1-3-b7_x-x-13-13-13-14,G#,dominant7,7,1 3 5 b7,advanced_reference,compact_seventh_position,seventh_4-3-2-1_5-1-3-b7,x-x-13-13-13-14,"[null, null, 13, 13, 13, 14]",4-3-2-1,second_inversion,,80,14,1,None None D# G# C F#,None None 5 1 3 b7,{}
G#_dominant7_compact_seventh_position_seventh_6-5-4-3_b7-3-5-1_14-15-13-13-x-x,G#,dominant7,7,1 3 5 b7,advanced_reference,compact_seventh_position,seventh_6-5-4-3_b7-3-5-1,14-15-13-13-x-x,"[14, 15, 13, 13, null, null]",6-5-4-3,seventh_in_bass,,80,15,2,F# C D# G# None None,b7 3 5 1 None None,{}
G#_dominant7_compact_seventh_position_seventh_5-4-3-2_3-b7-1-5_x-15-16-13-16-x,G#,dominant7,7,1 3 5 b7,advanced_reference,compact_seventh_position,seventh_5-4-3-2_3-b7-1-5,x-15-16-13-16-x,"[null, 15, 16, 13, 16, null]",5-4-3-2,first_inversion_or_suspended_bass,,80,16,3,None C F# G# D# None,None 3 b7 1 5 None,{}
G#_dominant7_compact_seventh_position_seventh_4-3-2-1_b7-3-5-1_x-x-16-17-16-16,G#,dominant7,7,1 3 5 b7,advanced_reference,compact_seventh_position,seventh_4-3-2-1_b7-3-5-1,x-x-16-17-16-16,"[null, null, 16, 17, 16, 16]",4-3-2-1,seventh_in_bass,,80,17,1,None None F# C D# G#,None None b7 3 5 1,{}
G#_dominant7_compact_seventh_position_seventh_6-5-4-3_b7-5-1-3_14-18-18-17-x-x,G#,dominant7,7,1 3 5 b7,advanced_reference,compact_seventh_position,seventh_6-5-4-3_b7-5-1-3,14-18-18-17-x-x,"[14, 18, 18, 17, null, null]",6-5-4-3,seventh_in_bass,,80,18,4,F# D# G# C None None,b7 5 1 3 None None,{}
G#_dominant7_compact_seventh_position_seventh_6-5-4-3_1-5-b7-3_16-18-16-17-x-x,G#,dominant7,7,1 3 5 b7,advanced_reference,compact_seventh_position,seventh_6-5-4-3_1-5-b7-3,16-18-16-17-x-x,"[16, 18, 16, 17, null, null]",6-5-4-3,root_position,,80,18,2,G# D# F# C None None,1 5 b7 3 None None,{}
G#_dominant7_compact_seventh_position_seventh_4-3-2-1_1-3-5-b7_x-x-18-17-16-14,G#,dominant7,7,1 3 5 b7,advanced_reference,compact_seventh_position,seventh_4-3-2-1_1-3-5-b7,x-x-18-17-16-14,"[null, null, 18, 17, 16, 14]",4-3-2-1,root_position,,80,18,4,None None G# C D# F#,None None 1 3 5 b7,{}
G#_half_diminished7_movable_diminished_A_root_m7b5_x-11-12-11-12-x,G#,half_diminished7,m7b5,1 b3 b5 b7,intermediate_core,movable_diminished,A_root_m7b5,x-11-12-11-12-x,"[null, 11, 12, 11, 12, null]",,root_position,,45,12,1,None G# D F# B None,None 1 b5 b7 b3 None,{}
G#_half_diminished7_movable_diminished_E_root_m7b5_16-x-16-16-15-x,G#,half_diminished7,m7b5,1 b3 b5 b7,intermediate_core,movable_diminished,E_root_m7b5,16-x-16-16-15-x,"[16, null, 16, 16, 15, null]",,root_position,,45,16,1,G# None F# B D None,1 None b7 b3 b5 None,{}
G#_half_diminished7_compact_seventh_position_seventh_6-5-4-3_b7-b3-b5-1_2-2-0-1-x-x,G#,half_diminished7,m7b5,1 b3 b5 b7,advanced_reference,compact_seventh_position,seventh_6-5-4-3_b7-b3-b5-1,2-2-0-1-x-x,"[2, 2, 0, 1, null, null]",6-5-4-3,seventh_in_bass,,80,2,1,F# B D G# None None,b7 b3 b5 1 None None,{}
G#_half_diminished7_compact_seventh_position_seventh_4-3-2-1_b5-1-b3-b7_x-x-0-1-0-2,G#,half_diminished7,m7b5,1 b3 b5 b7,advanced_reference,compact_seventh_position,seventh_4-3-2-1_b5-1-b3-b7,x-x-0-1-0-2,"[null, null, 0, 1, 0, 2]",4-3-2-1,second_inversion,,80,2,1,None None D G# B F#,None None b5 1 b3 b7,{}
G#_half_diminished7_compact_seventh_position_seventh_5-4-3-2_b3-b7-1-b5_x-2-4-1-3-x,G#,half_diminished7,m7b5,1 b3 b5 b7,advanced_reference,compact_seventh_position,seventh_5-4-3-2_b3-b7-1-b5,x-2-4-1-3-x,"[null, 2, 4, 1, 3, null]",5-4-3-2,first_inversion_or_suspended_bass,,80,4,3,None B F# G# D None,None b3 b7 1 b5 None,{}
G#_half_diminished7_compact_seventh_position_seventh_4-3-2-1_b7-b3-b5-1_x-x-4-4-3-4,G#,half_diminished7,m7b5,1 b3 b5 b7,advanced_reference,compact_seventh_position,seventh_4-3-2-1_b7-b3-b5-1,x-x-4-4-3-4,"[null, null, 4, 4, 3, 4]",4-3-2-1,seventh_in_bass,,80,4,1,None None F# B D G#,None None b7 b3 b5 1,{}
G#_half_diminished7_compact_seventh_position_seventh_6-5-4-3_1-b5-b7-b3_4-5-4-4-x-x,G#,half_diminished7,m7b5,1 b3 b5 b7,advanced_reference,compact_seventh_position,seventh_6-5-4-3_1-b5-b7-b3,4-5-4-4-x-x,"[4, 5, 4, 4, null, null]",6-5-4-3,root_position,,80,5,1,G# D F# B None None,1 b5 b7 b3 None None,{}
G#_half_diminished7_compact_seventh_position_seventh_5-4-3-2_b5-b7-1-b3_x-5-4-1-0-x,G#,half_diminished7,m7b5,1 b3 b5 b7,advanced_reference,compact_seventh_position,seventh_5-4-3-2_b5-b7-1-b3,x-5-4-1-0-x,"[null, 5, 4, 1, 0, null]",5-4-3-2,second_inversion,,80,5,4,None D F# G# B None,None b5 b7 1 b3 None,{}
G#_half_diminished7_compact_seventh_position_seventh_6-5-4-3_b7-b5-1-b3_2-5-6-4-x-x,G#,half_diminished7,m7b5,1 b3 b5 b7,advanced_reference,compact_seventh_position,seventh_6-5-4-3_b7-b5-1-b3,2-5-6-4-x-x,"[2, 5, 6, 4, null, null]",6-5-4-3,seventh_in_bass,,80,6,4,F# D G# B None None,b7 b5 1 b3 None None,{}
G#_half_diminished7_compact_seventh_position_seventh_4-3-2-1_1-b3-b5-b7_x-x-6-4-3-2,G#,half_diminished7,m7b5,1 b3 b5 b7,advanced_reference,compact_seventh_position,seventh_4-3-2-1_1-b3-b5-b7,x-x-6-4-3-2,"[null, null, 6, 4, 3, 2]",4-3-2-1,root_position,,80,6,4,None None G# B D F#,None None 1 b3 b5 b7,{}
G#_half_diminished7_compact_seventh_position_seventh_5-4-3-2_b5-1-b3-b7_x-5-6-4-7-x,G#,half_diminished7,m7b5,1 b3 b5 b7,advanced_reference,compact_seventh_position,seventh_5-4-3-2_b5-1-b3-b7,x-5-6-4-7-x,"[null, 5, 6, 4, 7, null]",5-4-3-2,second_inversion,,80,7,3,None D G# B F# None,None b5 1 b3 b7 None,{}
G#_half_diminished7_compact_seventh_position_seventh_4-3-2-1_1-b5-b7-b3_x-x-6-7-7-7,G#,half_diminished7,m7b5,1 b3 b5 b7,advanced_reference,compact_seventh_position,seventh_4-3-2-1_1-b5-b7-b3,x-x-6-7-7-7,"[null, null, 6, 7, 7, 7]",4-3-2-1,root_position,,80,7,1,None None G# D F# B,None None 1 b5 b7 b3,{}
G#_half_diminished7_compact_seventh_position_seventh_6-5-4-3_b3-b7-1-b5_7-9-6-7-x-x,G#,half_diminished7,m7b5,1 b3 b5 b7,advanced_reference,compact_seventh_position,seventh_6-5-4-3_b3-b7-1-b5,7-9-6-7-x-x,"[7, 9, 6, 7, null, null]",6-5-4-3,first_inversion_or_suspended_bass,,80,9,3,B F# G# D None None,b3 b7 1 b5 None None,{}
G#_half_diminished7_compact_seventh_position_seventh_5-4-3-2_b7-b3-b5-1_x-9-9-7-9-x,G#,half_diminished7,m7b5,1 b3 b5 b7,advanced_reference,compact_seventh_position,seventh_5-4-3-2_b7-b3-b5-1,x-9-9-7-9-x,"[null, 9, 9, 7, 9, null]",5-4-3-2,seventh_in_bass,,80,9,2,None F# B D G# None,None b7 b3 b5 1 None,{}
G#_half_diminished7_compact_seventh_position_seventh_6-5-4-3_b5-1-b3-b7_10-11-9-11-x-x,G#,half_diminished7,m7b5,1 b3 b5 b7,advanced_reference,compact_seventh_position,seventh_6-5-4-3_b5-1-b3-b7,10-11-9-11-x-x,"[10, 11, 9, 11, null, null]",6-5-4-3,second_inversion,,80,11,2,D G# B F# None None,b5 1 b3 b7 None None,{}
G#_half_diminished7_compact_seventh_position_seventh_5-4-3-2_1-b3-b5-b7_x-11-9-7-7-x,G#,half_diminished7,m7b5,1 b3 b5 b7,advanced_reference,compact_seventh_position,seventh_5-4-3-2_1-b3-b5-b7,x-11-9-7-7-x,"[null, 11, 9, 7, 7, null]",5-4-3-2,root_position,,80,11,4,None G# B D F# None,None 1 b3 b5 b7 None,{}
G#_half_diminished7_compact_seventh_position_seventh_4-3-2-1_b3-b7-1-b5_x-x-9-11-9-10,G#,half_diminished7,m7b5,1 b3 b5 b7,advanced_reference,compact_seventh_position,seventh_4-3-2-1_b3-b7-1-b5,x-x-9-11-9-10,"[null, null, 9, 11, 9, 10]",4-3-2-1,first_inversion_or_suspended_bass,,80,11,2,None None B F# G# D,None None b3 b7 1 b5,{}
G#_half_diminished7_compact_seventh_position_seventh_6-5-4-3_b5-b7-b3-1_10-9-9-13-x-x,G#,half_diminished7,m7b5,1 b3 b5 b7,advanced_reference,compact_seventh_position,seventh_6-5-4-3_b5-b7-b3-1,10-9-9-13-x-x,"[10, 9, 9, 13, null, null]",6-5-4-3,second_inversion,,80,13,4,D F# B G# None None,b5 b7 b3 1 None None,{}
G#_half_diminished7_compact_seventh_position_seventh_5-4-3-2_b7-b5-1-b3_x-9-12-13-12-x,G#,half_diminished7,m7b5,1 b3 b5 b7,advanced_reference,compact_seventh_position,seventh_5-4-3-2_b7-b5-1-b3,x-9-12-13-12-x,"[null, 9, 12, 13, 12, null]",5-4-3-2,seventh_in_bass,,80,13,4,None F# D G# B None,None b7 b5 1 b3 None,{}
G#_half_diminished7_compact_seventh_position_seventh_6-5-4-3_b7-b3-b5-1_14-14-12-13-x-x,G#,half_diminished7,m7b5,1 b3 b5 b7,advanced_reference,compact_seventh_position,seventh_6-5-4-3_b7-b3-b5-1,14-14-12-13-x-x,"[14, 14, 12, 13, null, null]",6-5-4-3,seventh_in_bass,,80,14,2,F# B D G# None None,b7 b3 b5 1 None None,{}
G#_half_diminished7_compact_seventh_position_seventh_4-3-2-1_b5-1-b3-b7_x-x-12-13-12-14,G#,half_diminished7,m7b5,1 b3 b5 b7,advanced_reference,compact_seventh_position,seventh_4-3-2-1_b5-1-b3-b7,x-x-12-13-12-14,"[null, null, 12, 13, 12, 14]",4-3-2-1,second_inversion,,80,14,2,None None D G# B F#,None None b5 1 b3 b7,{}
G#_half_diminished7_compact_seventh_position_seventh_5-4-3-2_b3-b7-1-b5_x-14-16-13-15-x,G#,half_diminished7,m7b5,1 b3 b5 b7,advanced_reference,compact_seventh_position,seventh_5-4-3-2_b3-b7-1-b5,x-14-16-13-15-x,"[null, 14, 16, 13, 15, null]",5-4-3-2,first_inversion_or_suspended_bass,,80,16,3,None B F# G# D None,None b3 b7 1 b5 None,{}
G#_half_diminished7_compact_seventh_position_seventh_4-3-2-1_b7-b3-b5-1_x-x-16-16-15-16,G#,half_diminished7,m7b5,1 b3 b5 b7,advanced_reference,compact_seventh_position,seventh_4-3-2-1_b7-b3-b5-1,x-x-16-16-15-16,"[null, null, 16, 16, 15, 16]",4-3-2-1,seventh_in_bass,,80,16,1,None None F# B D G#,None None b7 b3 b5 1,{}
G#_half_diminished7_compact_seventh_position_seventh_6-5-4-3_1-b5-b7-b3_16-17-16-16-x-x,G#,half_diminished7,m7b5,1 b3 b5 b7,advanced_reference,compact_seventh_position,seventh_6-5-4-3_1-b5-b7-b3,16-17-16-16-x-x,"[16, 17, 16, 16, null, null]",6-5-4-3,root_position,,80,17,1,G# D F# B None None,1 b5 b7 b3 None None,{}
G#_half_diminished7_compact_seventh_position_seventh_6-5-4-3_b7-b5-1-b3_14-17-18-16-x-x,G#,half_diminished7,m7b5,1 b3 b5 b7,advanced_reference,compact_seventh_position,seventh_6-5-4-3_b7-b5-1-b3,14-17-18-16-x-x,"[14, 17, 18, 16, null, null]",6-5-4-3,seventh_in_bass,,80,18,4,F# D G# B None None,b7 b5 1 b3 None None,{}
G#_half_diminished7_compact_seventh_position_seventh_4-3-2-1_1-b3-b5-b7_x-x-18-16-15-14,G#,half_diminished7,m7b5,1 b3 b5 b7,advanced_reference,compact_seventh_position,seventh_4-3-2-1_1-b3-b5-b7,x-x-18-16-15-14,"[null, null, 18, 16, 15, 14]",4-3-2-1,root_position,,80,18,4,None None G# B D F#,None None 1 b3 b5 b7,{}
G#_m7_caged_seventh_E_shape_m7_4-6-4-4-4-4,G#,m7,m7,1 b3 5 b7,intermediate_core,caged_seventh,E_shape_m7,4-6-4-4-4-4,"[4, 6, 4, 4, 4, 4]",,root_position,,35,6,2,G# D# F# B D# G#,1 5 b7 b3 5 1,{}
G#_m7_caged_seventh_D_shape_m7_x-x-6-8-7-7,G#,m7,m7,1 b3 5 b7,intermediate_core,caged_seventh,D_shape_m7,x-x-6-8-7-7,"[null, null, 6, 8, 7, 7]",,root_position,,35,8,2,None None G# D# F# B,None None 1 5 b7 b3,{}
G#_m7_caged_seventh_A_shape_m7_x-11-13-11-12-11,G#,m7,m7,1 b3 5 b7,intermediate_core,caged_seventh,A_shape_m7,x-11-13-11-12-11,"[null, 11, 13, 11, 12, 11]",,root_position,,35,13,2,None G# D# F# B D#,None 1 5 b7 b3 5,{}
G#_m7_compact_seventh_position_seventh_6-5-4-3_b7-b3-5-1_2-2-1-1-x-x,G#,m7,m7,1 b3 5 b7,advanced_reference,compact_seventh_position,seventh_6-5-4-3_b7-b3-5-1,2-2-1-1-x-x,"[2, 2, 1, 1, null, null]",6-5-4-3,seventh_in_bass,,80,2,1,F# B D# G# None None,b7 b3 5 1 None None,{}
G#_m7_compact_seventh_position_seventh_4-3-2-1_5-1-b3-b7_x-x-1-1-0-2,G#,m7,m7,1 b3 5 b7,advanced_reference,compact_seventh_position,seventh_4-3-2-1_5-1-b3-b7,x-x-1-1-0-2,"[null, null, 1, 1, 0, 2]",4-3-2-1,second_inversion,,80,2,1,None None D# G# B F#,None None 5 1 b3 b7,{}
G#_m7_compact_seventh_position_seventh_5-4-3-2_b3-b7-1-5_x-2-4-1-4-x,G#,m7,m7,1 b3 5 b7,advanced_reference,compact_seventh_position,seventh_5-4-3-2_b3-b7-1-5,x-2-4-1-4-x,"[null, 2, 4, 1, 4, null]",5-4-3-2,first_inversion_or_suspended_bass,,80,4,3,None B F# G# D# None,None b3 b7 1 5 None,{}
G#_m7_compact_seventh_position_seventh_4-3-2-1_b7-b3-5-1_x-x-4-4-4-4,G#,m7,m7,1 b3 5 b7,advanced_reference,compact_seventh_position,seventh_4-3-2-1_b7-b3-5-1,x-x-4-4-4-4,"[null, null, 4, 4, 4, 4]",4-3-2-1,seventh_in_bass,,80,4,0,None None F# B D# G#,None None b7 b3 5 1,{}
G#_m7_compact_seventh_position_seventh_6-5-4-3_b7-5-1-b3_2-6-6-4-x-x,G#,m7,m7,1 b3 5 b7,advanced_reference,compact_seventh_position,seventh_6-5-4-3_b7-5-1-b3,2-6-6-4-x-x,"[2, 6, 6, 4, null, null]",6-5-4-3,seventh_in_bass,,80,6,4,F# D# G# B None None,b7 5 1 b3 None None,{}
G#_m7_compact_seventh_position_seventh_6-5-4-3_1-5-b7-b3_4-6-4-4-x-x,G#,m7,m7,1 b3 5 b7,advanced_reference,compact_seventh_position,seventh_6-5-4-3_1-5-b7-b3,4-6-4-4-x-x,"[4, 6, 4, 4, null, null]",6-5-4-3,root_position,,80,6,2,G# D# F# B None None,1 5 b7 b3 None None,{}
G#_m7_compact_seventh_position_seventh_4-3-2-1_1-b3-5-b7_x-x-6-4-4-2,G#,m7,m7,1 b3 5 b7,advanced_reference,compact_seventh_position,seventh_4-3-2-1_1-b3-5-b7,x-x-6-4-4-2,"[null, null, 6, 4, 4, 2]",4-3-2-1,root_position,,80,6,4,None None G# B D# F#,None None 1 b3 5 b7,{}
G#_m7_compact_seventh_position_seventh_5-4-3-2_5-1-b3-b7_x-6-6-4-7-x,G#,m7,m7,1 b3 5 b7,advanced_reference,compact_seventh_position,seventh_5-4-3-2_5-1-b3-b7,x-6-6-4-7-x,"[null, 6, 6, 4, 7, null]",5-4-3-2,second_inversion,,80,7,3,None D# G# B F# None,None 5 1 b3 b7 None,{}
G#_m7_compact_seventh_position_seventh_6-5-4-3_b3-b7-1-5_7-9-6-8-x-x,G#,m7,m7,1 b3 5 b7,advanced_reference,compact_seventh_position,seventh_6-5-4-3_b3-b7-1-5,7-9-6-8-x-x,"[7, 9, 6, 8, null, null]",6-5-4-3,first_inversion_or_suspended_bass,,80,9,3,B F# G# D# None None,b3 b7 1 5 None None,{}
G#_m7_compact_seventh_position_seventh_5-4-3-2_b7-b3-5-1_x-9-9-8-9-x,G#,m7,m7,1 b3 5 b7,advanced_reference,compact_seventh_position,seventh_5-4-3-2_b7-b3-5-1,x-9-9-8-9-x,"[null, 9, 9, 8, 9, null]",5-4-3-2,seventh_in_bass,,80,9,1,None F# B D# G# None,None b7 b3 5 1 None,{}
G#_m7_compact_seventh_position_seventh_6-5-4-3_5-1-b3-b7_11-11-9-11-x-x,G#,m7,m7,1 b3 5 b7,advanced_reference,compact_seventh_position,seventh_6-5-4-3_5-1-b3-b7,11-11-9-11-x-x,"[11, 11, 9, 11, null, null]",6-5-4-3,second_inversion,,80,11,2,D# G# B F# None None,5 1 b3 b7 None None,{}
G#_m7_compact_seventh_position_seventh_5-4-3-2_1-b3-5-b7_x-11-9-8-7-x,G#,m7,m7,1 b3 5 b7,advanced_reference,compact_seventh_position,seventh_5-4-3-2_1-b3-5-b7,x-11-9-8-7-x,"[null, 11, 9, 8, 7, null]",5-4-3-2,root_position,,80,11,4,None G# B D# F# None,None 1 b3 5 b7 None,{}
G#_m7_compact_seventh_position_seventh_4-3-2-1_b3-b7-1-5_x-x-9-11-9-11,G#,m7,m7,1 b3 5 b7,advanced_reference,compact_seventh_position,seventh_4-3-2-1_b3-b7-1-5,x-x-9-11-9-11,"[null, null, 9, 11, 9, 11]",4-3-2-1,first_inversion_or_suspended_bass,,80,11,2,None None B F# G# D#,None None b3 b7 1 5,{}
G#_m7_compact_seventh_position_seventh_6-5-4-3_5-b7-b3-1_11-9-9-13-x-x,G#,m7,m7,1 b3 5 b7,advanced_reference,compact_seventh_position,seventh_6-5-4-3_5-b7-b3-1,11-9-9-13-x-x,"[11, 9, 9, 13, null, null]",6-5-4-3,second_inversion,,80,13,4,D# F# B G# None None,5 b7 b3 1 None None,{}
G#_m7_compact_seventh_position_seventh_5-4-3-2_1-5-b7-b3_x-11-13-11-12-x,G#,m7,m7,1 b3 5 b7,advanced_reference,compact_seventh_position,seventh_5-4-3-2_1-5-b7-b3,x-11-13-11-12-x,"[null, 11, 13, 11, 12, null]",5-4-3-2,root_position,,80,13,2,None G# D# F# B None,None 1 5 b7 b3 None,{}
G#_m7_compact_seventh_position_seventh_5-4-3-2_b7-5-1-b3_x-9-13-13-12-x,G#,m7,m7,1 b3 5 b7,advanced_reference,compact_seventh_position,seventh_5-4-3-2_b7-5-1-b3,x-9-13-13-12-x,"[null, 9, 13, 13, 12, null]",5-4-3-2,seventh_in_bass,,80,13,4,None F# D# G# B None,None b7 5 1 b3 None,{}
G#_m7_compact_seventh_position_seventh_6-5-4-3_b7-b3-5-1_14-14-13-13-x-x,G#,m7,m7,1 b3 5 b7,advanced_reference,compact_seventh_position,seventh_6-5-4-3_b7-b3-5-1,14-14-13-13-x-x,"[14, 14, 13, 13, null, null]",6-5-4-3,seventh_in_bass,,80,14,1,F# B D# G# None None,b7 b3 5 1 None None,{}
G#_m7_compact_seventh_position_seventh_4-3-2-1_5-1-b3-b7_x-x-13-13-12-14,G#,m7,m7,1 b3 5 b7,advanced_reference,compact_seventh_position,seventh_4-3-2-1_5-1-b3-b7,x-x-13-13-12-14,"[null, null, 13, 13, 12, 14]",4-3-2-1,second_inversion,,80,14,2,None None D# G# B F#,None None 5 1 b3 b7,{}
G#_m7_compact_seventh_position_seventh_5-4-3-2_b3-b7-1-5_x-14-16-13-16-x,G#,m7,m7,1 b3 5 b7,advanced_reference,compact_seventh_position,seventh_5-4-3-2_b3-b7-1-5,x-14-16-13-16-x,"[null, 14, 16, 13, 16, null]",5-4-3-2,first_inversion_or_suspended_bass,,80,16,3,None B F# G# D# None,None b3 b7 1 5 None,{}
G#_m7_compact_seventh_position_seventh_4-3-2-1_b7-b3-5-1_x-x-16-16-16-16,G#,m7,m7,1 b3 5 b7,advanced_reference,compact_seventh_position,seventh_4-3-2-1_b7-b3-5-1,x-x-16-16-16-16,"[null, null, 16, 16, 16, 16]",4-3-2-1,seventh_in_bass,,80,16,0,None None F# B D# G#,None None b7 b3 5 1,{}
G#_m7_compact_seventh_position_seventh_6-5-4-3_b7-5-1-b3_14-18-18-16-x-x,G#,m7,m7,1 b3 5 b7,advanced_reference,compact_seventh_position,seventh_6-5-4-3_b7-5-1-b3,14-18-18-16-x-x,"[14, 18, 18, 16, null, null]",6-5-4-3,seventh_in_bass,,80,18,4,F# D# G# B None None,b7 5 1 b3 None None,{}
G#_m7_compact_seventh_position_seventh_6-5-4-3_1-5-b7-b3_16-18-16-16-x-x,G#,m7,m7,1 b3 5 b7,advanced_reference,compact_seventh_position,seventh_6-5-4-3_1-5-b7-b3,16-18-16-16-x-x,"[16, 18, 16, 16, null, null]",6-5-4-3,root_position,,80,18,2,G# D# F# B None None,1 5 b7 b3 None None,{}
G#_m7_compact_seventh_position_seventh_4-3-2-1_1-b3-5-b7_x-x-18-16-16-14,G#,m7,m7,1 b3 5 b7,advanced_reference,compact_seventh_position,seventh_4-3-2-1_1-b3-5-b7,x-x-18-16-16-14,"[null, null, 18, 16, 16, 14]",4-3-2-1,root_position,,80,18,4,None None G# B D# F#,None None 1 b3 5 b7,{}
G#_maj7_caged_seventh_G_shape_maj7_4-x-5-5-4-x,G#,maj7,maj7,1 3 5 7,intermediate_core,caged_seventh,G_shape_maj7,4-x-5-5-4-x,"[4, null, 5, 5, 4, null]",,root_position,,35,5,1,G# None G C D# None,1 None 7 3 5 None,{}
G#_maj7_caged_seventh_E_shape_maj7_4-6-5-5-4-4,G#,maj7,maj7,1 3 5 7,intermediate_core,caged_seventh,E_shape_maj7,4-6-5-5-4-4,"[4, 6, 5, 5, 4, 4]",,root_position,,35,6,2,G# D# G C D# G#,1 5 7 3 5 1,{}
G#_maj7_caged_seventh_A_shape_maj7_x-11-13-12-13-11,G#,maj7,maj7,1 3 5 7,intermediate_core,caged_seventh,A_shape_maj7,x-11-13-12-13-11,"[null, 11, 13, 12, 13, 11]",,root_position,,35,13,2,None G# D# G C D#,None 1 5 7 3 5,{}
G#_maj7_compact_seventh_position_seventh_6-5-4-3_7-3-5-1_3-3-1-1-x-x,G#,maj7,maj7,1 3 5 7,advanced_reference,compact_seventh_position,seventh_6-5-4-3_7-3-5-1,3-3-1-1-x-x,"[3, 3, 1, 1, null, null]",6-5-4-3,seventh_in_bass,,80,3,2,G C D# G# None None,7 3 5 1 None None,{}
G#_maj7_compact_seventh_position_seventh_4-3-2-1_5-1-3-7_x-x-1-1-1-3,G#,maj7,maj7,1 3 5 7,advanced_reference,compact_seventh_position,seventh_4-3-2-1_5-1-3-7,x-x-1-1-1-3,"[null, null, 1, 1, 1, 3]",4-3-2-1,second_inversion,,80,3,2,None None D# G# C G,None None 5 1 3 7,{}
G#_maj7_compact_seventh_position_seventh_6-5-4-3_1-3-5-7_4-3-1-0-x-x,G#,maj7,maj7,1 3 5 7,advanced_reference,compact_seventh_position,seventh_6-5-4-3_1-3-5-7,4-3-1-0-x-x,"[4, 3, 1, 0, null, null]",6-5-4-3,root_position,,80,4,3,G# C D# G None None,1 3 5 7 None None,{}
G#_maj7_compact_seventh_position_seventh_4-3-2-1_5-7-3-1_x-x-1-0-1-4,G#,maj7,maj7,1 3 5 7,advanced_reference,compact_seventh_position,seventh_4-3-2-1_5-7-3-1,x-x-1-0-1-4,"[null, null, 1, 0, 1, 4]",4-3-2-1,second_inversion,,80,4,3,None None D# G C G#,None None 5 7 3 1,{}
G#_maj7_compact_seventh_position_seventh_5-4-3-2_3-7-1-5_x-3-5-1-4-x,G#,maj7,maj7,1 3 5 7,advanced_reference,compact_seventh_position,seventh_5-4-3-2_3-7-1-5,x-3-5-1-4-x,"[null, 3, 5, 1, 4, null]",5-4-3-2,first_inversion_or_suspended_bass,,80,5,4,None C G G# D# None,None 3 7 1 5 None,{}
G#_maj7_compact_seventh_position_seventh_4-3-2-1_7-3-5-1_x-x-5-5-4-4,G#,maj7,maj7,1 3 5 7,advanced_reference,compact_seventh_position,seventh_4-3-2-1_7-3-5-1,x-x-5-5-4-4,"[null, null, 5, 5, 4, 4]",4-3-2-1,seventh_in_bass,,80,5,1,None None G C D# G#,None None 7 3 5 1,{}
G#_maj7_compact_seventh_position_seventh_6-5-4-3_7-5-1-3_3-6-6-5-x-x,G#,maj7,maj7,1 3 5 7,advanced_reference,compact_seventh_position,seventh_6-5-4-3_7-5-1-3,3-6-6-5-x-x,"[3, 6, 6, 5, null, null]",6-5-4-3,seventh_in_bass,,80,6,3,G D# G# C None None,7 5 1 3 None None,{}
G#_maj7_compact_seventh_position_seventh_6-5-4-3_1-5-7-3_4-6-5-5-x-x,G#,maj7,maj7,1 3 5 7,advanced_reference,compact_seventh_position,seventh_6-5-4-3_1-5-7-3,4-6-5-5-x-x,"[4, 6, 5, 5, null, null]",6-5-4-3,root_position,,80,6,2,G# D# G C None None,1 5 7 3 None None,{}
G#_maj7_compact_seventh_position_seventh_4-3-2-1_1-3-5-7_x-x-6-5-4-3,G#,maj7,maj7,1 3 5 7,advanced_reference,compact_seventh_position,seventh_4-3-2-1_1-3-5-7,x-x-6-5-4-3,"[null, null, 6, 5, 4, 3]",4-3-2-1,root_position,,80,6,3,None None G# C D# G,None None 1 3 5 7,{}
G#_maj7_compact_seventh_position_seventh_5-4-3-2_5-1-3-7_x-6-6-5-8-x,G#,maj7,maj7,1 3 5 7,advanced_reference,compact_seventh_position,seventh_5-4-3-2_5-1-3-7,x-6-6-5-8-x,"[null, 6, 6, 5, 8, null]",5-4-3-2,second_inversion,,80,8,3,None D# G# C G None,None 5 1 3 7 None,{}
G#_maj7_compact_seventh_position_seventh_4-3-2-1_1-5-7-3_x-x-6-8-8-8,G#,maj7,maj7,1 3 5 7,advanced_reference,compact_seventh_position,seventh_4-3-2-1_1-5-7-3,x-x-6-8-8-8,"[null, null, 6, 8, 8, 8]",4-3-2-1,root_position,,80,8,2,None None G# D# G C,None None 1 5 7 3,{}
G#_maj7_compact_seventh_position_seventh_5-4-3-2_5-7-3-1_x-6-5-5-9-x,G#,maj7,maj7,1 3 5 7,advanced_reference,compact_seventh_position,seventh_5-4-3-2_5-7-3-1,x-6-5-5-9-x,"[null, 6, 5, 5, 9, null]",5-4-3-2,second_inversion,,80,9,4,None D# G C G# None,None 5 7 3 1 None,{}
G#_maj7_compact_seventh_position_seventh_4-3-2-1_7-5-1-3_x-x-5-8-9-8,G#,maj7,maj7,1 3 5 7,advanced_reference,compact_seventh_position,seventh_4-3-2-1_7-5-1-3,x-x-5-8-9-8,"[null, null, 5, 8, 9, 8]",4-3-2-1,seventh_in_bass,,80,9,4,None None G D# G# C,None None 7 5 1 3,{}
G#_maj7_compact_seventh_position_seventh_6-5-4-3_3-7-1-5_8-10-6-8-x-x,G#,maj7,maj7,1 3 5 7,advanced_reference,compact_seventh_position,seventh_6-5-4-3_3-7-1-5,8-10-6-8-x-x,"[8, 10, 6, 8, null, null]",6-5-4-3,first_inversion_or_suspended_bass,,80,10,4,C G G# D# None None,3 7 1 5 None None,{}
G#_maj7_compact_seventh_position_seventh_5-4-3-2_7-3-5-1_x-10-10-8-9-x,G#,maj7,maj7,1 3 5 7,advanced_reference,compact_seventh_position,seventh_5-4-3-2_7-3-5-1,x-10-10-8-9-x,"[null, 10, 10, 8, 9, null]",5-4-3-2,seventh_in_bass,,80,10,2,None G C D# G# None,None 7 3 5 1 None,{}
G#_maj7_compact_seventh_position_seventh_5-4-3-2_1-3-5-7_x-11-10-8-8-x,G#,maj7,maj7,1 3 5 7,advanced_reference,compact_seventh_position,seventh_5-4-3-2_1-3-5-7,x-11-10-8-8-x,"[null, 11, 10, 8, 8, null]",5-4-3-2,root_position,,80,11,3,None G# C D# G None,None 1 3 5 7 None,{}
G#_maj7_compact_seventh_position_seventh_6-5-4-3_5-1-3-7_11-11-10-12-x-x,G#,maj7,maj7,1 3 5 7,advanced_reference,compact_seventh_position,seventh_6-5-4-3_5-1-3-7,11-11-10-12-x-x,"[11, 11, 10, 12, null, null]",6-5-4-3,second_inversion,,80,12,2,D# G# C G None None,5 1 3 7 None None,{}
G#_maj7_compact_seventh_position_seventh_4-3-2-1_3-7-1-5_x-x-10-12-9-11,G#,maj7,maj7,1 3 5 7,advanced_reference,compact_seventh_position,seventh_4-3-2-1_3-7-1-5,x-x-10-12-9-11,"[null, null, 10, 12, 9, 11]",4-3-2-1,first_inversion_or_suspended_bass,,80,12,3,None None C G G# D#,None None 3 7 1 5,{}
G#_maj7_compact_seventh_position_seventh_6-5-4-3_5-7-3-1_11-10-10-13-x-x,G#,maj7,maj7,1 3 5 7,advanced_reference,compact_seventh_position,seventh_6-5-4-3_5-7-3-1,11-10-10-13-x-x,"[11, 10, 10, 13, null, null]",6-5-4-3,second_inversion,,80,13,3,D# G C G# None None,5 7 3 1 None None,{}
G#_maj7_compact_seventh_position_seventh_5-4-3-2_7-5-1-3_x-10-13-13-13-x,G#,maj7,maj7,1 3 5 7,advanced_reference,compact_seventh_position,seventh_5-4-3-2_7-5-1-3,x-10-13-13-13-x,"[null, 10, 13, 13, 13, null]",5-4-3-2,seventh_in_bass,,80,13,3,None G D# G# C None,None 7 5 1 3 None,{}
G#_maj7_compact_seventh_position_seventh_5-4-3-2_1-5-7-3_x-11-13-12-13-x,G#,maj7,maj7,1 3 5 7,advanced_reference,compact_seventh_position,seventh_5-4-3-2_1-5-7-3,x-11-13-12-13-x,"[null, 11, 13, 12, 13, null]",5-4-3-2,root_position,,80,13,2,None G# D# G C None,None 1 5 7 3 None,{}
G#_maj7_compact_seventh_position_seventh_6-5-4-3_7-3-5-1_15-15-13-13-x-x,G#,maj7,maj7,1 3 5 7,advanced_reference,compact_seventh_position,seventh_6-5-4-3_7-3-5-1,15-15-13-13-x-x,"[15, 15, 13, 13, null, null]",6-5-4-3,seventh_in_bass,,80,15,2,G C D# G# None None,7 3 5 1 None None,{}
G#_maj7_compact_seventh_position_seventh_4-3-2-1_5-1-3-7_x-x-13-13-13-15,G#,maj7,maj7,1 3 5 7,advanced_reference,compact_seventh_position,seventh_4-3-2-1_5-1-3-7,x-x-13-13-13-15,"[null, null, 13, 13, 13, 15]",4-3-2-1,second_inversion,,80,15,2,None None D# G# C G,None None 5 1 3 7,{}
G#_maj7_compact_seventh_position_seventh_6-5-4-3_1-3-5-7_16-15-13-12-x-x,G#,maj7,maj7,1 3 5 7,advanced_reference,compact_seventh_position,seventh_6-5-4-3_1-3-5-7,16-15-13-12-x-x,"[16, 15, 13, 12, null, null]",6-5-4-3,root_position,,80,16,4,G# C D# G None None,1 3 5 7 None None,{}
G#_maj7_compact_seventh_position_seventh_4-3-2-1_5-7-3-1_x-x-13-12-13-16,G#,maj7,maj7,1 3 5 7,advanced_reference,compact_seventh_position,seventh_4-3-2-1_5-7-3-1,x-x-13-12-13-16,"[null, null, 13, 12, 13, 16]",4-3-2-1,second_inversion,,80,16,4,None None D# G C G#,None None 5 7 3 1,{}
G#_maj7_compact_seventh_position_seventh_5-4-3-2_3-7-1-5_x-15-17-13-16-x,G#,maj7,maj7,1 3 5 7,advanced_reference,compact_seventh_position,seventh_5-4-3-2_3-7-1-5,x-15-17-13-16-x,"[null, 15, 17, 13, 16, null]",5-4-3-2,first_inversion_or_suspended_bass,,80,17,4,None C G G# D# None,None 3 7 1 5 None,{}
G#_maj7_compact_seventh_position_seventh_4-3-2-1_7-3-5-1_x-x-17-17-16-16,G#,maj7,maj7,1 3 5 7,advanced_reference,compact_seventh_position,seventh_4-3-2-1_7-3-5-1,x-x-17-17-16-16,"[null, null, 17, 17, 16, 16]",4-3-2-1,seventh_in_bass,,80,17,1,None None G C D# G#,None None 7 3 5 1,{}
G#_maj7_compact_seventh_position_seventh_6-5-4-3_7-5-1-3_15-18-18-17-x-x,G#,maj7,maj7,1 3 5 7,advanced_reference,compact_seventh_position,seventh_6-5-4-3_7-5-1-3,15-18-18-17-x-x,"[15, 18, 18, 17, null, null]",6-5-4-3,seventh_in_bass,,80,18,3,G D# G# C None None,7 5 1 3 None None,{}
G#_maj7_compact_seventh_position_seventh_6-5-4-3_1-5-7-3_16-18-17-17-x-x,G#,maj7,maj7,1 3 5 7,advanced_reference,compact_seventh_position,seventh_6-5-4-3_1-5-7-3,16-18-17-17-x-x,"[16, 18, 17, 17, null, null]",6-5-4-3,root_position,,80,18,2,G# D# G C None None,1 5 7 3 None None,{}
G#_maj7_compact_seventh_position_seventh_4-3-2-1_1-3-5-7_x-x-18-17-16-15,G#,maj7,maj7,1 3 5 7,advanced_reference,compact_seventh_position,seventh_4-3-2-1_1-3-5-7,x-x-18-17-16-15,"[null, null, 18, 17, 16, 15]",4-3-2-1,root_position,,80,18,3,None None G# C D# G,None None 1 3 5 7,{}
G#_major_caged_major_C_shape_x-11-10-8-9-8,G#,major,major,1 3 5,beginner_core,caged_major,C_shape,x-11-10-8-9-8,"[null, 11, 10, 8, 9, 8]",,root_position,,1,11,3,None G# C D# G# C,None 1 3 5 1 3,{}
G#_major_caged_major_A_shape_x-11-13-13-13-11,G#,major,major,1 3 5,beginner_core,caged_major,A_shape,x-11-13-13-13-11,"[null, 11, 13, 13, 13, 11]",,root_position,,2,13,2,None G# D# G# C D#,None 1 5 1 3 5,{}
G#_major_caged_major_G_shape_4-3-1-1-1-4,G#,major,major,1 3 5,beginner_core,caged_major,G_shape,4-3-1-1-1-4,"[4, 3, 1, 1, 1, 4]",,root_position,,3,4,3,G# C D# G# C G#,1 3 5 1 3 1,{}
G#_major_caged_major_E_shape_4-6-6-5-4-4,G#,major,major,1 3 5,beginner_core,caged_major,E_shape,4-6-6-5-4-4,"[4, 6, 6, 5, 4, 4]",,root_position,,4,6,2,G# D# G# C D# G#,1 5 1 3 5 1,{}
G#_major_caged_major_D_shape_x-x-6-8-9-8,G#,major,major,1 3 5,beginner_core,caged_major,D_shape,x-x-6-8-9-8,"[null, null, 6, 8, 9, 8]",,root_position,,5,9,3,None None G# D# G# C,None None 1 5 1 3,{}
G#_major_triad_position_triad_4-3-2_second_inversion_5-1-3_x-x-1-1-1-x,G#,major,major,1 3 5,intermediate_core,triad_position,triad_4-3-2_second_inversion_5-1-3,x-x-1-1-1-x,"[null, null, 1, 1, 1, null]",4-3-2,second_inversion,second_inversion,60,1,0,None None D# G# C None,None None 5 1 3 None,"{""sus4"": ""G#_sus4_triad_related_suspended_from_G#_major_triad_position_triad_4-3-2_second_inversion_5-1-3_x-x-1-1-1-x_sus4_x-x-1-1-2-x""}"
G#_major_triad_position_triad_5-4-3_first_inversion_3-5-1_x-3-1-1-x-x,G#,major,major,1 3 5,intermediate_core,triad_position,triad_5-4-3_first_inversion_3-5-1,x-3-1-1-x-x,"[null, 3, 1, 1, null, null]",5-4-3,first_inversion_or_suspended_bass,first_inversion,60,3,2,None C D# G# None None,None 3 5 1 None None,"{""sus2"": ""G#_sus2_triad_related_suspended_from_G#_major_triad_position_triad_5-4-3_first_inversion_3-5-1_x-3-1-1-x-x_sus2_x-1-1-1-x-x"", ""sus4"": ""G#_sus4_triad_related_suspended_from_G#_major_triad_position_triad_5-4-3_first_inversion_3-5-1_x-3-1-1-x-x_sus4_x-4-1-1-x-x""}"
G#_major_triad_position_triad_6-5-4_root_position_1-3-5_4-3-1-x-x-x,G#,major,major,1 3 5,intermediate_core,triad_position,triad_6-5-4_root_position_1-3-5,4-3-1-x-x-x,"[4, 3, 1, null, null, null]",6-5-4,root_position,root_position,60,4,3,G# C D# None None None,1 3 5 None None None,"{""sus2"": ""G#_sus2_triad_related_suspended_from_G#_major_triad_position_triad_6-5-4_root_position_1-3-5_4-3-1-x-x-x_sus2_4-1-1-x-x-x"", ""sus4"": ""G#_sus4_triad_related_suspended_from_G#_major_triad_position_triad_6-5-4_root_position_1-3-5_4-3-1-x-x-x_sus4_4-4-1-x-x-x""}"
G#_major_triad_position_triad_3-2-1_first_inversion_3-5-1_x-x-x-5-4-4,G#,major,major,1 3 5,intermediate_core,triad_position,triad_3-2-1_first_inversion_3-5-1,x-x-x-5-4-4,"[null, null, null, 5, 4, 4]",3-2-1,first_inversion_or_suspended_bass,first_inversion,60,5,1,None None None C D# G#,None None None 3 5 1,"{""sus2"": ""G#_sus2_triad_related_suspended_from_G#_major_triad_position_triad_3-2-1_first_inversion_3-5-1_x-x-x-5-4-4_sus2_x-x-x-3-4-4"", ""sus4"": ""G#_sus4_triad_related_suspended_from_G#_major_triad_position_triad_3-2-1_first_inversion_3-5-1_x-x-x-5-4-4_sus4_x-x-x-6-4-4""}"
G#_major_triad_position_triad_5-4-3_second_inversion_5-1-3_x-6-6-5-x-x,G#,major,major,1 3 5,intermediate_core,triad_position,triad_5-4-3_second_inversion_5-1-3,x-6-6-5-x-x,"[null, 6, 6, 5, null, null]",5-4-3,second_inversion,second_inversion,60,6,1,None D# G# C None None,None 5 1 3 None None,"{""sus2"": ""G#_sus2_triad_related_suspended_from_G#_major_triad_position_triad_5-4-3_second_inversion_5-1-3_x-6-6-5-x-x_sus2_x-6-6-3-x-x"", ""sus4"": ""G#_sus4_triad_related_suspended_from_G#_major_triad_position_triad_5-4-3_second_inversion_5-1-3_x-6-6-5-x-x_sus4_x-6-6-6-x-x""}"
G#_major_triad_position_triad_4-3-2_root_position_1-3-5_x-x-6-5-4-x,G#,major,major,1 3 5,intermediate_core,triad_position,triad_4-3-2_root_position_1-3-5,x-x-6-5-4-x,"[null, null, 6, 5, 4, null]",4-3-2,root_position,root_position,60,6,2,None None G# C D# None,None None 1 3 5 None,"{""sus2"": ""G#_sus2_triad_related_suspended_from_G#_major_triad_position_triad_4-3-2_root_position_1-3-5_x-x-6-5-4-x_sus2_x-x-6-3-4-x"", ""sus4"": ""G#_sus4_triad_related_suspended_from_G#_major_triad_position_triad_4-3-2_root_position_1-3-5_x-x-6-5-4-x_sus4_x-x-6-6-4-x""}"
G#_major_triad_position_triad_6-5-4_first_inversion_3-5-1_8-6-6-x-x-x,G#,major,major,1 3 5,intermediate_core,triad_position,triad_6-5-4_first_inversion_3-5-1,8-6-6-x-x-x,"[8, 6, 6, null, null, null]",6-5-4,first_inversion_or_suspended_bass,first_inversion,60,8,2,C D# G# None None None,3 5 1 None None None,"{""sus2"": ""G#_sus2_triad_related_suspended_from_G#_major_triad_position_triad_6-5-4_first_inversion_3-5-1_8-6-6-x-x-x_sus2_6-6-6-x-x-x"", ""sus4"": ""G#_sus4_triad_related_suspended_from_G#_major_triad_position_triad_6-5-4_first_inversion_3-5-1_8-6-6-x-x-x_sus4_9-6-6-x-x-x""}"
G#_major_triad_position_triad_3-2-1_second_inversion_5-1-3_x-x-x-8-9-8,G#,major,major,1 3 5,intermediate_core,triad_position,triad_3-2-1_second_inversion_5-1-3,x-x-x-8-9-8,"[null, null, null, 8, 9, 8]",3-2-1,second_inversion,second_inversion,60,9,1,None None None D# G# C,None None None 5 1 3,"{""sus2"": ""G#_sus2_triad_related_suspended_from_G#_major_triad_position_triad_3-2-1_second_inversion_5-1-3_x-x-x-8-9-8_sus2_x-x-x-8-9-6"", ""sus4"": ""G#_sus4_triad_related_suspended_from_G#_major_triad_position_triad_3-2-1_second_inversion_5-1-3_x-x-x-8-9-8_sus4_x-x-x-8-9-9""}"
G#_major_triad_position_triad_4-3-2_first_inversion_3-5-1_x-x-10-8-9-x,G#,major,major,1 3 5,intermediate_core,triad_position,triad_4-3-2_first_inversion_3-5-1,x-x-10-8-9-x,"[null, null, 10, 8, 9, null]",4-3-2,first_inversion_or_suspended_bass,first_inversion,60,10,2,None None C D# G# None,None None 3 5 1 None,"{""sus2"": ""G#_sus2_triad_related_suspended_from_G#_major_triad_position_triad_4-3-2_first_inversion_3-5-1_x-x-10-8-9-x_sus2_x-x-8-8-9-x"", ""sus4"": ""G#_sus4_triad_related_suspended_from_G#_major_triad_position_triad_4-3-2_first_inversion_3-5-1_x-x-10-8-9-x_sus4_x-x-11-8-9-x""}"
G#_major_triad_position_triad_6-5-4_second_inversion_5-1-3_11-11-10-x-x-x,G#,major,major,1 3 5,intermediate_core,triad_position,triad_6-5-4_second_inversion_5-1-3,11-11-10-x-x-x,"[11, 11, 10, null, null, null]",6-5-4,second_inversion,second_inversion,60,11,1,D# G# C None None None,5 1 3 None None None,"{""sus2"": ""G#_sus2_triad_related_suspended_from_G#_major_triad_position_triad_6-5-4_second_inversion_5-1-3_11-11-10-x-x-x_sus2_11-11-8-x-x-x"", ""sus4"": ""G#_sus4_triad_related_suspended_from_G#_major_triad_position_triad_6-5-4_second_inversion_5-1-3_11-11-10-x-x-x_sus4_11-11-11-x-x-x""}"
G#_major_triad_position_triad_5-4-3_root_position_1-3-5_x-11-10-8-x-x,G#,major,major,1 3 5,intermediate_core,triad_position,triad_5-4-3_root_position_1-3-5,x-11-10-8-x-x,"[null, 11, 10, 8, null, null]",5-4-3,root_position,root_position,60,11,3,None G# C D# None None,None 1 3 5 None None,"{""sus2"": ""G#_sus2_triad_related_suspended_from_G#_major_triad_position_triad_5-4-3_root_position_1-3-5_x-11-10-8-x-x_sus2_x-11-8-8-x-x"", ""sus4"": ""G#_sus4_triad_related_suspended_from_G#_major_triad_position_triad_5-4-3_root_position_1-3-5_x-11-10-8-x-x_sus4_x-11-11-8-x-x""}"
G#_major_triad_position_triad_4-3-2_second_inversion_5-1-3_x-x-13-13-13-x,G#,major,major,1 3 5,intermediate_core,triad_position,triad_4-3-2_second_inversion_5-1-3,x-x-13-13-13-x,"[null, null, 13, 13, 13, null]",4-3-2,second_inversion,second_inversion,60,13,0,None None D# G# C None,None None 5 1 3 None,"{""sus2"": ""G#_sus2_triad_related_suspended_from_G#_major_triad_position_triad_4-3-2_second_inversion_5-1-3_x-x-13-13-13-x_sus2_x-x-13-13-11-x"", ""sus4"": ""G#_sus4_triad_related_suspended_from_G#_major_triad_position_triad_4-3-2_second_inversion_5-1-3_x-x-13-13-13-x_sus4_x-x-13-13-14-x""}"
G#_major_triad_position_triad_3-2-1_root_position_1-3-5_x-x-x-13-13-11,G#,major,major,1 3 5,intermediate_core,triad_position,triad_3-2-1_root_position_1-3-5,x-x-x-13-13-11,"[null, null, null, 13, 13, 11]",3-2-1,root_position,root_position,60,13,2,None None None G# C D#,None None None 1 3 5,"{""sus2"": ""G#_sus2_triad_related_suspended_from_G#_major_triad_position_triad_3-2-1_root_position_1-3-5_x-x-x-13-13-11_sus2_x-x-x-13-11-11"", ""sus4"": ""G#_sus4_triad_related_suspended_from_G#_major_triad_position_triad_3-2-1_root_position_1-3-5_x-x-x-13-13-11_sus4_x-x-x-13-14-11""}"
G#_major_triad_position_triad_5-4-3_first_inversion_3-5-1_x-15-13-13-x-x,G#,major,major,1 3 5,intermediate_core,triad_position,triad_5-4-3_first_inversion_3-5-1,x-15-13-13-x-x,"[null, 15, 13, 13, null, null]",5-4-3,first_inversion_or_suspended_bass,first_inversion,60,15,2,None C D# G# None None,None 3 5 1 None None,"{""sus2"": ""G#_sus2_triad_related_suspended_from_G#_major_triad_position_triad_5-4-3_first_inversion_3-5-1_x-15-13-13-x-x_sus2_x-13-13-13-x-x"", ""sus4"": ""G#_sus4_triad_related_suspended_from_G#_major_triad_position_triad_5-4-3_first_inversion_3-5-1_x-15-13-13-x-x_sus4_x-16-13-13-x-x""}"
G#_major_triad_position_triad_6-5-4_root_position_1-3-5_16-15-13-x-x-x,G#,major,major,1 3 5,intermediate_core,triad_position,triad_6-5-4_root_position_1-3-5,16-15-13-x-x-x,"[16, 15, 13, null, null, null]",6-5-4,root_position,root_position,60,16,3,G# C D# None None None,1 3 5 None None None,"{""sus2"": ""G#_sus2_triad_related_suspended_from_G#_major_triad_position_triad_6-5-4_root_position_1-3-5_16-15-13-x-x-x_sus2_16-13-13-x-x-x"", ""sus4"": ""G#_sus4_triad_related_suspended_from_G#_major_triad_position_triad_6-5-4_root_position_1-3-5_16-15-13-x-x-x_sus4_16-16-13-x-x-x""}"
G#_major_triad_position_triad_3-2-1_first_inversion_3-5-1_x-x-x-17-16-16,G#,major,major,1 3 5,intermediate_core,triad_position,triad_3-2-1_first_inversion_3-5-1,x-x-x-17-16-16,"[null, null, null, 17, 16, 16]",3-2-1,first_inversion_or_suspended_bass,first_inversion,60,17,1,None None None C D# G#,None None None 3 5 1,"{""sus2"": ""G#_sus2_triad_related_suspended_from_G#_major_triad_position_triad_3-2-1_first_inversion_3-5-1_x-x-x-17-16-16_sus2_x-x-x-15-16-16"", ""sus4"": ""G#_sus4_triad_related_suspended_from_G#_major_triad_position_triad_3-2-1_first_inversion_3-5-1_x-x-x-17-16-16_sus4_x-x-x-18-16-16""}"
G#_major_triad_position_triad_5-4-3_second_inversion_5-1-3_x-18-18-17-x-x,G#,major,major,1 3 5,intermediate_core,triad_position,triad_5-4-3_second_inversion_5-1-3,x-18-18-17-x-x,"[null, 18, 18, 17, null, null]",5-4-3,second_inversion,second_inversion,60,18,1,None D# G# C None None,None 5 1 3 None None,"{""sus2"": ""G#_sus2_triad_related_suspended_from_G#_major_triad_position_triad_5-4-3_second_inversion_5-1-3_x-18-18-17-x-x_sus2_x-18-18-15-x-x"", ""sus4"": ""G#_sus4_triad_related_suspended_from_G#_major_triad_position_triad_5-4-3_second_inversion_5-1-3_x-18-18-17-x-x_sus4_x-18-18-18-x-x""}"
G#_major_triad_position_triad_4-3-2_root_position_1-3-5_x-x-18-17-16-x,G#,major,major,1 3 5,intermediate_core,triad_position,triad_4-3-2_root_position_1-3-5,x-x-18-17-16-x,"[null, null, 18, 17, 16, null]",4-3-2,root_position,root_position,60,18,2,None None G# C D# None,None None 1 3 5 None,"{""sus2"": ""G#_sus2_triad_related_suspended_from_G#_major_triad_position_triad_4-3-2_root_position_1-3-5_x-x-18-17-16-x_sus2_x-x-18-15-16-x"", ""sus4"": ""G#_sus4_triad_related_suspended_from_G#_major_triad_position_triad_4-3-2_root_position_1-3-5_x-x-18-17-16-x_sus4_x-x-18-18-16-x""}"
G#_minor_caged_minor_C_shape_minor_x-11-9-8-9-11,G#,minor,minor,1 b3 5,beginner_core,caged_minor,C_shape_minor,x-11-9-8-9-11,"[null, 11, 9, 8, 9, 11]",,root_position,,10,11,3,None G# B D# G# D#,None 1 b3 5 1 5,{}
G#_minor_caged_minor_A_shape_minor_x-11-13-13-12-11,G#,minor,minor,1 b3 5,beginner_core,caged_minor,A_shape_minor,x-11-13-13-12-11,"[null, 11, 13, 13, 12, 11]",,root_position,,11,13,2,None G# D# G# B D#,None 1 5 1 b3 5,{}
G#_minor_caged_minor_G_shape_minor_4-2-1-1-4-4,G#,minor,minor,1 b3 5,beginner_core,caged_minor,G_shape_minor,4-2-1-1-4-4,"[4, 2, 1, 1, 4, 4]",,root_position,,12,4,3,G# B D# G# D# G#,1 b3 5 1 5 1,{}
G#_minor_caged_minor_E_shape_minor_4-6-6-4-4-4,G#,minor,minor,1 b3 5,beginner_core,caged_minor,E_shape_minor,4-6-6-4-4-4,"[4, 6, 6, 4, 4, 4]",,root_position,,13,6,2,G# D# G# B D# G#,1 5 1 b3 5 1,{}
G#_minor_caged_minor_D_shape_minor_x-x-6-8-9-7,G#,minor,minor,1 b3 5,beginner_core,caged_minor,D_shape_minor,x-x-6-8-9-7,"[null, null, 6, 8, 9, 7]",,root_position,,14,9,3,None None G# D# G# B,None None 1 5 1 b3,{}
G#_minor_triad_position_triad_4-3-2_second_inversion_5-1-b3_x-x-1-1-0-x,G#,minor,minor,1 b3 5,intermediate_core,triad_position,triad_4-3-2_second_inversion_5-1-b3,x-x-1-1-0-x,"[null, null, 1, 1, 0, null]",4-3-2,second_inversion,second_inversion,60,1,0,None None D# G# B None,None None 5 1 b3 None,{}
G#_minor_triad_position_triad_5-4-3_first_inversion_b3-5-1_x-2-1-1-x-x,G#,minor,minor,1 b3 5,intermediate_core,triad_position,triad_5-4-3_first_inversion_b3-5-1,x-2-1-1-x-x,"[null, 2, 1, 1, null, null]",5-4-3,first_inversion_or_suspended_bass,first_inversion,60,2,1,None B D# G# None None,None b3 5 1 None None,{}
G#_minor_triad_position_triad_6-5-4_root_position_1-b3-5_4-2-1-x-x-x,G#,minor,minor,1 b3 5,intermediate_core,triad_position,triad_6-5-4_root_position_1-b3-5,4-2-1-x-x-x,"[4, 2, 1, null, null, null]",6-5-4,root_position,root_position,60,4,3,G# B D# None None None,1 b3 5 None None None,{}
G#_minor_triad_position_triad_3-2-1_first_inversion_b3-5-1_x-x-x-4-4-4,G#,minor,minor,1 b3 5,intermediate_core,triad_position,triad_3-2-1_first_inversion_b3-5-1,x-x-x-4-4-4,"[null, null, null, 4, 4, 4]",3-2-1,first_inversion_or_suspended_bass,first_inversion,60,4,0,None None None B D# G#,None None None b3 5 1,{}
G#_minor_triad_position_triad_5-4-3_second_inversion_5-1-b3_x-6-6-4-x-x,G#,minor,minor,1 b3 5,intermediate_core,triad_position,triad_5-4-3_second_inversion_5-1-b3,x-6-6-4-x-x,"[null, 6, 6, 4, null, null]",5-4-3,second_inversion,second_inversion,60,6,2,None D# G# B None None,None 5 1 b3 None None,{}
G#_minor_triad_position_triad_4-3-2_root_position_1-b3-5_x-x-6-4-4-x,G#,minor,minor,1 b3 5,intermediate_core,triad_position,triad_4-3-2_root_position_1-b3-5,x-x-6-4-4-x,"[null, null, 6, 4, 4, null]",4-3-2,root_position,root_position,60,6,2,None None G# B D# None,None None 1 b3 5 None,{}
G#_minor_triad_position_triad_6-5-4_first_inversion_b3-5-1_7-6-6-x-x-x,G#,minor,minor,1 b3 5,intermediate_core,triad_position,triad_6-5-4_first_inversion_b3-5-1,7-6-6-x-x-x,"[7, 6, 6, null, null, null]",6-5-4,first_inversion_or_suspended_bass,first_inversion,60,7,1,B D# G# None None None,b3 5 1 None None None,{}
G#_minor_triad_position_triad_4-3-2_first_inversion_b3-5-1_x-x-9-8-9-x,G#,minor,minor,1 b3 5,intermediate_core,triad_position,triad_4-3-2_first_inversion_b3-5-1,x-x-9-8-9-x,"[null, null, 9, 8, 9, null]",4-3-2,first_inversion_or_suspended_bass,first_inversion,60,9,1,None None B D# G# None,None None b3 5 1 None,{}
G#_minor_triad_position_triad_3-2-1_second_inversion_5-1-b3_x-x-x-8-9-7,G#,minor,minor,1 b3 5,intermediate_core,triad_position,triad_3-2-1_second_inversion_5-1-b3,x-x-x-8-9-7,"[null, null, null, 8, 9, 7]",3-2-1,second_inversion,second_inversion,60,9,2,None None None D# G# B,None None None 5 1 b3,{}
G#_minor_triad_position_triad_6-5-4_second_inversion_5-1-b3_11-11-9-x-x-x,G#,minor,minor,1 b3 5,intermediate_core,triad_position,triad_6-5-4_second_inversion_5-1-b3,11-11-9-x-x-x,"[11, 11, 9, null, null, null]",6-5-4,second_inversion,second_inversion,60,11,2,D# G# B None None None,5 1 b3 None None None,{}
G#_minor_triad_position_triad_5-4-3_root_position_1-b3-5_x-11-9-8-x-x,G#,minor,minor,1 b3 5,intermediate_core,triad_position,triad_5-4-3_root_position_1-b3-5,x-11-9-8-x-x,"[null, 11, 9, 8, null, null]",5-4-3,root_position,root_position,60,11,3,None G# B D# None None,None 1 b3 5 None None,{}
G#_minor_triad_position_triad_4-3-2_second_inversion_5-1-b3_x-x-13-13-12-x,G#,minor,minor,1 b3 5,intermediate_core,triad_position,triad_4-3-2_second_inversion_5-1-b3,x-x-13-13-12-x,"[null, null, 13, 13, 12, null]",4-3-2,second_inversion,second_inversion,60,13,1,None None D# G# B None,None None 5 1 b3 None,{}
G#_minor_triad_position_triad_3-2-1_root_position_1-b3-5_x-x-x-13-12-11,G#,minor,minor,1 b3 5,intermediate_core,triad_position,triad_3-2-1_root_position_1-b3-5,x-x-x-13-12-11,"[null, null, null, 13, 12, 11]",3-2-1,root_position,root_position,60,13,2,None None None G# B D#,None None None 1 b3 5,{}
G#_minor_triad_position_triad_5-4-3_first_inversion_b3-5-1_x-14-13-13-x-x,G#,minor,minor,1 b3 5,intermediate_core,triad_position,triad_5-4-3_first_inversion_b3-5-1,x-14-13-13-x-x,"[null, 14, 13, 13, null, null]",5-4-3,first_inversion_or_suspended_bass,first_inversion,60,14,1,None B D# G# None None,None b3 5 1 None None,{}
G#_minor_triad_position_triad_6-5-4_root_position_1-b3-5_16-14-13-x-x-x,G#,minor,minor,1 b3 5,intermediate_core,triad_position,triad_6-5-4_root_position_1-b3-5,16-14-13-x-x-x,"[16, 14, 13, null, null, null]",6-5-4,root_position,root_position,60,16,3,G# B D# None None None,1 b3 5 None None None,{}
G#_minor_triad_position_triad_3-2-1_first_inversion_b3-5-1_x-x-x-16-16-16,G#,minor,minor,1 b3 5,intermediate_core,triad_position,triad_3-2-1_first_inversion_b3-5-1,x-x-x-16-16-16,"[null, null, null, 16, 16, 16]",3-2-1,first_inversion_or_suspended_bass,first_inversion,60,16,0,None None None B D# G#,None None None b3 5 1,{}
G#_minor_triad_position_triad_5-4-3_second_inversion_5-1-b3_x-18-18-16-x-x,G#,minor,minor,1 b3 5,intermediate_core,triad_position,triad_5-4-3_second_inversion_5-1-b3,x-18-18-16-x-x,"[null, 18, 18, 16, null, null]",5-4-3,second_inversion,second_inversion,60,18,2,None D# G# B None None,None 5 1 b3 None None,{}
G#_minor_triad_position_triad_4-3-2_root_position_1-b3-5_x-x-18-16-16-x,G#,minor,minor,1 b3 5,intermediate_core,triad_position,triad_4-3-2_root_position_1-b3-5,x-x-18-16-16-x,"[null, null, 18, 16, 16, null]",4-3-2,root_position,root_position,60,18,2,None None G# B D# None,None None 1 b3 5 None,{}
G#_sus2_caged_suspended_E_shape_sus2_4-6-8-8-4-4,G#,sus2,sus2,1 2 5,intermediate_core,caged_suspended,E_shape_sus2,4-6-8-8-4-4,"[4, 6, 8, 8, 4, 4]",,root_position,,30,8,4,G# D# A# D# D# G#,1 5 2 5 5 1,{}
G#_sus2_caged_suspended_D_shape_sus2_x-x-6-8-9-6,G#,sus2,sus2,1 2 5,intermediate_core,caged_suspended,D_shape_sus2,x-x-6-8-9-6,"[null, null, 6, 8, 9, 6]",,root_position,,30,9,3,None None G# D# G# A#,None None 1 5 1 2,{}
G#_sus2_caged_suspended_C_shape_sus2_x-11-8-8-9-11,G#,sus2,sus2,1 2 5,intermediate_core,caged_suspended,C_shape_sus2,x-11-8-8-9-11,"[null, 11, 8, 8, 9, 11]",,root_position,,30,11,3,None G# A# D# G# D#,None 1 2 5 1 5,{}
G#_sus2_caged_suspended_A_shape_sus2_x-11-13-13-11-11,G#,sus2,sus2,1 2 5,intermediate_core,caged_suspended,A_shape_sus2,x-11-13-13-11-11,"[null, 11, 13, 13, 11, 11]",,root_position,,30,13,2,None G# D# G# A# D#,None 1 5 1 2 5,{}
G#_sus2_triad_related_suspended_from_G#_major_triad_position_triad_5-4-3_first_inversion_3-5-1_x-3-1-1-x-x_sus2_x-1-1-1-x-x,G#,sus2,sus2,1 2 5,intermediate_core,triad_related_suspended,from_G#_major_triad_position_triad_5-4-3_first_inversion_3-5-1_x-3-1-1-x-x_sus2,x-1-1-1-x-x,"[null, 1, 1, 1, null, null]",5-4-3,first_inversion_or_suspended_bass,,65,1,0,None A# D# G# None None,None 2 5 1 None None,{}
G#_sus2_triad_related_suspended_from_G#_major_triad_position_triad_6-5-4_root_position_1-3-5_4-3-1-x-x-x_sus2_4-1-1-x-x-x,G#,sus2,sus2,1 2 5,intermediate_core,triad_related_suspended,from_G#_major_triad_position_triad_6-5-4_root_position_1-3-5_4-3-1-x-x-x_sus2,4-1-1-x-x-x,"[4, 1, 1, null, null, null]",6-5-4,root_position,,65,4,3,G# A# D# None None None,1 2 5 None None None,{}
G#_sus2_triad_related_suspended_from_G#_major_triad_position_triad_3-2-1_first_inversion_3-5-1_x-x-x-5-4-4_sus2_x-x-x-3-4-4,G#,sus2,sus2,1 2 5,intermediate_core,triad_related_suspended,from_G#_major_triad_position_triad_3-2-1_first_inversion_3-5-1_x-x-x-5-4-4_sus2,x-x-x-3-4-4,"[null, null, null, 3, 4, 4]",3-2-1,first_inversion_or_suspended_bass,,65,4,1,None None None A# D# G#,None None None 2 5 1,{}
G#_sus2_triad_related_suspended_from_G#_major_triad_position_triad_6-5-4_first_inversion_3-5-1_8-6-6-x-x-x_sus2_6-6-6-x-x-x,G#,sus2,sus2,1 2 5,intermediate_core,triad_related_suspended,from_G#_major_triad_position_triad_6-5-4_first_inversion_3-5-1_8-6-6-x-x-x_sus2,6-6-6-x-x-x,"[6, 6, 6, null, null, null]",6-5-4,first_inversion_or_suspended_bass,,65,6,0,A# D# G# None None None,2 5 1 None None None,{}
G#_sus2_triad_related_suspended_from_G#_major_triad_position_triad_5-4-3_second_inversion_5-1-3_x-6-6-5-x-x_sus2_x-6-6-3-x-x,G#,sus2,sus2,1 2 5,intermediate_core,triad_related_suspended,from_G#_major_triad_position_triad_5-4-3_second_inversion_5-1-3_x-6-6-5-x-x_sus2,x-6-6-3-x-x,"[null, 6, 6, 3, null, null]",5-4-3,second_inversion,,65,6,3,None D# G# A# None None,None 5 1 2 None None,{}
G#_sus2_triad_related_suspended_from_G#_major_triad_position_triad_4-3-2_root_position_1-3-5_x-x-6-5-4-x_sus2_x-x-6-3-4-x,G#,sus2,sus2,1 2 5,intermediate_core,triad_related_suspended,from_G#_major_triad_position_triad_4-3-2_root_position_1-3-5_x-x-6-5-4-x_sus2,x-x-6-3-4-x,"[null, null, 6, 3, 4, null]",4-3-2,root_position,,65,6,3,None None G# A# D# None,None None 1 2 5 None,{}
G#_sus2_triad_related_suspended_from_G#_major_triad_position_triad_4-3-2_first_inversion_3-5-1_x-x-10-8-9-x_sus2_x-x-8-8-9-x,G#,sus2,sus2,1 2 5,intermediate_core,triad_related_suspended,from_G#_major_triad_position_triad_4-3-2_first_inversion_3-5-1_x-x-10-8-9-x_sus2,x-x-8-8-9-x,"[null, null, 8, 8, 9, null]",4-3-2,first_inversion_or_suspended_bass,,65,9,1,None None A# D# G# None,None None 2 5 1 None,{}
G#_sus2_triad_related_suspended_from_G#_major_triad_position_triad_3-2-1_second_inversion_5-1-3_x-x-x-8-9-8_sus2_x-x-x-8-9-6,G#,sus2,sus2,1 2 5,intermediate_core,triad_related_suspended,from_G#_major_triad_position_triad_3-2-1_second_inversion_5-1-3_x-x-x-8-9-8_sus2,x-x-x-8-9-6,"[null, null, null, 8, 9, 6]",3-2-1,second_inversion,,65,9,3,None None None D# G# A#,None None None 5 1 2,{}
G#_sus2_triad_related_suspended_from_G#_major_triad_position_triad_6-5-4_second_inversion_5-1-3_11-11-10-x-x-x_sus2_11-11-8-x-x-x,G#,sus2,sus2,1 2 5,intermediate_core,triad_related_suspended,from_G#_major_triad_position_triad_6-5-4_second_inversion_5-1-3_11-11-10-x-x-x_sus2,11-11-8-x-x-x,"[11, 11, 8, null, null, null]",6-5-4,second_inversion,,65,11,3,D# G# A# None None None,5 1 2 None None None,{}
G#_sus2_triad_related_suspended_from_G#_major_triad_position_triad_5-4-3_root_position_1-3-5_x-11-10-8-x-x_sus2_x-11-8-8-x-x,G#,sus2,sus2,1 2 5,intermediate_core,triad_related_suspended,from_G#_major_triad_position_triad_5-4-3_root_position_1-3-5_x-11-10-8-x-x_sus2,x-11-8-8-x-x,"[null, 11, 8, 8, null, null]",5-4-3,root_position,,65,11,3,None G# A# D# None None,None 1 2 5 None None,{}
G#_sus2_triad_related_suspended_from_G#_major_triad_position_triad_5-4-3_first_inversion_3-5-1_x-15-13-13-x-x_sus2_x-13-13-13-x-x,G#,sus2,sus2,1 2 5,intermediate_core,triad_related_suspended,from_G#_major_triad_position_triad_5-4-3_first_inversion_3-5-1_x-15-13-13-x-x_sus2,x-13-13-13-x-x,"[null, 13, 13, 13, null, null]",5-4-3,first_inversion_or_suspended_bass,,65,13,0,None A# D# G# None None,None 2 5 1 None None,{}
G#_sus2_triad_related_suspended_from_G#_major_triad_position_triad_4-3-2_second_inversion_5-1-3_x-x-13-13-13-x_sus2_x-x-13-13-11-x,G#,sus2,sus2,1 2 5,intermediate_core,triad_related_suspended,from_G#_major_triad_position_triad_4-3-2_second_inversion_5-1-3_x-x-13-13-13-x_sus2,x-x-13-13-11-x,"[null, null, 13, 13, 11, null]",4-3-2,second_inversion,,65,13,2,None None D# G# A# None,None None 5 1 2 None,{}
G#_sus2_triad_related_suspended_from_G#_major_triad_position_triad_3-2-1_root_position_1-3-5_x-x-x-13-13-11_sus2_x-x-x-13-11-11,G#,sus2,sus2,1 2 5,intermediate_core,triad_related_suspended,from_G#_major_triad_position_triad_3-2-1_root_position_1-3-5_x-x-x-13-13-11_sus2,x-x-x-13-11-11,"[null, null, null, 13, 11, 11]",3-2-1,root_position,,65,13,2,None None None G# A# D#,None None None 1 2 5,{}
G#_sus2_triad_related_suspended_from_G#_major_triad_position_triad_6-5-4_root_position_1-3-5_16-15-13-x-x-x_sus2_16-13-13-x-x-x,G#,sus2,sus2,1 2 5,intermediate_core,triad_related_suspended,from_G#_major_triad_position_triad_6-5-4_root_position_1-3-5_16-15-13-x-x-x_sus2,16-13-13-x-x-x,"[16, 13, 13, null, null, null]",6-5-4,root_position,,65,16,3,G# A# D# None None None,1 2 5 None None None,{}
G#_sus2_triad_related_suspended_from_G#_major_triad_position_triad_3-2-1_first_inversion_3-5-1_x-x-x-17-16-16_sus2_x-x-x-15-16-16,G#,sus2,sus2,1 2 5,intermediate_core,triad_related_suspended,from_G#_major_triad_position_triad_3-2-1_first_inversion_3-5-1_x-x-x-17-16-16_sus2,x-x-x-15-16-16,"[null, null, null, 15, 16, 16]",3-2-1,first_inversion_or_suspended_bass,,65,16,1,None None None A# D# G#,None None None 2 5 1,{}
G#_sus2_triad_related_suspended_from_G#_major_triad_position_triad_5-4-3_second_inversion_5-1-3_x-18-18-17-x-x_sus2_x-18-18-15-x-x,G#,sus2,sus2,1 2 5,intermediate_core,triad_related_suspended,from_G#_major_triad_position_triad_5-4-3_second_inversion_5-1-3_x-18-18-17-x-x_sus2,x-18-18-15-x-x,"[null, 18, 18, 15, null, null]",5-4-3,second_inversion,,65,18,3,None D# G# A# None None,None 5 1 2 None None,{}
G#_sus2_triad_related_suspended_from_G#_major_triad_position_triad_4-3-2_root_position_1-3-5_x-x-18-17-16-x_sus2_x-x-18-15-16-x,G#,sus2,sus2,1 2 5,intermediate_core,triad_related_suspended,from_G#_major_triad_position_triad_4-3-2_root_position_1-3-5_x-x-18-17-16-x_sus2,x-x-18-15-16-x,"[null, null, 18, 15, 16, null]",4-3-2,root_position,,65,18,3,None None G# A# D# None,None None 1 2 5 None,{}
G#_sus4_caged_suspended_E_shape_sus4_4-6-6-6-4-4,G#,sus4,sus4,1 4 5,intermediate_core,caged_suspended,E_shape_sus4,4-6-6-6-4-4,"[4, 6, 6, 6, 4, 4]",,root_position,,30,6,2,G# D# G# C# D# G#,1 5 1 4 5 1,{}
G#_sus4_caged_suspended_D_shape_sus4_x-x-6-8-9-9,G#,sus4,sus4,1 4 5,intermediate_core,caged_suspended,D_shape_sus4,x-x-6-8-9-9,"[null, null, 6, 8, 9, 9]",,root_position,,30,9,3,None None G# D# G# C#,None None 1 5 1 4,{}
G#_sus4_caged_suspended_C_shape_sus4_x-11-11-8-9-9,G#,sus4,sus4,1 4 5,intermediate_core,caged_suspended,C_shape_sus4,x-11-11-8-9-9,"[null, 11, 11, 8, 9, 9]",,root_position,,30,11,3,None G# C# D# G# C#,None 1 4 5 1 4,{}
G#_sus4_caged_suspended_A_shape_sus4_x-11-13-13-14-11,G#,sus4,sus4,1 4 5,intermediate_core,caged_suspended,A_shape_sus4,x-11-13-13-14-11,"[null, 11, 13, 13, 14, 11]",,root_position,,30,14,3,None G# D# G# C# D#,None 1 5 1 4 5,{}
G#_sus4_triad_related_suspended_from_G#_major_triad_position_triad_4-3-2_second_inversion_5-1-3_x-x-1-1-1-x_sus4_x-x-1-1-2-x,G#,sus4,sus4,1 4 5,intermediate_core,triad_related_suspended,from_G#_major_triad_position_triad_4-3-2_second_inversion_5-1-3_x-x-1-1-1-x_sus4,x-x-1-1-2-x,"[null, null, 1, 1, 2, null]",4-3-2,second_inversion,,65,2,1,None None D# G# C# None,None None 5 1 4 None,{}
G#_sus4_triad_related_suspended_from_G#_major_triad_position_triad_6-5-4_root_position_1-3-5_4-3-1-x-x-x_sus4_4-4-1-x-x-x,G#,sus4,sus4,1 4 5,intermediate_core,triad_related_suspended,from_G#_major_triad_position_triad_6-5-4_root_position_1-3-5_4-3-1-x-x-x_sus4,4-4-1-x-x-x,"[4, 4, 1, null, null, null]",6-5-4,root_position,,65,4,3,G# C# D# None None None,1 4 5 None None None,{}
G#_sus4_triad_related_suspended_from_G#_major_triad_position_triad_5-4-3_first_inversion_3-5-1_x-3-1-1-x-x_sus4_x-4-1-1-x-x,G#,sus4,sus4,1 4 5,intermediate_core,triad_related_suspended,from_G#_major_triad_position_triad_5-4-3_first_inversion_3-5-1_x-3-1-1-x-x_sus4,x-4-1-1-x-x,"[null, 4, 1, 1, null, null]",5-4-3,first_inversion_or_suspended_bass,,65,4,3,None C# D# G# None None,None 4 5 1 None None,{}
G#_sus4_triad_related_suspended_from_G#_major_triad_position_triad_5-4-3_second_inversion_5-1-3_x-6-6-5-x-x_sus4_x-6-6-6-x-x,G#,sus4,sus4,1 4 5,intermediate_core,triad_related_suspended,from_G#_major_triad_position_triad_5-4-3_second_inversion_5-1-3_x-6-6-5-x-x_sus4,x-6-6-6-x-x,"[null, 6, 6, 6, null, null]",5-4-3,second_inversion,,65,6,0,None D# G# C# None None,None 5 1 4 None None,{}
G#_sus4_triad_related_suspended_from_G#_major_triad_position_triad_4-3-2_root_position_1-3-5_x-x-6-5-4-x_sus4_x-x-6-6-4-x,G#,sus4,sus4,1 4 5,intermediate_core,triad_related_suspended,from_G#_major_triad_position_triad_4-3-2_root_position_1-3-5_x-x-6-5-4-x_sus4,x-x-6-6-4-x,"[null, null, 6, 6, 4, null]",4-3-2,root_position,,65,6,2,None None G# C# D# None,None None 1 4 5 None,{}
G#_sus4_triad_related_suspended_from_G#_major_triad_position_triad_3-2-1_first_inversion_3-5-1_x-x-x-5-4-4_sus4_x-x-x-6-4-4,G#,sus4,sus4,1 4 5,intermediate_core,triad_related_suspended,from_G#_major_triad_position_triad_3-2-1_first_inversion_3-5-1_x-x-x-5-4-4_sus4,x-x-x-6-4-4,"[null, null, null, 6, 4, 4]",3-2-1,first_inversion_or_suspended_bass,,65,6,2,None None None C# D# G#,None None None 4 5 1,{}
G#_sus4_triad_related_suspended_from_G#_major_triad_position_triad_6-5-4_first_inversion_3-5-1_8-6-6-x-x-x_sus4_9-6-6-x-x-x,G#,sus4,sus4,1 4 5,intermediate_core,triad_related_suspended,from_G#_major_triad_position_triad_6-5-4_first_inversion_3-5-1_8-6-6-x-x-x_sus4,9-6-6-x-x-x,"[9, 6, 6, null, null, null]",6-5-4,first_inversion_or_suspended_bass,,65,9,3,C# D# G# None None None,4 5 1 None None None,{}
G#_sus4_triad_related_suspended_from_G#_major_triad_position_triad_3-2-1_second_inversion_5-1-3_x-x-x-8-9-8_sus4_x-x-x-8-9-9,G#,sus4,sus4,1 4 5,intermediate_core,triad_related_suspended,from_G#_major_triad_position_triad_3-2-1_second_inversion_5-1-3_x-x-x-8-9-8_sus4,x-x-x-8-9-9,"[null, null, null, 8, 9, 9]",3-2-1,second_inversion,,65,9,1,None None None D# G# C#,None None None 5 1 4,{}
G#_sus4_triad_related_suspended_from_G#_major_triad_position_triad_6-5-4_second_inversion_5-1-3_11-11-10-x-x-x_sus4_11-11-11-x-x-x,G#,sus4,sus4,1 4 5,intermediate_core,triad_related_suspended,from_G#_major_triad_position_triad_6-5-4_second_inversion_5-1-3_11-11-10-x-x-x_sus4,11-11-11-x-x-x,"[11, 11, 11, null, null, null]",6-5-4,second_inversion,,65,11,0,D# G# C# None None None,5 1 4 None None None,{}
G#_sus4_triad_related_suspended_from_G#_major_triad_position_triad_5-4-3_root_position_1-3-5_x-11-10-8-x-x_sus4_x-11-11-8-x-x,G#,sus4,sus4,1 4 5,intermediate_core,triad_related_suspended,from_G#_major_triad_position_triad_5-4-3_root_position_1-3-5_x-11-10-8-x-x_sus4,x-11-11-8-x-x,"[null, 11, 11, 8, null, null]",5-4-3,root_position,,65,11,3,None G# C# D# None None,None 1 4 5 None None,{}
G#_sus4_triad_related_suspended_from_G#_major_triad_position_triad_4-3-2_first_inversion_3-5-1_x-x-10-8-9-x_sus4_x-x-11-8-9-x,G#,sus4,sus4,1 4 5,intermediate_core,triad_related_suspended,from_G#_major_triad_position_triad_4-3-2_first_inversion_3-5-1_x-x-10-8-9-x_sus4,x-x-11-8-9-x,"[null, null, 11, 8, 9, null]",4-3-2,first_inversion_or_suspended_bass,,65,11,3,None None C# D# G# None,None None 4 5 1 None,{}
G#_sus4_triad_related_suspended_from_G#_major_triad_position_triad_4-3-2_second_inversion_5-1-3_x-x-13-13-13-x_sus4_x-x-13-13-14-x,G#,sus4,sus4,1 4 5,intermediate_core,triad_related_suspended,from_G#_major_triad_position_triad_4-3-2_second_inversion_5-1-3_x-x-13-13-13-x_sus4,x-x-13-13-14-x,"[null, null, 13, 13, 14, null]",4-3-2,second_inversion,,65,14,1,None None D# G# C# None,None None 5 1 4 None,{}
G#_sus4_triad_related_suspended_from_G#_major_triad_position_triad_3-2-1_root_position_1-3-5_x-x-x-13-13-11_sus4_x-x-x-13-14-11,G#,sus4,sus4,1 4 5,intermediate_core,triad_related_suspended,from_G#_major_triad_position_triad_3-2-1_root_position_1-3-5_x-x-x-13-13-11_sus4,x-x-x-13-14-11,"[null, null, null, 13, 14, 11]",3-2-1,root_position,,65,14,3,None None None G# C# D#,None None None 1 4 5,{}
G#_sus4_triad_related_suspended_from_G#_major_triad_position_triad_6-5-4_root_position_1-3-5_16-15-13-x-x-x_sus4_16-16-13-x-x-x,G#,sus4,sus4,1 4 5,intermediate_core,triad_related_suspended,from_G#_major_triad_position_triad_6-5-4_root_position_1-3-5_16-15-13-x-x-x_sus4,16-16-13-x-x-x,"[16, 16, 13, null, null, null]",6-5-4,root_position,,65,16,3,G# C# D# None None None,1 4 5 None None None,{}
G#_sus4_triad_related_suspended_from_G#_major_triad_position_triad_5-4-3_first_inversion_3-5-1_x-15-13-13-x-x_sus4_x-16-13-13-x-x,G#,sus4,sus4,1 4 5,intermediate_core,triad_related_suspended,from_G#_major_triad_position_triad_5-4-3_first_inversion_3-5-1_x-15-13-13-x-x_sus4,x-16-13-13-x-x,"[null, 16, 13, 13, null, null]",5-4-3,first_inversion_or_suspended_bass,,65,16,3,None C# D# G# None None,None 4 5 1 None None,{}
G#_sus4_triad_related_suspended_from_G#_major_triad_position_triad_5-4-3_second_inversion_5-1-3_x-18-18-17-x-x_sus4_x-18-18-18-x-x,G#,sus4,sus4,1 4 5,intermediate_core,triad_related_suspended,from_G#_major_triad_position_triad_5-4-3_second_inversion_5-1-3_x-18-18-17-x-x_sus4,x-18-18-18-x-x,"[null, 18, 18, 18, null, null]",5-4-3,second_inversion,,65,18,0,None D# G# C# None None,None 5 1 4 None None,{}
G#_sus4_triad_related_suspended_from_G#_major_triad_position_triad_4-3-2_root_position_1-3-5_x-x-18-17-16-x_sus4_x-x-18-18-16-x,G#,sus4,sus4,1 4 5,intermediate_core,triad_related_suspended,from_G#_major_triad_position_triad_4-3-2_root_position_1-3-5_x-x-18-17-16-x_sus4,x-x-18-18-16-x,"[null, null, 18, 18, 16, null]",4-3-2,root_position,,65,18,2,None None G# C# D# None,None None 1 4 5 None,{}
G#_sus4_triad_related_suspended_from_G#_major_triad_position_triad_3-2-1_first_inversion_3-5-1_x-x-x-17-16-16_sus4_x-x-x-18-16-16,G#,sus4,sus4,1 4 5,intermediate_core,triad_related_suspended,from_G#_major_triad_position_triad_3-2-1_first_inversion_3-5-1_x-x-x-17-16-16_sus4,x-x-x-18-16-16,"[null, null, null, 18, 16, 16]",3-2-1,first_inversion_or_suspended_bass,,65,18,2,None None None C# D# G#,None None None 4 5 1,{}
A_diminished_triad_position_triad_4-3-2_second_inversion_b5-1-b3_x-x-1-2-1-x,A,diminished,dim,1 b3 b5,advanced_reference,triad_position,triad_4-3-2_second_inversion_b5-1-b3,x-x-1-2-1-x,"[null, null, 1, 2, 1, null]",4-3-2,second_inversion,second_inversion,60,2,1,None None D# A C None,None None b5 1 b3 None,{}
A_diminished_triad_position_triad_5-4-3_first_inversion_b3-b5-1_x-3-1-2-x-x,A,diminished,dim,1 b3 b5,advanced_reference,triad_position,triad_5-4-3_first_inversion_b3-b5-1,x-3-1-2-x-x,"[null, 3, 1, 2, null, null]",5-4-3,first_inversion_or_suspended_bass,first_inversion,60,3,2,None C D# A None None,None b3 b5 1 None None,{}
A_diminished_triad_position_triad_6-5-4_root_position_1-b3-b5_5-3-1-x-x-x,A,diminished,dim,1 b3 b5,advanced_reference,triad_position,triad_6-5-4_root_position_1-b3-b5,5-3-1-x-x-x,"[5, 3, 1, null, null, null]",6-5-4,root_position,root_position,60,5,4,A C D# None None None,1 b3 b5 None None None,{}
A_diminished_triad_position_triad_5-4-3_root_position_1-b5-b3_x-0-1-5-x-x,A,diminished,dim,1 b3 b5,advanced_reference,triad_position,triad_5-4-3_root_position_1-b5-b3,x-0-1-5-x-x,"[null, 0, 1, 5, null, null]",5-4-3,root_position,root_position,60,5,4,None A D# C None None,None 1 b5 b3 None None,{}
A_diminished_triad_position_triad_3-2-1_first_inversion_b3-b5-1_x-x-x-5-4-5,A,diminished,dim,1 b3 b5,advanced_reference,triad_position,triad_3-2-1_first_inversion_b3-b5-1,x-x-x-5-4-5,"[null, null, null, 5, 4, 5]",3-2-1,first_inversion_or_suspended_bass,first_inversion,60,5,1,None None None C D# A,None None None b3 b5 1,{}
A_diminished_triad_position_triad_5-4-3_second_inversion_b5-1-b3_x-6-7-5-x-x,A,diminished,dim,1 b3 b5,advanced_reference,triad_position,triad_5-4-3_second_inversion_b5-1-b3,x-6-7-5-x-x,"[null, 6, 7, 5, null, null]",5-4-3,second_inversion,second_inversion,60,7,2,None D# A C None None,None b5 1 b3 None None,{}
A_diminished_triad_position_triad_4-3-2_root_position_1-b3-b5_x-x-7-5-4-x,A,diminished,dim,1 b3 b5,advanced_reference,triad_position,triad_4-3-2_root_position_1-b3-b5,x-x-7-5-4-x,"[null, null, 7, 5, 4, null]",4-3-2,root_position,root_position,60,7,3,None None A C D# None,None None 1 b3 b5 None,{}
A_diminished_triad_position_triad_6-5-4_first_inversion_b3-b5-1_8-6-7-x-x-x,A,diminished,dim,1 b3 b5,advanced_reference,triad_position,triad_6-5-4_first_inversion_b3-b5-1,8-6-7-x-x-x,"[8, 6, 7, null, null, null]",6-5-4,first_inversion_or_suspended_bass,first_inversion,60,8,2,C D# A None None None,b3 b5 1 None None None,{}
A_diminished_triad_position_triad_4-3-2_first_inversion_b3-b5-1_x-x-10-8-10-x,A,diminished,dim,1 b3 b5,advanced_reference,triad_position,triad_4-3-2_first_inversion_b3-b5-1,x-x-10-8-10-x,"[null, null, 10, 8, 10, null]",4-3-2,first_inversion_or_suspended_bass,first_inversion,60,10,2,None None C D# A None,None None b3 b5 1 None,{}
A_diminished_triad_position_triad_3-2-1_second_inversion_b5-1-b3_x-x-x-8-10-8,A,diminished,dim,1 b3 b5,advanced_reference,triad_position,triad_3-2-1_second_inversion_b5-1-b3,x-x-x-8-10-8,"[null, null, null, 8, 10, 8]",3-2-1,second_inversion,second_inversion,60,10,2,None None None D# A C,None None None b5 1 b3,{}
A_diminished_triad_position_triad_6-5-4_second_inversion_b5-1-b3_11-12-10-x-x-x,A,diminished,dim,1 b3 b5,advanced_reference,triad_position,triad_6-5-4_second_inversion_b5-1-b3,11-12-10-x-x-x,"[11, 12, 10, null, null, null]",6-5-4,second_inversion,second_inversion,60,12,2,D# A C None None None,b5 1 b3 None None None,{}
A_diminished_triad_position_triad_5-4-3_root_position_1-b3-b5_x-12-10-8-x-x,A,diminished,dim,1 b3 b5,advanced_reference,triad_position,triad_5-4-3_root_position_1-b3-b5,x-12-10-8-x-x,"[null, 12, 10, 8, null, null]",5-4-3,root_position,root_position,60,12,4,None A C D# None None,None 1 b3 b5 None None,{}
A_diminished_triad_position_triad_4-3-2_second_inversion_b5-1-b3_x-x-13-14-13-x,A,diminished,dim,1 b3 b5,advanced_reference,triad_position,triad_4-3-2_second_inversion_b5-1-b3,x-x-13-14-13-x,"[null, null, 13, 14, 13, null]",4-3-2,second_inversion,second_inversion,60,14,1,None None D# A C None,None None b5 1 b3 None,{}
A_diminished_triad_position_triad_3-2-1_root_position_1-b3-b5_x-x-x-14-13-11,A,diminished,dim,1 b3 b5,advanced_reference,triad_position,triad_3-2-1_root_position_1-b3-b5,x-x-x-14-13-11,"[null, null, null, 14, 13, 11]",3-2-1,root_position,root_position,60,14,3,None None None A C D#,None None None 1 b3 b5,{}
A_diminished_triad_position_triad_5-4-3_first_inversion_b3-b5-1_x-15-13-14-x-x,A,diminished,dim,1 b3 b5,advanced_reference,triad_position,triad_5-4-3_first_inversion_b3-b5-1,x-15-13-14-x-x,"[null, 15, 13, 14, null, null]",5-4-3,first_inversion_or_suspended_bass,first_inversion,60,15,2,None C D# A None None,None b3 b5 1 None None,{}
A_diminished_triad_position_triad_6-5-4_root_position_1-b3-b5_17-15-13-x-x-x,A,diminished,dim,1 b3 b5,advanced_reference,triad_position,triad_6-5-4_root_position_1-b3-b5,17-15-13-x-x-x,"[17, 15, 13, null, null, null]",6-5-4,root_position,root_position,60,17,4,A C D# None None None,1 b3 b5 None None None,{}
A_diminished_triad_position_triad_3-2-1_first_inversion_b3-b5-1_x-x-x-17-16-17,A,diminished,dim,1 b3 b5,advanced_reference,triad_position,triad_3-2-1_first_inversion_b3-b5-1,x-x-x-17-16-17,"[null, null, null, 17, 16, 17]",3-2-1,first_inversion_or_suspended_bass,first_inversion,60,17,1,None None None C D# A,None None None b3 b5 1,{}
A_diminished7_movable_diminished_A_root_dim7_diamond_x-12-13-11-13-x,A,diminished7,dim7,1 b3 b5 bb7,intermediate_core,movable_diminished,A_root_dim7_diamond,x-12-13-11-13-x,"[null, 12, 13, 11, 13, null]",,root_position,,45,13,2,None A D# F# C None,None 1 b5 6/bb7 b3 None,{}
A_diminished7_movable_diminished_E_root_dim7_barre_17-x-16-17-16-x,A,diminished7,dim7,1 b3 b5 bb7,intermediate_core,movable_diminished,E_root_dim7_barre,17-x-16-17-16-x,"[17, null, 16, 17, 16, null]",,root_position,,45,17,1,A None F# C D# None,1 None 6/bb7 b3 b5 None,{}
A_diminished7_compact_seventh_position_seventh_4-3-2-1_b5-1-b3-bb7_x-x-1-2-1-2,A,diminished7,dim7,1 b3 b5 bb7,advanced_reference,compact_seventh_position,seventh_4-3-2-1_b5-1-b3-bb7,x-x-1-2-1-2,"[null, null, 1, 2, 1, 2]",4-3-2-1,second_inversion,,80,2,1,None None D# A C F#,None None b5 1 b3 6/bb7,{}
A_diminished7_compact_seventh_position_seventh_6-5-4-3_bb7-b3-b5-1_2-3-1-2-x-x,A,diminished7,dim7,1 b3 b5 bb7,advanced_reference,compact_seventh_position,seventh_6-5-4-3_bb7-b3-b5-1,2-3-1-2-x-x,"[2, 3, 1, 2, null, null]",6-5-4-3,seventh_in_bass,,80,3,2,F# C D# A None None,6/bb7 b3 b5 1 None None,{}
A_diminished7_compact_seventh_position_seventh_5-4-3-2_b3-bb7-1-b5_x-3-4-2-4-x,A,diminished7,dim7,1 b3 b5 bb7,advanced_reference,compact_seventh_position,seventh_5-4-3-2_b3-bb7-1-b5,x-3-4-2-4-x,"[null, 3, 4, 2, 4, null]",5-4-3-2,first_inversion_or_suspended_bass,,80,4,2,None C F# A D# None,None b3 6/bb7 1 b5 None,{}
A_diminished7_compact_seventh_position_seventh_6-5-4-3_bb7-1-b5-b3_2-0-1-5-x-x,A,diminished7,dim7,1 b3 b5 bb7,advanced_reference,compact_seventh_position,seventh_6-5-4-3_bb7-1-b5-b3,2-0-1-5-x-x,"[2, 0, 1, 5, null, null]",6-5-4-3,seventh_in_bass,,80,5,4,F# A D# C None None,6/bb7 1 b5 b3 None None,{}
A_diminished7_compact_seventh_position_seventh_5-4-3-2_1-bb7-b3-b5_x-0-4-5-4-x,A,diminished7,dim7,1 b3 b5 bb7,advanced_reference,compact_seventh_position,seventh_5-4-3-2_1-bb7-b3-b5,x-0-4-5-4-x,"[null, 0, 4, 5, 4, null]",5-4-3-2,root_position,,80,5,1,None A F# C D# None,None 1 6/bb7 b3 b5 None,{}
A_diminished7_compact_seventh_position_seventh_4-3-2-1_bb7-b3-b5-1_x-x-4-5-4-5,A,diminished7,dim7,1 b3 b5 bb7,advanced_reference,compact_seventh_position,seventh_4-3-2-1_bb7-b3-b5-1,x-x-4-5-4-5,"[null, null, 4, 5, 4, 5]",4-3-2-1,seventh_in_bass,,80,5,1,None None F# C D# A,None None 6/bb7 b3 b5 1,{}
A_diminished7_compact_seventh_position_seventh_6-5-4-3_1-b5-bb7-b3_5-6-4-5-x-x,A,diminished7,dim7,1 b3 b5 bb7,advanced_reference,compact_seventh_position,seventh_6-5-4-3_1-b5-bb7-b3,5-6-4-5-x-x,"[5, 6, 4, 5, null, null]",6-5-4-3,root_position,,80,6,2,A D# F# C None None,1 b5 6/bb7 b3 None None,{}
A_diminished7_compact_seventh_position_seventh_5-4-3-2_b5-1-b3-bb7_x-6-7-5-7-x,A,diminished7,dim7,1 b3 b5 bb7,advanced_reference,compact_seventh_position,seventh_5-4-3-2_b5-1-b3-bb7,x-6-7-5-7-x,"[null, 6, 7, 5, 7, null]",5-4-3-2,second_inversion,,80,7,2,None D# A C F# None,None b5 1 b3 6/bb7 None,{}
A_diminished7_compact_seventh_position_seventh_4-3-2-1_1-b5-bb7-b3_x-x-7-8-7-8,A,diminished7,dim7,1 b3 b5 bb7,advanced_reference,compact_seventh_position,seventh_4-3-2-1_1-b5-bb7-b3,x-x-7-8-7-8,"[null, null, 7, 8, 7, 8]",4-3-2-1,root_position,,80,8,1,None None A D# F# C,None None 1 b5 6/bb7 b3,{}
A_diminished7_compact_seventh_position_seventh_6-5-4-3_b3-bb7-1-b5_8-9-7-8-x-x,A,diminished7,dim7,1 b3 b5 bb7,advanced_reference,compact_seventh_position,seventh_6-5-4-3_b3-bb7-1-b5,8-9-7-8-x-x,"[8, 9, 7, 8, null, null]",6-5-4-3,first_inversion_or_suspended_bass,,80,9,2,C F# A D# None None,b3 6/bb7 1 b5 None None,{}
A_diminished7_compact_seventh_position_seventh_5-4-3-2_bb7-b3-b5-1_x-9-10-8-10-x,A,diminished7,dim7,1 b3 b5 bb7,advanced_reference,compact_seventh_position,seventh_5-4-3-2_bb7-b3-b5-1,x-9-10-8-10-x,"[null, 9, 10, 8, 10, null]",5-4-3-2,seventh_in_bass,,80,10,2,None F# C D# A None,None 6/bb7 b3 b5 1 None,{}
A_diminished7_compact_seventh_position_seventh_4-3-2-1_b3-bb7-1-b5_x-x-10-11-10-11,A,diminished7,dim7,1 b3 b5 bb7,advanced_reference,compact_seventh_position,seventh_4-3-2-1_b3-bb7-1-b5,x-x-10-11-10-11,"[null, null, 10, 11, 10, 11]",4-3-2-1,first_inversion_or_suspended_bass,,80,11,1,None None C F# A D#,None None b3 6/bb7 1 b5,{}
A_diminished7_compact_seventh_position_seventh_6-5-4-3_b5-1-b3-bb7_11-12-10-11-x-x,A,diminished7,dim7,1 b3 b5 bb7,advanced_reference,compact_seventh_position,seventh_6-5-4-3_b5-1-b3-bb7,11-12-10-11-x-x,"[11, 12, 10, 11, null, null]",6-5-4-3,second_inversion,,80,12,2,D# A C F# None None,b5 1 b3 6/bb7 None None,{}
A_diminished7_compact_seventh_position_seventh_4-3-2-1_b5-1-b3-bb7_x-x-13-14-13-14,A,diminished7,dim7,1 b3 b5 bb7,advanced_reference,compact_seventh_position,seventh_4-3-2-1_b5-1-b3-bb7,x-x-13-14-13-14,"[null, null, 13, 14, 13, 14]",4-3-2-1,second_inversion,,80,14,1,None None D# A C F#,None None b5 1 b3 6/bb7,{}
A_diminished7_compact_seventh_position_seventh_6-5-4-3_bb7-b3-b5-1_14-15-13-14-x-x,A,diminished7,dim7,1 b3 b5 bb7,advanced_reference,compact_seventh_position,seventh_6-5-4-3_bb7-b3-b5-1,14-15-13-14-x-x,"[14, 15, 13, 14, null, null]",6-5-4-3,seventh_in_bass,,80,15,2,F# C D# A None None,6/bb7 b3 b5 1 None None,{}
A_diminished7_compact_seventh_position_seventh_5-4-3-2_b3-bb7-1-b5_x-15-16-14-16-x,A,diminished7,dim7,1 b3 b5 bb7,advanced_reference,compact_seventh_position,seventh_5-4-3-2_b3-bb7-1-b5,x-15-16-14-16-x,"[null, 15, 16, 14, 16, null]",5-4-3-2,first_inversion_or_suspended_bass,,80,16,2,None C F# A D# None,None b3 6/bb7 1 b5 None,{}
A_diminished7_compact_seventh_position_seventh_4-3-2-1_bb7-b3-b5-1_x-x-16-17-16-17,A,diminished7,dim7,1 b3 b5 bb7,advanced_reference,compact_seventh_position,seventh_4-3-2-1_bb7-b3-b5-1,x-x-16-17-16-17,"[null, null, 16, 17, 16, 17]",4-3-2-1,seventh_in_bass,,80,17,1,None None F# C D# A,None None 6/bb7 b3 b5 1,{}
A_diminished7_compact_seventh_position_seventh_6-5-4-3_1-b5-bb7-b3_17-18-16-17-x-x,A,diminished7,dim7,1 b3 b5 bb7,advanced_reference,compact_seventh_position,seventh_6-5-4-3_1-b5-bb7-b3,17-18-16-17-x-x,"[17, 18, 16, 17, null, null]",6-5-4-3,root_position,,80,18,2,A D# F# C None None,1 b5 6/bb7 b3 None None,{}
A_dominant7_caged_seventh_A_shape_7_x-0-2-0-2-0,A,dominant7,7,1 3 5 b7,intermediate_core,caged_seventh,A_shape_7,x-0-2-0-2-0,"[null, 0, 2, 0, 2, 0]",,root_position,,35,2,0,None A E G C# E,None 1 5 b7 3 5,{}
A_dominant7_caged_seventh_G_shape_7_5-4-2-2-2-3,A,dominant7,7,1 3 5 b7,intermediate_core,caged_seventh,G_shape_7,5-4-2-2-2-3,"[5, 4, 2, 2, 2, 3]",,root_position,,35,5,3,A C# E A C# G,1 3 5 1 3 b7,{}
A_dominant7_caged_seventh_E_shape_7_5-7-5-6-5-5,A,dominant7,7,1 3 5 b7,intermediate_core,caged_seventh,E_shape_7,5-7-5-6-5-5,"[5, 7, 5, 6, 5, 5]",,root_position,,35,7,2,A E G C# E A,1 5 b7 3 5 1,{}
A_dominant7_caged_seventh_D_shape_7_x-x-7-9-8-9,A,dominant7,7,1 3 5 b7,intermediate_core,caged_seventh,D_shape_7,x-x-7-9-8-9,"[null, null, 7, 9, 8, 9]",,root_position,,35,9,2,None None A E G C#,None None 1 5 b7 3,{}
A_dominant7_compact_seventh_position_seventh_5-4-3-2_1-5-b7-3_x-0-2-0-2-x,A,dominant7,7,1 3 5 b7,advanced_reference,compact_seventh_position,seventh_5-4-3-2_1-5-b7-3,x-0-2-0-2-x,"[null, 0, 2, 0, 2, null]",5-4-3-2,root_position,,80,2,0,None A E G C# None,None 1 5 b7 3 None,{}
A_dominant7_compact_seventh_position_seventh_4-3-2-1_5-1-3-b7_x-x-2-2-2-3,A,dominant7,7,1 3 5 b7,advanced_reference,compact_seventh_position,seventh_4-3-2-1_5-1-3-b7,x-x-2-2-2-3,"[null, null, 2, 2, 2, 3]",4-3-2-1,second_inversion,,80,3,1,None None E A C# G,None None 5 1 3 b7,{}
A_dominant7_compact_seventh_position_seventh_6-5-4-3_b7-3-5-1_3-4-2-2-x-x,A,dominant7,7,1 3 5 b7,advanced_reference,compact_seventh_position,seventh_6-5-4-3_b7-3-5-1,3-4-2-2-x-x,"[3, 4, 2, 2, null, null]",6-5-4-3,seventh_in_bass,,80,4,2,G C# E A None None,b7 3 5 1 None None,{}
A_dominant7_compact_seventh_position_seventh_6-5-4-3_5-3-b7-1_0-4-5-2-x-x,A,dominant7,7,1 3 5 b7,advanced_reference,compact_seventh_position,seventh_6-5-4-3_5-3-b7-1,0-4-5-2-x-x,"[0, 4, 5, 2, null, null]",6-5-4-3,second_inversion,,80,5,3,E C# G A None None,5 3 b7 1 None None,{}
A_dominant7_compact_seventh_position_seventh_6-5-4-3_1-3-5-b7_5-4-2-0-x-x,A,dominant7,7,1 3 5 b7,advanced_reference,compact_seventh_position,seventh_6-5-4-3_1-3-5-b7,5-4-2-0-x-x,"[5, 4, 2, 0, null, null]",6-5-4-3,root_position,,80,5,3,A C# E G None None,1 3 5 b7 None None,{}
A_dominant7_compact_seventh_position_seventh_5-4-3-2_3-b7-1-5_x-4-5-2-5-x,A,dominant7,7,1 3 5 b7,advanced_reference,compact_seventh_position,seventh_5-4-3-2_3-b7-1-5,x-4-5-2-5-x,"[null, 4, 5, 2, 5, null]",5-4-3-2,first_inversion_or_suspended_bass,,80,5,3,None C# G A E None,None 3 b7 1 5 None,{}
A_dominant7_compact_seventh_position_seventh_4-3-2-1_5-b7-3-1_x-x-2-0-2-5,A,dominant7,7,1 3 5 b7,advanced_reference,compact_seventh_position,seventh_4-3-2-1_5-b7-3-1,x-x-2-0-2-5,"[null, null, 2, 0, 2, 5]",4-3-2-1,second_inversion,,80,5,3,None None E G C# A,None None 5 b7 3 1,{}
A_dominant7_compact_seventh_position_seventh_4-3-2-1_b7-1-3-5_x-x-5-2-2-0,A,dominant7,7,1 3 5 b7,advanced_reference,compact_seventh_position,seventh_4-3-2-1_b7-1-3-5,x-x-5-2-2-0,"[null, null, 5, 2, 2, 0]",4-3-2-1,seventh_in_bass,,80,5,3,None None G A C# E,None None b7 1 3 5,{}
A_dominant7_compact_seventh_position_seventh_4-3-2-1_b7-3-5-1_x-x-5-6-5-5,A,dominant7,7,1 3 5 b7,advanced_reference,compact_seventh_position,seventh_4-3-2-1_b7-3-5-1,x-x-5-6-5-5,"[null, null, 5, 6, 5, 5]",4-3-2-1,seventh_in_bass,,80,6,1,None None G C# E A,None None b7 3 5 1,{}
A_dominant7_compact_seventh_position_seventh_6-5-4-3_b7-5-1-3_3-7-7-6-x-x,A,dominant7,7,1 3 5 b7,advanced_reference,compact_seventh_position,seventh_6-5-4-3_b7-5-1-3,3-7-7-6-x-x,"[3, 7, 7, 6, null, null]",6-5-4-3,seventh_in_bass,,80,7,4,G E A C# None None,b7 5 1 3 None None,{}
A_dominant7_compact_seventh_position_seventh_6-5-4-3_1-5-b7-3_5-7-5-6-x-x,A,dominant7,7,1 3 5 b7,advanced_reference,compact_seventh_position,seventh_6-5-4-3_1-5-b7-3,5-7-5-6-x-x,"[5, 7, 5, 6, null, null]",6-5-4-3,root_position,,80,7,2,A E G C# None None,1 5 b7 3 None None,{}
A_dominant7_compact_seventh_position_seventh_4-3-2-1_1-3-5-b7_x-x-7-6-5-3,A,dominant7,7,1 3 5 b7,advanced_reference,compact_seventh_position,seventh_4-3-2-1_1-3-5-b7,x-x-7-6-5-3,"[null, null, 7, 6, 5, 3]",4-3-2-1,root_position,,80,7,4,None None A C# E G,None None 1 3 5 b7,{}
A_dominant7_compact_seventh_position_seventh_5-4-3-2_5-1-3-b7_x-7-7-6-8-x,A,dominant7,7,1 3 5 b7,advanced_reference,compact_seventh_position,seventh_5-4-3-2_5-1-3-b7,x-7-7-6-8-x,"[null, 7, 7, 6, 8, null]",5-4-3-2,second_inversion,,80,8,2,None E A C# G None,None 5 1 3 b7 None,{}
A_dominant7_compact_seventh_position_seventh_6-5-4-3_3-b7-1-5_9-10-7-9-x-x,A,dominant7,7,1 3 5 b7,advanced_reference,compact_seventh_position,seventh_6-5-4-3_3-b7-1-5,9-10-7-9-x-x,"[9, 10, 7, 9, null, null]",6-5-4-3,first_inversion_or_suspended_bass,,80,10,3,C# G A E None None,3 b7 1 5 None None,{}
A_dominant7_compact_seventh_position_seventh_5-4-3-2_b7-3-5-1_x-10-11-9-10-x,A,dominant7,7,1 3 5 b7,advanced_reference,compact_seventh_position,seventh_5-4-3-2_b7-3-5-1,x-10-11-9-10-x,"[null, 10, 11, 9, 10, null]",5-4-3-2,seventh_in_bass,,80,11,2,None G C# E A None,None b7 3 5 1 None,{}
A_dominant7_compact_seventh_position_seventh_6-5-4-3_5-1-3-b7_12-12-11-12-x-x,A,dominant7,7,1 3 5 b7,advanced_reference,compact_seventh_position,seventh_6-5-4-3_5-1-3-b7,12-12-11-12-x-x,"[12, 12, 11, 12, null, null]",6-5-4-3,second_inversion,,80,12,1,E A C# G None None,5 1 3 b7 None None,{}
A_dominant7_compact_seventh_position_seventh_5-4-3-2_1-3-5-b7_x-12-11-9-8-x,A,dominant7,7,1 3 5 b7,advanced_reference,compact_seventh_position,seventh_5-4-3-2_1-3-5-b7,x-12-11-9-8-x,"[null, 12, 11, 9, 8, null]",5-4-3-2,root_position,,80,12,4,None A C# E G None,None 1 3 5 b7 None,{}
A_dominant7_compact_seventh_position_seventh_4-3-2-1_3-b7-1-5_x-x-11-12-10-12,A,dominant7,7,1 3 5 b7,advanced_reference,compact_seventh_position,seventh_4-3-2-1_3-b7-1-5,x-x-11-12-10-12,"[null, null, 11, 12, 10, 12]",4-3-2-1,first_inversion_or_suspended_bass,,80,12,2,None None C# G A E,None None 3 b7 1 5,{}
A_dominant7_compact_seventh_position_seventh_6-5-4-3_5-b7-3-1_12-10-11-14-x-x,A,dominant7,7,1 3 5 b7,advanced_reference,compact_seventh_position,seventh_6-5-4-3_5-b7-3-1,12-10-11-14-x-x,"[12, 10, 11, 14, null, null]",6-5-4-3,second_inversion,,80,14,4,E G C# A None None,5 b7 3 1 None None,{}
A_dominant7_compact_seventh_position_seventh_5-4-3-2_b7-5-1-3_x-10-14-14-14-x,A,dominant7,7,1 3 5 b7,advanced_reference,compact_seventh_position,seventh_5-4-3-2_b7-5-1-3,x-10-14-14-14-x,"[null, 10, 14, 14, 14, null]",5-4-3-2,seventh_in_bass,,80,14,4,None G E A C# None,None b7 5 1 3 None,{}
A_dominant7_compact_seventh_position_seventh_5-4-3-2_1-5-b7-3_x-12-14-12-14-x,A,dominant7,7,1 3 5 b7,advanced_reference,compact_seventh_position,seventh_5-4-3-2_1-5-b7-3,x-12-14-12-14-x,"[null, 12, 14, 12, 14, null]",5-4-3-2,root_position,,80,14,2,None A E G C# None,None 1 5 b7 3 None,{}
A_dominant7_compact_seventh_position_seventh_4-3-2-1_5-1-3-b7_x-x-14-14-14-15,A,dominant7,7,1 3 5 b7,advanced_reference,compact_seventh_position,seventh_4-3-2-1_5-1-3-b7,x-x-14-14-14-15,"[null, null, 14, 14, 14, 15]",4-3-2-1,second_inversion,,80,15,1,None None E A C# G,None None 5 1 3 b7,{}
A_dominant7_compact_seventh_position_seventh_6-5-4-3_b7-3-5-1_15-16-14-14-x-x,A,dominant7,7,1 3 5 b7,advanced_reference,compact_seventh_position,seventh_6-5-4-3_b7-3-5-1,15-16-14-14-x-x,"[15, 16, 14, 14, null, null]",6-5-4-3,seventh_in_bass,,80,16,2,G C# E A None None,b7 3 5 1 None None,{}
A_dominant7_compact_seventh_position_seventh_5-4-3-2_3-b7-1-5_x-16-17-14-17-x,A,dominant7,7,1 3 5 b7,advanced_reference,compact_seventh_position,seventh_5-4-3-2_3-b7-1-5,x-16-17-14-17-x,"[null, 16, 17, 14, 17, null]",5-4-3-2,first_inversion_or_suspended_bass,,80,17,3,None C# G A E None,None 3 b7 1 5 None,{}
A_dominant7_compact_seventh_position_seventh_4-3-2-1_b7-3-5-1_x-x-17-18-17-17,A,dominant7,7,1 3 5 b7,advanced_reference,compact_seventh_position,seventh_4-3-2-1_b7-3-5-1,x-x-17-18-17-17,"[null, null, 17, 18, 17, 17]",4-3-2-1,seventh_in_bass,,80,18,1,None None G C# E A,None None b7 3 5 1,{}
A_half_diminished7_movable_diminished_A_root_m7b5_x-12-13-12-13-x,A,half_diminished7,m7b5,1 b3 b5 b7,intermediate_core,movable_diminished,A_root_m7b5,x-12-13-12-13-x,"[null, 12, 13, 12, 13, null]",,root_position,,45,13,1,None A D# G C None,None 1 b5 b7 b3 None,{}
A_half_diminished7_movable_diminished_E_root_m7b5_17-x-17-17-16-x,A,half_diminished7,m7b5,1 b3 b5 b7,intermediate_core,movable_diminished,E_root_m7b5,17-x-17-17-16-x,"[17, null, 17, 17, 16, null]",,root_position,,45,17,1,A None G C D# None,1 None b7 b3 b5 None,{}
A_half_diminished7_compact_seventh_position_seventh_5-4-3-2_1-b5-b7-b3_x-0-1-0-1-x,A,half_diminished7,m7b5,1 b3 b5 b7,advanced_reference,compact_seventh_position,seventh_5-4-3-2_1-b5-b7-b3,x-0-1-0-1-x,"[null, 0, 1, 0, 1, null]",5-4-3-2,root_position,,80,1,0,None A D# G C None,None 1 b5 b7 b3 None,{}
A_half_diminished7_compact_seventh_position_seventh_6-5-4-3_b7-b3-b5-1_3-3-1-2-x-x,A,half_diminished7,m7b5,1 b3 b5 b7,advanced_reference,compact_seventh_position,seventh_6-5-4-3_b7-b3-b5-1,3-3-1-2-x-x,"[3, 3, 1, 2, null, null]",6-5-4-3,seventh_in_bass,,80,3,2,G C D# A None None,b7 b3 b5 1 None None,{}
A_half_diminished7_compact_seventh_position_seventh_4-3-2-1_b5-1-b3-b7_x-x-1-2-1-3,A,half_diminished7,m7b5,1 b3 b5 b7,advanced_reference,compact_seventh_position,seventh_4-3-2-1_b5-1-b3-b7,x-x-1-2-1-3,"[null, null, 1, 2, 1, 3]",4-3-2-1,second_inversion,,80,3,2,None None D# A C G,None None b5 1 b3 b7,{}
A_half_diminished7_compact_seventh_position_seventh_6-5-4-3_b7-1-b5-b3_3-0-1-5-x-x,A,half_diminished7,m7b5,1 b3 b5 b7,advanced_reference,compact_seventh_position,seventh_6-5-4-3_b7-1-b5-b3,3-0-1-5-x-x,"[3, 0, 1, 5, null, null]",6-5-4-3,seventh_in_bass,,80,5,4,G A D# C None None,b7 1 b5 b3 None None,{}
A_half_diminished7_compact_seventh_position_seventh_6-5-4-3_1-b3-b5-b7_5-3-1-0-x-x,A,half_diminished7,m7b5,1 b3 b5 b7,advanced_reference,compact_seventh_position,seventh_6-5-4-3_1-b3-b5-b7,5-3-1-0-x-x,"[5, 3, 1, 0, null, null]",6-5-4-3,root_position,,80,5,4,A C D# G None None,1 b3 b5 b7 None None,{}
A_half_diminished7_compact_seventh_position_seventh_5-4-3-2_1-b7-b3-b5_x-0-5-5-4-x,A,half_diminished7,m7b5,1 b3 b5 b7,advanced_reference,compact_seventh_position,seventh_5-4-3-2_1-b7-b3-b5,x-0-5-5-4-x,"[null, 0, 5, 5, 4, null]",5-4-3-2,root_position,,80,5,1,None A G C D# None,None 1 b7 b3 b5 None,{}
A_half_diminished7_compact_seventh_position_seventh_5-4-3-2_b3-b7-1-b5_x-3-5-2-4-x,A,half_diminished7,m7b5,1 b3 b5 b7,advanced_reference,compact_seventh_position,seventh_5-4-3-2_b3-b7-1-b5,x-3-5-2-4-x,"[null, 3, 5, 2, 4, null]",5-4-3-2,first_inversion_or_suspended_bass,,80,5,3,None C G A D# None,None b3 b7 1 b5 None,{}
A_half_diminished7_compact_seventh_position_seventh_4-3-2-1_b5-b7-b3-1_x-x-1-0-1-5,A,half_diminished7,m7b5,1 b3 b5 b7,advanced_reference,compact_seventh_position,seventh_4-3-2-1_b5-b7-b3-1,x-x-1-0-1-5,"[null, null, 1, 0, 1, 5]",4-3-2-1,second_inversion,,80,5,4,None None D# G C A,None None b5 b7 b3 1,{}
A_half_diminished7_compact_seventh_position_seventh_4-3-2-1_b7-b3-b5-1_x-x-5-5-4-5,A,half_diminished7,m7b5,1 b3 b5 b7,advanced_reference,compact_seventh_position,seventh_4-3-2-1_b7-b3-b5-1,x-x-5-5-4-5,"[null, null, 5, 5, 4, 5]",4-3-2-1,seventh_in_bass,,80,5,1,None None G C D# A,None None b7 b3 b5 1,{}
A_half_diminished7_compact_seventh_position_seventh_6-5-4-3_1-b5-b7-b3_5-6-5-5-x-x,A,half_diminished7,m7b5,1 b3 b5 b7,advanced_reference,compact_seventh_position,seventh_6-5-4-3_1-b5-b7-b3,5-6-5-5-x-x,"[5, 6, 5, 5, null, null]",6-5-4-3,root_position,,80,6,1,A D# G C None None,1 b5 b7 b3 None None,{}
A_half_diminished7_compact_seventh_position_seventh_6-5-4-3_b7-b5-1-b3_3-6-7-5-x-x,A,half_diminished7,m7b5,1 b3 b5 b7,advanced_reference,compact_seventh_position,seventh_6-5-4-3_b7-b5-1-b3,3-6-7-5-x-x,"[3, 6, 7, 5, null, null]",6-5-4-3,seventh_in_bass,,80,7,4,G D# A C None None,b7 b5 1 b3 None None,{}
A_half_diminished7_compact_seventh_position_seventh_4-3-2-1_1-b3-b5-b7_x-x-7-5-4-3,A,half_diminished7,m7b5,1 b3 b5 b7,advanced_reference,compact_seventh_position,seventh_4-3-2-1_1-b3-b5-b7,x-x-7-5-4-3,"[null, null, 7, 5, 4, 3]",4-3-2-1,root_position,,80,7,4,None None A C D# G,None None 1 b3 b5 b7,{}
A_half_diminished7_compact_seventh_position_seventh_5-4-3-2_b5-1-b3-b7_x-6-7-5-8-x,A,half_diminished7,m7b5,1 b3 b5 b7,advanced_reference,compact_seventh_position,seventh_5-4-3-2_b5-1-b3-b7,x-6-7-5-8-x,"[null, 6, 7, 5, 8, null]",5-4-3-2,second_inversion,,80,8,3,None D# A C G None,None b5 1 b3 b7 None,{}
A_half_diminished7_compact_seventh_position_seventh_4-3-2-1_1-b5-b7-b3_x-x-7-8-8-8,A,half_diminished7,m7b5,1 b3 b5 b7,advanced_reference,compact_seventh_position,seventh_4-3-2-1_1-b5-b7-b3,x-x-7-8-8-8,"[null, null, 7, 8, 8, 8]",4-3-2-1,root_position,,80,8,1,None None A D# G C,None None 1 b5 b7 b3,{}
A_half_diminished7_compact_seventh_position_seventh_6-5-4-3_b3-b7-1-b5_8-10-7-8-x-x,A,half_diminished7,m7b5,1 b3 b5 b7,advanced_reference,compact_seventh_position,seventh_6-5-4-3_b3-b7-1-b5,8-10-7-8-x-x,"[8, 10, 7, 8, null, null]",6-5-4-3,first_inversion_or_suspended_bass,,80,10,3,C G A D# None None,b3 b7 1 b5 None None,{}
A_half_diminished7_compact_seventh_position_seventh_5-4-3-2_b7-b3-b5-1_x-10-10-8-10-x,A,half_diminished7,m7b5,1 b3 b5 b7,advanced_reference,compact_seventh_position,seventh_5-4-3-2_b7-b3-b5-1,x-10-10-8-10-x,"[null, 10, 10, 8, 10, null]",5-4-3-2,seventh_in_bass,,80,10,2,None G C D# A None,None b7 b3 b5 1 None,{}
A_half_diminished7_compact_seventh_position_seventh_6-5-4-3_b5-1-b3-b7_11-12-10-12-x-x,A,half_diminished7,m7b5,1 b3 b5 b7,advanced_reference,compact_seventh_position,seventh_6-5-4-3_b5-1-b3-b7,11-12-10-12-x-x,"[11, 12, 10, 12, null, null]",6-5-4-3,second_inversion,,80,12,2,D# A C G None None,b5 1 b3 b7 None None,{}
A_half_diminished7_compact_seventh_position_seventh_5-4-3-2_1-b3-b5-b7_x-12-10-8-8-x,A,half_diminished7,m7b5,1 b3 b5 b7,advanced_reference,compact_seventh_position,seventh_5-4-3-2_1-b3-b5-b7,x-12-10-8-8-x,"[null, 12, 10, 8, 8, null]",5-4-3-2,root_position,,80,12,4,None A C D# G None,None 1 b3 b5 b7 None,{}
A_half_diminished7_compact_seventh_position_seventh_4-3-2-1_b3-b7-1-b5_x-x-10-12-10-11,A,half_diminished7,m7b5,1 b3 b5 b7,advanced_reference,compact_seventh_position,seventh_4-3-2-1_b3-b7-1-b5,x-x-10-12-10-11,"[null, null, 10, 12, 10, 11]",4-3-2-1,first_inversion_or_suspended_bass,,80,12,2,None None C G A D#,None None b3 b7 1 b5,{}
A_half_diminished7_compact_seventh_position_seventh_6-5-4-3_b5-b7-b3-1_11-10-10-14-x-x,A,half_diminished7,m7b5,1 b3 b5 b7,advanced_reference,compact_seventh_position,seventh_6-5-4-3_b5-b7-b3-1,11-10-10-14-x-x,"[11, 10, 10, 14, null, null]",6-5-4-3,second_inversion,,80,14,4,D# G C A None None,b5 b7 b3 1 None None,{}
A_half_diminished7_compact_seventh_position_seventh_5-4-3-2_b7-b5-1-b3_x-10-13-14-13-x,A,half_diminished7,m7b5,1 b3 b5 b7,advanced_reference,compact_seventh_position,seventh_5-4-3-2_b7-b5-1-b3,x-10-13-14-13-x,"[null, 10, 13, 14, 13, null]",5-4-3-2,seventh_in_bass,,80,14,4,None G D# A C None,None b7 b5 1 b3 None,{}
A_half_diminished7_compact_seventh_position_seventh_6-5-4-3_b7-b3-b5-1_15-15-13-14-x-x,A,half_diminished7,m7b5,1 b3 b5 b7,advanced_reference,compact_seventh_position,seventh_6-5-4-3_b7-b3-b5-1,15-15-13-14-x-x,"[15, 15, 13, 14, null, null]",6-5-4-3,seventh_in_bass,,80,15,2,G C D# A None None,b7 b3 b5 1 None None,{}
A_half_diminished7_compact_seventh_position_seventh_4-3-2-1_b5-1-b3-b7_x-x-13-14-13-15,A,half_diminished7,m7b5,1 b3 b5 b7,advanced_reference,compact_seventh_position,seventh_4-3-2-1_b5-1-b3-b7,x-x-13-14-13-15,"[null, null, 13, 14, 13, 15]",4-3-2-1,second_inversion,,80,15,2,None None D# A C G,None None b5 1 b3 b7,{}
A_half_diminished7_compact_seventh_position_seventh_5-4-3-2_b3-b7-1-b5_x-15-17-14-16-x,A,half_diminished7,m7b5,1 b3 b5 b7,advanced_reference,compact_seventh_position,seventh_5-4-3-2_b3-b7-1-b5,x-15-17-14-16-x,"[null, 15, 17, 14, 16, null]",5-4-3-2,first_inversion_or_suspended_bass,,80,17,3,None C G A D# None,None b3 b7 1 b5 None,{}
A_half_diminished7_compact_seventh_position_seventh_4-3-2-1_b7-b3-b5-1_x-x-17-17-16-17,A,half_diminished7,m7b5,1 b3 b5 b7,advanced_reference,compact_seventh_position,seventh_4-3-2-1_b7-b3-b5-1,x-x-17-17-16-17,"[null, null, 17, 17, 16, 17]",4-3-2-1,seventh_in_bass,,80,17,1,None None G C D# A,None None b7 b3 b5 1,{}
A_half_diminished7_compact_seventh_position_seventh_6-5-4-3_1-b5-b7-b3_17-18-17-17-x-x,A,half_diminished7,m7b5,1 b3 b5 b7,advanced_reference,compact_seventh_position,seventh_6-5-4-3_1-b5-b7-b3,17-18-17-17-x-x,"[17, 18, 17, 17, null, null]",6-5-4-3,root_position,,80,18,1,A D# G C None None,1 b5 b7 b3 None None,{}
A_m7_caged_seventh_A_shape_m7_x-0-2-0-1-0,A,m7,m7,1 b3 5 b7,intermediate_core,caged_seventh,A_shape_m7,x-0-2-0-1-0,"[null, 0, 2, 0, 1, 0]",,root_position,,35,2,1,None A E G C E,None 1 5 b7 b3 5,{}
A_m7_caged_seventh_E_shape_m7_5-7-5-5-5-5,A,m7,m7,1 b3 5 b7,intermediate_core,caged_seventh,E_shape_m7,5-7-5-5-5-5,"[5, 7, 5, 5, 5, 5]",,root_position,,35,7,2,A E G C E A,1 5 b7 b3 5 1,{}
A_m7_caged_seventh_D_shape_m7_x-x-7-9-8-8,A,m7,m7,1 b3 5 b7,intermediate_core,caged_seventh,D_shape_m7,x-x-7-9-8-8,"[null, null, 7, 9, 8, 8]",,root_position,,35,9,2,None None A E G C,None None 1 5 b7 b3,{}
A_m7_compact_seventh_position_seventh_5-4-3-2_1-5-b7-b3_x-0-2-0-1-x,A,m7,m7,1 b3 5 b7,advanced_reference,compact_seventh_position,seventh_5-4-3-2_1-5-b7-b3,x-0-2-0-1-x,"[null, 0, 2, 0, 1, null]",5-4-3-2,root_position,,80,2,1,None A E G C None,None 1 5 b7 b3 None,{}
A_m7_compact_seventh_position_seventh_6-5-4-3_b7-b3-5-1_3-3-2-2-x-x,A,m7,m7,1 b3 5 b7,advanced_reference,compact_seventh_position,seventh_6-5-4-3_b7-b3-5-1,3-3-2-2-x-x,"[3, 3, 2, 2, null, null]",6-5-4-3,seventh_in_bass,,80,3,1,G C E A None None,b7 b3 5 1 None None,{}
A_m7_compact_seventh_position_seventh_4-3-2-1_5-1-b3-b7_x-x-2-2-1-3,A,m7,m7,1 b3 5 b7,advanced_reference,compact_seventh_position,seventh_4-3-2-1_5-1-b3-b7,x-x-2-2-1-3,"[null, null, 2, 2, 1, 3]",4-3-2-1,second_inversion,,80,3,2,None None E A C G,None None 5 1 b3 b7,{}
A_m7_compact_seventh_position_seventh_6-5-4-3_5-1-b7-b3_0-0-5-5-x-x,A,m7,m7,1 b3 5 b7,advanced_reference,compact_seventh_position,seventh_6-5-4-3_5-1-b7-b3,0-0-5-5-x-x,"[0, 0, 5, 5, null, null]",6-5-4-3,second_inversion,,80,5,0,E A G C None None,5 1 b7 b3 None None,{}
A_m7_compact_seventh_position_seventh_6-5-4-3_5-b3-b7-1_0-3-5-2-x-x,A,m7,m7,1 b3 5 b7,advanced_reference,compact_seventh_position,seventh_6-5-4-3_5-b3-b7-1,0-3-5-2-x-x,"[0, 3, 5, 2, null, null]",6-5-4-3,second_inversion,,80,5,3,E C G A None None,5 b3 b7 1 None None,{}
A_m7_compact_seventh_position_seventh_6-5-4-3_b7-1-5-b3_3-0-2-5-x-x,A,m7,m7,1 b3 5 b7,advanced_reference,compact_seventh_position,seventh_6-5-4-3_b7-1-5-b3,3-0-2-5-x-x,"[3, 0, 2, 5, null, null]",6-5-4-3,seventh_in_bass,,80,5,3,G A E C None None,b7 1 5 b3 None None,{}
A_m7_compact_seventh_position_seventh_6-5-4-3_1-b3-5-b7_5-3-2-0-x-x,A,m7,m7,1 b3 5 b7,advanced_reference,compact_seventh_position,seventh_6-5-4-3_1-b3-5-b7,5-3-2-0-x-x,"[5, 3, 2, 0, null, null]",6-5-4-3,root_position,,80,5,3,A C E G None None,1 b3 5 b7 None None,{}
A_m7_compact_seventh_position_seventh_5-4-3-2_1-b7-b3-5_x-0-5-5-5-x,A,m7,m7,1 b3 5 b7,advanced_reference,compact_seventh_position,seventh_5-4-3-2_1-b7-b3-5,x-0-5-5-5-x,"[null, 0, 5, 5, 5, null]",5-4-3-2,root_position,,80,5,0,None A G C E None,None 1 b7 b3 5 None,{}
A_m7_compact_seventh_position_seventh_5-4-3-2_b3-b7-1-5_x-3-5-2-5-x,A,m7,m7,1 b3 5 b7,advanced_reference,compact_seventh_position,seventh_5-4-3-2_b3-b7-1-5,x-3-5-2-5-x,"[null, 3, 5, 2, 5, null]",5-4-3-2,first_inversion_or_suspended_bass,,80,5,3,None C G A E None,None b3 b7 1 5 None,{}
A_m7_compact_seventh_position_seventh_4-3-2-1_5-b7-b3-1_x-x-2-0-1-5,A,m7,m7,1 b3 5 b7,advanced_reference,compact_seventh_position,seventh_4-3-2-1_5-b7-b3-1,x-x-2-0-1-5,"[null, null, 2, 0, 1, 5]",4-3-2-1,second_inversion,,80,5,4,None None E G C A,None None 5 b7 b3 1,{}
A_m7_compact_seventh_position_seventh_4-3-2-1_b7-1-b3-5_x-x-5-2-1-0,A,m7,m7,1 b3 5 b7,advanced_reference,compact_seventh_position,seventh_4-3-2-1_b7-1-b3-5,x-x-5-2-1-0,"[null, null, 5, 2, 1, 0]",4-3-2-1,seventh_in_bass,,80,5,4,None None G A C E,None None b7 1 b3 5,{}
A_m7_compact_seventh_position_seventh_4-3-2-1_b7-b3-5-1_x-x-5-5-5-5,A,m7,m7,1 b3 5 b7,advanced_reference,compact_seventh_position,seventh_4-3-2-1_b7-b3-5-1,x-x-5-5-5-5,"[null, null, 5, 5, 5, 5]",4-3-2-1,seventh_in_bass,,80,5,0,None None G C E A,None None b7 b3 5 1,{}
A_m7_compact_seventh_position_seventh_6-5-4-3_b7-5-1-b3_3-7-7-5-x-x,A,m7,m7,1 b3 5 b7,advanced_reference,compact_seventh_position,seventh_6-5-4-3_b7-5-1-b3,3-7-7-5-x-x,"[3, 7, 7, 5, null, null]",6-5-4-3,seventh_in_bass,,80,7,4,G E A C None None,b7 5 1 b3 None None,{}
A_m7_compact_seventh_position_seventh_6-5-4-3_1-5-b7-b3_5-7-5-5-x-x,A,m7,m7,1 b3 5 b7,advanced_reference,compact_seventh_position,seventh_6-5-4-3_1-5-b7-b3,5-7-5-5-x-x,"[5, 7, 5, 5, null, null]",6-5-4-3,root_position,,80,7,2,A E G C None None,1 5 b7 b3 None None,{}
A_m7_compact_seventh_position_seventh_4-3-2-1_1-b3-5-b7_x-x-7-5-5-3,A,m7,m7,1 b3 5 b7,advanced_reference,compact_seventh_position,seventh_4-3-2-1_1-b3-5-b7,x-x-7-5-5-3,"[null, null, 7, 5, 5, 3]",4-3-2-1,root_position,,80,7,4,None None A C E G,None None 1 b3 5 b7,{}
A_m7_compact_seventh_position_seventh_5-4-3-2_5-1-b3-b7_x-7-7-5-8-x,A,m7,m7,1 b3 5 b7,advanced_reference,compact_seventh_position,seventh_5-4-3-2_5-1-b3-b7,x-7-7-5-8-x,"[null, 7, 7, 5, 8, null]",5-4-3-2,second_inversion,,80,8,3,None E A C G None,None 5 1 b3 b7 None,{}
A_m7_compact_seventh_position_seventh_6-5-4-3_b3-b7-1-5_8-10-7-9-x-x,A,m7,m7,1 b3 5 b7,advanced_reference,compact_seventh_position,seventh_6-5-4-3_b3-b7-1-5,8-10-7-9-x-x,"[8, 10, 7, 9, null, null]",6-5-4-3,first_inversion_or_suspended_bass,,80,10,3,C G A E None None,b3 b7 1 5 None None,{}
A_m7_compact_seventh_position_seventh_5-4-3-2_b7-b3-5-1_x-10-10-9-10-x,A,m7,m7,1 b3 5 b7,advanced_reference,compact_seventh_position,seventh_5-4-3-2_b7-b3-5-1,x-10-10-9-10-x,"[null, 10, 10, 9, 10, null]",5-4-3-2,seventh_in_bass,,80,10,1,None G C E A None,None b7 b3 5 1 None,{}
A_m7_compact_seventh_position_seventh_6-5-4-3_5-1-b3-b7_12-12-10-12-x-x,A,m7,m7,1 b3 5 b7,advanced_reference,compact_seventh_position,seventh_6-5-4-3_5-1-b3-b7,12-12-10-12-x-x,"[12, 12, 10, 12, null, null]",6-5-4-3,second_inversion,,80,12,2,E A C G None None,5 1 b3 b7 None None,{}
A_m7_compact_seventh_position_seventh_5-4-3-2_1-b3-5-b7_x-12-10-9-8-x,A,m7,m7,1 b3 5 b7,advanced_reference,compact_seventh_position,seventh_5-4-3-2_1-b3-5-b7,x-12-10-9-8-x,"[null, 12, 10, 9, 8, null]",5-4-3-2,root_position,,80,12,4,None A C E G None,None 1 b3 5 b7 None,{}
A_m7_compact_seventh_position_seventh_4-3-2-1_b3-b7-1-5_x-x-10-12-10-12,A,m7,m7,1 b3 5 b7,advanced_reference,compact_seventh_position,seventh_4-3-2-1_b3-b7-1-5,x-x-10-12-10-12,"[null, null, 10, 12, 10, 12]",4-3-2-1,first_inversion_or_suspended_bass,,80,12,2,None None C G A E,None None b3 b7 1 5,{}
A_m7_compact_seventh_position_seventh_6-5-4-3_5-b7-b3-1_12-10-10-14-x-x,A,m7,m7,1 b3 5 b7,advanced_reference,compact_seventh_position,seventh_6-5-4-3_5-b7-b3-1,12-10-10-14-x-x,"[12, 10, 10, 14, null, null]",6-5-4-3,second_inversion,,80,14,4,E G C A None None,5 b7 b3 1 None None,{}
A_m7_compact_seventh_position_seventh_5-4-3-2_b7-5-1-b3_x-10-14-14-13-x,A,m7,m7,1 b3 5 b7,advanced_reference,compact_seventh_position,seventh_5-4-3-2_b7-5-1-b3,x-10-14-14-13-x,"[null, 10, 14, 14, 13, null]",5-4-3-2,seventh_in_bass,,80,14,4,None G E A C None,None b7 5 1 b3 None,{}
A_m7_compact_seventh_position_seventh_5-4-3-2_1-5-b7-b3_x-12-14-12-13-x,A,m7,m7,1 b3 5 b7,advanced_reference,compact_seventh_position,seventh_5-4-3-2_1-5-b7-b3,x-12-14-12-13-x,"[null, 12, 14, 12, 13, null]",5-4-3-2,root_position,,80,14,2,None A E G C None,None 1 5 b7 b3 None,{}
A_m7_compact_seventh_position_seventh_6-5-4-3_b7-b3-5-1_15-15-14-14-x-x,A,m7,m7,1 b3 5 b7,advanced_reference,compact_seventh_position,seventh_6-5-4-3_b7-b3-5-1,15-15-14-14-x-x,"[15, 15, 14, 14, null, null]",6-5-4-3,seventh_in_bass,,80,15,1,G C E A None None,b7 b3 5 1 None None,{}
A_m7_compact_seventh_position_seventh_4-3-2-1_5-1-b3-b7_x-x-14-14-13-15,A,m7,m7,1 b3 5 b7,advanced_reference,compact_seventh_position,seventh_4-3-2-1_5-1-b3-b7,x-x-14-14-13-15,"[null, null, 14, 14, 13, 15]",4-3-2-1,second_inversion,,80,15,2,None None E A C G,None None 5 1 b3 b7,{}
A_m7_compact_seventh_position_seventh_5-4-3-2_b3-b7-1-5_x-15-17-14-17-x,A,m7,m7,1 b3 5 b7,advanced_reference,compact_seventh_position,seventh_5-4-3-2_b3-b7-1-5,x-15-17-14-17-x,"[null, 15, 17, 14, 17, null]",5-4-3-2,first_inversion_or_suspended_bass,,80,17,3,None C G A E None,None b3 b7 1 5 None,{}
A_m7_compact_seventh_position_seventh_4-3-2-1_b7-b3-5-1_x-x-17-17-17-17,A,m7,m7,1 b3 5 b7,advanced_reference,compact_seventh_position,seventh_4-3-2-1_b7-b3-5-1,x-x-17-17-17-17,"[null, null, 17, 17, 17, 17]",4-3-2-1,seventh_in_bass,,80,17,0,None None G C E A,None None b7 b3 5 1,{}
A_maj7_caged_seventh_A_shape_maj7_x-0-2-1-2-0,A,maj7,maj7,1 3 5 7,intermediate_core,caged_seventh,A_shape_maj7,x-0-2-1-2-0,"[null, 0, 2, 1, 2, 0]",,root_position,,35,2,1,None A E G# C# E,None 1 5 7 3 5,{}
A_maj7_caged_seventh_G_shape_maj7_5-x-6-6-5-x,A,maj7,maj7,1 3 5 7,intermediate_core,caged_seventh,G_shape_maj7,5-x-6-6-5-x,"[5, null, 6, 6, 5, null]",,root_position,,35,6,1,A None G# C# E None,1 None 7 3 5 None,{}
A_maj7_caged_seventh_E_shape_maj7_5-7-6-6-5-5,A,maj7,maj7,1 3 5 7,intermediate_core,caged_seventh,E_shape_maj7,5-7-6-6-5-5,"[5, 7, 6, 6, 5, 5]",,root_position,,35,7,2,A E G# C# E A,1 5 7 3 5 1,{}
A_maj7_compact_seventh_position_seventh_5-4-3-2_1-5-7-3_x-0-2-1-2-x,A,maj7,maj7,1 3 5 7,advanced_reference,compact_seventh_position,seventh_5-4-3-2_1-5-7-3,x-0-2-1-2-x,"[null, 0, 2, 1, 2, null]",5-4-3-2,root_position,,80,2,1,None A E G# C# None,None 1 5 7 3 None,{}
A_maj7_compact_seventh_position_seventh_6-5-4-3_7-3-5-1_4-4-2-2-x-x,A,maj7,maj7,1 3 5 7,advanced_reference,compact_seventh_position,seventh_6-5-4-3_7-3-5-1,4-4-2-2-x-x,"[4, 4, 2, 2, null, null]",6-5-4-3,seventh_in_bass,,80,4,2,G# C# E A None None,7 3 5 1 None None,{}
A_maj7_compact_seventh_position_seventh_4-3-2-1_5-1-3-7_x-x-2-2-2-4,A,maj7,maj7,1 3 5 7,advanced_reference,compact_seventh_position,seventh_4-3-2-1_5-1-3-7,x-x-2-2-2-4,"[null, null, 2, 2, 2, 4]",4-3-2-1,second_inversion,,80,4,2,None None E A C# G#,None None 5 1 3 7,{}
A_maj7_compact_seventh_position_seventh_6-5-4-3_1-3-5-7_5-4-2-1-x-x,A,maj7,maj7,1 3 5 7,advanced_reference,compact_seventh_position,seventh_6-5-4-3_1-3-5-7,5-4-2-1-x-x,"[5, 4, 2, 1, null, null]",6-5-4-3,root_position,,80,5,4,A C# E G# None None,1 3 5 7 None None,{}
A_maj7_compact_seventh_position_seventh_4-3-2-1_5-7-3-1_x-x-2-1-2-5,A,maj7,maj7,1 3 5 7,advanced_reference,compact_seventh_position,seventh_4-3-2-1_5-7-3-1,x-x-2-1-2-5,"[null, null, 2, 1, 2, 5]",4-3-2-1,second_inversion,,80,5,4,None None E G# C# A,None None 5 7 3 1,{}
A_maj7_compact_seventh_position_seventh_5-4-3-2_3-7-1-5_x-4-6-2-5-x,A,maj7,maj7,1 3 5 7,advanced_reference,compact_seventh_position,seventh_5-4-3-2_3-7-1-5,x-4-6-2-5-x,"[null, 4, 6, 2, 5, null]",5-4-3-2,first_inversion_or_suspended_bass,,80,6,4,None C# G# A E None,None 3 7 1 5 None,{}
A_maj7_compact_seventh_position_seventh_4-3-2-1_7-3-5-1_x-x-6-6-5-5,A,maj7,maj7,1 3 5 7,advanced_reference,compact_seventh_position,seventh_4-3-2-1_7-3-5-1,x-x-6-6-5-5,"[null, null, 6, 6, 5, 5]",4-3-2-1,seventh_in_bass,,80,6,1,None None G# C# E A,None None 7 3 5 1,{}
A_maj7_compact_seventh_position_seventh_6-5-4-3_7-5-1-3_4-7-7-6-x-x,A,maj7,maj7,1 3 5 7,advanced_reference,compact_seventh_position,seventh_6-5-4-3_7-5-1-3,4-7-7-6-x-x,"[4, 7, 7, 6, null, null]",6-5-4-3,seventh_in_bass,,80,7,3,G# E A C# None None,7 5 1 3 None None,{}
A_maj7_compact_seventh_position_seventh_6-5-4-3_1-5-7-3_5-7-6-6-x-x,A,maj7,maj7,1 3 5 7,advanced_reference,compact_seventh_position,seventh_6-5-4-3_1-5-7-3,5-7-6-6-x-x,"[5, 7, 6, 6, null, null]",6-5-4-3,root_position,,80,7,2,A E G# C# None None,1 5 7 3 None None,{}
A_maj7_compact_seventh_position_seventh_4-3-2-1_1-3-5-7_x-x-7-6-5-4,A,maj7,maj7,1 3 5 7,advanced_reference,compact_seventh_position,seventh_4-3-2-1_1-3-5-7,x-x-7-6-5-4,"[null, null, 7, 6, 5, 4]",4-3-2-1,root_position,,80,7,3,None None A C# E G#,None None 1 3 5 7,{}
A_maj7_compact_seventh_position_seventh_5-4-3-2_5-1-3-7_x-7-7-6-9-x,A,maj7,maj7,1 3 5 7,advanced_reference,compact_seventh_position,seventh_5-4-3-2_5-1-3-7,x-7-7-6-9-x,"[null, 7, 7, 6, 9, null]",5-4-3-2,second_inversion,,80,9,3,None E A C# G# None,None 5 1 3 7 None,{}
A_maj7_compact_seventh_position_seventh_4-3-2-1_1-5-7-3_x-x-7-9-9-9,A,maj7,maj7,1 3 5 7,advanced_reference,compact_seventh_position,seventh_4-3-2-1_1-5-7-3,x-x-7-9-9-9,"[null, null, 7, 9, 9, 9]",4-3-2-1,root_position,,80,9,2,None None A E G# C#,None None 1 5 7 3,{}
A_maj7_compact_seventh_position_seventh_5-4-3-2_5-7-3-1_x-7-6-6-10-x,A,maj7,maj7,1 3 5 7,advanced_reference,compact_seventh_position,seventh_5-4-3-2_5-7-3-1,x-7-6-6-10-x,"[null, 7, 6, 6, 10, null]",5-4-3-2,second_inversion,,80,10,4,None E G# C# A None,None 5 7 3 1 None,{}
A_maj7_compact_seventh_position_seventh_4-3-2-1_7-5-1-3_x-x-6-9-10-9,A,maj7,maj7,1 3 5 7,advanced_reference,compact_seventh_position,seventh_4-3-2-1_7-5-1-3,x-x-6-9-10-9,"[null, null, 6, 9, 10, 9]",4-3-2-1,seventh_in_bass,,80,10,4,None None G# E A C#,None None 7 5 1 3,{}
A_maj7_compact_seventh_position_seventh_6-5-4-3_3-7-1-5_9-11-7-9-x-x,A,maj7,maj7,1 3 5 7,advanced_reference,compact_seventh_position,seventh_6-5-4-3_3-7-1-5,9-11-7-9-x-x,"[9, 11, 7, 9, null, null]",6-5-4-3,first_inversion_or_suspended_bass,,80,11,4,C# G# A E None None,3 7 1 5 None None,{}
A_maj7_compact_seventh_position_seventh_5-4-3-2_7-3-5-1_x-11-11-9-10-x,A,maj7,maj7,1 3 5 7,advanced_reference,compact_seventh_position,seventh_5-4-3-2_7-3-5-1,x-11-11-9-10-x,"[null, 11, 11, 9, 10, null]",5-4-3-2,seventh_in_bass,,80,11,2,None G# C# E A None,None 7 3 5 1 None,{}
A_maj7_compact_seventh_position_seventh_5-4-3-2_1-3-5-7_x-12-11-9-9-x,A,maj7,maj7,1 3 5 7,advanced_reference,compact_seventh_position,seventh_5-4-3-2_1-3-5-7,x-12-11-9-9-x,"[null, 12, 11, 9, 9, null]",5-4-3-2,root_position,,80,12,3,None A C# E G# None,None 1 3 5 7 None,{}
A_maj7_compact_seventh_position_seventh_6-5-4-3_5-1-3-7_12-12-11-13-x-x,A,maj7,maj7,1 3 5 7,advanced_reference,compact_seventh_position,seventh_6-5-4-3_5-1-3-7,12-12-11-13-x-x,"[12, 12, 11, 13, null, null]",6-5-4-3,second_inversion,,80,13,2,E A C# G# None None,5 1 3 7 None None,{}
A_maj7_compact_seventh_position_seventh_4-3-2-1_3-7-1-5_x-x-11-13-10-12,A,maj7,maj7,1 3 5 7,advanced_reference,compact_seventh_position,seventh_4-3-2-1_3-7-1-5,x-x-11-13-10-12,"[null, null, 11, 13, 10, 12]",4-3-2-1,first_inversion_or_suspended_bass,,80,13,3,None None C# G# A E,None None 3 7 1 5,{}
A_maj7_compact_seventh_position_seventh_6-5-4-3_5-7-3-1_12-11-11-14-x-x,A,maj7,maj7,1 3 5 7,advanced_reference,compact_seventh_position,seventh_6-5-4-3_5-7-3-1,12-11-11-14-x-x,"[12, 11, 11, 14, null, null]",6-5-4-3,second_inversion,,80,14,3,E G# C# A None None,5 7 3 1 None None,{}
A_maj7_compact_seventh_position_seventh_5-4-3-2_7-5-1-3_x-11-14-14-14-x,A,maj7,maj7,1 3 5 7,advanced_reference,compact_seventh_position,seventh_5-4-3-2_7-5-1-3,x-11-14-14-14-x,"[null, 11, 14, 14, 14, null]",5-4-3-2,seventh_in_bass,,80,14,3,None G# E A C# None,None 7 5 1 3 None,{}
A_maj7_compact_seventh_position_seventh_5-4-3-2_1-5-7-3_x-12-14-13-14-x,A,maj7,maj7,1 3 5 7,advanced_reference,compact_seventh_position,seventh_5-4-3-2_1-5-7-3,x-12-14-13-14-x,"[null, 12, 14, 13, 14, null]",5-4-3-2,root_position,,80,14,2,None A E G# C# None,None 1 5 7 3 None,{}
A_maj7_compact_seventh_position_seventh_6-5-4-3_7-3-5-1_16-16-14-14-x-x,A,maj7,maj7,1 3 5 7,advanced_reference,compact_seventh_position,seventh_6-5-4-3_7-3-5-1,16-16-14-14-x-x,"[16, 16, 14, 14, null, null]",6-5-4-3,seventh_in_bass,,80,16,2,G# C# E A None None,7 3 5 1 None None,{}
A_maj7_compact_seventh_position_seventh_4-3-2-1_5-1-3-7_x-x-14-14-14-16,A,maj7,maj7,1 3 5 7,advanced_reference,compact_seventh_position,seventh_4-3-2-1_5-1-3-7,x-x-14-14-14-16,"[null, null, 14, 14, 14, 16]",4-3-2-1,second_inversion,,80,16,2,None None E A C# G#,None None 5 1 3 7,{}
A_maj7_compact_seventh_position_seventh_6-5-4-3_1-3-5-7_17-16-14-13-x-x,A,maj7,maj7,1 3 5 7,advanced_reference,compact_seventh_position,seventh_6-5-4-3_1-3-5-7,17-16-14-13-x-x,"[17, 16, 14, 13, null, null]",6-5-4-3,root_position,,80,17,4,A C# E G# None None,1 3 5 7 None None,{}
A_maj7_compact_seventh_position_seventh_4-3-2-1_5-7-3-1_x-x-14-13-14-17,A,maj7,maj7,1 3 5 7,advanced_reference,compact_seventh_position,seventh_4-3-2-1_5-7-3-1,x-x-14-13-14-17,"[null, null, 14, 13, 14, 17]",4-3-2-1,second_inversion,,80,17,4,None None E G# C# A,None None 5 7 3 1,{}
A_maj7_compact_seventh_position_seventh_5-4-3-2_3-7-1-5_x-16-18-14-17-x,A,maj7,maj7,1 3 5 7,advanced_reference,compact_seventh_position,seventh_5-4-3-2_3-7-1-5,x-16-18-14-17-x,"[null, 16, 18, 14, 17, null]",5-4-3-2,first_inversion_or_suspended_bass,,80,18,4,None C# G# A E None,None 3 7 1 5 None,{}
A_maj7_compact_seventh_position_seventh_4-3-2-1_7-3-5-1_x-x-18-18-17-17,A,maj7,maj7,1 3 5 7,advanced_reference,compact_seventh_position,seventh_4-3-2-1_7-3-5-1,x-x-18-18-17-17,"[null, null, 18, 18, 17, 17]",4-3-2-1,seventh_in_bass,,80,18,1,None None G# C# E A,None None 7 3 5 1,{}
A_major_caged_major_C_shape_x-12-11-9-10-9,A,major,major,1 3 5,beginner_core,caged_major,C_shape,x-12-11-9-10-9,"[null, 12, 11, 9, 10, 9]",,root_position,,1,12,3,None A C# E A C#,None 1 3 5 1 3,{}
A_major_caged_major_A_shape_x-0-2-2-2-0,A,major,major,1 3 5,beginner_core,caged_major,A_shape,x-0-2-2-2-0,"[null, 0, 2, 2, 2, 0]",,root_position,,2,2,0,None A E A C# E,None 1 5 1 3 5,{}
A_major_caged_major_G_shape_5-4-2-2-2-5,A,major,major,1 3 5,beginner_core,caged_major,G_shape,5-4-2-2-2-5,"[5, 4, 2, 2, 2, 5]",,root_position,,3,5,3,A C# E A C# A,1 3 5 1 3 1,{}
A_major_caged_major_E_shape_5-7-7-6-5-5,A,major,major,1 3 5,beginner_core,caged_major,E_shape,5-7-7-6-5-5,"[5, 7, 7, 6, 5, 5]",,root_position,,4,7,2,A E A C# E A,1 5 1 3 5 1,{}
A_major_caged_major_D_shape_x-x-7-9-10-9,A,major,major,1 3 5,beginner_core,caged_major,D_shape,x-x-7-9-10-9,"[null, null, 7, 9, 10, 9]",,root_position,,5,10,3,None None A E A C#,None None 1 5 1 3,{}
A_major_triad_position_triad_4-3-2_second_inversion_5-1-3_x-x-2-2-2-x,A,major,major,1 3 5,intermediate_core,triad_position,triad_4-3-2_second_inversion_5-1-3,x-x-2-2-2-x,"[null, null, 2, 2, 2, null]",4-3-2,second_inversion,second_inversion,60,2,0,None None E A C# None,None None 5 1 3 None,"{""sus2"": ""A_sus2_triad_related_suspended_from_A_major_triad_position_triad_4-3-2_second_inversion_5-1-3_x-x-2-2-2-x_sus2_x-x-2-2-0-x"", ""sus4"": ""A_sus4_triad_related_suspended_from_A_major_triad_position_triad_4-3-2_second_inversion_5-1-3_x-x-2-2-2-x_sus4_x-x-2-2-3-x""}"
A_major_triad_position_triad_3-2-1_root_position_1-3-5_x-x-x-2-2-0,A,major,major,1 3 5,intermediate_core,triad_position,triad_3-2-1_root_position_1-3-5,x-x-x-2-2-0,"[null, null, null, 2, 2, 0]",3-2-1,root_position,root_position,60,2,0,None None None A C# E,None None None 1 3 5,"{""sus2"": ""A_sus2_triad_related_suspended_from_A_major_triad_position_triad_3-2-1_root_position_1-3-5_x-x-x-2-2-0_sus2_x-x-x-2-0-0"", ""sus4"": ""A_sus4_triad_related_suspended_from_A_major_triad_position_triad_3-2-1_root_position_1-3-5_x-x-x-2-2-0_sus4_x-x-x-2-3-0""}"
A_major_triad_position_triad_5-4-3_first_inversion_3-5-1_x-4-2-2-x-x,A,major,major,1 3 5,intermediate_core,triad_position,triad_5-4-3_first_inversion_3-5-1,x-4-2-2-x-x,"[null, 4, 2, 2, null, null]",5-4-3,first_inversion_or_suspended_bass,first_inversion,60,4,2,None C# E A None None,None 3 5 1 None None,"{""sus2"": ""A_sus2_triad_related_suspended_from_A_major_triad_position_triad_5-4-3_first_inversion_3-5-1_x-4-2-2-x-x_sus2_x-2-2-2-x-x"", ""sus4"": ""A_sus4_triad_related_suspended_from_A_major_triad_position_triad_5-4-3_first_inversion_3-5-1_x-4-2-2-x-x_sus4_x-5-2-2-x-x""}"
A_major_triad_position_triad_6-5-4_root_position_1-3-5_5-4-2-x-x-x,A,major,major,1 3 5,intermediate_core,triad_position,triad_6-5-4_root_position_1-3-5,5-4-2-x-x-x,"[5, 4, 2, null, null, null]",6-5-4,root_position,root_position,60,5,3,A C# E None None None,1 3 5 None None None,"{""sus2"": ""A_sus2_triad_related_suspended_from_A_major_triad_position_triad_6-5-4_root_position_1-3-5_5-4-2-x-x-x_sus2_5-2-2-x-x-x"", ""sus4"": ""A_sus4_triad_related_suspended_from_A_major_triad_position_triad_6-5-4_root_position_1-3-5_5-4-2-x-x-x_sus4_5-5-2-x-x-x""}"
A_major_triad_position_triad_3-2-1_first_inversion_3-5-1_x-x-x-6-5-5,A,major,major,1 3 5,intermediate_core,triad_position,triad_3-2-1_first_inversion_3-5-1,x-x-x-6-5-5,"[null, null, null, 6, 5, 5]",3-2-1,first_inversion_or_suspended_bass,first_inversion,60,6,1,None None None C# E A,None None None 3 5 1,"{""sus2"": ""A_sus2_triad_related_suspended_from_A_major_triad_position_triad_3-2-1_first_inversion_3-5-1_x-x-x-6-5-5_sus2_x-x-x-4-5-5"", ""sus4"": ""A_sus4_triad_related_suspended_from_A_major_triad_position_triad_3-2-1_first_inversion_3-5-1_x-x-x-6-5-5_sus4_x-x-x-7-5-5""}"
A_major_triad_position_triad_5-4-3_second_inversion_5-1-3_x-7-7-6-x-x,A,major,major,1 3 5,intermediate_core,triad_position,triad_5-4-3_second_inversion_5-1-3,x-7-7-6-x-x,"[null, 7, 7, 6, null, null]",5-4-3,second_inversion,second_inversion,60,7,1,None E A C# None None,None 5 1 3 None None,"{""sus2"": ""A_sus2_triad_related_suspended_from_A_major_triad_position_triad_5-4-3_second_inversion_5-1-3_x-7-7-6-x-x_sus2_x-7-7-4-x-x"", ""sus4"": ""A_sus4_triad_related_suspended_from_A_major_triad_position_triad_5-4-3_second_inversion_5-1-3_x-7-7-6-x-x_sus4_x-7-7-7-x-x""}"
A_major_triad_position_triad_4-3-2_root_position_1-3-5_x-x-7-6-5-x,A,major,major,1 3 5,intermediate_core,triad_position,triad_4-3-2_root_position_1-3-5,x-x-7-6-5-x,"[null, null, 7, 6, 5, null]",4-3-2,root_position,root_position,60,7,2,None None A C# E None,None None 1 3 5 None,"{""sus2"": ""A_sus2_triad_related_suspended_from_A_major_triad_position_triad_4-3-2_root_position_1-3-5_x-x-7-6-5-x_sus2_x-x-7-4-5-x"", ""sus4"": ""A_sus4_triad_related_suspended_from_A_major_triad_position_triad_4-3-2_root_position_1-3-5_x-x-7-6-5-x_sus4_x-x-7-7-5-x""}"
A_major_triad_position_triad_6-5-4_first_inversion_3-5-1_9-7-7-x-x-x,A,major,major,1 3 5,intermediate_core,triad_position,triad_6-5-4_first_inversion_3-5-1,9-7-7-x-x-x,"[9, 7, 7, null, null, null]",6-5-4,first_inversion_or_suspended_bass,first_inversion,60,9,2,C# E A None None None,3 5 1 None None None,"{""sus2"": ""A_sus2_triad_related_suspended_from_A_major_triad_position_triad_6-5-4_first_inversion_3-5-1_9-7-7-x-x-x_sus2_7-7-7-x-x-x"", ""sus4"": ""A_sus4_triad_related_suspended_from_A_major_triad_position_triad_6-5-4_first_inversion_3-5-1_9-7-7-x-x-x_sus4_10-7-7-x-x-x""}"
A_major_triad_position_triad_3-2-1_second_inversion_5-1-3_x-x-x-9-10-9,A,major,major,1 3 5,intermediate_core,triad_position,triad_3-2-1_second_inversion_5-1-3,x-x-x-9-10-9,"[null, null, null, 9, 10, 9]",3-2-1,second_inversion,second_inversion,60,10,1,None None None E A C#,None None None 5 1 3,"{""sus2"": ""A_sus2_triad_related_suspended_from_A_major_triad_position_triad_3-2-1_second_inversion_5-1-3_x-x-x-9-10-9_sus2_x-x-x-9-10-7"", ""sus4"": ""A_sus4_triad_related_suspended_from_A_major_triad_position_triad_3-2-1_second_inversion_5-1-3_x-x-x-9-10-9_sus4_x-x-x-9-10-10""}"
A_major_triad_position_triad_4-3-2_first_inversion_3-5-1_x-x-11-9-10-x,A,major,major,1 3 5,intermediate_core,triad_position,triad_4-3-2_first_inversion_3-5-1,x-x-11-9-10-x,"[null, null, 11, 9, 10, null]",4-3-2,first_inversion_or_suspended_bass,first_inversion,60,11,2,None None C# E A None,None None 3 5 1 None,"{""sus2"": ""A_sus2_triad_related_suspended_from_A_major_triad_position_triad_4-3-2_first_inversion_3-5-1_x-x-11-9-10-x_sus2_x-x-9-9-10-x"", ""sus4"": ""A_sus4_triad_related_suspended_from_A_major_triad_position_triad_4-3-2_first_inversion_3-5-1_x-x-11-9-10-x_sus4_x-x-12-9-10-x""}"
A_major_triad_position_triad_6-5-4_second_inversion_5-1-3_12-12-11-x-x-x,A,major,major,1 3 5,intermediate_core,triad_position,triad_6-5-4_second_inversion_5-1-3,12-12-11-x-x-x,"[12, 12, 11, null, null, null]",6-5-4,second_inversion,second_inversion,60,12,1,E A C# None None None,5 1 3 None None None,"{""sus2"": ""A_sus2_triad_related_suspended_from_A_major_triad_position_triad_6-5-4_second_inversion_5-1-3_12-12-11-x-x-x_sus2_12-12-9-x-x-x"", ""sus4"": ""A_sus4_triad_related_suspended_from_A_major_triad_position_triad_6-5-4_second_inversion_5-1-3_12-12-11-x-x-x_sus4_12-12-12-x-x-x""}"
A_major_triad_position_triad_5-4-3_root_position_1-3-5_x-12-11-9-x-x,A,major,major,1 3 5,intermediate_core,triad_position,triad_5-4-3_root_position_1-3-5,x-12-11-9-x-x,"[null, 12, 11, 9, null, null]",5-4-3,root_position,root_position,60,12,3,None A C# E None None,None 1 3 5 None None,"{""sus2"": ""A_sus2_triad_related_suspended_from_A_major_triad_position_triad_5-4-3_root_position_1-3-5_x-12-11-9-x-x_sus2_x-12-9-9-x-x"", ""sus4"": ""A_sus4_triad_related_suspended_from_A_major_triad_position_triad_5-4-3_root_position_1-3-5_x-12-11-9-x-x_sus4_x-12-12-9-x-x""}"
A_major_triad_position_triad_4-3-2_second_inversion_5-1-3_x-x-14-14-14-x,A,major,major,1 3 5,intermediate_core,triad_position,triad_4-3-2_second_inversion_5-1-3,x-x-14-14-14-x,"[null, null, 14, 14, 14, null]",4-3-2,second_inversion,second_inversion,60,14,0,None None E A C# None,None None 5 1 3 None,"{""sus2"": ""A_sus2_triad_related_suspended_from_A_major_triad_position_triad_4-3-2_second_inversion_5-1-3_x-x-14-14-14-x_sus2_x-x-14-14-12-x"", ""sus4"": ""A_sus4_triad_related_suspended_from_A_major_triad_position_triad_4-3-2_second_inversion_5-1-3_x-x-14-14-14-x_sus4_x-x-14-14-15-x""}"
A_major_triad_position_triad_3-2-1_root_position_1-3-5_x-x-x-14-14-12,A,major,major,1 3 5,intermediate_core,triad_position,triad_3-2-1_root_position_1-3-5,x-x-x-14-14-12,"[null, null, null, 14, 14, 12]",3-2-1,root_position,root_position,60,14,2,None None None A C# E,None None None 1 3 5,"{""sus2"": ""A_sus2_triad_related_suspended_from_A_major_triad_position_triad_3-2-1_root_position_1-3-5_x-x-x-14-14-12_sus2_x-x-x-14-12-12"", ""sus4"": ""A_sus4_triad_related_suspended_from_A_major_triad_position_triad_3-2-1_root_position_1-3-5_x-x-x-14-14-12_sus4_x-x-x-14-15-12""}"
A_major_triad_position_triad_5-4-3_first_inversion_3-5-1_x-16-14-14-x-x,A,major,major,1 3 5,intermediate_core,triad_position,triad_5-4-3_first_inversion_3-5-1,x-16-14-14-x-x,"[null, 16, 14, 14, null, null]",5-4-3,first_inversion_or_suspended_bass,first_inversion,60,16,2,None C# E A None None,None 3 5 1 None None,"{""sus2"": ""A_sus2_triad_related_suspended_from_A_major_triad_position_triad_5-4-3_first_inversion_3-5-1_x-16-14-14-x-x_sus2_x-14-14-14-x-x"", ""sus4"": ""A_sus4_triad_related_suspended_from_A_major_triad_position_triad_5-4-3_first_inversion_3-5-1_x-16-14-14-x-x_sus4_x-17-14-14-x-x""}"
A_major_triad_position_triad_6-5-4_root_position_1-3-5_17-16-14-x-x-x,A,major,major,1 3 5,intermediate_core,triad_position,triad_6-5-4_root_position_1-3-5,17-16-14-x-x-x,"[17, 16, 14, null, null, null]",6-5-4,root_position,root_position,60,17,3,A C# E None None None,1 3 5 None None None,"{""sus2"": ""A_sus2_triad_related_suspended_from_A_major_triad_position_triad_6-5-4_root_position_1-3-5_17-16-14-x-x-x_sus2_17-14-14-x-x-x"", ""sus4"": ""A_sus4_triad_related_suspended_from_A_major_triad_position_triad_6-5-4_root_position_1-3-5_17-16-14-x-x-x_sus4_17-17-14-x-x-x""}"
A_major_triad_position_triad_3-2-1_first_inversion_3-5-1_x-x-x-18-17-17,A,major,major,1 3 5,intermediate_core,triad_position,triad_3-2-1_first_inversion_3-5-1,x-x-x-18-17-17,"[null, null, null, 18, 17, 17]",3-2-1,first_inversion_or_suspended_bass,first_inversion,60,18,1,None None None C# E A,None None None 3 5 1,"{""sus2"": ""A_sus2_triad_related_suspended_from_A_major_triad_position_triad_3-2-1_first_inversion_3-5-1_x-x-x-18-17-17_sus2_x-x-x-16-17-17""}"
A_minor_caged_minor_C_shape_minor_x-12-10-9-10-12,A,minor,minor,1 b3 5,beginner_core,caged_minor,C_shape_minor,x-12-10-9-10-12,"[null, 12, 10, 9, 10, 12]",,root_position,,10,12,3,None A C E A E,None 1 b3 5 1 5,{}
A_minor_caged_minor_A_shape_minor_x-0-2-2-1-0,A,minor,minor,1 b3 5,beginner_core,caged_minor,A_shape_minor,x-0-2-2-1-0,"[null, 0, 2, 2, 1, 0]",,root_position,,11,2,1,None A E A C E,None 1 5 1 b3 5,{}
A_minor_caged_minor_G_shape_minor_5-3-2-2-5-5,A,minor,minor,1 b3 5,beginner_core,caged_minor,G_shape_minor,5-3-2-2-5-5,"[5, 3, 2, 2, 5, 5]",,root_position,,12,5,3,A C E A E A,1 b3 5 1 5 1,{}
A_minor_caged_minor_E_shape_minor_5-7-7-5-5-5,A,minor,minor,1 b3 5,beginner_core,caged_minor,E_shape_minor,5-7-7-5-5-5,"[5, 7, 7, 5, 5, 5]",,root_position,,13,7,2,A E A C E A,1 5 1 b3 5 1,{}
A_minor_caged_minor_D_shape_minor_x-x-7-9-10-8,A,minor,minor,1 b3 5,beginner_core,caged_minor,D_shape_minor,x-x-7-9-10-8,"[null, null, 7, 9, 10, 8]",,root_position,,14,10,3,None None A E A C,None None 1 5 1 b3,{}
A_minor_triad_position_triad_4-3-2_second_inversion_5-1-b3_x-x-2-2-1-x,A,minor,minor,1 b3 5,intermediate_core,triad_position,triad_4-3-2_second_inversion_5-1-b3,x-x-2-2-1-x,"[null, null, 2, 2, 1, null]",4-3-2,second_inversion,second_inversion,60,2,1,None None E A C None,None None 5 1 b3 None,{}
A_minor_triad_position_triad_3-2-1_root_position_1-b3-5_x-x-x-2-1-0,A,minor,minor,1 b3 5,intermediate_core,triad_position,triad_3-2-1_root_position_1-b3-5,x-x-x-2-1-0,"[null, null, null, 2, 1, 0]",3-2-1,root_position,root_position,60,2,1,None None None A C E,None None None 1 b3 5,{}
A_minor_triad_position_triad_5-4-3_first_inversion_b3-5-1_x-3-2-2-x-x,A,minor,minor,1 b3 5,intermediate_core,triad_position,triad_5-4-3_first_inversion_b3-5-1,x-3-2-2-x-x,"[null, 3, 2, 2, null, null]",5-4-3,first_inversion_or_suspended_bass,first_inversion,60,3,1,None C E A None None,None b3 5 1 None None,{}
A_minor_triad_position_triad_6-5-4_root_position_1-b3-5_5-3-2-x-x-x,A,minor,minor,1 b3 5,intermediate_core,triad_position,triad_6-5-4_root_position_1-b3-5,5-3-2-x-x-x,"[5, 3, 2, null, null, null]",6-5-4,root_position,root_position,60,5,3,A C E None None None,1 b3 5 None None None,{}
A_minor_triad_position_triad_5-4-3_root_position_1-5-b3_x-0-2-5-x-x,A,minor,minor,1 b3 5,intermediate_core,triad_position,triad_5-4-3_root_position_1-5-b3,x-0-2-5-x-x,"[null, 0, 2, 5, null, null]",5-4-3,root_position,root_position,60,5,3,None A E C None None,None 1 5 b3 None None,"{""sus2"": ""A_sus2_triad_related_suspended_from_A_minor_triad_position_triad_5-4-3_root_position_1-5-b3_x-0-2-5-x-x_sus2_x-0-2-4-x-x""}"
A_minor_triad_position_triad_3-2-1_first_inversion_b3-5-1_x-x-x-5-5-5,A,minor,minor,1 b3 5,intermediate_core,triad_position,triad_3-2-1_first_inversion_b3-5-1,x-x-x-5-5-5,"[null, null, null, 5, 5, 5]",3-2-1,first_inversion_or_suspended_bass,first_inversion,60,5,0,None None None C E A,None None None b3 5 1,{}
A_minor_triad_position_triad_5-4-3_second_inversion_5-1-b3_x-7-7-5-x-x,A,minor,minor,1 b3 5,intermediate_core,triad_position,triad_5-4-3_second_inversion_5-1-b3,x-7-7-5-x-x,"[null, 7, 7, 5, null, null]",5-4-3,second_inversion,second_inversion,60,7,2,None E A C None None,None 5 1 b3 None None,{}
A_minor_triad_position_triad_4-3-2_root_position_1-b3-5_x-x-7-5-5-x,A,minor,minor,1 b3 5,intermediate_core,triad_position,triad_4-3-2_root_position_1-b3-5,x-x-7-5-5-x,"[null, null, 7, 5, 5, null]",4-3-2,root_position,root_position,60,7,2,None None A C E None,None None 1 b3 5 None,{}
A_minor_triad_position_triad_6-5-4_first_inversion_b3-5-1_8-7-7-x-x-x,A,minor,minor,1 b3 5,intermediate_core,triad_position,triad_6-5-4_first_inversion_b3-5-1,8-7-7-x-x-x,"[8, 7, 7, null, null, null]",6-5-4,first_inversion_or_suspended_bass,first_inversion,60,8,1,C E A None None None,b3 5 1 None None None,{}
A_minor_triad_position_triad_4-3-2_first_inversion_b3-5-1_x-x-10-9-10-x,A,minor,minor,1 b3 5,intermediate_core,triad_position,triad_4-3-2_first_inversion_b3-5-1,x-x-10-9-10-x,"[null, null, 10, 9, 10, null]",4-3-2,first_inversion_or_suspended_bass,first_inversion,60,10,1,None None C E A None,None None b3 5 1 None,{}
A_minor_triad_position_triad_3-2-1_second_inversion_5-1-b3_x-x-x-9-10-8,A,minor,minor,1 b3 5,intermediate_core,triad_position,triad_3-2-1_second_inversion_5-1-b3,x-x-x-9-10-8,"[null, null, null, 9, 10, 8]",3-2-1,second_inversion,second_inversion,60,10,2,None None None E A C,None None None 5 1 b3,{}
A_minor_triad_position_triad_6-5-4_second_inversion_5-1-b3_12-12-10-x-x-x,A,minor,minor,1 b3 5,intermediate_core,triad_position,triad_6-5-4_second_inversion_5-1-b3,12-12-10-x-x-x,"[12, 12, 10, null, null, null]",6-5-4,second_inversion,second_inversion,60,12,2,E A C None None None,5 1 b3 None None None,{}
A_minor_triad_position_triad_5-4-3_root_position_1-b3-5_x-12-10-9-x-x,A,minor,minor,1 b3 5,intermediate_core,triad_position,triad_5-4-3_root_position_1-b3-5,x-12-10-9-x-x,"[null, 12, 10, 9, null, null]",5-4-3,root_position,root_position,60,12,3,None A C E None None,None 1 b3 5 None None,{}
A_minor_triad_position_triad_4-3-2_second_inversion_5-1-b3_x-x-14-14-13-x,A,minor,minor,1 b3 5,intermediate_core,triad_position,triad_4-3-2_second_inversion_5-1-b3,x-x-14-14-13-x,"[null, null, 14, 14, 13, null]",4-3-2,second_inversion,second_inversion,60,14,1,None None E A C None,None None 5 1 b3 None,{}
A_minor_triad_position_triad_3-2-1_root_position_1-b3-5_x-x-x-14-13-12,A,minor,minor,1 b3 5,intermediate_core,triad_position,triad_3-2-1_root_position_1-b3-5,x-x-x-14-13-12,"[null, null, null, 14, 13, 12]",3-2-1,root_position,root_position,60,14,2,None None None A C E,None None None 1 b3 5,{}
A_minor_triad_position_triad_5-4-3_first_inversion_b3-5-1_x-15-14-14-x-x,A,minor,minor,1 b3 5,intermediate_core,triad_position,triad_5-4-3_first_inversion_b3-5-1,x-15-14-14-x-x,"[null, 15, 14, 14, null, null]",5-4-3,first_inversion_or_suspended_bass,first_inversion,60,15,1,None C E A None None,None b3 5 1 None None,{}
A_minor_triad_position_triad_6-5-4_root_position_1-b3-5_17-15-14-x-x-x,A,minor,minor,1 b3 5,intermediate_core,triad_position,triad_6-5-4_root_position_1-b3-5,17-15-14-x-x-x,"[17, 15, 14, null, null, null]",6-5-4,root_position,root_position,60,17,3,A C E None None None,1 b3 5 None None None,{}
A_minor_triad_position_triad_3-2-1_first_inversion_b3-5-1_x-x-x-17-17-17,A,minor,minor,1 b3 5,intermediate_core,triad_position,triad_3-2-1_first_inversion_b3-5-1,x-x-x-17-17-17,"[null, null, null, 17, 17, 17]",3-2-1,first_inversion_or_suspended_bass,first_inversion,60,17,0,None None None C E A,None None None b3 5 1,{}
A_sus2_caged_suspended_A_shape_sus2_x-0-2-2-0-0,A,sus2,sus2,1 2 5,intermediate_core,caged_suspended,A_shape_sus2,x-0-2-2-0-0,"[null, 0, 2, 2, 0, 0]",,root_position,,30,2,0,None A E A B E,None 1 5 1 2 5,{}
A_sus2_caged_suspended_E_shape_sus2_5-7-9-9-5-5,A,sus2,sus2,1 2 5,intermediate_core,caged_suspended,E_shape_sus2,5-7-9-9-5-5,"[5, 7, 9, 9, 5, 5]",,root_position,,30,9,4,A E B E E A,1 5 2 5 5 1,{}
A_sus2_caged_suspended_D_shape_sus2_x-x-7-9-10-7,A,sus2,sus2,1 2 5,intermediate_core,caged_suspended,D_shape_sus2,x-x-7-9-10-7,"[null, null, 7, 9, 10, 7]",,root_position,,30,10,3,None None A E A B,None None 1 5 1 2,{}
A_sus2_caged_suspended_C_shape_sus2_x-12-9-9-10-12,A,sus2,sus2,1 2 5,intermediate_core,caged_suspended,C_shape_sus2,x-12-9-9-10-12,"[null, 12, 9, 9, 10, 12]",,root_position,,30,12,3,None A B E A E,None 1 2 5 1 5,{}
A_sus2_triad_related_suspended_from_A_major_triad_position_triad_5-4-3_first_inversion_3-5-1_x-4-2-2-x-x_sus2_x-2-2-2-x-x,A,sus2,sus2,1 2 5,intermediate_core,triad_related_suspended,from_A_major_triad_position_triad_5-4-3_first_inversion_3-5-1_x-4-2-2-x-x_sus2,x-2-2-2-x-x,"[null, 2, 2, 2, null, null]",5-4-3,first_inversion_or_suspended_bass,,65,2,0,None B E A None None,None 2 5 1 None None,{}
A_sus2_triad_related_suspended_from_A_major_triad_position_triad_4-3-2_second_inversion_5-1-3_x-x-2-2-2-x_sus2_x-x-2-2-0-x,A,sus2,sus2,1 2 5,intermediate_core,triad_related_suspended,from_A_major_triad_position_triad_4-3-2_second_inversion_5-1-3_x-x-2-2-2-x_sus2,x-x-2-2-0-x,"[null, null, 2, 2, 0, null]",4-3-2,second_inversion,,65,2,0,None None E A B None,None None 5 1 2 None,{}
A_sus2_triad_related_suspended_from_A_major_triad_position_triad_3-2-1_root_position_1-3-5_x-x-x-2-2-0_sus2_x-x-x-2-0-0,A,sus2,sus2,1 2 5,intermediate_core,triad_related_suspended,from_A_major_triad_position_triad_3-2-1_root_position_1-3-5_x-x-x-2-2-0_sus2,x-x-x-2-0-0,"[null, null, null, 2, 0, 0]",3-2-1,root_position,,65,2,0,None None None A B E,None None None 1 2 5,{}
A_sus2_triad_related_suspended_from_A_minor_triad_position_triad_5-4-3_root_position_1-5-b3_x-0-2-5-x-x_sus2_x-0-2-4-x-x,A,sus2,sus2,1 2 5,intermediate_core,triad_related_suspended,from_A_minor_triad_position_triad_5-4-3_root_position_1-5-b3_x-0-2-5-x-x_sus2,x-0-2-4-x-x,"[null, 0, 2, 4, null, null]",5-4-3,root_position,,65,4,2,None A E B None None,None 1 5 2 None None,{}
A_sus2_triad_related_suspended_from_A_major_triad_position_triad_6-5-4_root_position_1-3-5_5-4-2-x-x-x_sus2_5-2-2-x-x-x,A,sus2,sus2,1 2 5,intermediate_core,triad_related_suspended,from_A_major_triad_position_triad_6-5-4_root_position_1-3-5_5-4-2-x-x-x_sus2,5-2-2-x-x-x,"[5, 2, 2, null, null, null]",6-5-4,root_position,,65,5,3,A B E None None None,1 2 5 None None None,{}
A_sus2_triad_related_suspended_from_A_major_triad_position_triad_3-2-1_first_inversion_3-5-1_x-x-x-6-5-5_sus2_x-x-x-4-5-5,A,sus2,sus2,1 2 5,intermediate_core,triad_related_suspended,from_A_major_triad_position_triad_3-2-1_first_inversion_3-5-1_x-x-x-6-5-5_sus2,x-x-x-4-5-5,"[null, null, null, 4, 5, 5]",3-2-1,first_inversion_or_suspended_bass,,65,5,1,None None None B E A,None None None 2 5 1,{}
A_sus2_triad_related_suspended_from_A_major_triad_position_triad_6-5-4_first_inversion_3-5-1_9-7-7-x-x-x_sus2_7-7-7-x-x-x,A,sus2,sus2,1 2 5,intermediate_core,triad_related_suspended,from_A_major_triad_position_triad_6-5-4_first_inversion_3-5-1_9-7-7-x-x-x_sus2,7-7-7-x-x-x,"[7, 7, 7, null, null, null]",6-5-4,first_inversion_or_suspended_bass,,65,7,0,B E A None None None,2 5 1 None None None,{}
A_sus2_triad_related_suspended_from_A_major_triad_position_triad_5-4-3_second_inversion_5-1-3_x-7-7-6-x-x_sus2_x-7-7-4-x-x,A,sus2,sus2,1 2 5,intermediate_core,triad_related_suspended,from_A_major_triad_position_triad_5-4-3_second_inversion_5-1-3_x-7-7-6-x-x_sus2,x-7-7-4-x-x,"[null, 7, 7, 4, null, null]",5-4-3,second_inversion,,65,7,3,None E A B None None,None 5 1 2 None None,{}
A_sus2_triad_related_suspended_from_A_major_triad_position_triad_4-3-2_root_position_1-3-5_x-x-7-6-5-x_sus2_x-x-7-4-5-x,A,sus2,sus2,1 2 5,intermediate_core,triad_related_suspended,from_A_major_triad_position_triad_4-3-2_root_position_1-3-5_x-x-7-6-5-x_sus2,x-x-7-4-5-x,"[null, null, 7, 4, 5, null]",4-3-2,root_position,,65,7,3,None None A B E None,None None 1 2 5 None,{}
A_sus2_triad_related_suspended_from_A_major_triad_position_triad_4-3-2_first_inversion_3-5-1_x-x-11-9-10-x_sus2_x-x-9-9-10-x,A,sus2,sus2,1 2 5,intermediate_core,triad_related_suspended,from_A_major_triad_position_triad_4-3-2_first_inversion_3-5-1_x-x-11-9-10-x_sus2,x-x-9-9-10-x,"[null, null, 9, 9, 10, null]",4-3-2,first_inversion_or_suspended_bass,,65,10,1,None None B E A None,None None 2 5 1 None,{}
A_sus2_triad_related_suspended_from_A_major_triad_position_triad_3-2-1_second_inversion_5-1-3_x-x-x-9-10-9_sus2_x-x-x-9-10-7,A,sus2,sus2,1 2 5,intermediate_core,triad_related_suspended,from_A_major_triad_position_triad_3-2-1_second_inversion_5-1-3_x-x-x-9-10-9_sus2,x-x-x-9-10-7,"[null, null, null, 9, 10, 7]",3-2-1,second_inversion,,65,10,3,None None None E A B,None None None 5 1 2,{}
A_sus2_triad_related_suspended_from_A_major_triad_position_triad_6-5-4_second_inversion_5-1-3_12-12-11-x-x-x_sus2_12-12-9-x-x-x,A,sus2,sus2,1 2 5,intermediate_core,triad_related_suspended,from_A_major_triad_position_triad_6-5-4_second_inversion_5-1-3_12-12-11-x-x-x_sus2,12-12-9-x-x-x,"[12, 12, 9, null, null, null]",6-5-4,second_inversion,,65,12,3,E A B None None None,5 1 2 None None None,{}
A_sus2_triad_related_suspended_from_A_major_triad_position_triad_5-4-3_root_position_1-3-5_x-12-11-9-x-x_sus2_x-12-9-9-x-x,A,sus2,sus2,1 2 5,intermediate_core,triad_related_suspended,from_A_major_triad_position_triad_5-4-3_root_position_1-3-5_x-12-11-9-x-x_sus2,x-12-9-9-x-x,"[null, 12, 9, 9, null, null]",5-4-3,root_position,,65,12,3,None A B E None None,None 1 2 5 None None,{}
A_sus2_triad_related_suspended_from_A_major_triad_position_triad_5-4-3_first_inversion_3-5-1_x-16-14-14-x-x_sus2_x-14-14-14-x-x,A,sus2,sus2,1 2 5,intermediate_core,triad_related_suspended,from_A_major_triad_position_triad_5-4-3_first_inversion_3-5-1_x-16-14-14-x-x_sus2,x-14-14-14-x-x,"[null, 14, 14, 14, null, null]",5-4-3,first_inversion_or_suspended_bass,,65,14,0,None B E A None None,None 2 5 1 None None,{}
A_sus2_triad_related_suspended_from_A_major_triad_position_triad_4-3-2_second_inversion_5-1-3_x-x-14-14-14-x_sus2_x-x-14-14-12-x,A,sus2,sus2,1 2 5,intermediate_core,triad_related_suspended,from_A_major_triad_position_triad_4-3-2_second_inversion_5-1-3_x-x-14-14-14-x_sus2,x-x-14-14-12-x,"[null, null, 14, 14, 12, null]",4-3-2,second_inversion,,65,14,2,None None E A B None,None None 5 1 2 None,{}
A_sus2_triad_related_suspended_from_A_major_triad_position_triad_3-2-1_root_position_1-3-5_x-x-x-14-14-12_sus2_x-x-x-14-12-12,A,sus2,sus2,1 2 5,intermediate_core,triad_related_suspended,from_A_major_triad_position_triad_3-2-1_root_position_1-3-5_x-x-x-14-14-12_sus2,x-x-x-14-12-12,"[null, null, null, 14, 12, 12]",3-2-1,root_position,,65,14,2,None None None A B E,None None None 1 2 5,{}
A_sus2_triad_related_suspended_from_A_major_triad_position_triad_6-5-4_root_position_1-3-5_17-16-14-x-x-x_sus2_17-14-14-x-x-x,A,sus2,sus2,1 2 5,intermediate_core,triad_related_suspended,from_A_major_triad_position_triad_6-5-4_root_position_1-3-5_17-16-14-x-x-x_sus2,17-14-14-x-x-x,"[17, 14, 14, null, null, null]",6-5-4,root_position,,65,17,3,A B E None None None,1 2 5 None None None,{}
A_sus2_triad_related_suspended_from_A_major_triad_position_triad_3-2-1_first_inversion_3-5-1_x-x-x-18-17-17_sus2_x-x-x-16-17-17,A,sus2,sus2,1 2 5,intermediate_core,triad_related_suspended,from_A_major_triad_position_triad_3-2-1_first_inversion_3-5-1_x-x-x-18-17-17_sus2,x-x-x-16-17-17,"[null, null, null, 16, 17, 17]",3-2-1,first_inversion_or_suspended_bass,,65,17,1,None None None B E A,None None None 2 5 1,{}
A_sus4_caged_suspended_A_shape_sus4_x-0-2-2-3-0,A,sus4,sus4,1 4 5,intermediate_core,caged_suspended,A_shape_sus4,x-0-2-2-3-0,"[null, 0, 2, 2, 3, 0]",,root_position,,30,3,1,None A E A D E,None 1 5 1 4 5,{}
A_sus4_caged_suspended_E_shape_sus4_5-7-7-7-5-5,A,sus4,sus4,1 4 5,intermediate_core,caged_suspended,E_shape_sus4,5-7-7-7-5-5,"[5, 7, 7, 7, 5, 5]",,root_position,,30,7,2,A E A D E A,1 5 1 4 5 1,{}
A_sus4_caged_suspended_D_shape_sus4_x-x-7-9-10-10,A,sus4,sus4,1 4 5,intermediate_core,caged_suspended,D_shape_sus4,x-x-7-9-10-10,"[null, null, 7, 9, 10, 10]",,root_position,,30,10,3,None None A E A D,None None 1 5 1 4,{}
A_sus4_caged_suspended_C_shape_sus4_x-12-12-9-10-10,A,sus4,sus4,1 4 5,intermediate_core,caged_suspended,C_shape_sus4,x-12-12-9-10-10,"[null, 12, 12, 9, 10, 10]",,root_position,,30,12,3,None A D E A D,None 1 4 5 1 4,{}
A_sus4_triad_related_suspended_from_A_major_triad_position_triad_4-3-2_second_inversion_5-1-3_x-x-2-2-2-x_sus4_x-x-2-2-3-x,A,sus4,sus4,1 4 5,intermediate_core,triad_related_suspended,from_A_major_triad_position_triad_4-3-2_second_inversion_5-1-3_x-x-2-2-2-x_sus4,x-x-2-2-3-x,"[null, null, 2, 2, 3, null]",4-3-2,second_inversion,,65,3,1,None None E A D None,None None 5 1 4 None,{}
A_sus4_triad_related_suspended_from_A_major_triad_position_triad_3-2-1_root_position_1-3-5_x-x-x-2-2-0_sus4_x-x-x-2-3-0,A,sus4,sus4,1 4 5,intermediate_core,triad_related_suspended,from_A_major_triad_position_triad_3-2-1_root_position_1-3-5_x-x-x-2-2-0_sus4,x-x-x-2-3-0,"[null, null, null, 2, 3, 0]",3-2-1,root_position,,65,3,1,None None None A D E,None None None 1 4 5,{}
A_sus4_triad_related_suspended_from_A_major_triad_position_triad_6-5-4_root_position_1-3-5_5-4-2-x-x-x_sus4_5-5-2-x-x-x,A,sus4,sus4,1 4 5,intermediate_core,triad_related_suspended,from_A_major_triad_position_triad_6-5-4_root_position_1-3-5_5-4-2-x-x-x_sus4,5-5-2-x-x-x,"[5, 5, 2, null, null, null]",6-5-4,root_position,,65,5,3,A D E None None None,1 4 5 None None None,{}
A_sus4_triad_related_suspended_from_A_major_triad_position_triad_5-4-3_first_inversion_3-5-1_x-4-2-2-x-x_sus4_x-5-2-2-x-x,A,sus4,sus4,1 4 5,intermediate_core,triad_related_suspended,from_A_major_triad_position_triad_5-4-3_first_inversion_3-5-1_x-4-2-2-x-x_sus4,x-5-2-2-x-x,"[null, 5, 2, 2, null, null]",5-4-3,first_inversion_or_suspended_bass,,65,5,3,None D E A None None,None 4 5 1 None None,{}
A_sus4_triad_related_suspended_from_A_major_triad_position_triad_5-4-3_second_inversion_5-1-3_x-7-7-6-x-x_sus4_x-7-7-7-x-x,A,sus4,sus4,1 4 5,intermediate_core,triad_related_suspended,from_A_major_triad_position_triad_5-4-3_second_inversion_5-1-3_x-7-7-6-x-x_sus4,x-7-7-7-x-x,"[null, 7, 7, 7, null, null]",5-4-3,second_inversion,,65,7,0,None E A D None None,None 5 1 4 None None,{}
A_sus4_triad_related_suspended_from_A_major_triad_position_triad_4-3-2_root_position_1-3-5_x-x-7-6-5-x_sus4_x-x-7-7-5-x,A,sus4,sus4,1 4 5,intermediate_core,triad_related_suspended,from_A_major_triad_position_triad_4-3-2_root_position_1-3-5_x-x-7-6-5-x_sus4,x-x-7-7-5-x,"[null, null, 7, 7, 5, null]",4-3-2,root_position,,65,7,2,None None A D E None,None None 1 4 5 None,{}
A_sus4_triad_related_suspended_from_A_major_triad_position_triad_3-2-1_first_inversion_3-5-1_x-x-x-6-5-5_sus4_x-x-x-7-5-5,A,sus4,sus4,1 4 5,intermediate_core,triad_related_suspended,from_A_major_triad_position_triad_3-2-1_first_inversion_3-5-1_x-x-x-6-5-5_sus4,x-x-x-7-5-5,"[null, null, null, 7, 5, 5]",3-2-1,first_inversion_or_suspended_bass,,65,7,2,None None None D E A,None None None 4 5 1,{}
A_sus4_triad_related_suspended_from_A_major_triad_position_triad_6-5-4_first_inversion_3-5-1_9-7-7-x-x-x_sus4_10-7-7-x-x-x,A,sus4,sus4,1 4 5,intermediate_core,triad_related_suspended,from_A_major_triad_position_triad_6-5-4_first_inversion_3-5-1_9-7-7-x-x-x_sus4,10-7-7-x-x-x,"[10, 7, 7, null, null, null]",6-5-4,first_inversion_or_suspended_bass,,65,10,3,D E A None None None,4 5 1 None None None,{}
A_sus4_triad_related_suspended_from_A_major_triad_position_triad_3-2-1_second_inversion_5-1-3_x-x-x-9-10-9_sus4_x-x-x-9-10-10,A,sus4,sus4,1 4 5,intermediate_core,triad_related_suspended,from_A_major_triad_position_triad_3-2-1_second_inversion_5-1-3_x-x-x-9-10-9_sus4,x-x-x-9-10-10,"[null, null, null, 9, 10, 10]",3-2-1,second_inversion,,65,10,1,None None None E A D,None None None 5 1 4,{}
A_sus4_triad_related_suspended_from_A_major_triad_position_triad_6-5-4_second_inversion_5-1-3_12-12-11-x-x-x_sus4_12-12-12-x-x-x,A,sus4,sus4,1 4 5,intermediate_core,triad_related_suspended,from_A_major_triad_position_triad_6-5-4_second_inversion_5-1-3_12-12-11-x-x-x_sus4,12-12-12-x-x-x,"[12, 12, 12, null, null, null]",6-5-4,second_inversion,,65,12,0,E A D None None None,5 1 4 None None None,{}
A_sus4_triad_related_suspended_from_A_major_triad_position_triad_5-4-3_root_position_1-3-5_x-12-11-9-x-x_sus4_x-12-12-9-x-x,A,sus4,sus4,1 4 5,intermediate_core,triad_related_suspended,from_A_major_triad_position_triad_5-4-3_root_position_1-3-5_x-12-11-9-x-x_sus4,x-12-12-9-x-x,"[null, 12, 12, 9, null, null]",5-4-3,root_position,,65,12,3,None A D E None None,None 1 4 5 None None,{}
A_sus4_triad_related_suspended_from_A_major_triad_position_triad_4-3-2_first_inversion_3-5-1_x-x-11-9-10-x_sus4_x-x-12-9-10-x,A,sus4,sus4,1 4 5,intermediate_core,triad_related_suspended,from_A_major_triad_position_triad_4-3-2_first_inversion_3-5-1_x-x-11-9-10-x_sus4,x-x-12-9-10-x,"[null, null, 12, 9, 10, null]",4-3-2,first_inversion_or_suspended_bass,,65,12,3,None None D E A None,None None 4 5 1 None,{}
A_sus4_triad_related_suspended_from_A_major_triad_position_triad_4-3-2_second_inversion_5-1-3_x-x-14-14-14-x_sus4_x-x-14-14-15-x,A,sus4,sus4,1 4 5,intermediate_core,triad_related_suspended,from_A_major_triad_position_triad_4-3-2_second_inversion_5-1-3_x-x-14-14-14-x_sus4,x-x-14-14-15-x,"[null, null, 14, 14, 15, null]",4-3-2,second_inversion,,65,15,1,None None E A D None,None None 5 1 4 None,{}
A_sus4_triad_related_suspended_from_A_major_triad_position_triad_3-2-1_root_position_1-3-5_x-x-x-14-14-12_sus4_x-x-x-14-15-12,A,sus4,sus4,1 4 5,intermediate_core,triad_related_suspended,from_A_major_triad_position_triad_3-2-1_root_position_1-3-5_x-x-x-14-14-12_sus4,x-x-x-14-15-12,"[null, null, null, 14, 15, 12]",3-2-1,root_position,,65,15,3,None None None A D E,None None None 1 4 5,{}
A_sus4_triad_related_suspended_from_A_major_triad_position_triad_6-5-4_root_position_1-3-5_17-16-14-x-x-x_sus4_17-17-14-x-x-x,A,sus4,sus4,1 4 5,intermediate_core,triad_related_suspended,from_A_major_triad_position_triad_6-5-4_root_position_1-3-5_17-16-14-x-x-x_sus4,17-17-14-x-x-x,"[17, 17, 14, null, null, null]",6-5-4,root_position,,65,17,3,A D E None None None,1 4 5 None None None,{}
A_sus4_triad_related_suspended_from_A_major_triad_position_triad_5-4-3_first_inversion_3-5-1_x-16-14-14-x-x_sus4_x-17-14-14-x-x,A,sus4,sus4,1 4 5,intermediate_core,triad_related_suspended,from_A_major_triad_position_triad_5-4-3_first_inversion_3-5-1_x-16-14-14-x-x_sus4,x-17-14-14-x-x,"[null, 17, 14, 14, null, null]",5-4-3,first_inversion_or_suspended_bass,,65,17,3,None D E A None None,None 4 5 1 None None,{}
A#_diminished_triad_position_triad_4-3-2_second_inversion_b5-1-b3_x-x-2-3-2-x,A#,diminished,dim,1 b3 b5,advanced_reference,triad_position,triad_4-3-2_second_inversion_b5-1-b3,x-x-2-3-2-x,"[null, null, 2, 3, 2, null]",4-3-2,second_inversion,second_inversion,60,3,1,None None E A# C# None,None None b5 1 b3 None,{}
A#_diminished_triad_position_triad_3-2-1_root_position_1-b3-b5_x-x-x-3-2-0,A#,diminished,dim,1 b3 b5,advanced_reference,triad_position,triad_3-2-1_root_position_1-b3-b5,x-x-x-3-2-0,"[null, null, null, 3, 2, 0]",3-2-1,root_position,root_position,60,3,1,None None None A# C# E,None None None 1 b3 b5,{}
A#_diminished_triad_position_triad_5-4-3_first_inversion_b3-b5-1_x-4-2-3-x-x,A#,diminished,dim,1 b3 b5,advanced_reference,triad_position,triad_5-4-3_first_inversion_b3-b5-1,x-4-2-3-x-x,"[null, 4, 2, 3, null, null]",5-4-3,first_inversion_or_suspended_bass,first_inversion,60,4,2,None C# E A# None None,None b3 b5 1 None None,{}
A#_diminished_triad_position_triad_6-5-4_root_position_1-b3-b5_6-4-2-x-x-x,A#,diminished,dim,1 b3 b5,advanced_reference,triad_position,triad_6-5-4_root_position_1-b3-b5,6-4-2-x-x-x,"[6, 4, 2, null, null, null]",6-5-4,root_position,root_position,60,6,4,A# C# E None None None,1 b3 b5 None None None,{}
A#_diminished_triad_position_triad_3-2-1_first_inversion_b3-b5-1_x-x-x-6-5-6,A#,diminished,dim,1 b3 b5,advanced_reference,triad_position,triad_3-2-1_first_inversion_b3-b5-1,x-x-x-6-5-6,"[null, null, null, 6, 5, 6]",3-2-1,first_inversion_or_suspended_bass,first_inversion,60,6,1,None None None C# E A#,None None None b3 b5 1,{}
A#_diminished_triad_position_triad_5-4-3_second_inversion_b5-1-b3_x-7-8-6-x-x,A#,diminished,dim,1 b3 b5,advanced_reference,triad_position,triad_5-4-3_second_inversion_b5-1-b3,x-7-8-6-x-x,"[null, 7, 8, 6, null, null]",5-4-3,second_inversion,second_inversion,60,8,2,None E A# C# None None,None b5 1 b3 None None,{}
A#_diminished_triad_position_triad_4-3-2_root_position_1-b3-b5_x-x-8-6-5-x,A#,diminished,dim,1 b3 b5,advanced_reference,triad_position,triad_4-3-2_root_position_1-b3-b5,x-x-8-6-5-x,"[null, null, 8, 6, 5, null]",4-3-2,root_position,root_position,60,8,3,None None A# C# E None,None None 1 b3 b5 None,{}
A#_diminished_triad_position_triad_6-5-4_first_inversion_b3-b5-1_9-7-8-x-x-x,A#,diminished,dim,1 b3 b5,advanced_reference,triad_position,triad_6-5-4_first_inversion_b3-b5-1,9-7-8-x-x-x,"[9, 7, 8, null, null, null]",6-5-4,first_inversion_or_suspended_bass,first_inversion,60,9,2,C# E A# None None None,b3 b5 1 None None None,{}
A#_diminished_triad_position_triad_4-3-2_first_inversion_b3-b5-1_x-x-11-9-11-x,A#,diminished,dim,1 b3 b5,advanced_reference,triad_position,triad_4-3-2_first_inversion_b3-b5-1,x-x-11-9-11-x,"[null, null, 11, 9, 11, null]",4-3-2,first_inversion_or_suspended_bass,first_inversion,60,11,2,None None C# E A# None,None None b3 b5 1 None,{}
A#_diminished_triad_position_triad_3-2-1_second_inversion_b5-1-b3_x-x-x-9-11-9,A#,diminished,dim,1 b3 b5,advanced_reference,triad_position,triad_3-2-1_second_inversion_b5-1-b3,x-x-x-9-11-9,"[null, null, null, 9, 11, 9]",3-2-1,second_inversion,second_inversion,60,11,2,None None None E A# C#,None None None b5 1 b3,{}
A#_diminished_triad_position_triad_6-5-4_second_inversion_b5-1-b3_12-13-11-x-x-x,A#,diminished,dim,1 b3 b5,advanced_reference,triad_position,triad_6-5-4_second_inversion_b5-1-b3,12-13-11-x-x-x,"[12, 13, 11, null, null, null]",6-5-4,second_inversion,second_inversion,60,13,2,E A# C# None None None,b5 1 b3 None None None,{}
A#_diminished_triad_position_triad_5-4-3_root_position_1-b3-b5_x-13-11-9-x-x,A#,diminished,dim,1 b3 b5,advanced_reference,triad_position,triad_5-4-3_root_position_1-b3-b5,x-13-11-9-x-x,"[null, 13, 11, 9, null, null]",5-4-3,root_position,root_position,60,13,4,None A# C# E None None,None 1 b3 b5 None None,{}
A#_diminished_triad_position_triad_4-3-2_second_inversion_b5-1-b3_x-x-14-15-14-x,A#,diminished,dim,1 b3 b5,advanced_reference,triad_position,triad_4-3-2_second_inversion_b5-1-b3,x-x-14-15-14-x,"[null, null, 14, 15, 14, null]",4-3-2,second_inversion,second_inversion,60,15,1,None None E A# C# None,None None b5 1 b3 None,{}
A#_diminished_triad_position_triad_3-2-1_root_position_1-b3-b5_x-x-x-15-14-12,A#,diminished,dim,1 b3 b5,advanced_reference,triad_position,triad_3-2-1_root_position_1-b3-b5,x-x-x-15-14-12,"[null, null, null, 15, 14, 12]",3-2-1,root_position,root_position,60,15,3,None None None A# C# E,None None None 1 b3 b5,{}
A#_diminished_triad_position_triad_5-4-3_first_inversion_b3-b5-1_x-16-14-15-x-x,A#,diminished,dim,1 b3 b5,advanced_reference,triad_position,triad_5-4-3_first_inversion_b3-b5-1,x-16-14-15-x-x,"[null, 16, 14, 15, null, null]",5-4-3,first_inversion_or_suspended_bass,first_inversion,60,16,2,None C# E A# None None,None b3 b5 1 None None,{}
A#_diminished_triad_position_triad_6-5-4_root_position_1-b3-b5_18-16-14-x-x-x,A#,diminished,dim,1 b3 b5,advanced_reference,triad_position,triad_6-5-4_root_position_1-b3-b5,18-16-14-x-x-x,"[18, 16, 14, null, null, null]",6-5-4,root_position,root_position,60,18,4,A# C# E None None None,1 b3 b5 None None None,{}
A#_diminished_triad_position_triad_3-2-1_first_inversion_b3-b5-1_x-x-x-18-17-18,A#,diminished,dim,1 b3 b5,advanced_reference,triad_position,triad_3-2-1_first_inversion_b3-b5-1,x-x-x-18-17-18,"[null, null, null, 18, 17, 18]",3-2-1,first_inversion_or_suspended_bass,first_inversion,60,18,1,None None None C# E A#,None None None b3 b5 1,{}
A#_diminished7_movable_diminished_A_root_dim7_diamond_x-13-14-12-14-x,A#,diminished7,dim7,1 b3 b5 bb7,intermediate_core,movable_diminished,A_root_dim7_diamond,x-13-14-12-14-x,"[null, 13, 14, 12, 14, null]",,root_position,,45,14,2,None A# E G C# None,None 1 b5 6/bb7 b3 None,{}
A#_diminished7_movable_diminished_E_root_dim7_barre_18-x-17-18-17-x,A#,diminished7,dim7,1 b3 b5 bb7,intermediate_core,movable_diminished,E_root_dim7_barre,18-x-17-18-17-x,"[18, null, 17, 18, 17, null]",,root_position,,45,18,1,A# None G C# E None,1 None 6/bb7 b3 b5 None,{}
A#_diminished7_compact_seventh_position_seventh_5-4-3-2_1-b5-bb7-b3_x-1-2-0-2-x,A#,diminished7,dim7,1 b3 b5 bb7,advanced_reference,compact_seventh_position,seventh_5-4-3-2_1-b5-bb7-b3,x-1-2-0-2-x,"[null, 1, 2, 0, 2, null]",5-4-3-2,root_position,,80,2,1,None A# E G C# None,None 1 b5 6/bb7 b3 None,{}
A#_diminished7_compact_seventh_position_seventh_4-3-2-1_b5-1-b3-bb7_x-x-2-3-2-3,A#,diminished7,dim7,1 b3 b5 bb7,advanced_reference,compact_seventh_position,seventh_4-3-2-1_b5-1-b3-bb7,x-x-2-3-2-3,"[null, null, 2, 3, 2, 3]",4-3-2-1,second_inversion,,80,3,1,None None E A# C# G,None None b5 1 b3 6/bb7,{}
A#_diminished7_compact_seventh_position_seventh_6-5-4-3_bb7-b3-b5-1_3-4-2-3-x-x,A#,diminished7,dim7,1 b3 b5 bb7,advanced_reference,compact_seventh_position,seventh_6-5-4-3_bb7-b3-b5-1,3-4-2-3-x-x,"[3, 4, 2, 3, null, null]",6-5-4-3,seventh_in_bass,,80,4,2,G C# E A# None None,6/bb7 b3 b5 1 None None,{}
A#_diminished7_compact_seventh_position_seventh_6-5-4-3_b5-b3-bb7-1_0-4-5-3-x-x,A#,diminished7,dim7,1 b3 b5 bb7,advanced_reference,compact_seventh_position,seventh_6-5-4-3_b5-b3-bb7-1,0-4-5-3-x-x,"[0, 4, 5, 3, null, null]",6-5-4-3,second_inversion,,80,5,2,E C# G A# None None,b5 b3 6/bb7 1 None None,{}
A#_diminished7_compact_seventh_position_seventh_5-4-3-2_b3-bb7-1-b5_x-4-5-3-5-x,A#,diminished7,dim7,1 b3 b5 bb7,advanced_reference,compact_seventh_position,seventh_5-4-3-2_b3-bb7-1-b5,x-4-5-3-5-x,"[null, 4, 5, 3, 5, null]",5-4-3-2,first_inversion_or_suspended_bass,,80,5,2,None C# G A# E None,None b3 6/bb7 1 b5 None,{}
A#_diminished7_compact_seventh_position_seventh_4-3-2-1_bb7-1-b3-b5_x-x-5-3-2-0,A#,diminished7,dim7,1 b3 b5 bb7,advanced_reference,compact_seventh_position,seventh_4-3-2-1_bb7-1-b3-b5,x-x-5-3-2-0,"[null, null, 5, 3, 2, 0]",4-3-2-1,seventh_in_bass,,80,5,3,None None G A# C# E,None None 6/bb7 1 b3 b5,{}
A#_diminished7_compact_seventh_position_seventh_4-3-2-1_bb7-b3-b5-1_x-x-5-6-5-6,A#,diminished7,dim7,1 b3 b5 bb7,advanced_reference,compact_seventh_position,seventh_4-3-2-1_bb7-b3-b5-1,x-x-5-6-5-6,"[null, null, 5, 6, 5, 6]",4-3-2-1,seventh_in_bass,,80,6,1,None None G C# E A#,None None 6/bb7 b3 b5 1,{}
A#_diminished7_compact_seventh_position_seventh_6-5-4-3_1-b5-bb7-b3_6-7-5-6-x-x,A#,diminished7,dim7,1 b3 b5 bb7,advanced_reference,compact_seventh_position,seventh_6-5-4-3_1-b5-bb7-b3,6-7-5-6-x-x,"[6, 7, 5, 6, null, null]",6-5-4-3,root_position,,80,7,2,A# E G C# None None,1 b5 6/bb7 b3 None None,{}
A#_diminished7_compact_seventh_position_seventh_5-4-3-2_b5-1-b3-bb7_x-7-8-6-8-x,A#,diminished7,dim7,1 b3 b5 bb7,advanced_reference,compact_seventh_position,seventh_5-4-3-2_b5-1-b3-bb7,x-7-8-6-8-x,"[null, 7, 8, 6, 8, null]",5-4-3-2,second_inversion,,80,8,2,None E A# C# G None,None b5 1 b3 6/bb7 None,{}
A#_diminished7_compact_seventh_position_seventh_4-3-2-1_1-b5-bb7-b3_x-x-8-9-8-9,A#,diminished7,dim7,1 b3 b5 bb7,advanced_reference,compact_seventh_position,seventh_4-3-2-1_1-b5-bb7-b3,x-x-8-9-8-9,"[null, null, 8, 9, 8, 9]",4-3-2-1,root_position,,80,9,1,None None A# E G C#,None None 1 b5 6/bb7 b3,{}
A#_diminished7_compact_seventh_position_seventh_6-5-4-3_b3-bb7-1-b5_9-10-8-9-x-x,A#,diminished7,dim7,1 b3 b5 bb7,advanced_reference,compact_seventh_position,seventh_6-5-4-3_b3-bb7-1-b5,9-10-8-9-x-x,"[9, 10, 8, 9, null, null]",6-5-4-3,first_inversion_or_suspended_bass,,80,10,2,C# G A# E None None,b3 6/bb7 1 b5 None None,{}
A#_diminished7_compact_seventh_position_seventh_5-4-3-2_bb7-b3-b5-1_x-10-11-9-11-x,A#,diminished7,dim7,1 b3 b5 bb7,advanced_reference,compact_seventh_position,seventh_5-4-3-2_bb7-b3-b5-1,x-10-11-9-11-x,"[null, 10, 11, 9, 11, null]",5-4-3-2,seventh_in_bass,,80,11,2,None G C# E A# None,None 6/bb7 b3 b5 1 None,{}
A#_diminished7_compact_seventh_position_seventh_4-3-2-1_b3-bb7-1-b5_x-x-11-12-11-12,A#,diminished7,dim7,1 b3 b5 bb7,advanced_reference,compact_seventh_position,seventh_4-3-2-1_b3-bb7-1-b5,x-x-11-12-11-12,"[null, null, 11, 12, 11, 12]",4-3-2-1,first_inversion_or_suspended_bass,,80,12,1,None None C# G A# E,None None b3 6/bb7 1 b5,{}
A#_diminished7_compact_seventh_position_seventh_6-5-4-3_b5-1-b3-bb7_12-13-11-12-x-x,A#,diminished7,dim7,1 b3 b5 bb7,advanced_reference,compact_seventh_position,seventh_6-5-4-3_b5-1-b3-bb7,12-13-11-12-x-x,"[12, 13, 11, 12, null, null]",6-5-4-3,second_inversion,,80,13,2,E A# C# G None None,b5 1 b3 6/bb7 None None,{}
A#_diminished7_compact_seventh_position_seventh_4-3-2-1_b5-1-b3-bb7_x-x-14-15-14-15,A#,diminished7,dim7,1 b3 b5 bb7,advanced_reference,compact_seventh_position,seventh_4-3-2-1_b5-1-b3-bb7,x-x-14-15-14-15,"[null, null, 14, 15, 14, 15]",4-3-2-1,second_inversion,,80,15,1,None None E A# C# G,None None b5 1 b3 6/bb7,{}
A#_diminished7_compact_seventh_position_seventh_6-5-4-3_bb7-b3-b5-1_15-16-14-15-x-x,A#,diminished7,dim7,1 b3 b5 bb7,advanced_reference,compact_seventh_position,seventh_6-5-4-3_bb7-b3-b5-1,15-16-14-15-x-x,"[15, 16, 14, 15, null, null]",6-5-4-3,seventh_in_bass,,80,16,2,G C# E A# None None,6/bb7 b3 b5 1 None None,{}
A#_diminished7_compact_seventh_position_seventh_5-4-3-2_b3-bb7-1-b5_x-16-17-15-17-x,A#,diminished7,dim7,1 b3 b5 bb7,advanced_reference,compact_seventh_position,seventh_5-4-3-2_b3-bb7-1-b5,x-16-17-15-17-x,"[null, 16, 17, 15, 17, null]",5-4-3-2,first_inversion_or_suspended_bass,,80,17,2,None C# G A# E None,None b3 6/bb7 1 b5 None,{}
A#_diminished7_compact_seventh_position_seventh_4-3-2-1_bb7-b3-b5-1_x-x-17-18-17-18,A#,diminished7,dim7,1 b3 b5 bb7,advanced_reference,compact_seventh_position,seventh_4-3-2-1_bb7-b3-b5-1,x-x-17-18-17-18,"[null, null, 17, 18, 17, 18]",4-3-2-1,seventh_in_bass,,80,18,1,None None G C# E A#,None None 6/bb7 b3 b5 1,{}
A#_dominant7_caged_seventh_A_shape_7_x-1-3-1-3-1,A#,dominant7,7,1 3 5 b7,intermediate_core,caged_seventh,A_shape_7,x-1-3-1-3-1,"[null, 1, 3, 1, 3, 1]",,root_position,,35,3,2,None A# F G# D F,None 1 5 b7 3 5,{}
A#_dominant7_caged_seventh_G_shape_7_6-5-3-3-3-4,A#,dominant7,7,1 3 5 b7,intermediate_core,caged_seventh,G_shape_7,6-5-3-3-3-4,"[6, 5, 3, 3, 3, 4]",,root_position,,35,6,3,A# D F A# D G#,1 3 5 1 3 b7,{}
A#_dominant7_caged_seventh_E_shape_7_6-8-6-7-6-6,A#,dominant7,7,1 3 5 b7,intermediate_core,caged_seventh,E_shape_7,6-8-6-7-6-6,"[6, 8, 6, 7, 6, 6]",,root_position,,35,8,2,A# F G# D F A#,1 5 b7 3 5 1,{}
A#_dominant7_caged_seventh_D_shape_7_x-x-8-10-9-10,A#,dominant7,7,1 3 5 b7,intermediate_core,caged_seventh,D_shape_7,x-x-8-10-9-10,"[null, null, 8, 10, 9, 10]",,root_position,,35,10,2,None None A# F G# D,None None 1 5 b7 3,{}
A#_dominant7_compact_seventh_position_seventh_6-5-4-3_5-1-3-b7_1-1-0-1-x-x,A#,dominant7,7,1 3 5 b7,advanced_reference,compact_seventh_position,seventh_6-5-4-3_5-1-3-b7,1-1-0-1-x-x,"[1, 1, 0, 1, null, null]",6-5-4-3,second_inversion,,80,1,0,F A# D G# None None,5 1 3 b7 None None,{}
A#_dominant7_compact_seventh_position_seventh_5-4-3-2_1-5-b7-3_x-1-3-1-3-x,A#,dominant7,7,1 3 5 b7,advanced_reference,compact_seventh_position,seventh_5-4-3-2_1-5-b7-3,x-1-3-1-3-x,"[null, 1, 3, 1, 3, null]",5-4-3-2,root_position,,80,3,2,None A# F G# D None,None 1 5 b7 3 None,{}
A#_dominant7_compact_seventh_position_seventh_4-3-2-1_5-1-3-b7_x-x-3-3-3-4,A#,dominant7,7,1 3 5 b7,advanced_reference,compact_seventh_position,seventh_4-3-2-1_5-1-3-b7,x-x-3-3-3-4,"[null, null, 3, 3, 3, 4]",4-3-2-1,second_inversion,,80,4,1,None None F A# D G#,None None 5 1 3 b7,{}
A#_dominant7_compact_seventh_position_seventh_6-5-4-3_b7-3-5-1_4-5-3-3-x-x,A#,dominant7,7,1 3 5 b7,advanced_reference,compact_seventh_position,seventh_6-5-4-3_b7-3-5-1,4-5-3-3-x-x,"[4, 5, 3, 3, null, null]",6-5-4-3,seventh_in_bass,,80,5,2,G# D F A# None None,b7 3 5 1 None None,{}
A#_dominant7_compact_seventh_position_seventh_5-4-3-2_3-b7-1-5_x-5-6-3-6-x,A#,dominant7,7,1 3 5 b7,advanced_reference,compact_seventh_position,seventh_5-4-3-2_3-b7-1-5,x-5-6-3-6-x,"[null, 5, 6, 3, 6, null]",5-4-3-2,first_inversion_or_suspended_bass,,80,6,3,None D G# A# F None,None 3 b7 1 5 None,{}
A#_dominant7_compact_seventh_position_seventh_4-3-2-1_b7-3-5-1_x-x-6-7-6-6,A#,dominant7,7,1 3 5 b7,advanced_reference,compact_seventh_position,seventh_4-3-2-1_b7-3-5-1,x-x-6-7-6-6,"[null, null, 6, 7, 6, 6]",4-3-2-1,seventh_in_bass,,80,7,1,None None G# D F A#,None None b7 3 5 1,{}
A#_dominant7_compact_seventh_position_seventh_6-5-4-3_b7-5-1-3_4-8-8-7-x-x,A#,dominant7,7,1 3 5 b7,advanced_reference,compact_seventh_position,seventh_6-5-4-3_b7-5-1-3,4-8-8-7-x-x,"[4, 8, 8, 7, null, null]",6-5-4-3,seventh_in_bass,,80,8,4,G# F A# D None None,b7 5 1 3 None None,{}
A#_dominant7_compact_seventh_position_seventh_6-5-4-3_1-5-b7-3_6-8-6-7-x-x,A#,dominant7,7,1 3 5 b7,advanced_reference,compact_seventh_position,seventh_6-5-4-3_1-5-b7-3,6-8-6-7-x-x,"[6, 8, 6, 7, null, null]",6-5-4-3,root_position,,80,8,2,A# F G# D None None,1 5 b7 3 None None,{}
A#_dominant7_compact_seventh_position_seventh_4-3-2-1_1-3-5-b7_x-x-8-7-6-4,A#,dominant7,7,1 3 5 b7,advanced_reference,compact_seventh_position,seventh_4-3-2-1_1-3-5-b7,x-x-8-7-6-4,"[null, null, 8, 7, 6, 4]",4-3-2-1,root_position,,80,8,4,None None A# D F G#,None None 1 3 5 b7,{}
A#_dominant7_compact_seventh_position_seventh_5-4-3-2_5-1-3-b7_x-8-8-7-9-x,A#,dominant7,7,1 3 5 b7,advanced_reference,compact_seventh_position,seventh_5-4-3-2_5-1-3-b7,x-8-8-7-9-x,"[null, 8, 8, 7, 9, null]",5-4-3-2,second_inversion,,80,9,2,None F A# D G# None,None 5 1 3 b7 None,{}
A#_dominant7_compact_seventh_position_seventh_6-5-4-3_3-b7-1-5_10-11-8-10-x-x,A#,dominant7,7,1 3 5 b7,advanced_reference,compact_seventh_position,seventh_6-5-4-3_3-b7-1-5,10-11-8-10-x-x,"[10, 11, 8, 10, null, null]",6-5-4-3,first_inversion_or_suspended_bass,,80,11,3,D G# A# F None None,3 b7 1 5 None None,{}
A#_dominant7_compact_seventh_position_seventh_5-4-3-2_b7-3-5-1_x-11-12-10-11-x,A#,dominant7,7,1 3 5 b7,advanced_reference,compact_seventh_position,seventh_5-4-3-2_b7-3-5-1,x-11-12-10-11-x,"[null, 11, 12, 10, 11, null]",5-4-3-2,seventh_in_bass,,80,12,2,None G# D F A# None,None b7 3 5 1 None,{}
A#_dominant7_compact_seventh_position_seventh_6-5-4-3_5-1-3-b7_13-13-12-13-x-x,A#,dominant7,7,1 3 5 b7,advanced_reference,compact_seventh_position,seventh_6-5-4-3_5-1-3-b7,13-13-12-13-x-x,"[13, 13, 12, 13, null, null]",6-5-4-3,second_inversion,,80,13,1,F A# D G# None None,5 1 3 b7 None None,{}
A#_dominant7_compact_seventh_position_seventh_5-4-3-2_1-3-5-b7_x-13-12-10-9-x,A#,dominant7,7,1 3 5 b7,advanced_reference,compact_seventh_position,seventh_5-4-3-2_1-3-5-b7,x-13-12-10-9-x,"[null, 13, 12, 10, 9, null]",5-4-3-2,root_position,,80,13,4,None A# D F G# None,None 1 3 5 b7 None,{}
A#_dominant7_compact_seventh_position_seventh_4-3-2-1_3-b7-1-5_x-x-12-13-11-13,A#,dominant7,7,1 3 5 b7,advanced_reference,compact_seventh_position,seventh_4-3-2-1_3-b7-1-5,x-x-12-13-11-13,"[null, null, 12, 13, 11, 13]",4-3-2-1,first_inversion_or_suspended_bass,,80,13,2,None None D G# A# F,None None 3 b7 1 5,{}
A#_dominant7_compact_seventh_position_seventh_6-5-4-3_5-b7-3-1_13-11-12-15-x-x,A#,dominant7,7,1 3 5 b7,advanced_reference,compact_seventh_position,seventh_6-5-4-3_5-b7-3-1,13-11-12-15-x-x,"[13, 11, 12, 15, null, null]",6-5-4-3,second_inversion,,80,15,4,F G# D A# None None,5 b7 3 1 None None,{}
A#_dominant7_compact_seventh_position_seventh_5-4-3-2_b7-5-1-3_x-11-15-15-15-x,A#,dominant7,7,1 3 5 b7,advanced_reference,compact_seventh_position,seventh_5-4-3-2_b7-5-1-3,x-11-15-15-15-x,"[null, 11, 15, 15, 15, null]",5-4-3-2,seventh_in_bass,,80,15,4,None G# F A# D None,None b7 5 1 3 None,{}
A#_dominant7_compact_seventh_position_seventh_5-4-3-2_1-5-b7-3_x-13-15-13-15-x,A#,dominant7,7,1 3 5 b7,advanced_reference,compact_seventh_position,seventh_5-4-3-2_1-5-b7-3,x-13-15-13-15-x,"[null, 13, 15, 13, 15, null]",5-4-3-2,root_position,,80,15,2,None A# F G# D None,None 1 5 b7 3 None,{}
A#_dominant7_compact_seventh_position_seventh_4-3-2-1_5-1-3-b7_x-x-15-15-15-16,A#,dominant7,7,1 3 5 b7,advanced_reference,compact_seventh_position,seventh_4-3-2-1_5-1-3-b7,x-x-15-15-15-16,"[null, null, 15, 15, 15, 16]",4-3-2-1,second_inversion,,80,16,1,None None F A# D G#,None None 5 1 3 b7,{}
A#_dominant7_compact_seventh_position_seventh_6-5-4-3_b7-3-5-1_16-17-15-15-x-x,A#,dominant7,7,1 3 5 b7,advanced_reference,compact_seventh_position,seventh_6-5-4-3_b7-3-5-1,16-17-15-15-x-x,"[16, 17, 15, 15, null, null]",6-5-4-3,seventh_in_bass,,80,17,2,G# D F A# None None,b7 3 5 1 None None,{}
A#_dominant7_compact_seventh_position_seventh_5-4-3-2_3-b7-1-5_x-17-18-15-18-x,A#,dominant7,7,1 3 5 b7,advanced_reference,compact_seventh_position,seventh_5-4-3-2_3-b7-1-5,x-17-18-15-18-x,"[null, 17, 18, 15, 18, null]",5-4-3-2,first_inversion_or_suspended_bass,,80,18,3,None D G# A# F None,None 3 b7 1 5 None,{}
A#_half_diminished7_movable_diminished_A_root_m7b5_x-13-14-13-14-x,A#,half_diminished7,m7b5,1 b3 b5 b7,intermediate_core,movable_diminished,A_root_m7b5,x-13-14-13-14-x,"[null, 13, 14, 13, 14, null]",,root_position,,45,14,1,None A# E G# C# None,None 1 b5 b7 b3 None,{}
A#_half_diminished7_movable_diminished_E_root_m7b5_18-x-18-18-17-x,A#,half_diminished7,m7b5,1 b3 b5 b7,intermediate_core,movable_diminished,E_root_m7b5,18-x-18-18-17-x,"[18, null, 18, 18, 17, null]",,root_position,,45,18,1,A# None G# C# E None,1 None b7 b3 b5 None,{}
A#_half_diminished7_compact_seventh_position_seventh_5-4-3-2_1-b5-b7-b3_x-1-2-1-2-x,A#,half_diminished7,m7b5,1 b3 b5 b7,advanced_reference,compact_seventh_position,seventh_5-4-3-2_1-b5-b7-b3,x-1-2-1-2-x,"[null, 1, 2, 1, 2, null]",5-4-3-2,root_position,,80,2,1,None A# E G# C# None,None 1 b5 b7 b3 None,{}
A#_half_diminished7_compact_seventh_position_seventh_6-5-4-3_b7-b3-b5-1_4-4-2-3-x-x,A#,half_diminished7,m7b5,1 b3 b5 b7,advanced_reference,compact_seventh_position,seventh_6-5-4-3_b7-b3-b5-1,4-4-2-3-x-x,"[4, 4, 2, 3, null, null]",6-5-4-3,seventh_in_bass,,80,4,2,G# C# E A# None None,b7 b3 b5 1 None None,{}
A#_half_diminished7_compact_seventh_position_seventh_4-3-2-1_b5-1-b3-b7_x-x-2-3-2-4,A#,half_diminished7,m7b5,1 b3 b5 b7,advanced_reference,compact_seventh_position,seventh_4-3-2-1_b5-1-b3-b7,x-x-2-3-2-4,"[null, null, 2, 3, 2, 4]",4-3-2-1,second_inversion,,80,4,2,None None E A# C# G#,None None b5 1 b3 b7,{}
A#_half_diminished7_compact_seventh_position_seventh_5-4-3-2_b3-b7-1-b5_x-4-6-3-5-x,A#,half_diminished7,m7b5,1 b3 b5 b7,advanced_reference,compact_seventh_position,seventh_5-4-3-2_b3-b7-1-b5,x-4-6-3-5-x,"[null, 4, 6, 3, 5, null]",5-4-3-2,first_inversion_or_suspended_bass,,80,6,3,None C# G# A# E None,None b3 b7 1 b5 None,{}
A#_half_diminished7_compact_seventh_position_seventh_4-3-2-1_b7-b3-b5-1_x-x-6-6-5-6,A#,half_diminished7,m7b5,1 b3 b5 b7,advanced_reference,compact_seventh_position,seventh_4-3-2-1_b7-b3-b5-1,x-x-6-6-5-6,"[null, null, 6, 6, 5, 6]",4-3-2-1,seventh_in_bass,,80,6,1,None None G# C# E A#,None None b7 b3 b5 1,{}
A#_half_diminished7_compact_seventh_position_seventh_6-5-4-3_1-b5-b7-b3_6-7-6-6-x-x,A#,half_diminished7,m7b5,1 b3 b5 b7,advanced_reference,compact_seventh_position,seventh_6-5-4-3_1-b5-b7-b3,6-7-6-6-x-x,"[6, 7, 6, 6, null, null]",6-5-4-3,root_position,,80,7,1,A# E G# C# None None,1 b5 b7 b3 None None,{}
A#_half_diminished7_compact_seventh_position_seventh_6-5-4-3_b7-b5-1-b3_4-7-8-6-x-x,A#,half_diminished7,m7b5,1 b3 b5 b7,advanced_reference,compact_seventh_position,seventh_6-5-4-3_b7-b5-1-b3,4-7-8-6-x-x,"[4, 7, 8, 6, null, null]",6-5-4-3,seventh_in_bass,,80,8,4,G# E A# C# None None,b7 b5 1 b3 None None,{}
A#_half_diminished7_compact_seventh_position_seventh_4-3-2-1_1-b3-b5-b7_x-x-8-6-5-4,A#,half_diminished7,m7b5,1 b3 b5 b7,advanced_reference,compact_seventh_position,seventh_4-3-2-1_1-b3-b5-b7,x-x-8-6-5-4,"[null, null, 8, 6, 5, 4]",4-3-2-1,root_position,,80,8,4,None None A# C# E G#,None None 1 b3 b5 b7,{}
A#_half_diminished7_compact_seventh_position_seventh_5-4-3-2_b5-1-b3-b7_x-7-8-6-9-x,A#,half_diminished7,m7b5,1 b3 b5 b7,advanced_reference,compact_seventh_position,seventh_5-4-3-2_b5-1-b3-b7,x-7-8-6-9-x,"[null, 7, 8, 6, 9, null]",5-4-3-2,second_inversion,,80,9,3,None E A# C# G# None,None b5 1 b3 b7 None,{}
A#_half_diminished7_compact_seventh_position_seventh_4-3-2-1_1-b5-b7-b3_x-x-8-9-9-9,A#,half_diminished7,m7b5,1 b3 b5 b7,advanced_reference,compact_seventh_position,seventh_4-3-2-1_1-b5-b7-b3,x-x-8-9-9-9,"[null, null, 8, 9, 9, 9]",4-3-2-1,root_position,,80,9,1,None None A# E G# C#,None None 1 b5 b7 b3,{}
A#_half_diminished7_compact_seventh_position_seventh_6-5-4-3_b3-b7-1-b5_9-11-8-9-x-x,A#,half_diminished7,m7b5,1 b3 b5 b7,advanced_reference,compact_seventh_position,seventh_6-5-4-3_b3-b7-1-b5,9-11-8-9-x-x,"[9, 11, 8, 9, null, null]",6-5-4-3,first_inversion_or_suspended_bass,,80,11,3,C# G# A# E None None,b3 b7 1 b5 None None,{}
A#_half_diminished7_compact_seventh_position_seventh_5-4-3-2_b7-b3-b5-1_x-11-11-9-11-x,A#,half_diminished7,m7b5,1 b3 b5 b7,advanced_reference,compact_seventh_position,seventh_5-4-3-2_b7-b3-b5-1,x-11-11-9-11-x,"[null, 11, 11, 9, 11, null]",5-4-3-2,seventh_in_bass,,80,11,2,None G# C# E A# None,None b7 b3 b5 1 None,{}
A#_half_diminished7_compact_seventh_position_seventh_6-5-4-3_b5-1-b3-b7_12-13-11-13-x-x,A#,half_diminished7,m7b5,1 b3 b5 b7,advanced_reference,compact_seventh_position,seventh_6-5-4-3_b5-1-b3-b7,12-13-11-13-x-x,"[12, 13, 11, 13, null, null]",6-5-4-3,second_inversion,,80,13,2,E A# C# G# None None,b5 1 b3 b7 None None,{}
A#_half_diminished7_compact_seventh_position_seventh_5-4-3-2_1-b3-b5-b7_x-13-11-9-9-x,A#,half_diminished7,m7b5,1 b3 b5 b7,advanced_reference,compact_seventh_position,seventh_5-4-3-2_1-b3-b5-b7,x-13-11-9-9-x,"[null, 13, 11, 9, 9, null]",5-4-3-2,root_position,,80,13,4,None A# C# E G# None,None 1 b3 b5 b7 None,{}
A#_half_diminished7_compact_seventh_position_seventh_4-3-2-1_b3-b7-1-b5_x-x-11-13-11-12,A#,half_diminished7,m7b5,1 b3 b5 b7,advanced_reference,compact_seventh_position,seventh_4-3-2-1_b3-b7-1-b5,x-x-11-13-11-12,"[null, null, 11, 13, 11, 12]",4-3-2-1,first_inversion_or_suspended_bass,,80,13,2,None None C# G# A# E,None None b3 b7 1 b5,{}
A#_half_diminished7_compact_seventh_position_seventh_6-5-4-3_b5-b7-b3-1_12-11-11-15-x-x,A#,half_diminished7,m7b5,1 b3 b5 b7,advanced_reference,compact_seventh_position,seventh_6-5-4-3_b5-b7-b3-1,12-11-11-15-x-x,"[12, 11, 11, 15, null, null]",6-5-4-3,second_inversion,,80,15,4,E G# C# A# None None,b5 b7 b3 1 None None,{}
A#_half_diminished7_compact_seventh_position_seventh_5-4-3-2_b7-b5-1-b3_x-11-14-15-14-x,A#,half_diminished7,m7b5,1 b3 b5 b7,advanced_reference,compact_seventh_position,seventh_5-4-3-2_b7-b5-1-b3,x-11-14-15-14-x,"[null, 11, 14, 15, 14, null]",5-4-3-2,seventh_in_bass,,80,15,4,None G# E A# C# None,None b7 b5 1 b3 None,{}
A#_half_diminished7_compact_seventh_position_seventh_6-5-4-3_b7-b3-b5-1_16-16-14-15-x-x,A#,half_diminished7,m7b5,1 b3 b5 b7,advanced_reference,compact_seventh_position,seventh_6-5-4-3_b7-b3-b5-1,16-16-14-15-x-x,"[16, 16, 14, 15, null, null]",6-5-4-3,seventh_in_bass,,80,16,2,G# C# E A# None None,b7 b3 b5 1 None None,{}
A#_half_diminished7_compact_seventh_position_seventh_4-3-2-1_b5-1-b3-b7_x-x-14-15-14-16,A#,half_diminished7,m7b5,1 b3 b5 b7,advanced_reference,compact_seventh_position,seventh_4-3-2-1_b5-1-b3-b7,x-x-14-15-14-16,"[null, null, 14, 15, 14, 16]",4-3-2-1,second_inversion,,80,16,2,None None E A# C# G#,None None b5 1 b3 b7,{}
A#_half_diminished7_compact_seventh_position_seventh_5-4-3-2_b3-b7-1-b5_x-16-18-15-17-x,A#,half_diminished7,m7b5,1 b3 b5 b7,advanced_reference,compact_seventh_position,seventh_5-4-3-2_b3-b7-1-b5,x-16-18-15-17-x,"[null, 16, 18, 15, 17, null]",5-4-3-2,first_inversion_or_suspended_bass,,80,18,3,None C# G# A# E None,None b3 b7 1 b5 None,{}
A#_half_diminished7_compact_seventh_position_seventh_4-3-2-1_b7-b3-b5-1_x-x-18-18-17-18,A#,half_diminished7,m7b5,1 b3 b5 b7,advanced_reference,compact_seventh_position,seventh_4-3-2-1_b7-b3-b5-1,x-x-18-18-17-18,"[null, null, 18, 18, 17, 18]",4-3-2-1,seventh_in_bass,,80,18,1,None None G# C# E A#,None None b7 b3 b5 1,{}
A#_m7_caged_seventh_A_shape_m7_x-1-3-1-2-1,A#,m7,m7,1 b3 5 b7,intermediate_core,caged_seventh,A_shape_m7,x-1-3-1-2-1,"[null, 1, 3, 1, 2, 1]",,root_position,,35,3,2,None A# F G# C# F,None 1 5 b7 b3 5,{}
A#_m7_caged_seventh_E_shape_m7_6-8-6-6-6-6,A#,m7,m7,1 b3 5 b7,intermediate_core,caged_seventh,E_shape_m7,6-8-6-6-6-6,"[6, 8, 6, 6, 6, 6]",,root_position,,35,8,2,A# F G# C# F A#,1 5 b7 b3 5 1,{}
A#_m7_caged_seventh_D_shape_m7_x-x-8-10-9-9,A#,m7,m7,1 b3 5 b7,intermediate_core,caged_seventh,D_shape_m7,x-x-8-10-9-9,"[null, null, 8, 10, 9, 9]",,root_position,,35,10,2,None None A# F G# C#,None None 1 5 b7 b3,{}
A#_m7_compact_seventh_position_seventh_5-4-3-2_1-5-b7-b3_x-1-3-1-2-x,A#,m7,m7,1 b3 5 b7,advanced_reference,compact_seventh_position,seventh_5-4-3-2_1-5-b7-b3,x-1-3-1-2-x,"[null, 1, 3, 1, 2, null]",5-4-3-2,root_position,,80,3,2,None A# F G# C# None,None 1 5 b7 b3 None,{}
A#_m7_compact_seventh_position_seventh_6-5-4-3_b7-b3-5-1_4-4-3-3-x-x,A#,m7,m7,1 b3 5 b7,advanced_reference,compact_seventh_position,seventh_6-5-4-3_b7-b3-5-1,4-4-3-3-x-x,"[4, 4, 3, 3, null, null]",6-5-4-3,seventh_in_bass,,80,4,1,G# C# F A# None None,b7 b3 5 1 None None,{}
A#_m7_compact_seventh_position_seventh_4-3-2-1_5-1-b3-b7_x-x-3-3-2-4,A#,m7,m7,1 b3 5 b7,advanced_reference,compact_seventh_position,seventh_4-3-2-1_5-1-b3-b7,x-x-3-3-2-4,"[null, null, 3, 3, 2, 4]",4-3-2-1,second_inversion,,80,4,2,None None F A# C# G#,None None 5 1 b3 b7,{}
A#_m7_compact_seventh_position_seventh_5-4-3-2_b3-b7-1-5_x-4-6-3-6-x,A#,m7,m7,1 b3 5 b7,advanced_reference,compact_seventh_position,seventh_5-4-3-2_b3-b7-1-5,x-4-6-3-6-x,"[null, 4, 6, 3, 6, null]",5-4-3-2,first_inversion_or_suspended_bass,,80,6,3,None C# G# A# F None,None b3 b7 1 5 None,{}
A#_m7_compact_seventh_position_seventh_4-3-2-1_b7-b3-5-1_x-x-6-6-6-6,A#,m7,m7,1 b3 5 b7,advanced_reference,compact_seventh_position,seventh_4-3-2-1_b7-b3-5-1,x-x-6-6-6-6,"[null, null, 6, 6, 6, 6]",4-3-2-1,seventh_in_bass,,80,6,0,None None G# C# F A#,None None b7 b3 5 1,{}
A#_m7_compact_seventh_position_seventh_6-5-4-3_b7-5-1-b3_4-8-8-6-x-x,A#,m7,m7,1 b3 5 b7,advanced_reference,compact_seventh_position,seventh_6-5-4-3_b7-5-1-b3,4-8-8-6-x-x,"[4, 8, 8, 6, null, null]",6-5-4-3,seventh_in_bass,,80,8,4,G# F A# C# None None,b7 5 1 b3 None None,{}
A#_m7_compact_seventh_position_seventh_6-5-4-3_1-5-b7-b3_6-8-6-6-x-x,A#,m7,m7,1 b3 5 b7,advanced_reference,compact_seventh_position,seventh_6-5-4-3_1-5-b7-b3,6-8-6-6-x-x,"[6, 8, 6, 6, null, null]",6-5-4-3,root_position,,80,8,2,A# F G# C# None None,1 5 b7 b3 None None,{}
A#_m7_compact_seventh_position_seventh_4-3-2-1_1-b3-5-b7_x-x-8-6-6-4,A#,m7,m7,1 b3 5 b7,advanced_reference,compact_seventh_position,seventh_4-3-2-1_1-b3-5-b7,x-x-8-6-6-4,"[null, null, 8, 6, 6, 4]",4-3-2-1,root_position,,80,8,4,None None A# C# F G#,None None 1 b3 5 b7,{}
A#_m7_compact_seventh_position_seventh_5-4-3-2_5-1-b3-b7_x-8-8-6-9-x,A#,m7,m7,1 b3 5 b7,advanced_reference,compact_seventh_position,seventh_5-4-3-2_5-1-b3-b7,x-8-8-6-9-x,"[null, 8, 8, 6, 9, null]",5-4-3-2,second_inversion,,80,9,3,None F A# C# G# None,None 5 1 b3 b7 None,{}
A#_m7_compact_seventh_position_seventh_6-5-4-3_b3-b7-1-5_9-11-8-10-x-x,A#,m7,m7,1 b3 5 b7,advanced_reference,compact_seventh_position,seventh_6-5-4-3_b3-b7-1-5,9-11-8-10-x-x,"[9, 11, 8, 10, null, null]",6-5-4-3,first_inversion_or_suspended_bass,,80,11,3,C# G# A# F None None,b3 b7 1 5 None None,{}
A#_m7_compact_seventh_position_seventh_5-4-3-2_b7-b3-5-1_x-11-11-10-11-x,A#,m7,m7,1 b3 5 b7,advanced_reference,compact_seventh_position,seventh_5-4-3-2_b7-b3-5-1,x-11-11-10-11-x,"[null, 11, 11, 10, 11, null]",5-4-3-2,seventh_in_bass,,80,11,1,None G# C# F A# None,None b7 b3 5 1 None,{}
A#_m7_compact_seventh_position_seventh_6-5-4-3_5-1-b3-b7_13-13-11-13-x-x,A#,m7,m7,1 b3 5 b7,advanced_reference,compact_seventh_position,seventh_6-5-4-3_5-1-b3-b7,13-13-11-13-x-x,"[13, 13, 11, 13, null, null]",6-5-4-3,second_inversion,,80,13,2,F A# C# G# None None,5 1 b3 b7 None None,{}
A#_m7_compact_seventh_position_seventh_5-4-3-2_1-b3-5-b7_x-13-11-10-9-x,A#,m7,m7,1 b3 5 b7,advanced_reference,compact_seventh_position,seventh_5-4-3-2_1-b3-5-b7,x-13-11-10-9-x,"[null, 13, 11, 10, 9, null]",5-4-3-2,root_position,,80,13,4,None A# C# F G# None,None 1 b3 5 b7 None,{}
A#_m7_compact_seventh_position_seventh_4-3-2-1_b3-b7-1-5_x-x-11-13-11-13,A#,m7,m7,1 b3 5 b7,advanced_reference,compact_seventh_position,seventh_4-3-2-1_b3-b7-1-5,x-x-11-13-11-13,"[null, null, 11, 13, 11, 13]",4-3-2-1,first_inversion_or_suspended_bass,,80,13,2,None None C# G# A# F,None None b3 b7 1 5,{}
A#_m7_compact_seventh_position_seventh_6-5-4-3_5-b7-b3-1_13-11-11-15-x-x,A#,m7,m7,1 b3 5 b7,advanced_reference,compact_seventh_position,seventh_6-5-4-3_5-b7-b3-1,13-11-11-15-x-x,"[13, 11, 11, 15, null, null]",6-5-4-3,second_inversion,,80,15,4,F G# C# A# None None,5 b7 b3 1 None None,{}
A#_m7_compact_seventh_position_seventh_5-4-3-2_b7-5-1-b3_x-11-15-15-14-x,A#,m7,m7,1 b3 5 b7,advanced_reference,compact_seventh_position,seventh_5-4-3-2_b7-5-1-b3,x-11-15-15-14-x,"[null, 11, 15, 15, 14, null]",5-4-3-2,seventh_in_bass,,80,15,4,None G# F A# C# None,None b7 5 1 b3 None,{}
A#_m7_compact_seventh_position_seventh_5-4-3-2_1-5-b7-b3_x-13-15-13-14-x,A#,m7,m7,1 b3 5 b7,advanced_reference,compact_seventh_position,seventh_5-4-3-2_1-5-b7-b3,x-13-15-13-14-x,"[null, 13, 15, 13, 14, null]",5-4-3-2,root_position,,80,15,2,None A# F G# C# None,None 1 5 b7 b3 None,{}
A#_m7_compact_seventh_position_seventh_6-5-4-3_b7-b3-5-1_16-16-15-15-x-x,A#,m7,m7,1 b3 5 b7,advanced_reference,compact_seventh_position,seventh_6-5-4-3_b7-b3-5-1,16-16-15-15-x-x,"[16, 16, 15, 15, null, null]",6-5-4-3,seventh_in_bass,,80,16,1,G# C# F A# None None,b7 b3 5 1 None None,{}
A#_m7_compact_seventh_position_seventh_4-3-2-1_5-1-b3-b7_x-x-15-15-14-16,A#,m7,m7,1 b3 5 b7,advanced_reference,compact_seventh_position,seventh_4-3-2-1_5-1-b3-b7,x-x-15-15-14-16,"[null, null, 15, 15, 14, 16]",4-3-2-1,second_inversion,,80,16,2,None None F A# C# G#,None None 5 1 b3 b7,{}
A#_m7_compact_seventh_position_seventh_5-4-3-2_b3-b7-1-5_x-16-18-15-18-x,A#,m7,m7,1 b3 5 b7,advanced_reference,compact_seventh_position,seventh_5-4-3-2_b3-b7-1-5,x-16-18-15-18-x,"[null, 16, 18, 15, 18, null]",5-4-3-2,first_inversion_or_suspended_bass,,80,18,3,None C# G# A# F None,None b3 b7 1 5 None,{}
A#_m7_compact_seventh_position_seventh_4-3-2-1_b7-b3-5-1_x-x-18-18-18-18,A#,m7,m7,1 b3 5 b7,advanced_reference,compact_seventh_position,seventh_4-3-2-1_b7-b3-5-1,x-x-18-18-18-18,"[null, null, 18, 18, 18, 18]",4-3-2-1,seventh_in_bass,,80,18,0,None None G# C# F A#,None None b7 b3 5 1,{}
A#_maj7_caged_seventh_A_shape_maj7_x-1-3-2-3-1,A#,maj7,maj7,1 3 5 7,intermediate_core,caged_seventh,A_shape_maj7,x-1-3-2-3-1,"[null, 1, 3, 2, 3, 1]",,root_position,,35,3,2,None A# F A D F,None 1 5 7 3 5,{}
A#_maj7_caged_seventh_G_shape_maj7_6-x-7-7-6-x,A#,maj7,maj7,1 3 5 7,intermediate_core,caged_seventh,G_shape_maj7,6-x-7-7-6-x,"[6, null, 7, 7, 6, null]",,root_position,,35,7,1,A# None A D F None,1 None 7 3 5 None,{}
A#_maj7_caged_seventh_E_shape_maj7_6-8-7-7-6-6,A#,maj7,maj7,1 3 5 7,intermediate_core,caged_seventh,E_shape_maj7,6-8-7-7-6-6,"[6, 8, 7, 7, 6, 6]",,root_position,,35,8,2,A# F A D F A#,1 5 7 3 5 1,{}
A#_maj7_compact_seventh_position_seventh_6-5-4-3_5-1-3-7_1-1-0-2-x-x,A#,maj7,maj7,1 3 5 7,advanced_reference,compact_seventh_position,seventh_6-5-4-3_5-1-3-7,1-1-0-2-x-x,"[1, 1, 0, 2, null, null]",6-5-4-3,second_inversion,,80,2,1,F A# D A None None,5 1 3 7 None None,{}
A#_maj7_compact_seventh_position_seventh_6-5-4-3_5-7-3-1_1-0-0-3-x-x,A#,maj7,maj7,1 3 5 7,advanced_reference,compact_seventh_position,seventh_6-5-4-3_5-7-3-1,1-0-0-3-x-x,"[1, 0, 0, 3, null, null]",6-5-4-3,second_inversion,,80,3,2,F A D A# None None,5 7 3 1 None None,{}
A#_maj7_compact_seventh_position_seventh_5-4-3-2_7-5-1-3_x-0-3-3-3-x,A#,maj7,maj7,1 3 5 7,advanced_reference,compact_seventh_position,seventh_5-4-3-2_7-5-1-3,x-0-3-3-3-x,"[null, 0, 3, 3, 3, null]",5-4-3-2,seventh_in_bass,,80,3,0,None A F A# D None,None 7 5 1 3 None,{}
A#_maj7_compact_seventh_position_seventh_5-4-3-2_1-5-7-3_x-1-3-2-3-x,A#,maj7,maj7,1 3 5 7,advanced_reference,compact_seventh_position,seventh_5-4-3-2_1-5-7-3,x-1-3-2-3-x,"[null, 1, 3, 2, 3, null]",5-4-3-2,root_position,,80,3,2,None A# F A D None,None 1 5 7 3 None,{}
A#_maj7_compact_seventh_position_seventh_6-5-4-3_7-3-5-1_5-5-3-3-x-x,A#,maj7,maj7,1 3 5 7,advanced_reference,compact_seventh_position,seventh_6-5-4-3_7-3-5-1,5-5-3-3-x-x,"[5, 5, 3, 3, null, null]",6-5-4-3,seventh_in_bass,,80,5,2,A D F A# None None,7 3 5 1 None None,{}
A#_maj7_compact_seventh_position_seventh_4-3-2-1_5-1-3-7_x-x-3-3-3-5,A#,maj7,maj7,1 3 5 7,advanced_reference,compact_seventh_position,seventh_4-3-2-1_5-1-3-7,x-x-3-3-3-5,"[null, null, 3, 3, 3, 5]",4-3-2-1,second_inversion,,80,5,2,None None F A# D A,None None 5 1 3 7,{}
A#_maj7_compact_seventh_position_seventh_6-5-4-3_1-3-5-7_6-5-3-2-x-x,A#,maj7,maj7,1 3 5 7,advanced_reference,compact_seventh_position,seventh_6-5-4-3_1-3-5-7,6-5-3-2-x-x,"[6, 5, 3, 2, null, null]",6-5-4-3,root_position,,80,6,4,A# D F A None None,1 3 5 7 None None,{}
A#_maj7_compact_seventh_position_seventh_4-3-2-1_5-7-3-1_x-x-3-2-3-6,A#,maj7,maj7,1 3 5 7,advanced_reference,compact_seventh_position,seventh_4-3-2-1_5-7-3-1,x-x-3-2-3-6,"[null, null, 3, 2, 3, 6]",4-3-2-1,second_inversion,,80,6,4,None None F A D A#,None None 5 7 3 1,{}
A#_maj7_compact_seventh_position_seventh_5-4-3-2_3-7-1-5_x-5-7-3-6-x,A#,maj7,maj7,1 3 5 7,advanced_reference,compact_seventh_position,seventh_5-4-3-2_3-7-1-5,x-5-7-3-6-x,"[null, 5, 7, 3, 6, null]",5-4-3-2,first_inversion_or_suspended_bass,,80,7,4,None D A A# F None,None 3 7 1 5 None,{}
A#_maj7_compact_seventh_position_seventh_4-3-2-1_7-3-5-1_x-x-7-7-6-6,A#,maj7,maj7,1 3 5 7,advanced_reference,compact_seventh_position,seventh_4-3-2-1_7-3-5-1,x-x-7-7-6-6,"[null, null, 7, 7, 6, 6]",4-3-2-1,seventh_in_bass,,80,7,1,None None A D F A#,None None 7 3 5 1,{}
A#_maj7_compact_seventh_position_seventh_6-5-4-3_7-5-1-3_5-8-8-7-x-x,A#,maj7,maj7,1 3 5 7,advanced_reference,compact_seventh_position,seventh_6-5-4-3_7-5-1-3,5-8-8-7-x-x,"[5, 8, 8, 7, null, null]",6-5-4-3,seventh_in_bass,,80,8,3,A F A# D None None,7 5 1 3 None None,{}
A#_maj7_compact_seventh_position_seventh_6-5-4-3_1-5-7-3_6-8-7-7-x-x,A#,maj7,maj7,1 3 5 7,advanced_reference,compact_seventh_position,seventh_6-5-4-3_1-5-7-3,6-8-7-7-x-x,"[6, 8, 7, 7, null, null]",6-5-4-3,root_position,,80,8,2,A# F A D None None,1 5 7 3 None None,{}
A#_maj7_compact_seventh_position_seventh_4-3-2-1_1-3-5-7_x-x-8-7-6-5,A#,maj7,maj7,1 3 5 7,advanced_reference,compact_seventh_position,seventh_4-3-2-1_1-3-5-7,x-x-8-7-6-5,"[null, null, 8, 7, 6, 5]",4-3-2-1,root_position,,80,8,3,None None A# D F A,None None 1 3 5 7,{}
A#_maj7_compact_seventh_position_seventh_5-4-3-2_5-1-3-7_x-8-8-7-10-x,A#,maj7,maj7,1 3 5 7,advanced_reference,compact_seventh_position,seventh_5-4-3-2_5-1-3-7,x-8-8-7-10-x,"[null, 8, 8, 7, 10, null]",5-4-3-2,second_inversion,,80,10,3,None F A# D A None,None 5 1 3 7 None,{}
A#_maj7_compact_seventh_position_seventh_4-3-2-1_1-5-7-3_x-x-8-10-10-10,A#,maj7,maj7,1 3 5 7,advanced_reference,compact_seventh_position,seventh_4-3-2-1_1-5-7-3,x-x-8-10-10-10,"[null, null, 8, 10, 10, 10]",4-3-2-1,root_position,,80,10,2,None None A# F A D,None None 1 5 7 3,{}
A#_maj7_compact_seventh_position_seventh_5-4-3-2_5-7-3-1_x-8-7-7-11-x,A#,maj7,maj7,1 3 5 7,advanced_reference,compact_seventh_position,seventh_5-4-3-2_5-7-3-1,x-8-7-7-11-x,"[null, 8, 7, 7, 11, null]",5-4-3-2,second_inversion,,80,11,4,None F A D A# None,None 5 7 3 1 None,{}
A#_maj7_compact_seventh_position_seventh_4-3-2-1_7-5-1-3_x-x-7-10-11-10,A#,maj7,maj7,1 3 5 7,advanced_reference,compact_seventh_position,seventh_4-3-2-1_7-5-1-3,x-x-7-10-11-10,"[null, null, 7, 10, 11, 10]",4-3-2-1,seventh_in_bass,,80,11,4,None None A F A# D,None None 7 5 1 3,{}
A#_maj7_compact_seventh_position_seventh_6-5-4-3_3-7-1-5_10-12-8-10-x-x,A#,maj7,maj7,1 3 5 7,advanced_reference,compact_seventh_position,seventh_6-5-4-3_3-7-1-5,10-12-8-10-x-x,"[10, 12, 8, 10, null, null]",6-5-4-3,first_inversion_or_suspended_bass,,80,12,4,D A A# F None None,3 7 1 5 None None,{}
A#_maj7_compact_seventh_position_seventh_5-4-3-2_7-3-5-1_x-12-12-10-11-x,A#,maj7,maj7,1 3 5 7,advanced_reference,compact_seventh_position,seventh_5-4-3-2_7-3-5-1,x-12-12-10-11-x,"[null, 12, 12, 10, 11, null]",5-4-3-2,seventh_in_bass,,80,12,2,None A D F A# None,None 7 3 5 1 None,{}
A#_maj7_compact_seventh_position_seventh_5-4-3-2_1-3-5-7_x-13-12-10-10-x,A#,maj7,maj7,1 3 5 7,advanced_reference,compact_seventh_position,seventh_5-4-3-2_1-3-5-7,x-13-12-10-10-x,"[null, 13, 12, 10, 10, null]",5-4-3-2,root_position,,80,13,3,None A# D F A None,None 1 3 5 7 None,{}
A#_maj7_compact_seventh_position_seventh_6-5-4-3_5-1-3-7_13-13-12-14-x-x,A#,maj7,maj7,1 3 5 7,advanced_reference,compact_seventh_position,seventh_6-5-4-3_5-1-3-7,13-13-12-14-x-x,"[13, 13, 12, 14, null, null]",6-5-4-3,second_inversion,,80,14,2,F A# D A None None,5 1 3 7 None None,{}
A#_maj7_compact_seventh_position_seventh_4-3-2-1_3-7-1-5_x-x-12-14-11-13,A#,maj7,maj7,1 3 5 7,advanced_reference,compact_seventh_position,seventh_4-3-2-1_3-7-1-5,x-x-12-14-11-13,"[null, null, 12, 14, 11, 13]",4-3-2-1,first_inversion_or_suspended_bass,,80,14,3,None None D A A# F,None None 3 7 1 5,{}
A#_maj7_compact_seventh_position_seventh_6-5-4-3_5-7-3-1_13-12-12-15-x-x,A#,maj7,maj7,1 3 5 7,advanced_reference,compact_seventh_position,seventh_6-5-4-3_5-7-3-1,13-12-12-15-x-x,"[13, 12, 12, 15, null, null]",6-5-4-3,second_inversion,,80,15,3,F A D A# None None,5 7 3 1 None None,{}
A#_maj7_compact_seventh_position_seventh_5-4-3-2_7-5-1-3_x-12-15-15-15-x,A#,maj7,maj7,1 3 5 7,advanced_reference,compact_seventh_position,seventh_5-4-3-2_7-5-1-3,x-12-15-15-15-x,"[null, 12, 15, 15, 15, null]",5-4-3-2,seventh_in_bass,,80,15,3,None A F A# D None,None 7 5 1 3 None,{}
A#_maj7_compact_seventh_position_seventh_5-4-3-2_1-5-7-3_x-13-15-14-15-x,A#,maj7,maj7,1 3 5 7,advanced_reference,compact_seventh_position,seventh_5-4-3-2_1-5-7-3,x-13-15-14-15-x,"[null, 13, 15, 14, 15, null]",5-4-3-2,root_position,,80,15,2,None A# F A D None,None 1 5 7 3 None,{}
A#_maj7_compact_seventh_position_seventh_6-5-4-3_7-3-5-1_17-17-15-15-x-x,A#,maj7,maj7,1 3 5 7,advanced_reference,compact_seventh_position,seventh_6-5-4-3_7-3-5-1,17-17-15-15-x-x,"[17, 17, 15, 15, null, null]",6-5-4-3,seventh_in_bass,,80,17,2,A D F A# None None,7 3 5 1 None None,{}
A#_maj7_compact_seventh_position_seventh_4-3-2-1_5-1-3-7_x-x-15-15-15-17,A#,maj7,maj7,1 3 5 7,advanced_reference,compact_seventh_position,seventh_4-3-2-1_5-1-3-7,x-x-15-15-15-17,"[null, null, 15, 15, 15, 17]",4-3-2-1,second_inversion,,80,17,2,None None F A# D A,None None 5 1 3 7,{}
A#_maj7_compact_seventh_position_seventh_6-5-4-3_1-3-5-7_18-17-15-14-x-x,A#,maj7,maj7,1 3 5 7,advanced_reference,compact_seventh_position,seventh_6-5-4-3_1-3-5-7,18-17-15-14-x-x,"[18, 17, 15, 14, null, null]",6-5-4-3,root_position,,80,18,4,A# D F A None None,1 3 5 7 None None,{}
A#_maj7_compact_seventh_position_seventh_4-3-2-1_5-7-3-1_x-x-15-14-15-18,A#,maj7,maj7,1 3 5 7,advanced_reference,compact_seventh_position,seventh_4-3-2-1_5-7-3-1,x-x-15-14-15-18,"[null, null, 15, 14, 15, 18]",4-3-2-1,second_inversion,,80,18,4,None None F A D A#,None None 5 7 3 1,{}
A#_major_caged_major_C_shape_x-13-12-10-11-10,A#,major,major,1 3 5,beginner_core,caged_major,C_shape,x-13-12-10-11-10,"[null, 13, 12, 10, 11, 10]",,root_position,,1,13,3,None A# D F A# D,None 1 3 5 1 3,{}
A#_major_caged_major_A_shape_x-1-3-3-3-1,A#,major,major,1 3 5,beginner_core,caged_major,A_shape,x-1-3-3-3-1,"[null, 1, 3, 3, 3, 1]",,root_position,,2,3,2,None A# F A# D F,None 1 5 1 3 5,{}
A#_major_caged_major_G_shape_6-5-3-3-3-6,A#,major,major,1 3 5,beginner_core,caged_major,G_shape,6-5-3-3-3-6,"[6, 5, 3, 3, 3, 6]",,root_position,,3,6,3,A# D F A# D A#,1 3 5 1 3 1,{}
A#_major_caged_major_E_shape_6-8-8-7-6-6,A#,major,major,1 3 5,beginner_core,caged_major,E_shape,6-8-8-7-6-6,"[6, 8, 8, 7, 6, 6]",,root_position,,4,8,2,A# F A# D F A#,1 5 1 3 5 1,{}
A#_major_caged_major_D_shape_x-x-8-10-11-10,A#,major,major,1 3 5,beginner_core,caged_major,D_shape,x-x-8-10-11-10,"[null, null, 8, 10, 11, 10]",,root_position,,5,11,3,None None A# F A# D,None None 1 5 1 3,{}
A#_major_triad_position_triad_6-5-4_second_inversion_5-1-3_1-1-0-x-x-x,A#,major,major,1 3 5,intermediate_core,triad_position,triad_6-5-4_second_inversion_5-1-3,1-1-0-x-x-x,"[1, 1, 0, null, null, null]",6-5-4,second_inversion,second_inversion,60,1,0,F A# D None None None,5 1 3 None None None,"{""sus4"": ""A#_sus4_triad_related_suspended_from_A#_major_triad_position_triad_6-5-4_second_inversion_5-1-3_1-1-0-x-x-x_sus4_1-1-1-x-x-x""}"
A#_major_triad_position_triad_4-3-2_second_inversion_5-1-3_x-x-3-3-3-x,A#,major,major,1 3 5,intermediate_core,triad_position,triad_4-3-2_second_inversion_5-1-3,x-x-3-3-3-x,"[null, null, 3, 3, 3, null]",4-3-2,second_inversion,second_inversion,60,3,0,None None F A# D None,None None 5 1 3 None,"{""sus2"": ""A#_sus2_triad_related_suspended_from_A#_major_triad_position_triad_4-3-2_second_inversion_5-1-3_x-x-3-3-3-x_sus2_x-x-3-3-1-x"", ""sus4"": ""A#_sus4_triad_related_suspended_from_A#_major_triad_position_triad_4-3-2_second_inversion_5-1-3_x-x-3-3-3-x_sus4_x-x-3-3-4-x""}"
A#_major_triad_position_triad_3-2-1_root_position_1-3-5_x-x-x-3-3-1,A#,major,major,1 3 5,intermediate_core,triad_position,triad_3-2-1_root_position_1-3-5,x-x-x-3-3-1,"[null, null, null, 3, 3, 1]",3-2-1,root_position,root_position,60,3,2,None None None A# D F,None None None 1 3 5,"{""sus2"": ""A#_sus2_triad_related_suspended_from_A#_major_triad_position_triad_3-2-1_root_position_1-3-5_x-x-x-3-3-1_sus2_x-x-x-3-1-1"", ""sus4"": ""A#_sus4_triad_related_suspended_from_A#_major_triad_position_triad_3-2-1_root_position_1-3-5_x-x-x-3-3-1_sus4_x-x-x-3-4-1""}"
A#_major_triad_position_triad_5-4-3_first_inversion_3-5-1_x-5-3-3-x-x,A#,major,major,1 3 5,intermediate_core,triad_position,triad_5-4-3_first_inversion_3-5-1,x-5-3-3-x-x,"[null, 5, 3, 3, null, null]",5-4-3,first_inversion_or_suspended_bass,first_inversion,60,5,2,None D F A# None None,None 3 5 1 None None,"{""sus2"": ""A#_sus2_triad_related_suspended_from_A#_major_triad_position_triad_5-4-3_first_inversion_3-5-1_x-5-3-3-x-x_sus2_x-3-3-3-x-x"", ""sus4"": ""A#_sus4_triad_related_suspended_from_A#_major_triad_position_triad_5-4-3_first_inversion_3-5-1_x-5-3-3-x-x_sus4_x-6-3-3-x-x""}"
A#_major_triad_position_triad_6-5-4_root_position_1-3-5_6-5-3-x-x-x,A#,major,major,1 3 5,intermediate_core,triad_position,triad_6-5-4_root_position_1-3-5,6-5-3-x-x-x,"[6, 5, 3, null, null, null]",6-5-4,root_position,root_position,60,6,3,A# D F None None None,1 3 5 None None None,"{""sus2"": ""A#_sus2_triad_related_suspended_from_A#_major_triad_position_triad_6-5-4_root_position_1-3-5_6-5-3-x-x-x_sus2_6-3-3-x-x-x"", ""sus4"": ""A#_sus4_triad_related_suspended_from_A#_major_triad_position_triad_6-5-4_root_position_1-3-5_6-5-3-x-x-x_sus4_6-6-3-x-x-x""}"
A#_major_triad_position_triad_3-2-1_first_inversion_3-5-1_x-x-x-7-6-6,A#,major,major,1 3 5,intermediate_core,triad_position,triad_3-2-1_first_inversion_3-5-1,x-x-x-7-6-6,"[null, null, null, 7, 6, 6]",3-2-1,first_inversion_or_suspended_bass,first_inversion,60,7,1,None None None D F A#,None None None 3 5 1,"{""sus2"": ""A#_sus2_triad_related_suspended_from_A#_major_triad_position_triad_3-2-1_first_inversion_3-5-1_x-x-x-7-6-6_sus2_x-x-x-5-6-6"", ""sus4"": ""A#_sus4_triad_related_suspended_from_A#_major_triad_position_triad_3-2-1_first_inversion_3-5-1_x-x-x-7-6-6_sus4_x-x-x-8-6-6""}"
A#_major_triad_position_triad_5-4-3_second_inversion_5-1-3_x-8-8-7-x-x,A#,major,major,1 3 5,intermediate_core,triad_position,triad_5-4-3_second_inversion_5-1-3,x-8-8-7-x-x,"[null, 8, 8, 7, null, null]",5-4-3,second_inversion,second_inversion,60,8,1,None F A# D None None,None 5 1 3 None None,"{""sus2"": ""A#_sus2_triad_related_suspended_from_A#_major_triad_position_triad_5-4-3_second_inversion_5-1-3_x-8-8-7-x-x_sus2_x-8-8-5-x-x"", ""sus4"": ""A#_sus4_triad_related_suspended_from_A#_major_triad_position_triad_5-4-3_second_inversion_5-1-3_x-8-8-7-x-x_sus4_x-8-8-8-x-x""}"
A#_major_triad_position_triad_4-3-2_root_position_1-3-5_x-x-8-7-6-x,A#,major,major,1 3 5,intermediate_core,triad_position,triad_4-3-2_root_position_1-3-5,x-x-8-7-6-x,"[null, null, 8, 7, 6, null]",4-3-2,root_position,root_position,60,8,2,None None A# D F None,None None 1 3 5 None,"{""sus2"": ""A#_sus2_triad_related_suspended_from_A#_major_triad_position_triad_4-3-2_root_position_1-3-5_x-x-8-7-6-x_sus2_x-x-8-5-6-x"", ""sus4"": ""A#_sus4_triad_related_suspended_from_A#_major_triad_position_triad_4-3-2_root_position_1-3-5_x-x-8-7-6-x_sus4_x-x-8-8-6-x""}"
A#_major_triad_position_triad_6-5-4_first_inversion_3-5-1_10-8-8-x-x-x,A#,major,major,1 3 5,intermediate_core,triad_position,triad_6-5-4_first_inversion_3-5-1,10-8-8-x-x-x,"[10, 8, 8, null, null, null]",6-5-4,first_inversion_or_suspended_bass,first_inversion,60,10,2,D F A# None None None,3 5 1 None None None,"{""sus2"": ""A#_sus2_triad_related_suspended_from_A#_major_triad_position_triad_6-5-4_first_inversion_3-5-1_10-8-8-x-x-x_sus2_8-8-8-x-x-x"", ""sus4"": ""A#_sus4_triad_related_suspended_from_A#_major_triad_position_triad_6-5-4_first_inversion_3-5-1_10-8-8-x-x-x_sus4_11-8-8-x-x-x""}"
A#_major_triad_position_triad_3-2-1_second_inversion_5-1-3_x-x-x-10-11-10,A#,major,major,1 3 5,intermediate_core,triad_position,triad_3-2-1_second_inversion_5-1-3,x-x-x-10-11-10,"[null, null, null, 10, 11, 10]",3-2-1,second_inversion,second_inversion,60,11,1,None None None F A# D,None None None 5 1 3,"{""sus2"": ""A#_sus2_triad_related_suspended_from_A#_major_triad_position_triad_3-2-1_second_inversion_5-1-3_x-x-x-10-11-10_sus2_x-x-x-10-11-8"", ""sus4"": ""A#_sus4_triad_related_suspended_from_A#_major_triad_position_triad_3-2-1_second_inversion_5-1-3_x-x-x-10-11-10_sus4_x-x-x-10-11-11""}"
A#_major_triad_position_triad_4-3-2_first_inversion_3-5-1_x-x-12-10-11-x,A#,major,major,1 3 5,intermediate_core,triad_position,triad_4-3-2_first_inversion_3-5-1,x-x-12-10-11-x,"[null, null, 12, 10, 11, null]",4-3-2,first_inversion_or_suspended_bass,first_inversion,60,12,2,None None D F A# None,None None 3 5 1 None,"{""sus2"": ""A#_sus2_triad_related_suspended_from_A#_major_triad_position_triad_4-3-2_first_inversion_3-5-1_x-x-12-10-11-x_sus2_x-x-10-10-11-x"", ""sus4"": ""A#_sus4_triad_related_suspended_from_A#_major_triad_position_triad_4-3-2_first_inversion_3-5-1_x-x-12-10-11-x_sus4_x-x-13-10-11-x""}"
A#_major_triad_position_triad_6-5-4_second_inversion_5-1-3_13-13-12-x-x-x,A#,major,major,1 3 5,intermediate_core,triad_position,triad_6-5-4_second_inversion_5-1-3,13-13-12-x-x-x,"[13, 13, 12, null, null, null]",6-5-4,second_inversion,second_inversion,60,13,1,F A# D None None None,5 1 3 None None None,"{""sus2"": ""A#_sus2_triad_related_suspended_from_A#_major_triad_position_triad_6-5-4_second_inversion_5-1-3_13-13-12-x-x-x_sus2_13-13-10-x-x-x"", ""sus4"": ""A#_sus4_triad_related_suspended_from_A#_major_triad_position_triad_6-5-4_second_inversion_5-1-3_13-13-12-x-x-x_sus4_13-13-13-x-x-x""}"
A#_major_triad_position_triad_5-4-3_root_position_1-3-5_x-13-12-10-x-x,A#,major,major,1 3 5,intermediate_core,triad_position,triad_5-4-3_root_position_1-3-5,x-13-12-10-x-x,"[null, 13, 12, 10, null, null]",5-4-3,root_position,root_position,60,13,3,None A# D F None None,None 1 3 5 None None,"{""sus2"": ""A#_sus2_triad_related_suspended_from_A#_major_triad_position_triad_5-4-3_root_position_1-3-5_x-13-12-10-x-x_sus2_x-13-10-10-x-x"", ""sus4"": ""A#_sus4_triad_related_suspended_from_A#_major_triad_position_triad_5-4-3_root_position_1-3-5_x-13-12-10-x-x_sus4_x-13-13-10-x-x""}"
A#_major_triad_position_triad_4-3-2_second_inversion_5-1-3_x-x-15-15-15-x,A#,major,major,1 3 5,intermediate_core,triad_position,triad_4-3-2_second_inversion_5-1-3,x-x-15-15-15-x,"[null, null, 15, 15, 15, null]",4-3-2,second_inversion,second_inversion,60,15,0,None None F A# D None,None None 5 1 3 None,"{""sus2"": ""A#_sus2_triad_related_suspended_from_A#_major_triad_position_triad_4-3-2_second_inversion_5-1-3_x-x-15-15-15-x_sus2_x-x-15-15-13-x"", ""sus4"": ""A#_sus4_triad_related_suspended_from_A#_major_triad_position_triad_4-3-2_second_inversion_5-1-3_x-x-15-15-15-x_sus4_x-x-15-15-16-x""}"
A#_major_triad_position_triad_3-2-1_root_position_1-3-5_x-x-x-15-15-13,A#,major,major,1 3 5,intermediate_core,triad_position,triad_3-2-1_root_position_1-3-5,x-x-x-15-15-13,"[null, null, null, 15, 15, 13]",3-2-1,root_position,root_position,60,15,2,None None None A# D F,None None None 1 3 5,"{""sus2"": ""A#_sus2_triad_related_suspended_from_A#_major_triad_position_triad_3-2-1_root_position_1-3-5_x-x-x-15-15-13_sus2_x-x-x-15-13-13"", ""sus4"": ""A#_sus4_triad_related_suspended_from_A#_major_triad_position_triad_3-2-1_root_position_1-3-5_x-x-x-15-15-13_sus4_x-x-x-15-16-13""}"
A#_major_triad_position_triad_5-4-3_first_inversion_3-5-1_x-17-15-15-x-x,A#,major,major,1 3 5,intermediate_core,triad_position,triad_5-4-3_first_inversion_3-5-1,x-17-15-15-x-x,"[null, 17, 15, 15, null, null]",5-4-3,first_inversion_or_suspended_bass,first_inversion,60,17,2,None D F A# None None,None 3 5 1 None None,"{""sus2"": ""A#_sus2_triad_related_suspended_from_A#_major_triad_position_triad_5-4-3_first_inversion_3-5-1_x-17-15-15-x-x_sus2_x-15-15-15-x-x"", ""sus4"": ""A#_sus4_triad_related_suspended_from_A#_major_triad_position_triad_5-4-3_first_inversion_3-5-1_x-17-15-15-x-x_sus4_x-18-15-15-x-x""}"
A#_major_triad_position_triad_6-5-4_root_position_1-3-5_18-17-15-x-x-x,A#,major,major,1 3 5,intermediate_core,triad_position,triad_6-5-4_root_position_1-3-5,18-17-15-x-x-x,"[18, 17, 15, null, null, null]",6-5-4,root_position,root_position,60,18,3,A# D F None None None,1 3 5 None None None,"{""sus2"": ""A#_sus2_triad_related_suspended_from_A#_major_triad_position_triad_6-5-4_root_position_1-3-5_18-17-15-x-x-x_sus2_18-15-15-x-x-x"", ""sus4"": ""A#_sus4_triad_related_suspended_from_A#_major_triad_position_triad_6-5-4_root_position_1-3-5_18-17-15-x-x-x_sus4_18-18-15-x-x-x""}"
A#_minor_caged_minor_C_shape_minor_x-13-11-10-11-13,A#,minor,minor,1 b3 5,beginner_core,caged_minor,C_shape_minor,x-13-11-10-11-13,"[null, 13, 11, 10, 11, 13]",,root_position,,10,13,3,None A# C# F A# F,None 1 b3 5 1 5,{}
A#_minor_caged_minor_A_shape_minor_x-1-3-3-2-1,A#,minor,minor,1 b3 5,beginner_core,caged_minor,A_shape_minor,x-1-3-3-2-1,"[null, 1, 3, 3, 2, 1]",,root_position,,11,3,2,None A# F A# C# F,None 1 5 1 b3 5,{}
A#_minor_caged_minor_G_shape_minor_6-4-3-3-6-6,A#,minor,minor,1 b3 5,beginner_core,caged_minor,G_shape_minor,6-4-3-3-6-6,"[6, 4, 3, 3, 6, 6]",,root_position,,12,6,3,A# C# F A# F A#,1 b3 5 1 5 1,{}
A#_minor_caged_minor_E_shape_minor_6-8-8-6-6-6,A#,minor,minor,1 b3 5,beginner_core,caged_minor,E_shape_minor,6-8-8-6-6-6,"[6, 8, 8, 6, 6, 6]",,root_position,,13,8,2,A# F A# C# F A#,1 5 1 b3 5 1,{}
A#_minor_caged_minor_D_shape_minor_x-x-8-10-11-9,A#,minor,minor,1 b3 5,beginner_core,caged_minor,D_shape_minor,x-x-8-10-11-9,"[null, null, 8, 10, 11, 9]",,root_position,,14,11,3,None None A# F A# C#,None None 1 5 1 b3,{}
A#_minor_triad_position_triad_4-3-2_second_inversion_5-1-b3_x-x-3-3-2-x,A#,minor,minor,1 b3 5,intermediate_core,triad_position,triad_4-3-2_second_inversion_5-1-b3,x-x-3-3-2-x,"[null, null, 3, 3, 2, null]",4-3-2,second_inversion,second_inversion,60,3,1,None None F A# C# None,None None 5 1 b3 None,{}
A#_minor_triad_position_triad_3-2-1_root_position_1-b3-5_x-x-x-3-2-1,A#,minor,minor,1 b3 5,intermediate_core,triad_position,triad_3-2-1_root_position_1-b3-5,x-x-x-3-2-1,"[null, null, null, 3, 2, 1]",3-2-1,root_position,root_position,60,3,2,None None None A# C# F,None None None 1 b3 5,{}
A#_minor_triad_position_triad_5-4-3_first_inversion_b3-5-1_x-4-3-3-x-x,A#,minor,minor,1 b3 5,intermediate_core,triad_position,triad_5-4-3_first_inversion_b3-5-1,x-4-3-3-x-x,"[null, 4, 3, 3, null, null]",5-4-3,first_inversion_or_suspended_bass,first_inversion,60,4,1,None C# F A# None None,None b3 5 1 None None,{}
A#_minor_triad_position_triad_6-5-4_root_position_1-b3-5_6-4-3-x-x-x,A#,minor,minor,1 b3 5,intermediate_core,triad_position,triad_6-5-4_root_position_1-b3-5,6-4-3-x-x-x,"[6, 4, 3, null, null, null]",6-5-4,root_position,root_position,60,6,3,A# C# F None None None,1 b3 5 None None None,{}
A#_minor_triad_position_triad_3-2-1_first_inversion_b3-5-1_x-x-x-6-6-6,A#,minor,minor,1 b3 5,intermediate_core,triad_position,triad_3-2-1_first_inversion_b3-5-1,x-x-x-6-6-6,"[null, null, null, 6, 6, 6]",3-2-1,first_inversion_or_suspended_bass,first_inversion,60,6,0,None None None C# F A#,None None None b3 5 1,{}
A#_minor_triad_position_triad_5-4-3_second_inversion_5-1-b3_x-8-8-6-x-x,A#,minor,minor,1 b3 5,intermediate_core,triad_position,triad_5-4-3_second_inversion_5-1-b3,x-8-8-6-x-x,"[null, 8, 8, 6, null, null]",5-4-3,second_inversion,second_inversion,60,8,2,None F A# C# None None,None 5 1 b3 None None,{}
A#_minor_triad_position_triad_4-3-2_root_position_1-b3-5_x-x-8-6-6-x,A#,minor,minor,1 b3 5,intermediate_core,triad_position,triad_4-3-2_root_position_1-b3-5,x-x-8-6-6-x,"[null, null, 8, 6, 6, null]",4-3-2,root_position,root_position,60,8,2,None None A# C# F None,None None 1 b3 5 None,{}
A#_minor_triad_position_triad_6-5-4_first_inversion_b3-5-1_9-8-8-x-x-x,A#,minor,minor,1 b3 5,intermediate_core,triad_position,triad_6-5-4_first_inversion_b3-5-1,9-8-8-x-x-x,"[9, 8, 8, null, null, null]",6-5-4,first_inversion_or_suspended_bass,first_inversion,60,9,1,C# F A# None None None,b3 5 1 None None None,{}
A#_minor_triad_position_triad_4-3-2_first_inversion_b3-5-1_x-x-11-10-11-x,A#,minor,minor,1 b3 5,intermediate_core,triad_position,triad_4-3-2_first_inversion_b3-5-1,x-x-11-10-11-x,"[null, null, 11, 10, 11, null]",4-3-2,first_inversion_or_suspended_bass,first_inversion,60,11,1,None None C# F A# None,None None b3 5 1 None,{}
A#_minor_triad_position_triad_3-2-1_second_inversion_5-1-b3_x-x-x-10-11-9,A#,minor,minor,1 b3 5,intermediate_core,triad_position,triad_3-2-1_second_inversion_5-1-b3,x-x-x-10-11-9,"[null, null, null, 10, 11, 9]",3-2-1,second_inversion,second_inversion,60,11,2,None None None F A# C#,None None None 5 1 b3,{}
A#_minor_triad_position_triad_6-5-4_second_inversion_5-1-b3_13-13-11-x-x-x,A#,minor,minor,1 b3 5,intermediate_core,triad_position,triad_6-5-4_second_inversion_5-1-b3,13-13-11-x-x-x,"[13, 13, 11, null, null, null]",6-5-4,second_inversion,second_inversion,60,13,2,F A# C# None None None,5 1 b3 None None None,{}
A#_minor_triad_position_triad_5-4-3_root_position_1-b3-5_x-13-11-10-x-x,A#,minor,minor,1 b3 5,intermediate_core,triad_position,triad_5-4-3_root_position_1-b3-5,x-13-11-10-x-x,"[null, 13, 11, 10, null, null]",5-4-3,root_position,root_position,60,13,3,None A# C# F None None,None 1 b3 5 None None,{}
A#_minor_triad_position_triad_4-3-2_second_inversion_5-1-b3_x-x-15-15-14-x,A#,minor,minor,1 b3 5,intermediate_core,triad_position,triad_4-3-2_second_inversion_5-1-b3,x-x-15-15-14-x,"[null, null, 15, 15, 14, null]",4-3-2,second_inversion,second_inversion,60,15,1,None None F A# C# None,None None 5 1 b3 None,{}
A#_minor_triad_position_triad_3-2-1_root_position_1-b3-5_x-x-x-15-14-13,A#,minor,minor,1 b3 5,intermediate_core,triad_position,triad_3-2-1_root_position_1-b3-5,x-x-x-15-14-13,"[null, null, null, 15, 14, 13]",3-2-1,root_position,root_position,60,15,2,None None None A# C# F,None None None 1 b3 5,{}
A#_minor_triad_position_triad_5-4-3_first_inversion_b3-5-1_x-16-15-15-x-x,A#,minor,minor,1 b3 5,intermediate_core,triad_position,triad_5-4-3_first_inversion_b3-5-1,x-16-15-15-x-x,"[null, 16, 15, 15, null, null]",5-4-3,first_inversion_or_suspended_bass,first_inversion,60,16,1,None C# F A# None None,None b3 5 1 None None,{}
A#_minor_triad_position_triad_6-5-4_root_position_1-b3-5_18-16-15-x-x-x,A#,minor,minor,1 b3 5,intermediate_core,triad_position,triad_6-5-4_root_position_1-b3-5,18-16-15-x-x-x,"[18, 16, 15, null, null, null]",6-5-4,root_position,root_position,60,18,3,A# C# F None None None,1 b3 5 None None None,{}
A#_minor_triad_position_triad_3-2-1_first_inversion_b3-5-1_x-x-x-18-18-18,A#,minor,minor,1 b3 5,intermediate_core,triad_position,triad_3-2-1_first_inversion_b3-5-1,x-x-x-18-18-18,"[null, null, null, 18, 18, 18]",3-2-1,first_inversion_or_suspended_bass,first_inversion,60,18,0,None None None C# F A#,None None None b3 5 1,"{""sus2"": ""A#_sus2_triad_related_suspended_from_A#_minor_triad_position_triad_3-2-1_first_inversion_b3-5-1_x-x-x-18-18-18_sus2_x-x-x-17-18-18""}"
A#_sus2_caged_suspended_A_shape_sus2_x-1-3-3-1-1,A#,sus2,sus2,1 2 5,intermediate_core,caged_suspended,A_shape_sus2,x-1-3-3-1-1,"[null, 1, 3, 3, 1, 1]",,root_position,,30,3,2,None A# F A# C F,None 1 5 1 2 5,{}
A#_sus2_caged_suspended_E_shape_sus2_6-8-10-10-6-6,A#,sus2,sus2,1 2 5,intermediate_core,caged_suspended,E_shape_sus2,6-8-10-10-6-6,"[6, 8, 10, 10, 6, 6]",,root_position,,30,10,4,A# F C F F A#,1 5 2 5 5 1,{}
A#_sus2_caged_suspended_D_shape_sus2_x-x-8-10-11-8,A#,sus2,sus2,1 2 5,intermediate_core,caged_suspended,D_shape_sus2,x-x-8-10-11-8,"[null, null, 8, 10, 11, 8]",,root_position,,30,11,3,None None A# F A# C,None None 1 5 1 2,{}
A#_sus2_caged_suspended_C_shape_sus2_x-13-10-10-11-13,A#,sus2,sus2,1 2 5,intermediate_core,caged_suspended,C_shape_sus2,x-13-10-10-11-13,"[null, 13, 10, 10, 11, 13]",,root_position,,30,13,3,None A# C F A# F,None 1 2 5 1 5,{}
A#_sus2_triad_related_suspended_from_A#_major_triad_position_triad_5-4-3_first_inversion_3-5-1_x-5-3-3-x-x_sus2_x-3-3-3-x-x,A#,sus2,sus2,1 2 5,intermediate_core,triad_related_suspended,from_A#_major_triad_position_triad_5-4-3_first_inversion_3-5-1_x-5-3-3-x-x_sus2,x-3-3-3-x-x,"[null, 3, 3, 3, null, null]",5-4-3,first_inversion_or_suspended_bass,,65,3,0,None C F A# None None,None 2 5 1 None None,{}
A#_sus2_triad_related_suspended_from_A#_major_triad_position_triad_4-3-2_second_inversion_5-1-3_x-x-3-3-3-x_sus2_x-x-3-3-1-x,A#,sus2,sus2,1 2 5,intermediate_core,triad_related_suspended,from_A#_major_triad_position_triad_4-3-2_second_inversion_5-1-3_x-x-3-3-3-x_sus2,x-x-3-3-1-x,"[null, null, 3, 3, 1, null]",4-3-2,second_inversion,,65,3,2,None None F A# C None,None None 5 1 2 None,{}
A#_sus2_triad_related_suspended_from_A#_major_triad_position_triad_3-2-1_root_position_1-3-5_x-x-x-3-3-1_sus2_x-x-x-3-1-1,A#,sus2,sus2,1 2 5,intermediate_core,triad_related_suspended,from_A#_major_triad_position_triad_3-2-1_root_position_1-3-5_x-x-x-3-3-1_sus2,x-x-x-3-1-1,"[null, null, null, 3, 1, 1]",3-2-1,root_position,,65,3,2,None None None A# C F,None None None 1 2 5,{}
A#_sus2_triad_related_suspended_from_A#_major_triad_position_triad_6-5-4_root_position_1-3-5_6-5-3-x-x-x_sus2_6-3-3-x-x-x,A#,sus2,sus2,1 2 5,intermediate_core,triad_related_suspended,from_A#_major_triad_position_triad_6-5-4_root_position_1-3-5_6-5-3-x-x-x_sus2,6-3-3-x-x-x,"[6, 3, 3, null, null, null]",6-5-4,root_position,,65,6,3,A# C F None None None,1 2 5 None None None,{}
A#_sus2_triad_related_suspended_from_A#_major_triad_position_triad_3-2-1_first_inversion_3-5-1_x-x-x-7-6-6_sus2_x-x-x-5-6-6,A#,sus2,sus2,1 2 5,intermediate_core,triad_related_suspended,from_A#_major_triad_position_triad_3-2-1_first_inversion_3-5-1_x-x-x-7-6-6_sus2,x-x-x-5-6-6,"[null, null, null, 5, 6, 6]",3-2-1,first_inversion_or_suspended_bass,,65,6,1,None None None C F A#,None None None 2 5 1,{}
A#_sus2_triad_related_suspended_from_A#_major_triad_position_triad_6-5-4_first_inversion_3-5-1_10-8-8-x-x-x_sus2_8-8-8-x-x-x,A#,sus2,sus2,1 2 5,intermediate_core,triad_related_suspended,from_A#_major_triad_position_triad_6-5-4_first_inversion_3-5-1_10-8-8-x-x-x_sus2,8-8-8-x-x-x,"[8, 8, 8, null, null, null]",6-5-4,first_inversion_or_suspended_bass,,65,8,0,C F A# None None None,2 5 1 None None None,{}
A#_sus2_triad_related_suspended_from_A#_major_triad_position_triad_5-4-3_second_inversion_5-1-3_x-8-8-7-x-x_sus2_x-8-8-5-x-x,A#,sus2,sus2,1 2 5,intermediate_core,triad_related_suspended,from_A#_major_triad_position_triad_5-4-3_second_inversion_5-1-3_x-8-8-7-x-x_sus2,x-8-8-5-x-x,"[null, 8, 8, 5, null, null]",5-4-3,second_inversion,,65,8,3,None F A# C None None,None 5 1 2 None None,{}
A#_sus2_triad_related_suspended_from_A#_major_triad_position_triad_4-3-2_root_position_1-3-5_x-x-8-7-6-x_sus2_x-x-8-5-6-x,A#,sus2,sus2,1 2 5,intermediate_core,triad_related_suspended,from_A#_major_triad_position_triad_4-3-2_root_position_1-3-5_x-x-8-7-6-x_sus2,x-x-8-5-6-x,"[null, null, 8, 5, 6, null]",4-3-2,root_position,,65,8,3,None None A# C F None,None None 1 2 5 None,{}
A#_sus2_triad_related_suspended_from_A#_major_triad_position_triad_4-3-2_first_inversion_3-5-1_x-x-12-10-11-x_sus2_x-x-10-10-11-x,A#,sus2,sus2,1 2 5,intermediate_core,triad_related_suspended,from_A#_major_triad_position_triad_4-3-2_first_inversion_3-5-1_x-x-12-10-11-x_sus2,x-x-10-10-11-x,"[null, null, 10, 10, 11, null]",4-3-2,first_inversion_or_suspended_bass,,65,11,1,None None C F A# None,None None 2 5 1 None,{}
A#_sus2_triad_related_suspended_from_A#_major_triad_position_triad_3-2-1_second_inversion_5-1-3_x-x-x-10-11-10_sus2_x-x-x-10-11-8,A#,sus2,sus2,1 2 5,intermediate_core,triad_related_suspended,from_A#_major_triad_position_triad_3-2-1_second_inversion_5-1-3_x-x-x-10-11-10_sus2,x-x-x-10-11-8,"[null, null, null, 10, 11, 8]",3-2-1,second_inversion,,65,11,3,None None None F A# C,None None None 5 1 2,{}
A#_sus2_triad_related_suspended_from_A#_major_triad_position_triad_6-5-4_second_inversion_5-1-3_13-13-12-x-x-x_sus2_13-13-10-x-x-x,A#,sus2,sus2,1 2 5,intermediate_core,triad_related_suspended,from_A#_major_triad_position_triad_6-5-4_second_inversion_5-1-3_13-13-12-x-x-x_sus2,13-13-10-x-x-x,"[13, 13, 10, null, null, null]",6-5-4,second_inversion,,65,13,3,F A# C None None None,5 1 2 None None None,{}
A#_sus2_triad_related_suspended_from_A#_major_triad_position_triad_5-4-3_root_position_1-3-5_x-13-12-10-x-x_sus2_x-13-10-10-x-x,A#,sus2,sus2,1 2 5,intermediate_core,triad_related_suspended,from_A#_major_triad_position_triad_5-4-3_root_position_1-3-5_x-13-12-10-x-x_sus2,x-13-10-10-x-x,"[null, 13, 10, 10, null, null]",5-4-3,root_position,,65,13,3,None A# C F None None,None 1 2 5 None None,{}
A#_sus2_triad_related_suspended_from_A#_major_triad_position_triad_5-4-3_first_inversion_3-5-1_x-17-15-15-x-x_sus2_x-15-15-15-x-x,A#,sus2,sus2,1 2 5,intermediate_core,triad_related_suspended,from_A#_major_triad_position_triad_5-4-3_first_inversion_3-5-1_x-17-15-15-x-x_sus2,x-15-15-15-x-x,"[null, 15, 15, 15, null, null]",5-4-3,first_inversion_or_suspended_bass,,65,15,0,None C F A# None None,None 2 5 1 None None,{}
A#_sus2_triad_related_suspended_from_A#_major_triad_position_triad_4-3-2_second_inversion_5-1-3_x-x-15-15-15-x_sus2_x-x-15-15-13-x,A#,sus2,sus2,1 2 5,intermediate_core,triad_related_suspended,from_A#_major_triad_position_triad_4-3-2_second_inversion_5-1-3_x-x-15-15-15-x_sus2,x-x-15-15-13-x,"[null, null, 15, 15, 13, null]",4-3-2,second_inversion,,65,15,2,None None F A# C None,None None 5 1 2 None,{}
A#_sus2_triad_related_suspended_from_A#_major_triad_position_triad_3-2-1_root_position_1-3-5_x-x-x-15-15-13_sus2_x-x-x-15-13-13,A#,sus2,sus2,1 2 5,intermediate_core,triad_related_suspended,from_A#_major_triad_position_triad_3-2-1_root_position_1-3-5_x-x-x-15-15-13_sus2,x-x-x-15-13-13,"[null, null, null, 15, 13, 13]",3-2-1,root_position,,65,15,2,None None None A# C F,None None None 1 2 5,{}
A#_sus2_triad_related_suspended_from_A#_major_triad_position_triad_6-5-4_root_position_1-3-5_18-17-15-x-x-x_sus2_18-15-15-x-x-x,A#,sus2,sus2,1 2 5,intermediate_core,triad_related_suspended,from_A#_major_triad_position_triad_6-5-4_root_position_1-3-5_18-17-15-x-x-x_sus2,18-15-15-x-x-x,"[18, 15, 15, null, null, null]",6-5-4,root_position,,65,18,3,A# C F None None None,1 2 5 None None None,{}
A#_sus2_triad_related_suspended_from_A#_minor_triad_position_triad_3-2-1_first_inversion_b3-5-1_x-x-x-18-18-18_sus2_x-x-x-17-18-18,A#,sus2,sus2,1 2 5,intermediate_core,triad_related_suspended,from_A#_minor_triad_position_triad_3-2-1_first_inversion_b3-5-1_x-x-x-18-18-18_sus2,x-x-x-17-18-18,"[null, null, null, 17, 18, 18]",3-2-1,first_inversion_or_suspended_bass,,65,18,1,None None None C F A#,None None None 2 5 1,{}
A#_sus4_caged_suspended_A_shape_sus4_x-1-3-3-4-1,A#,sus4,sus4,1 4 5,intermediate_core,caged_suspended,A_shape_sus4,x-1-3-3-4-1,"[null, 1, 3, 3, 4, 1]",,root_position,,30,4,3,None A# F A# D# F,None 1 5 1 4 5,{}
A#_sus4_caged_suspended_E_shape_sus4_6-8-8-8-6-6,A#,sus4,sus4,1 4 5,intermediate_core,caged_suspended,E_shape_sus4,6-8-8-8-6-6,"[6, 8, 8, 8, 6, 6]",,root_position,,30,8,2,A# F A# D# F A#,1 5 1 4 5 1,{}
A#_sus4_caged_suspended_D_shape_sus4_x-x-8-10-11-11,A#,sus4,sus4,1 4 5,intermediate_core,caged_suspended,D_shape_sus4,x-x-8-10-11-11,"[null, null, 8, 10, 11, 11]",,root_position,,30,11,3,None None A# F A# D#,None None 1 5 1 4,{}
A#_sus4_caged_suspended_C_shape_sus4_x-13-13-10-11-11,A#,sus4,sus4,1 4 5,intermediate_core,caged_suspended,C_shape_sus4,x-13-13-10-11-11,"[null, 13, 13, 10, 11, 11]",,root_position,,30,13,3,None A# D# F A# D#,None 1 4 5 1 4,{}
A#_sus4_triad_related_suspended_from_A#_major_triad_position_triad_6-5-4_second_inversion_5-1-3_1-1-0-x-x-x_sus4_1-1-1-x-x-x,A#,sus4,sus4,1 4 5,intermediate_core,triad_related_suspended,from_A#_major_triad_position_triad_6-5-4_second_inversion_5-1-3_1-1-0-x-x-x_sus4,1-1-1-x-x-x,"[1, 1, 1, null, null, null]",6-5-4,second_inversion,,65,1,0,F A# D# None None None,5 1 4 None None None,{}
A#_sus4_triad_related_suspended_from_A#_major_triad_position_triad_4-3-2_second_inversion_5-1-3_x-x-3-3-3-x_sus4_x-x-3-3-4-x,A#,sus4,sus4,1 4 5,intermediate_core,triad_related_suspended,from_A#_major_triad_position_triad_4-3-2_second_inversion_5-1-3_x-x-3-3-3-x_sus4,x-x-3-3-4-x,"[null, null, 3, 3, 4, null]",4-3-2,second_inversion,,65,4,1,None None F A# D# None,None None 5 1 4 None,{}
A#_sus4_triad_related_suspended_from_A#_major_triad_position_triad_3-2-1_root_position_1-3-5_x-x-x-3-3-1_sus4_x-x-x-3-4-1,A#,sus4,sus4,1 4 5,intermediate_core,triad_related_suspended,from_A#_major_triad_position_triad_3-2-1_root_position_1-3-5_x-x-x-3-3-1_sus4,x-x-x-3-4-1,"[null, null, null, 3, 4, 1]",3-2-1,root_position,,65,4,3,None None None A# D# F,None None None 1 4 5,{}
A#_sus4_triad_related_suspended_from_A#_major_triad_position_triad_6-5-4_root_position_1-3-5_6-5-3-x-x-x_sus4_6-6-3-x-x-x,A#,sus4,sus4,1 4 5,intermediate_core,triad_related_suspended,from_A#_major_triad_position_triad_6-5-4_root_position_1-3-5_6-5-3-x-x-x_sus4,6-6-3-x-x-x,"[6, 6, 3, null, null, null]",6-5-4,root_position,,65,6,3,A# D# F None None None,1 4 5 None None None,{}
A#_sus4_triad_related_suspended_from_A#_major_triad_position_triad_5-4-3_first_inversion_3-5-1_x-5-3-3-x-x_sus4_x-6-3-3-x-x,A#,sus4,sus4,1 4 5,intermediate_core,triad_related_suspended,from_A#_major_triad_position_triad_5-4-3_first_inversion_3-5-1_x-5-3-3-x-x_sus4,x-6-3-3-x-x,"[null, 6, 3, 3, null, null]",5-4-3,first_inversion_or_suspended_bass,,65,6,3,None D# F A# None None,None 4 5 1 None None,{}
A#_sus4_triad_related_suspended_from_A#_major_triad_position_triad_5-4-3_second_inversion_5-1-3_x-8-8-7-x-x_sus4_x-8-8-8-x-x,A#,sus4,sus4,1 4 5,intermediate_core,triad_related_suspended,from_A#_major_triad_position_triad_5-4-3_second_inversion_5-1-3_x-8-8-7-x-x_sus4,x-8-8-8-x-x,"[null, 8, 8, 8, null, null]",5-4-3,second_inversion,,65,8,0,None F A# D# None None,None 5 1 4 None None,{}
A#_sus4_triad_related_suspended_from_A#_major_triad_position_triad_4-3-2_root_position_1-3-5_x-x-8-7-6-x_sus4_x-x-8-8-6-x,A#,sus4,sus4,1 4 5,intermediate_core,triad_related_suspended,from_A#_major_triad_position_triad_4-3-2_root_position_1-3-5_x-x-8-7-6-x_sus4,x-x-8-8-6-x,"[null, null, 8, 8, 6, null]",4-3-2,root_position,,65,8,2,None None A# D# F None,None None 1 4 5 None,{}
A#_sus4_triad_related_suspended_from_A#_major_triad_position_triad_3-2-1_first_inversion_3-5-1_x-x-x-7-6-6_sus4_x-x-x-8-6-6,A#,sus4,sus4,1 4 5,intermediate_core,triad_related_suspended,from_A#_major_triad_position_triad_3-2-1_first_inversion_3-5-1_x-x-x-7-6-6_sus4,x-x-x-8-6-6,"[null, null, null, 8, 6, 6]",3-2-1,first_inversion_or_suspended_bass,,65,8,2,None None None D# F A#,None None None 4 5 1,{}
A#_sus4_triad_related_suspended_from_A#_major_triad_position_triad_6-5-4_first_inversion_3-5-1_10-8-8-x-x-x_sus4_11-8-8-x-x-x,A#,sus4,sus4,1 4 5,intermediate_core,triad_related_suspended,from_A#_major_triad_position_triad_6-5-4_first_inversion_3-5-1_10-8-8-x-x-x_sus4,11-8-8-x-x-x,"[11, 8, 8, null, null, null]",6-5-4,first_inversion_or_suspended_bass,,65,11,3,D# F A# None None None,4 5 1 None None None,{}
A#_sus4_triad_related_suspended_from_A#_major_triad_position_triad_3-2-1_second_inversion_5-1-3_x-x-x-10-11-10_sus4_x-x-x-10-11-11,A#,sus4,sus4,1 4 5,intermediate_core,triad_related_suspended,from_A#_major_triad_position_triad_3-2-1_second_inversion_5-1-3_x-x-x-10-11-10_sus4,x-x-x-10-11-11,"[null, null, null, 10, 11, 11]",3-2-1,second_inversion,,65,11,1,None None None F A# D#,None None None 5 1 4,{}
A#_sus4_triad_related_suspended_from_A#_major_triad_position_triad_6-5-4_second_inversion_5-1-3_13-13-12-x-x-x_sus4_13-13-13-x-x-x,A#,sus4,sus4,1 4 5,intermediate_core,triad_related_suspended,from_A#_major_triad_position_triad_6-5-4_second_inversion_5-1-3_13-13-12-x-x-x_sus4,13-13-13-x-x-x,"[13, 13, 13, null, null, null]",6-5-4,second_inversion,,65,13,0,F A# D# None None None,5 1 4 None None None,{}
A#_sus4_triad_related_suspended_from_A#_major_triad_position_triad_5-4-3_root_position_1-3-5_x-13-12-10-x-x_sus4_x-13-13-10-x-x,A#,sus4,sus4,1 4 5,intermediate_core,triad_related_suspended,from_A#_major_triad_position_triad_5-4-3_root_position_1-3-5_x-13-12-10-x-x_sus4,x-13-13-10-x-x,"[null, 13, 13, 10, null, null]",5-4-3,root_position,,65,13,3,None A# D# F None None,None 1 4 5 None None,{}
A#_sus4_triad_related_suspended_from_A#_major_triad_position_triad_4-3-2_first_inversion_3-5-1_x-x-12-10-11-x_sus4_x-x-13-10-11-x,A#,sus4,sus4,1 4 5,intermediate_core,triad_related_suspended,from_A#_major_triad_position_triad_4-3-2_first_inversion_3-5-1_x-x-12-10-11-x_sus4,x-x-13-10-11-x,"[null, null, 13, 10, 11, null]",4-3-2,first_inversion_or_suspended_bass,,65,13,3,None None D# F A# None,None None 4 5 1 None,{}
A#_sus4_triad_related_suspended_from_A#_major_triad_position_triad_4-3-2_second_inversion_5-1-3_x-x-15-15-15-x_sus4_x-x-15-15-16-x,A#,sus4,sus4,1 4 5,intermediate_core,triad_related_suspended,from_A#_major_triad_position_triad_4-3-2_second_inversion_5-1-3_x-x-15-15-15-x_sus4,x-x-15-15-16-x,"[null, null, 15, 15, 16, null]",4-3-2,second_inversion,,65,16,1,None None F A# D# None,None None 5 1 4 None,{}
A#_sus4_triad_related_suspended_from_A#_major_triad_position_triad_3-2-1_root_position_1-3-5_x-x-x-15-15-13_sus4_x-x-x-15-16-13,A#,sus4,sus4,1 4 5,intermediate_core,triad_related_suspended,from_A#_major_triad_position_triad_3-2-1_root_position_1-3-5_x-x-x-15-15-13_sus4,x-x-x-15-16-13,"[null, null, null, 15, 16, 13]",3-2-1,root_position,,65,16,3,None None None A# D# F,None None None 1 4 5,{}
A#_sus4_triad_related_suspended_from_A#_major_triad_position_triad_6-5-4_root_position_1-3-5_18-17-15-x-x-x_sus4_18-18-15-x-x-x,A#,sus4,sus4,1 4 5,intermediate_core,triad_related_suspended,from_A#_major_triad_position_triad_6-5-4_root_position_1-3-5_18-17-15-x-x-x_sus4,18-18-15-x-x-x,"[18, 18, 15, null, null, null]",6-5-4,root_position,,65,18,3,A# D# F None None None,1 4 5 None None None,{}
A#_sus4_triad_related_suspended_from_A#_major_triad_position_triad_5-4-3_first_inversion_3-5-1_x-17-15-15-x-x_sus4_x-18-15-15-x-x,A#,sus4,sus4,1 4 5,intermediate_core,triad_related_suspended,from_A#_major_triad_position_triad_5-4-3_first_inversion_3-5-1_x-17-15-15-x-x_sus4,x-18-15-15-x-x,"[null, 18, 15, 15, null, null]",5-4-3,first_inversion_or_suspended_bass,,65,18,3,None D# F A# None None,None 4 5 1 None None,{}
B_diminished_triad_position_triad_6-5-4_second_inversion_b5-1-b3_1-2-0-x-x-x,B,diminished,dim,1 b3 b5,advanced_reference,triad_position,triad_6-5-4_second_inversion_b5-1-b3,1-2-0-x-x-x,"[1, 2, 0, null, null, null]",6-5-4,second_inversion,second_inversion,60,2,1,F B D None None None,b5 1 b3 None None None,{}
B_diminished_triad_position_triad_4-3-2_second_inversion_b5-1-b3_x-x-3-4-3-x,B,diminished,dim,1 b3 b5,advanced_reference,triad_position,triad_4-3-2_second_inversion_b5-1-b3,x-x-3-4-3-x,"[null, null, 3, 4, 3, null]",4-3-2,second_inversion,second_inversion,60,4,1,None None F B D None,None None b5 1 b3 None,{}
B_diminished_triad_position_triad_3-2-1_root_position_1-b3-b5_x-x-x-4-3-1,B,diminished,dim,1 b3 b5,advanced_reference,triad_position,triad_3-2-1_root_position_1-b3-b5,x-x-x-4-3-1,"[null, null, null, 4, 3, 1]",3-2-1,root_position,root_position,60,4,3,None None None B D F,None None None 1 b3 b5,{}
B_diminished_triad_position_triad_5-4-3_first_inversion_b3-b5-1_x-5-3-4-x-x,B,diminished,dim,1 b3 b5,advanced_reference,triad_position,triad_5-4-3_first_inversion_b3-b5-1,x-5-3-4-x-x,"[null, 5, 3, 4, null, null]",5-4-3,first_inversion_or_suspended_bass,first_inversion,60,5,2,None D F B None None,None b3 b5 1 None None,{}
B_diminished_triad_position_triad_6-5-4_root_position_1-b3-b5_7-5-3-x-x-x,B,diminished,dim,1 b3 b5,advanced_reference,triad_position,triad_6-5-4_root_position_1-b3-b5,7-5-3-x-x-x,"[7, 5, 3, null, null, null]",6-5-4,root_position,root_position,60,7,4,B D F None None None,1 b3 b5 None None None,{}
B_diminished_triad_position_triad_3-2-1_first_inversion_b3-b5-1_x-x-x-7-6-7,B,diminished,dim,1 b3 b5,advanced_reference,triad_position,triad_3-2-1_first_inversion_b3-b5-1,x-x-x-7-6-7,"[null, null, null, 7, 6, 7]",3-2-1,first_inversion_or_suspended_bass,first_inversion,60,7,1,None None None D F B,None None None b3 b5 1,{}
B_diminished_triad_position_triad_5-4-3_second_inversion_b5-1-b3_x-8-9-7-x-x,B,diminished,dim,1 b3 b5,advanced_reference,triad_position,triad_5-4-3_second_inversion_b5-1-b3,x-8-9-7-x-x,"[null, 8, 9, 7, null, null]",5-4-3,second_inversion,second_inversion,60,9,2,None F B D None None,None b5 1 b3 None None,{}
B_diminished_triad_position_triad_4-3-2_root_position_1-b3-b5_x-x-9-7-6-x,B,diminished,dim,1 b3 b5,advanced_reference,triad_position,triad_4-3-2_root_position_1-b3-b5,x-x-9-7-6-x,"[null, null, 9, 7, 6, null]",4-3-2,root_position,root_position,60,9,3,None None B D F None,None None 1 b3 b5 None,{}
B_diminished_triad_position_triad_6-5-4_first_inversion_b3-b5-1_10-8-9-x-x-x,B,diminished,dim,1 b3 b5,advanced_reference,triad_position,triad_6-5-4_first_inversion_b3-b5-1,10-8-9-x-x-x,"[10, 8, 9, null, null, null]",6-5-4,first_inversion_or_suspended_bass,first_inversion,60,10,2,D F B None None None,b3 b5 1 None None None,{}
B_diminished_triad_position_triad_4-3-2_first_inversion_b3-b5-1_x-x-12-10-12-x,B,diminished,dim,1 b3 b5,advanced_reference,triad_position,triad_4-3-2_first_inversion_b3-b5-1,x-x-12-10-12-x,"[null, null, 12, 10, 12, null]",4-3-2,first_inversion_or_suspended_bass,first_inversion,60,12,2,None None D F B None,None None b3 b5 1 None,{}
B_diminished_triad_position_triad_3-2-1_second_inversion_b5-1-b3_x-x-x-10-12-10,B,diminished,dim,1 b3 b5,advanced_reference,triad_position,triad_3-2-1_second_inversion_b5-1-b3,x-x-x-10-12-10,"[null, null, null, 10, 12, 10]",3-2-1,second_inversion,second_inversion,60,12,2,None None None F B D,None None None b5 1 b3,{}
B_diminished_triad_position_triad_6-5-4_second_inversion_b5-1-b3_13-14-12-x-x-x,B,diminished,dim,1 b3 b5,advanced_reference,triad_position,triad_6-5-4_second_inversion_b5-1-b3,13-14-12-x-x-x,"[13, 14, 12, null, null, null]",6-5-4,second_inversion,second_inversion,60,14,2,F B D None None None,b5 1 b3 None None None,{}
B_diminished_triad_position_triad_5-4-3_root_position_1-b3-b5_x-14-12-10-x-x,B,diminished,dim,1 b3 b5,advanced_reference,triad_position,triad_5-4-3_root_position_1-b3-b5,x-14-12-10-x-x,"[null, 14, 12, 10, null, null]",5-4-3,root_position,root_position,60,14,4,None B D F None None,None 1 b3 b5 None None,{}
B_diminished_triad_position_triad_4-3-2_second_inversion_b5-1-b3_x-x-15-16-15-x,B,diminished,dim,1 b3 b5,advanced_reference,triad_position,triad_4-3-2_second_inversion_b5-1-b3,x-x-15-16-15-x,"[null, null, 15, 16, 15, null]",4-3-2,second_inversion,second_inversion,60,16,1,None None F B D None,None None b5 1 b3 None,{}
B_diminished_triad_position_triad_3-2-1_root_position_1-b3-b5_x-x-x-16-15-13,B,diminished,dim,1 b3 b5,advanced_reference,triad_position,triad_3-2-1_root_position_1-b3-b5,x-x-x-16-15-13,"[null, null, null, 16, 15, 13]",3-2-1,root_position,root_position,60,16,3,None None None B D F,None None None 1 b3 b5,{}
B_diminished_triad_position_triad_5-4-3_first_inversion_b3-b5-1_x-17-15-16-x-x,B,diminished,dim,1 b3 b5,advanced_reference,triad_position,triad_5-4-3_first_inversion_b3-b5-1,x-17-15-16-x-x,"[null, 17, 15, 16, null, null]",5-4-3,first_inversion_or_suspended_bass,first_inversion,60,17,2,None D F B None None,None b3 b5 1 None None,{}
B_diminished7_movable_diminished_A_root_dim7_diamond_x-14-15-13-15-x,B,diminished7,dim7,1 b3 b5 bb7,intermediate_core,movable_diminished,A_root_dim7_diamond,x-14-15-13-15-x,"[null, 14, 15, 13, 15, null]",,root_position,,45,15,2,None B F G# D None,None 1 b5 6/bb7 b3 None,{}
B_diminished7_compact_seventh_position_seventh_4-3-2-1_b3-bb7-1-b5_x-x-0-1-0-1,B,diminished7,dim7,1 b3 b5 bb7,advanced_reference,compact_seventh_position,seventh_4-3-2-1_b3-bb7-1-b5,x-x-0-1-0-1,"[null, null, 0, 1, 0, 1]",4-3-2-1,first_inversion_or_suspended_bass,,80,1,0,None None D G# B F,None None b3 6/bb7 1 b5,{}
B_diminished7_compact_seventh_position_seventh_6-5-4-3_b5-1-b3-bb7_1-2-0-1-x-x,B,diminished7,dim7,1 b3 b5 bb7,advanced_reference,compact_seventh_position,seventh_6-5-4-3_b5-1-b3-bb7,1-2-0-1-x-x,"[1, 2, 0, 1, null, null]",6-5-4-3,second_inversion,,80,2,1,F B D G# None None,b5 1 b3 6/bb7 None None,{}
B_diminished7_compact_seventh_position_seventh_5-4-3-2_1-b5-bb7-b3_x-2-3-1-3-x,B,diminished7,dim7,1 b3 b5 bb7,advanced_reference,compact_seventh_position,seventh_5-4-3-2_1-b5-bb7-b3,x-2-3-1-3-x,"[null, 2, 3, 1, 3, null]",5-4-3-2,root_position,,80,3,2,None B F G# D None,None 1 b5 6/bb7 b3 None,{}
B_diminished7_compact_seventh_position_seventh_4-3-2-1_b5-1-b3-bb7_x-x-3-4-3-4,B,diminished7,dim7,1 b3 b5 bb7,advanced_reference,compact_seventh_position,seventh_4-3-2-1_b5-1-b3-bb7,x-x-3-4-3-4,"[null, null, 3, 4, 3, 4]",4-3-2-1,second_inversion,,80,4,1,None None F B D G#,None None b5 1 b3 6/bb7,{}
B_diminished7_compact_seventh_position_seventh_6-5-4-3_bb7-b3-b5-1_4-5-3-4-x-x,B,diminished7,dim7,1 b3 b5 bb7,advanced_reference,compact_seventh_position,seventh_6-5-4-3_bb7-b3-b5-1,4-5-3-4-x-x,"[4, 5, 3, 4, null, null]",6-5-4-3,seventh_in_bass,,80,5,2,G# D F B None None,6/bb7 b3 b5 1 None None,{}
B_diminished7_compact_seventh_position_seventh_5-4-3-2_b3-b5-bb7-1_x-5-3-1-0-x,B,diminished7,dim7,1 b3 b5 bb7,advanced_reference,compact_seventh_position,seventh_5-4-3-2_b3-b5-bb7-1,x-5-3-1-0-x,"[null, 5, 3, 1, 0, null]",5-4-3-2,first_inversion_or_suspended_bass,,80,5,4,None D F G# B None,None b3 b5 6/bb7 1 None,{}
B_diminished7_compact_seventh_position_seventh_5-4-3-2_b3-bb7-1-b5_x-5-6-4-6-x,B,diminished7,dim7,1 b3 b5 bb7,advanced_reference,compact_seventh_position,seventh_5-4-3-2_b3-bb7-1-b5,x-5-6-4-6-x,"[null, 5, 6, 4, 6, null]",5-4-3-2,first_inversion_or_suspended_bass,,80,6,2,None D G# B F None,None b3 6/bb7 1 b5 None,{}
B_diminished7_compact_seventh_position_seventh_4-3-2-1_bb7-b3-b5-1_x-x-6-7-6-7,B,diminished7,dim7,1 b3 b5 bb7,advanced_reference,compact_seventh_position,seventh_4-3-2-1_bb7-b3-b5-1,x-x-6-7-6-7,"[null, null, 6, 7, 6, 7]",4-3-2-1,seventh_in_bass,,80,7,1,None None G# D F B,None None 6/bb7 b3 b5 1,{}
B_diminished7_compact_seventh_position_seventh_6-5-4-3_1-b5-bb7-b3_7-8-6-7-x-x,B,diminished7,dim7,1 b3 b5 bb7,advanced_reference,compact_seventh_position,seventh_6-5-4-3_1-b5-bb7-b3,7-8-6-7-x-x,"[7, 8, 6, 7, null, null]",6-5-4-3,root_position,,80,8,2,B F G# D None None,1 b5 6/bb7 b3 None None,{}
B_diminished7_compact_seventh_position_seventh_5-4-3-2_b5-1-b3-bb7_x-8-9-7-9-x,B,diminished7,dim7,1 b3 b5 bb7,advanced_reference,compact_seventh_position,seventh_5-4-3-2_b5-1-b3-bb7,x-8-9-7-9-x,"[null, 8, 9, 7, 9, null]",5-4-3-2,second_inversion,,80,9,2,None F B D G# None,None b5 1 b3 6/bb7 None,{}
B_diminished7_compact_seventh_position_seventh_4-3-2-1_1-b5-bb7-b3_x-x-9-10-9-10,B,diminished7,dim7,1 b3 b5 bb7,advanced_reference,compact_seventh_position,seventh_4-3-2-1_1-b5-bb7-b3,x-x-9-10-9-10,"[null, null, 9, 10, 9, 10]",4-3-2-1,root_position,,80,10,1,None None B F G# D,None None 1 b5 6/bb7 b3,{}
B_diminished7_compact_seventh_position_seventh_6-5-4-3_b3-bb7-1-b5_10-11-9-10-x-x,B,diminished7,dim7,1 b3 b5 bb7,advanced_reference,compact_seventh_position,seventh_6-5-4-3_b3-bb7-1-b5,10-11-9-10-x-x,"[10, 11, 9, 10, null, null]",6-5-4-3,first_inversion_or_suspended_bass,,80,11,2,D G# B F None None,b3 6/bb7 1 b5 None None,{}
B_diminished7_compact_seventh_position_seventh_5-4-3-2_bb7-b3-b5-1_x-11-12-10-12-x,B,diminished7,dim7,1 b3 b5 bb7,advanced_reference,compact_seventh_position,seventh_5-4-3-2_bb7-b3-b5-1,x-11-12-10-12-x,"[null, 11, 12, 10, 12, null]",5-4-3-2,seventh_in_bass,,80,12,2,None G# D F B None,None 6/bb7 b3 b5 1 None,{}
B_diminished7_compact_seventh_position_seventh_4-3-2-1_b3-bb7-1-b5_x-x-12-13-12-13,B,diminished7,dim7,1 b3 b5 bb7,advanced_reference,compact_seventh_position,seventh_4-3-2-1_b3-bb7-1-b5,x-x-12-13-12-13,"[null, null, 12, 13, 12, 13]",4-3-2-1,first_inversion_or_suspended_bass,,80,13,1,None None D G# B F,None None b3 6/bb7 1 b5,{}
B_diminished7_compact_seventh_position_seventh_6-5-4-3_b5-1-b3-bb7_13-14-12-13-x-x,B,diminished7,dim7,1 b3 b5 bb7,advanced_reference,compact_seventh_position,seventh_6-5-4-3_b5-1-b3-bb7,13-14-12-13-x-x,"[13, 14, 12, 13, null, null]",6-5-4-3,second_inversion,,80,14,2,F B D G# None None,b5 1 b3 6/bb7 None None,{}
B_diminished7_compact_seventh_position_seventh_4-3-2-1_b5-1-b3-bb7_x-x-15-16-15-16,B,diminished7,dim7,1 b3 b5 bb7,advanced_reference,compact_seventh_position,seventh_4-3-2-1_b5-1-b3-bb7,x-x-15-16-15-16,"[null, null, 15, 16, 15, 16]",4-3-2-1,second_inversion,,80,16,1,None None F B D G#,None None b5 1 b3 6/bb7,{}
B_diminished7_compact_seventh_position_seventh_6-5-4-3_bb7-b3-b5-1_16-17-15-16-x-x,B,diminished7,dim7,1 b3 b5 bb7,advanced_reference,compact_seventh_position,seventh_6-5-4-3_bb7-b3-b5-1,16-17-15-16-x-x,"[16, 17, 15, 16, null, null]",6-5-4-3,seventh_in_bass,,80,17,2,G# D F B None None,6/bb7 b3 b5 1 None None,{}
B_diminished7_compact_seventh_position_seventh_5-4-3-2_b3-bb7-1-b5_x-17-18-16-18-x,B,diminished7,dim7,1 b3 b5 bb7,advanced_reference,compact_seventh_position,seventh_5-4-3-2_b3-bb7-1-b5,x-17-18-16-18-x,"[null, 17, 18, 16, 18, null]",5-4-3-2,first_inversion_or_suspended_bass,,80,18,2,None D G# B F None,None b3 6/bb7 1 b5 None,{}
B_dominant7_curated_common_open_common_B7_x-2-1-2-0-2,B,dominant7,7,1 3 5 b7,beginner_core,curated_common_open,common_B7,x-2-1-2-0-2,"[null, 2, 1, 2, 0, 2]",,root_position,,0,2,1,None B D# A B F#,None 1 3 b7 1 5,{}
B_dominant7_caged_seventh_A_shape_7_x-2-4-2-4-2,B,dominant7,7,1 3 5 b7,intermediate_core,caged_seventh,A_shape_7,x-2-4-2-4-2,"[null, 2, 4, 2, 4, 2]",,root_position,,35,4,2,None B F# A D# F#,None 1 5 b7 3 5,{}
B_dominant7_caged_seventh_G_shape_7_7-6-4-4-4-5,B,dominant7,7,1 3 5 b7,intermediate_core,caged_seventh,G_shape_7,7-6-4-4-4-5,"[7, 6, 4, 4, 4, 5]",,root_position,,35,7,3,B D# F# B D# A,1 3 5 1 3 b7,{}
B_dominant7_caged_seventh_E_shape_7_7-9-7-8-7-7,B,dominant7,7,1 3 5 b7,intermediate_core,caged_seventh,E_shape_7,7-9-7-8-7-7,"[7, 9, 7, 8, 7, 7]",,root_position,,35,9,2,B F# A D# F# B,1 5 b7 3 5 1,{}
B_dominant7_caged_seventh_D_shape_7_x-x-9-11-10-11,B,dominant7,7,1 3 5 b7,intermediate_core,caged_seventh,D_shape_7,x-x-9-11-10-11,"[null, null, 9, 11, 10, 11]",,root_position,,35,11,2,None None B F# A D#,None None 1 5 b7 3,{}
B_dominant7_compact_seventh_position_seventh_6-5-4-3_5-1-3-b7_2-2-1-2-x-x,B,dominant7,7,1 3 5 b7,advanced_reference,compact_seventh_position,seventh_6-5-4-3_5-1-3-b7,2-2-1-2-x-x,"[2, 2, 1, 2, null, null]",6-5-4-3,second_inversion,,80,2,1,F# B D# A None None,5 1 3 b7 None None,{}
B_dominant7_compact_seventh_position_seventh_4-3-2-1_3-b7-1-5_x-x-1-2-0-2,B,dominant7,7,1 3 5 b7,advanced_reference,compact_seventh_position,seventh_4-3-2-1_3-b7-1-5,x-x-1-2-0-2,"[null, null, 1, 2, 0, 2]",4-3-2-1,first_inversion_or_suspended_bass,,80,2,1,None None D# A B F#,None None 3 b7 1 5,{}
B_dominant7_compact_seventh_position_seventh_6-5-4-3_5-b7-3-1_2-0-1-4-x-x,B,dominant7,7,1 3 5 b7,advanced_reference,compact_seventh_position,seventh_6-5-4-3_5-b7-3-1,2-0-1-4-x-x,"[2, 0, 1, 4, null, null]",6-5-4-3,second_inversion,,80,4,3,F# A D# B None None,5 b7 3 1 None None,{}
B_dominant7_compact_seventh_position_seventh_5-4-3-2_b7-5-1-3_x-0-4-4-4-x,B,dominant7,7,1 3 5 b7,advanced_reference,compact_seventh_position,seventh_5-4-3-2_b7-5-1-3,x-0-4-4-4-x,"[null, 0, 4, 4, 4, null]",5-4-3-2,seventh_in_bass,,80,4,0,None A F# B D# None,None b7 5 1 3 None,{}
B_dominant7_compact_seventh_position_seventh_5-4-3-2_1-5-b7-3_x-2-4-2-4-x,B,dominant7,7,1 3 5 b7,advanced_reference,compact_seventh_position,seventh_5-4-3-2_1-5-b7-3,x-2-4-2-4-x,"[null, 2, 4, 2, 4, null]",5-4-3-2,root_position,,80,4,2,None B F# A D# None,None 1 5 b7 3 None,{}
B_dominant7_compact_seventh_position_seventh_4-3-2-1_5-1-3-b7_x-x-4-4-4-5,B,dominant7,7,1 3 5 b7,advanced_reference,compact_seventh_position,seventh_4-3-2-1_5-1-3-b7,x-x-4-4-4-5,"[null, null, 4, 4, 4, 5]",4-3-2-1,second_inversion,,80,5,1,None None F# B D# A,None None 5 1 3 b7,{}
B_dominant7_compact_seventh_position_seventh_6-5-4-3_b7-3-5-1_5-6-4-4-x-x,B,dominant7,7,1 3 5 b7,advanced_reference,compact_seventh_position,seventh_6-5-4-3_b7-3-5-1,5-6-4-4-x-x,"[5, 6, 4, 4, null, null]",6-5-4-3,seventh_in_bass,,80,6,2,A D# F# B None None,b7 3 5 1 None None,{}
B_dominant7_compact_seventh_position_seventh_5-4-3-2_3-b7-1-5_x-6-7-4-7-x,B,dominant7,7,1 3 5 b7,advanced_reference,compact_seventh_position,seventh_5-4-3-2_3-b7-1-5,x-6-7-4-7-x,"[null, 6, 7, 4, 7, null]",5-4-3-2,first_inversion_or_suspended_bass,,80,7,3,None D# A B F# None,None 3 b7 1 5 None,{}
B_dominant7_compact_seventh_position_seventh_4-3-2-1_b7-3-5-1_x-x-7-8-7-7,B,dominant7,7,1 3 5 b7,advanced_reference,compact_seventh_position,seventh_4-3-2-1_b7-3-5-1,x-x-7-8-7-7,"[null, null, 7, 8, 7, 7]",4-3-2-1,seventh_in_bass,,80,8,1,None None A D# F# B,None None b7 3 5 1,{}
B_dominant7_compact_seventh_position_seventh_6-5-4-3_b7-5-1-3_5-9-9-8-x-x,B,dominant7,7,1 3 5 b7,advanced_reference,compact_seventh_position,seventh_6-5-4-3_b7-5-1-3,5-9-9-8-x-x,"[5, 9, 9, 8, null, null]",6-5-4-3,seventh_in_bass,,80,9,4,A F# B D# None None,b7 5 1 3 None None,{}
B_dominant7_compact_seventh_position_seventh_6-5-4-3_1-5-b7-3_7-9-7-8-x-x,B,dominant7,7,1 3 5 b7,advanced_reference,compact_seventh_position,seventh_6-5-4-3_1-5-b7-3,7-9-7-8-x-x,"[7, 9, 7, 8, null, null]",6-5-4-3,root_position,,80,9,2,B F# A D# None None,1 5 b7 3 None None,{}
B_dominant7_compact_seventh_position_seventh_4-3-2-1_1-3-5-b7_x-x-9-8-7-5,B,dominant7,7,1 3 5 b7,advanced_reference,compact_seventh_position,seventh_4-3-2-1_1-3-5-b7,x-x-9-8-7-5,"[null, null, 9, 8, 7, 5]",4-3-2-1,root_position,,80,9,4,None None B D# F# A,None None 1 3 5 b7,{}
B_dominant7_compact_seventh_position_seventh_5-4-3-2_5-1-3-b7_x-9-9-8-10-x,B,dominant7,7,1 3 5 b7,advanced_reference,compact_seventh_position,seventh_5-4-3-2_5-1-3-b7,x-9-9-8-10-x,"[null, 9, 9, 8, 10, null]",5-4-3-2,second_inversion,,80,10,2,None F# B D# A None,None 5 1 3 b7 None,{}
B_dominant7_compact_seventh_position_seventh_6-5-4-3_3-b7-1-5_11-12-9-11-x-x,B,dominant7,7,1 3 5 b7,advanced_reference,compact_seventh_position,seventh_6-5-4-3_3-b7-1-5,11-12-9-11-x-x,"[11, 12, 9, 11, null, null]",6-5-4-3,first_inversion_or_suspended_bass,,80,12,3,D# A B F# None None,3 b7 1 5 None None,{}
B_dominant7_compact_seventh_position_seventh_5-4-3-2_b7-3-5-1_x-12-13-11-12-x,B,dominant7,7,1 3 5 b7,advanced_reference,compact_seventh_position,seventh_5-4-3-2_b7-3-5-1,x-12-13-11-12-x,"[null, 12, 13, 11, 12, null]",5-4-3-2,seventh_in_bass,,80,13,2,None A D# F# B None,None b7 3 5 1 None,{}
B_dominant7_compact_seventh_position_seventh_6-5-4-3_5-1-3-b7_14-14-13-14-x-x,B,dominant7,7,1 3 5 b7,advanced_reference,compact_seventh_position,seventh_6-5-4-3_5-1-3-b7,14-14-13-14-x-x,"[14, 14, 13, 14, null, null]",6-5-4-3,second_inversion,,80,14,1,F# B D# A None None,5 1 3 b7 None None,{}
B_dominant7_compact_seventh_position_seventh_5-4-3-2_1-3-5-b7_x-14-13-11-10-x,B,dominant7,7,1 3 5 b7,advanced_reference,compact_seventh_position,seventh_5-4-3-2_1-3-5-b7,x-14-13-11-10-x,"[null, 14, 13, 11, 10, null]",5-4-3-2,root_position,,80,14,4,None B D# F# A None,None 1 3 5 b7 None,{}
B_dominant7_compact_seventh_position_seventh_4-3-2-1_3-b7-1-5_x-x-13-14-12-14,B,dominant7,7,1 3 5 b7,advanced_reference,compact_seventh_position,seventh_4-3-2-1_3-b7-1-5,x-x-13-14-12-14,"[null, null, 13, 14, 12, 14]",4-3-2-1,first_inversion_or_suspended_bass,,80,14,2,None None D# A B F#,None None 3 b7 1 5,{}
B_dominant7_compact_seventh_position_seventh_6-5-4-3_5-b7-3-1_14-12-13-16-x-x,B,dominant7,7,1 3 5 b7,advanced_reference,compact_seventh_position,seventh_6-5-4-3_5-b7-3-1,14-12-13-16-x-x,"[14, 12, 13, 16, null, null]",6-5-4-3,second_inversion,,80,16,4,F# A D# B None None,5 b7 3 1 None None,{}
B_dominant7_compact_seventh_position_seventh_5-4-3-2_b7-5-1-3_x-12-16-16-16-x,B,dominant7,7,1 3 5 b7,advanced_reference,compact_seventh_position,seventh_5-4-3-2_b7-5-1-3,x-12-16-16-16-x,"[null, 12, 16, 16, 16, null]",5-4-3-2,seventh_in_bass,,80,16,4,None A F# B D# None,None b7 5 1 3 None,{}
B_dominant7_compact_seventh_position_seventh_5-4-3-2_1-5-b7-3_x-14-16-14-16-x,B,dominant7,7,1 3 5 b7,advanced_reference,compact_seventh_position,seventh_5-4-3-2_1-5-b7-3,x-14-16-14-16-x,"[null, 14, 16, 14, 16, null]",5-4-3-2,root_position,,80,16,2,None B F# A D# None,None 1 5 b7 3 None,{}
B_dominant7_compact_seventh_position_seventh_4-3-2-1_5-1-3-b7_x-x-16-16-16-17,B,dominant7,7,1 3 5 b7,advanced_reference,compact_seventh_position,seventh_4-3-2-1_5-1-3-b7,x-x-16-16-16-17,"[null, null, 16, 16, 16, 17]",4-3-2-1,second_inversion,,80,17,1,None None F# B D# A,None None 5 1 3 b7,{}
B_dominant7_compact_seventh_position_seventh_6-5-4-3_b7-3-5-1_17-18-16-16-x-x,B,dominant7,7,1 3 5 b7,advanced_reference,compact_seventh_position,seventh_6-5-4-3_b7-3-5-1,17-18-16-16-x-x,"[17, 18, 16, 16, null, null]",6-5-4-3,seventh_in_bass,,80,18,2,A D# F# B None None,b7 3 5 1 None None,{}
B_half_diminished7_movable_diminished_A_root_m7b5_x-14-15-14-15-x,B,half_diminished7,m7b5,1 b3 b5 b7,intermediate_core,movable_diminished,A_root_m7b5,x-14-15-14-15-x,"[null, 14, 15, 14, 15, null]",,root_position,,45,15,1,None B F A D None,None 1 b5 b7 b3 None,{}
B_half_diminished7_compact_seventh_position_seventh_6-5-4-3_b5-1-b3-b7_1-2-0-2-x-x,B,half_diminished7,m7b5,1 b3 b5 b7,advanced_reference,compact_seventh_position,seventh_6-5-4-3_b5-1-b3-b7,1-2-0-2-x-x,"[1, 2, 0, 2, null, null]",6-5-4-3,second_inversion,,80,2,1,F B D A None None,b5 1 b3 b7 None None,{}
B_half_diminished7_compact_seventh_position_seventh_4-3-2-1_b3-b7-1-b5_x-x-0-2-0-1,B,half_diminished7,m7b5,1 b3 b5 b7,advanced_reference,compact_seventh_position,seventh_4-3-2-1_b3-b7-1-b5,x-x-0-2-0-1,"[null, null, 0, 2, 0, 1]",4-3-2-1,first_inversion_or_suspended_bass,,80,2,1,None None D A B F,None None b3 b7 1 b5,{}
B_half_diminished7_compact_seventh_position_seventh_5-4-3-2_1-b5-b7-b3_x-2-3-2-3-x,B,half_diminished7,m7b5,1 b3 b5 b7,advanced_reference,compact_seventh_position,seventh_5-4-3-2_1-b5-b7-b3,x-2-3-2-3-x,"[null, 2, 3, 2, 3, null]",5-4-3-2,root_position,,80,3,1,None B F A D None,None 1 b5 b7 b3 None,{}
B_half_diminished7_compact_seventh_position_seventh_6-5-4-3_b5-b7-b3-1_1-0-0-4-x-x,B,half_diminished7,m7b5,1 b3 b5 b7,advanced_reference,compact_seventh_position,seventh_6-5-4-3_b5-b7-b3-1,1-0-0-4-x-x,"[1, 0, 0, 4, null, null]",6-5-4-3,second_inversion,,80,4,3,F A D B None None,b5 b7 b3 1 None None,{}
B_half_diminished7_compact_seventh_position_seventh_5-4-3-2_b7-b5-1-b3_x-0-3-4-3-x,B,half_diminished7,m7b5,1 b3 b5 b7,advanced_reference,compact_seventh_position,seventh_5-4-3-2_b7-b5-1-b3,x-0-3-4-3-x,"[null, 0, 3, 4, 3, null]",5-4-3-2,seventh_in_bass,,80,4,1,None A F B D None,None b7 b5 1 b3 None,{}
B_half_diminished7_compact_seventh_position_seventh_6-5-4-3_b7-b3-b5-1_5-5-3-4-x-x,B,half_diminished7,m7b5,1 b3 b5 b7,advanced_reference,compact_seventh_position,seventh_6-5-4-3_b7-b3-b5-1,5-5-3-4-x-x,"[5, 5, 3, 4, null, null]",6-5-4-3,seventh_in_bass,,80,5,2,A D F B None None,b7 b3 b5 1 None None,{}
B_half_diminished7_compact_seventh_position_seventh_5-4-3-2_b3-b5-b7-1_x-5-3-2-0-x,B,half_diminished7,m7b5,1 b3 b5 b7,advanced_reference,compact_seventh_position,seventh_5-4-3-2_b3-b5-b7-1,x-5-3-2-0-x,"[null, 5, 3, 2, 0, null]",5-4-3-2,first_inversion_or_suspended_bass,,80,5,3,None D F A B None,None b3 b5 b7 1 None,{}
B_half_diminished7_compact_seventh_position_seventh_4-3-2-1_b5-1-b3-b7_x-x-3-4-3-5,B,half_diminished7,m7b5,1 b3 b5 b7,advanced_reference,compact_seventh_position,seventh_4-3-2-1_b5-1-b3-b7,x-x-3-4-3-5,"[null, null, 3, 4, 3, 5]",4-3-2-1,second_inversion,,80,5,2,None None F B D A,None None b5 1 b3 b7,{}
B_half_diminished7_compact_seventh_position_seventh_5-4-3-2_b3-b7-1-b5_x-5-7-4-6-x,B,half_diminished7,m7b5,1 b3 b5 b7,advanced_reference,compact_seventh_position,seventh_5-4-3-2_b3-b7-1-b5,x-5-7-4-6-x,"[null, 5, 7, 4, 6, null]",5-4-3-2,first_inversion_or_suspended_bass,,80,7,3,None D A B F None,None b3 b7 1 b5 None,{}
B_half_diminished7_compact_seventh_position_seventh_4-3-2-1_b7-b3-b5-1_x-x-7-7-6-7,B,half_diminished7,m7b5,1 b3 b5 b7,advanced_reference,compact_seventh_position,seventh_4-3-2-1_b7-b3-b5-1,x-x-7-7-6-7,"[null, null, 7, 7, 6, 7]",4-3-2-1,seventh_in_bass,,80,7,1,None None A D F B,None None b7 b3 b5 1,{}
B_half_diminished7_compact_seventh_position_seventh_6-5-4-3_1-b5-b7-b3_7-8-7-7-x-x,B,half_diminished7,m7b5,1 b3 b5 b7,advanced_reference,compact_seventh_position,seventh_6-5-4-3_1-b5-b7-b3,7-8-7-7-x-x,"[7, 8, 7, 7, null, null]",6-5-4-3,root_position,,80,8,1,B F A D None None,1 b5 b7 b3 None None,{}
B_half_diminished7_compact_seventh_position_seventh_6-5-4-3_b7-b5-1-b3_5-8-9-7-x-x,B,half_diminished7,m7b5,1 b3 b5 b7,advanced_reference,compact_seventh_position,seventh_6-5-4-3_b7-b5-1-b3,5-8-9-7-x-x,"[5, 8, 9, 7, null, null]",6-5-4-3,seventh_in_bass,,80,9,4,A F B D None None,b7 b5 1 b3 None None,{}
B_half_diminished7_compact_seventh_position_seventh_4-3-2-1_1-b3-b5-b7_x-x-9-7-6-5,B,half_diminished7,m7b5,1 b3 b5 b7,advanced_reference,compact_seventh_position,seventh_4-3-2-1_1-b3-b5-b7,x-x-9-7-6-5,"[null, null, 9, 7, 6, 5]",4-3-2-1,root_position,,80,9,4,None None B D F A,None None 1 b3 b5 b7,{}
B_half_diminished7_compact_seventh_position_seventh_5-4-3-2_b5-1-b3-b7_x-8-9-7-10-x,B,half_diminished7,m7b5,1 b3 b5 b7,advanced_reference,compact_seventh_position,seventh_5-4-3-2_b5-1-b3-b7,x-8-9-7-10-x,"[null, 8, 9, 7, 10, null]",5-4-3-2,second_inversion,,80,10,3,None F B D A None,None b5 1 b3 b7 None,{}
B_half_diminished7_compact_seventh_position_seventh_4-3-2-1_1-b5-b7-b3_x-x-9-10-10-10,B,half_diminished7,m7b5,1 b3 b5 b7,advanced_reference,compact_seventh_position,seventh_4-3-2-1_1-b5-b7-b3,x-x-9-10-10-10,"[null, null, 9, 10, 10, 10]",4-3-2-1,root_position,,80,10,1,None None B F A D,None None 1 b5 b7 b3,{}
B_half_diminished7_compact_seventh_position_seventh_6-5-4-3_b3-b7-1-b5_10-12-9-10-x-x,B,half_diminished7,m7b5,1 b3 b5 b7,advanced_reference,compact_seventh_position,seventh_6-5-4-3_b3-b7-1-b5,10-12-9-10-x-x,"[10, 12, 9, 10, null, null]",6-5-4-3,first_inversion_or_suspended_bass,,80,12,3,D A B F None None,b3 b7 1 b5 None None,{}
B_half_diminished7_compact_seventh_position_seventh_5-4-3-2_b7-b3-b5-1_x-12-12-10-12-x,B,half_diminished7,m7b5,1 b3 b5 b7,advanced_reference,compact_seventh_position,seventh_5-4-3-2_b7-b3-b5-1,x-12-12-10-12-x,"[null, 12, 12, 10, 12, null]",5-4-3-2,seventh_in_bass,,80,12,2,None A D F B None,None b7 b3 b5 1 None,{}
B_half_diminished7_compact_seventh_position_seventh_6-5-4-3_b5-1-b3-b7_13-14-12-14-x-x,B,half_diminished7,m7b5,1 b3 b5 b7,advanced_reference,compact_seventh_position,seventh_6-5-4-3_b5-1-b3-b7,13-14-12-14-x-x,"[13, 14, 12, 14, null, null]",6-5-4-3,second_inversion,,80,14,2,F B D A None None,b5 1 b3 b7 None None,{}
B_half_diminished7_compact_seventh_position_seventh_5-4-3-2_1-b3-b5-b7_x-14-12-10-10-x,B,half_diminished7,m7b5,1 b3 b5 b7,advanced_reference,compact_seventh_position,seventh_5-4-3-2_1-b3-b5-b7,x-14-12-10-10-x,"[null, 14, 12, 10, 10, null]",5-4-3-2,root_position,,80,14,4,None B D F A None,None 1 b3 b5 b7 None,{}
B_half_diminished7_compact_seventh_position_seventh_4-3-2-1_b3-b7-1-b5_x-x-12-14-12-13,B,half_diminished7,m7b5,1 b3 b5 b7,advanced_reference,compact_seventh_position,seventh_4-3-2-1_b3-b7-1-b5,x-x-12-14-12-13,"[null, null, 12, 14, 12, 13]",4-3-2-1,first_inversion_or_suspended_bass,,80,14,2,None None D A B F,None None b3 b7 1 b5,{}
B_half_diminished7_compact_seventh_position_seventh_6-5-4-3_b5-b7-b3-1_13-12-12-16-x-x,B,half_diminished7,m7b5,1 b3 b5 b7,advanced_reference,compact_seventh_position,seventh_6-5-4-3_b5-b7-b3-1,13-12-12-16-x-x,"[13, 12, 12, 16, null, null]",6-5-4-3,second_inversion,,80,16,4,F A D B None None,b5 b7 b3 1 None None,{}
B_half_diminished7_compact_seventh_position_seventh_5-4-3-2_b7-b5-1-b3_x-12-15-16-15-x,B,half_diminished7,m7b5,1 b3 b5 b7,advanced_reference,compact_seventh_position,seventh_5-4-3-2_b7-b5-1-b3,x-12-15-16-15-x,"[null, 12, 15, 16, 15, null]",5-4-3-2,seventh_in_bass,,80,16,4,None A F B D None,None b7 b5 1 b3 None,{}
B_half_diminished7_compact_seventh_position_seventh_6-5-4-3_b7-b3-b5-1_17-17-15-16-x-x,B,half_diminished7,m7b5,1 b3 b5 b7,advanced_reference,compact_seventh_position,seventh_6-5-4-3_b7-b3-b5-1,17-17-15-16-x-x,"[17, 17, 15, 16, null, null]",6-5-4-3,seventh_in_bass,,80,17,2,A D F B None None,b7 b3 b5 1 None None,{}
B_half_diminished7_compact_seventh_position_seventh_4-3-2-1_b5-1-b3-b7_x-x-15-16-15-17,B,half_diminished7,m7b5,1 b3 b5 b7,advanced_reference,compact_seventh_position,seventh_4-3-2-1_b5-1-b3-b7,x-x-15-16-15-17,"[null, null, 15, 16, 15, 17]",4-3-2-1,second_inversion,,80,17,2,None None F B D A,None None b5 1 b3 b7,{}
B_m7_caged_seventh_A_shape_m7_x-2-4-2-3-2,B,m7,m7,1 b3 5 b7,intermediate_core,caged_seventh,A_shape_m7,x-2-4-2-3-2,"[null, 2, 4, 2, 3, 2]",,root_position,,35,4,2,None B F# A D F#,None 1 5 b7 b3 5,{}
B_m7_caged_seventh_E_shape_m7_7-9-7-7-7-7,B,m7,m7,1 b3 5 b7,intermediate_core,caged_seventh,E_shape_m7,7-9-7-7-7-7,"[7, 9, 7, 7, 7, 7]",,root_position,,35,9,2,B F# A D F# B,1 5 b7 b3 5 1,{}
B_m7_caged_seventh_D_shape_m7_x-x-9-11-10-10,B,m7,m7,1 b3 5 b7,intermediate_core,caged_seventh,D_shape_m7,x-x-9-11-10-10,"[null, null, 9, 11, 10, 10]",,root_position,,35,11,2,None None B F# A D,None None 1 5 b7 b3,{}
B_m7_compact_seventh_position_seventh_6-5-4-3_5-1-b3-b7_2-2-0-2-x-x,B,m7,m7,1 b3 5 b7,advanced_reference,compact_seventh_position,seventh_6-5-4-3_5-1-b3-b7,2-2-0-2-x-x,"[2, 2, 0, 2, null, null]",6-5-4-3,second_inversion,,80,2,0,F# B D A None None,5 1 b3 b7 None None,{}
B_m7_compact_seventh_position_seventh_4-3-2-1_b3-b7-1-5_x-x-0-2-0-2,B,m7,m7,1 b3 5 b7,advanced_reference,compact_seventh_position,seventh_4-3-2-1_b3-b7-1-5,x-x-0-2-0-2,"[null, null, 0, 2, 0, 2]",4-3-2-1,first_inversion_or_suspended_bass,,80,2,0,None None D A B F#,None None b3 b7 1 5,{}
B_m7_compact_seventh_position_seventh_6-5-4-3_5-b7-b3-1_2-0-0-4-x-x,B,m7,m7,1 b3 5 b7,advanced_reference,compact_seventh_position,seventh_6-5-4-3_5-b7-b3-1,2-0-0-4-x-x,"[2, 0, 0, 4, null, null]",6-5-4-3,second_inversion,,80,4,2,F# A D B None None,5 b7 b3 1 None None,{}
B_m7_compact_seventh_position_seventh_5-4-3-2_b7-5-1-b3_x-0-4-4-3-x,B,m7,m7,1 b3 5 b7,advanced_reference,compact_seventh_position,seventh_5-4-3-2_b7-5-1-b3,x-0-4-4-3-x,"[null, 0, 4, 4, 3, null]",5-4-3-2,seventh_in_bass,,80,4,1,None A F# B D None,None b7 5 1 b3 None,{}
B_m7_compact_seventh_position_seventh_5-4-3-2_1-5-b7-b3_x-2-4-2-3-x,B,m7,m7,1 b3 5 b7,advanced_reference,compact_seventh_position,seventh_5-4-3-2_1-5-b7-b3,x-2-4-2-3-x,"[null, 2, 4, 2, 3, null]",5-4-3-2,root_position,,80,4,2,None B F# A D None,None 1 5 b7 b3 None,{}
B_m7_compact_seventh_position_seventh_6-5-4-3_b7-b3-5-1_5-5-4-4-x-x,B,m7,m7,1 b3 5 b7,advanced_reference,compact_seventh_position,seventh_6-5-4-3_b7-b3-5-1,5-5-4-4-x-x,"[5, 5, 4, 4, null, null]",6-5-4-3,seventh_in_bass,,80,5,1,A D F# B None None,b7 b3 5 1 None None,{}
B_m7_compact_seventh_position_seventh_5-4-3-2_b3-5-b7-1_x-5-4-2-0-x,B,m7,m7,1 b3 5 b7,advanced_reference,compact_seventh_position,seventh_5-4-3-2_b3-5-b7-1,x-5-4-2-0-x,"[null, 5, 4, 2, 0, null]",5-4-3-2,first_inversion_or_suspended_bass,,80,5,3,None D F# A B None,None b3 5 b7 1 None,{}
B_m7_compact_seventh_position_seventh_4-3-2-1_5-1-b3-b7_x-x-4-4-3-5,B,m7,m7,1 b3 5 b7,advanced_reference,compact_seventh_position,seventh_4-3-2-1_5-1-b3-b7,x-x-4-4-3-5,"[null, null, 4, 4, 3, 5]",4-3-2-1,second_inversion,,80,5,2,None None F# B D A,None None 5 1 b3 b7,{}
B_m7_compact_seventh_position_seventh_5-4-3-2_b3-b7-1-5_x-5-7-4-7-x,B,m7,m7,1 b3 5 b7,advanced_reference,compact_seventh_position,seventh_5-4-3-2_b3-b7-1-5,x-5-7-4-7-x,"[null, 5, 7, 4, 7, null]",5-4-3-2,first_inversion_or_suspended_bass,,80,7,3,None D A B F# None,None b3 b7 1 5 None,{}
B_m7_compact_seventh_position_seventh_4-3-2-1_b7-b3-5-1_x-x-7-7-7-7,B,m7,m7,1 b3 5 b7,advanced_reference,compact_seventh_position,seventh_4-3-2-1_b7-b3-5-1,x-x-7-7-7-7,"[null, null, 7, 7, 7, 7]",4-3-2-1,seventh_in_bass,,80,7,0,None None A D F# B,None None b7 b3 5 1,{}
B_m7_compact_seventh_position_seventh_6-5-4-3_b7-5-1-b3_5-9-9-7-x-x,B,m7,m7,1 b3 5 b7,advanced_reference,compact_seventh_position,seventh_6-5-4-3_b7-5-1-b3,5-9-9-7-x-x,"[5, 9, 9, 7, null, null]",6-5-4-3,seventh_in_bass,,80,9,4,A F# B D None None,b7 5 1 b3 None None,{}
B_m7_compact_seventh_position_seventh_6-5-4-3_1-5-b7-b3_7-9-7-7-x-x,B,m7,m7,1 b3 5 b7,advanced_reference,compact_seventh_position,seventh_6-5-4-3_1-5-b7-b3,7-9-7-7-x-x,"[7, 9, 7, 7, null, null]",6-5-4-3,root_position,,80,9,2,B F# A D None None,1 5 b7 b3 None None,{}
B_m7_compact_seventh_position_seventh_4-3-2-1_1-b3-5-b7_x-x-9-7-7-5,B,m7,m7,1 b3 5 b7,advanced_reference,compact_seventh_position,seventh_4-3-2-1_1-b3-5-b7,x-x-9-7-7-5,"[null, null, 9, 7, 7, 5]",4-3-2-1,root_position,,80,9,4,None None B D F# A,None None 1 b3 5 b7,{}
B_m7_compact_seventh_position_seventh_5-4-3-2_5-1-b3-b7_x-9-9-7-10-x,B,m7,m7,1 b3 5 b7,advanced_reference,compact_seventh_position,seventh_5-4-3-2_5-1-b3-b7,x-9-9-7-10-x,"[null, 9, 9, 7, 10, null]",5-4-3-2,second_inversion,,80,10,3,None F# B D A None,None 5 1 b3 b7 None,{}
B_m7_compact_seventh_position_seventh_6-5-4-3_b3-b7-1-5_10-12-9-11-x-x,B,m7,m7,1 b3 5 b7,advanced_reference,compact_seventh_position,seventh_6-5-4-3_b3-b7-1-5,10-12-9-11-x-x,"[10, 12, 9, 11, null, null]",6-5-4-3,first_inversion_or_suspended_bass,,80,12,3,D A B F# None None,b3 b7 1 5 None None,{}
B_m7_compact_seventh_position_seventh_5-4-3-2_b7-b3-5-1_x-12-12-11-12-x,B,m7,m7,1 b3 5 b7,advanced_reference,compact_seventh_position,seventh_5-4-3-2_b7-b3-5-1,x-12-12-11-12-x,"[null, 12, 12, 11, 12, null]",5-4-3-2,seventh_in_bass,,80,12,1,None A D F# B None,None b7 b3 5 1 None,{}
B_m7_compact_seventh_position_seventh_6-5-4-3_5-1-b3-b7_14-14-12-14-x-x,B,m7,m7,1 b3 5 b7,advanced_reference,compact_seventh_position,seventh_6-5-4-3_5-1-b3-b7,14-14-12-14-x-x,"[14, 14, 12, 14, null, null]",6-5-4-3,second_inversion,,80,14,2,F# B D A None None,5 1 b3 b7 None None,{}
B_m7_compact_seventh_position_seventh_5-4-3-2_1-b3-5-b7_x-14-12-11-10-x,B,m7,m7,1 b3 5 b7,advanced_reference,compact_seventh_position,seventh_5-4-3-2_1-b3-5-b7,x-14-12-11-10-x,"[null, 14, 12, 11, 10, null]",5-4-3-2,root_position,,80,14,4,None B D F# A None,None 1 b3 5 b7 None,{}
B_m7_compact_seventh_position_seventh_4-3-2-1_b3-b7-1-5_x-x-12-14-12-14,B,m7,m7,1 b3 5 b7,advanced_reference,compact_seventh_position,seventh_4-3-2-1_b3-b7-1-5,x-x-12-14-12-14,"[null, null, 12, 14, 12, 14]",4-3-2-1,first_inversion_or_suspended_bass,,80,14,2,None None D A B F#,None None b3 b7 1 5,{}
B_m7_compact_seventh_position_seventh_6-5-4-3_5-b7-b3-1_14-12-12-16-x-x,B,m7,m7,1 b3 5 b7,advanced_reference,compact_seventh_position,seventh_6-5-4-3_5-b7-b3-1,14-12-12-16-x-x,"[14, 12, 12, 16, null, null]",6-5-4-3,second_inversion,,80,16,4,F# A D B None None,5 b7 b3 1 None None,{}
B_m7_compact_seventh_position_seventh_5-4-3-2_b7-5-1-b3_x-12-16-16-15-x,B,m7,m7,1 b3 5 b7,advanced_reference,compact_seventh_position,seventh_5-4-3-2_b7-5-1-b3,x-12-16-16-15-x,"[null, 12, 16, 16, 15, null]",5-4-3-2,seventh_in_bass,,80,16,4,None A F# B D None,None b7 5 1 b3 None,{}
B_m7_compact_seventh_position_seventh_5-4-3-2_1-5-b7-b3_x-14-16-14-15-x,B,m7,m7,1 b3 5 b7,advanced_reference,compact_seventh_position,seventh_5-4-3-2_1-5-b7-b3,x-14-16-14-15-x,"[null, 14, 16, 14, 15, null]",5-4-3-2,root_position,,80,16,2,None B F# A D None,None 1 5 b7 b3 None,{}
B_m7_compact_seventh_position_seventh_6-5-4-3_b7-b3-5-1_17-17-16-16-x-x,B,m7,m7,1 b3 5 b7,advanced_reference,compact_seventh_position,seventh_6-5-4-3_b7-b3-5-1,17-17-16-16-x-x,"[17, 17, 16, 16, null, null]",6-5-4-3,seventh_in_bass,,80,17,1,A D F# B None None,b7 b3 5 1 None None,{}
B_m7_compact_seventh_position_seventh_4-3-2-1_5-1-b3-b7_x-x-16-16-15-17,B,m7,m7,1 b3 5 b7,advanced_reference,compact_seventh_position,seventh_4-3-2-1_5-1-b3-b7,x-x-16-16-15-17,"[null, null, 16, 16, 15, 17]",4-3-2-1,second_inversion,,80,17,2,None None F# B D A,None None 5 1 b3 b7,{}
B_maj7_caged_seventh_A_shape_maj7_x-2-4-3-4-2,B,maj7,maj7,1 3 5 7,intermediate_core,caged_seventh,A_shape_maj7,x-2-4-3-4-2,"[null, 2, 4, 3, 4, 2]",,root_position,,35,4,2,None B F# A# D# F#,None 1 5 7 3 5,{}
B_maj7_caged_seventh_G_shape_maj7_7-x-8-8-7-x,B,maj7,maj7,1 3 5 7,intermediate_core,caged_seventh,G_shape_maj7,7-x-8-8-7-x,"[7, null, 8, 8, 7, null]",,root_position,,35,8,1,B None A# D# F# None,1 None 7 3 5 None,{}
B_maj7_caged_seventh_E_shape_maj7_7-9-8-8-7-7,B,maj7,maj7,1 3 5 7,intermediate_core,caged_seventh,E_shape_maj7,7-9-8-8-7-7,"[7, 9, 8, 8, 7, 7]",,root_position,,35,9,2,B F# A# D# F# B,1 5 7 3 5 1,{}
B_maj7_compact_seventh_position_seventh_6-5-4-3_5-1-3-7_2-2-1-3-x-x,B,maj7,maj7,1 3 5 7,advanced_reference,compact_seventh_position,seventh_6-5-4-3_5-1-3-7,2-2-1-3-x-x,"[2, 2, 1, 3, null, null]",6-5-4-3,second_inversion,,80,3,2,F# B D# A# None None,5 1 3 7 None None,{}
B_maj7_compact_seventh_position_seventh_4-3-2-1_3-7-1-5_x-x-1-3-0-2,B,maj7,maj7,1 3 5 7,advanced_reference,compact_seventh_position,seventh_4-3-2-1_3-7-1-5,x-x-1-3-0-2,"[null, null, 1, 3, 0, 2]",4-3-2-1,first_inversion_or_suspended_bass,,80,3,2,None None D# A# B F#,None None 3 7 1 5,{}
B_maj7_compact_seventh_position_seventh_6-5-4-3_5-7-3-1_2-1-1-4-x-x,B,maj7,maj7,1 3 5 7,advanced_reference,compact_seventh_position,seventh_6-5-4-3_5-7-3-1,2-1-1-4-x-x,"[2, 1, 1, 4, null, null]",6-5-4-3,second_inversion,,80,4,3,F# A# D# B None None,5 7 3 1 None None,{}
B_maj7_compact_seventh_position_seventh_5-4-3-2_7-5-1-3_x-1-4-4-4-x,B,maj7,maj7,1 3 5 7,advanced_reference,compact_seventh_position,seventh_5-4-3-2_7-5-1-3,x-1-4-4-4-x,"[null, 1, 4, 4, 4, null]",5-4-3-2,seventh_in_bass,,80,4,3,None A# F# B D# None,None 7 5 1 3 None,{}
B_maj7_compact_seventh_position_seventh_5-4-3-2_1-5-7-3_x-2-4-3-4-x,B,maj7,maj7,1 3 5 7,advanced_reference,compact_seventh_position,seventh_5-4-3-2_1-5-7-3,x-2-4-3-4-x,"[null, 2, 4, 3, 4, null]",5-4-3-2,root_position,,80,4,2,None B F# A# D# None,None 1 5 7 3 None,{}
B_maj7_compact_seventh_position_seventh_6-5-4-3_7-3-5-1_6-6-4-4-x-x,B,maj7,maj7,1 3 5 7,advanced_reference,compact_seventh_position,seventh_6-5-4-3_7-3-5-1,6-6-4-4-x-x,"[6, 6, 4, 4, null, null]",6-5-4-3,seventh_in_bass,,80,6,2,A# D# F# B None None,7 3 5 1 None None,{}
B_maj7_compact_seventh_position_seventh_4-3-2-1_5-1-3-7_x-x-4-4-4-6,B,maj7,maj7,1 3 5 7,advanced_reference,compact_seventh_position,seventh_4-3-2-1_5-1-3-7,x-x-4-4-4-6,"[null, null, 4, 4, 4, 6]",4-3-2-1,second_inversion,,80,6,2,None None F# B D# A#,None None 5 1 3 7,{}
B_maj7_compact_seventh_position_seventh_6-5-4-3_1-3-5-7_7-6-4-3-x-x,B,maj7,maj7,1 3 5 7,advanced_reference,compact_seventh_position,seventh_6-5-4-3_1-3-5-7,7-6-4-3-x-x,"[7, 6, 4, 3, null, null]",6-5-4-3,root_position,,80,7,4,B D# F# A# None None,1 3 5 7 None None,{}
B_maj7_compact_seventh_position_seventh_4-3-2-1_5-7-3-1_x-x-4-3-4-7,B,maj7,maj7,1 3 5 7,advanced_reference,compact_seventh_position,seventh_4-3-2-1_5-7-3-1,x-x-4-3-4-7,"[null, null, 4, 3, 4, 7]",4-3-2-1,second_inversion,,80,7,4,None None F# A# D# B,None None 5 7 3 1,{}
B_maj7_compact_seventh_position_seventh_5-4-3-2_3-7-1-5_x-6-8-4-7-x,B,maj7,maj7,1 3 5 7,advanced_reference,compact_seventh_position,seventh_5-4-3-2_3-7-1-5,x-6-8-4-7-x,"[null, 6, 8, 4, 7, null]",5-4-3-2,first_inversion_or_suspended_bass,,80,8,4,None D# A# B F# None,None 3 7 1 5 None,{}
B_maj7_compact_seventh_position_seventh_4-3-2-1_7-3-5-1_x-x-8-8-7-7,B,maj7,maj7,1 3 5 7,advanced_reference,compact_seventh_position,seventh_4-3-2-1_7-3-5-1,x-x-8-8-7-7,"[null, null, 8, 8, 7, 7]",4-3-2-1,seventh_in_bass,,80,8,1,None None A# D# F# B,None None 7 3 5 1,{}
B_maj7_compact_seventh_position_seventh_6-5-4-3_7-5-1-3_6-9-9-8-x-x,B,maj7,maj7,1 3 5 7,advanced_reference,compact_seventh_position,seventh_6-5-4-3_7-5-1-3,6-9-9-8-x-x,"[6, 9, 9, 8, null, null]",6-5-4-3,seventh_in_bass,,80,9,3,A# F# B D# None None,7 5 1 3 None None,{}
B_maj7_compact_seventh_position_seventh_6-5-4-3_1-5-7-3_7-9-8-8-x-x,B,maj7,maj7,1 3 5 7,advanced_reference,compact_seventh_position,seventh_6-5-4-3_1-5-7-3,7-9-8-8-x-x,"[7, 9, 8, 8, null, null]",6-5-4-3,root_position,,80,9,2,B F# A# D# None None,1 5 7 3 None None,{}
B_maj7_compact_seventh_position_seventh_4-3-2-1_1-3-5-7_x-x-9-8-7-6,B,maj7,maj7,1 3 5 7,advanced_reference,compact_seventh_position,seventh_4-3-2-1_1-3-5-7,x-x-9-8-7-6,"[null, null, 9, 8, 7, 6]",4-3-2-1,root_position,,80,9,3,None None B D# F# A#,None None 1 3 5 7,{}
B_maj7_compact_seventh_position_seventh_5-4-3-2_5-1-3-7_x-9-9-8-11-x,B,maj7,maj7,1 3 5 7,advanced_reference,compact_seventh_position,seventh_5-4-3-2_5-1-3-7,x-9-9-8-11-x,"[null, 9, 9, 8, 11, null]",5-4-3-2,second_inversion,,80,11,3,None F# B D# A# None,None 5 1 3 7 None,{}
B_maj7_compact_seventh_position_seventh_4-3-2-1_1-5-7-3_x-x-9-11-11-11,B,maj7,maj7,1 3 5 7,advanced_reference,compact_seventh_position,seventh_4-3-2-1_1-5-7-3,x-x-9-11-11-11,"[null, null, 9, 11, 11, 11]",4-3-2-1,root_position,,80,11,2,None None B F# A# D#,None None 1 5 7 3,{}
B_maj7_compact_seventh_position_seventh_5-4-3-2_5-7-3-1_x-9-8-8-12-x,B,maj7,maj7,1 3 5 7,advanced_reference,compact_seventh_position,seventh_5-4-3-2_5-7-3-1,x-9-8-8-12-x,"[null, 9, 8, 8, 12, null]",5-4-3-2,second_inversion,,80,12,4,None F# A# D# B None,None 5 7 3 1 None,{}
B_maj7_compact_seventh_position_seventh_4-3-2-1_7-5-1-3_x-x-8-11-12-11,B,maj7,maj7,1 3 5 7,advanced_reference,compact_seventh_position,seventh_4-3-2-1_7-5-1-3,x-x-8-11-12-11,"[null, null, 8, 11, 12, 11]",4-3-2-1,seventh_in_bass,,80,12,4,None None A# F# B D#,None None 7 5 1 3,{}
B_maj7_compact_seventh_position_seventh_6-5-4-3_3-7-1-5_11-13-9-11-x-x,B,maj7,maj7,1 3 5 7,advanced_reference,compact_seventh_position,seventh_6-5-4-3_3-7-1-5,11-13-9-11-x-x,"[11, 13, 9, 11, null, null]",6-5-4-3,first_inversion_or_suspended_bass,,80,13,4,D# A# B F# None None,3 7 1 5 None None,{}
B_maj7_compact_seventh_position_seventh_5-4-3-2_7-3-5-1_x-13-13-11-12-x,B,maj7,maj7,1 3 5 7,advanced_reference,compact_seventh_position,seventh_5-4-3-2_7-3-5-1,x-13-13-11-12-x,"[null, 13, 13, 11, 12, null]",5-4-3-2,seventh_in_bass,,80,13,2,None A# D# F# B None,None 7 3 5 1 None,{}
B_maj7_compact_seventh_position_seventh_5-4-3-2_1-3-5-7_x-14-13-11-11-x,B,maj7,maj7,1 3 5 7,advanced_reference,compact_seventh_position,seventh_5-4-3-2_1-3-5-7,x-14-13-11-11-x,"[null, 14, 13, 11, 11, null]",5-4-3-2,root_position,,80,14,3,None B D# F# A# None,None 1 3 5 7 None,{}
B_maj7_compact_seventh_position_seventh_6-5-4-3_5-1-3-7_14-14-13-15-x-x,B,maj7,maj7,1 3 5 7,advanced_reference,compact_seventh_position,seventh_6-5-4-3_5-1-3-7,14-14-13-15-x-x,"[14, 14, 13, 15, null, null]",6-5-4-3,second_inversion,,80,15,2,F# B D# A# None None,5 1 3 7 None None,{}
B_maj7_compact_seventh_position_seventh_4-3-2-1_3-7-1-5_x-x-13-15-12-14,B,maj7,maj7,1 3 5 7,advanced_reference,compact_seventh_position,seventh_4-3-2-1_3-7-1-5,x-x-13-15-12-14,"[null, null, 13, 15, 12, 14]",4-3-2-1,first_inversion_or_suspended_bass,,80,15,3,None None D# A# B F#,None None 3 7 1 5,{}
B_maj7_compact_seventh_position_seventh_6-5-4-3_5-7-3-1_14-13-13-16-x-x,B,maj7,maj7,1 3 5 7,advanced_reference,compact_seventh_position,seventh_6-5-4-3_5-7-3-1,14-13-13-16-x-x,"[14, 13, 13, 16, null, null]",6-5-4-3,second_inversion,,80,16,3,F# A# D# B None None,5 7 3 1 None None,{}
B_maj7_compact_seventh_position_seventh_5-4-3-2_7-5-1-3_x-13-16-16-16-x,B,maj7,maj7,1 3 5 7,advanced_reference,compact_seventh_position,seventh_5-4-3-2_7-5-1-3,x-13-16-16-16-x,"[null, 13, 16, 16, 16, null]",5-4-3-2,seventh_in_bass,,80,16,3,None A# F# B D# None,None 7 5 1 3 None,{}
B_maj7_compact_seventh_position_seventh_5-4-3-2_1-5-7-3_x-14-16-15-16-x,B,maj7,maj7,1 3 5 7,advanced_reference,compact_seventh_position,seventh_5-4-3-2_1-5-7-3,x-14-16-15-16-x,"[null, 14, 16, 15, 16, null]",5-4-3-2,root_position,,80,16,2,None B F# A# D# None,None 1 5 7 3 None,{}
B_maj7_compact_seventh_position_seventh_6-5-4-3_7-3-5-1_18-18-16-16-x-x,B,maj7,maj7,1 3 5 7,advanced_reference,compact_seventh_position,seventh_6-5-4-3_7-3-5-1,18-18-16-16-x-x,"[18, 18, 16, 16, null, null]",6-5-4-3,seventh_in_bass,,80,18,2,A# D# F# B None None,7 3 5 1 None None,{}
B_maj7_compact_seventh_position_seventh_4-3-2-1_5-1-3-7_x-x-16-16-16-18,B,maj7,maj7,1 3 5 7,advanced_reference,compact_seventh_position,seventh_4-3-2-1_5-1-3-7,x-x-16-16-16-18,"[null, null, 16, 16, 16, 18]",4-3-2-1,second_inversion,,80,18,2,None None F# B D# A#,None None 5 1 3 7,{}
B_major_caged_major_C_shape_x-14-13-11-12-11,B,major,major,1 3 5,beginner_core,caged_major,C_shape,x-14-13-11-12-11,"[null, 14, 13, 11, 12, 11]",,root_position,,1,14,3,None B D# F# B D#,None 1 3 5 1 3,{}
B_major_caged_major_A_shape_x-2-4-4-4-2,B,major,major,1 3 5,beginner_core,caged_major,A_shape,x-2-4-4-4-2,"[null, 2, 4, 4, 4, 2]",,root_position,,2,4,2,None B F# B D# F#,None 1 5 1 3 5,{}
B_major_caged_major_G_shape_7-6-4-4-4-7,B,major,major,1 3 5,beginner_core,caged_major,G_shape,7-6-4-4-4-7,"[7, 6, 4, 4, 4, 7]",,root_position,,3,7,3,B D# F# B D# B,1 3 5 1 3 1,{}
B_major_caged_major_E_shape_7-9-9-8-7-7,B,major,major,1 3 5,beginner_core,caged_major,E_shape,7-9-9-8-7-7,"[7, 9, 9, 8, 7, 7]",,root_position,,4,9,2,B F# B D# F# B,1 5 1 3 5 1,{}
B_major_caged_major_D_shape_x-x-9-11-12-11,B,major,major,1 3 5,beginner_core,caged_major,D_shape,x-x-9-11-12-11,"[null, null, 9, 11, 12, 11]",,root_position,,5,12,3,None None B F# B D#,None None 1 5 1 3,{}
B_major_triad_position_triad_6-5-4_second_inversion_5-1-3_2-2-1-x-x-x,B,major,major,1 3 5,intermediate_core,triad_position,triad_6-5-4_second_inversion_5-1-3,2-2-1-x-x-x,"[2, 2, 1, null, null, null]",6-5-4,second_inversion,second_inversion,60,2,1,F# B D# None None None,5 1 3 None None None,"{""sus4"": ""B_sus4_triad_related_suspended_from_B_major_triad_position_triad_6-5-4_second_inversion_5-1-3_2-2-1-x-x-x_sus4_2-2-2-x-x-x""}"
B_major_triad_position_triad_4-3-2_second_inversion_5-1-3_x-x-4-4-4-x,B,major,major,1 3 5,intermediate_core,triad_position,triad_4-3-2_second_inversion_5-1-3,x-x-4-4-4-x,"[null, null, 4, 4, 4, null]",4-3-2,second_inversion,second_inversion,60,4,0,None None F# B D# None,None None 5 1 3 None,"{""sus2"": ""B_sus2_triad_related_suspended_from_B_major_triad_position_triad_4-3-2_second_inversion_5-1-3_x-x-4-4-4-x_sus2_x-x-4-4-2-x"", ""sus4"": ""B_sus4_triad_related_suspended_from_B_major_triad_position_triad_4-3-2_second_inversion_5-1-3_x-x-4-4-4-x_sus4_x-x-4-4-5-x""}"
B_major_triad_position_triad_3-2-1_root_position_1-3-5_x-x-x-4-4-2,B,major,major,1 3 5,intermediate_core,triad_position,triad_3-2-1_root_position_1-3-5,x-x-x-4-4-2,"[null, null, null, 4, 4, 2]",3-2-1,root_position,root_position,60,4,2,None None None B D# F#,None None None 1 3 5,"{""sus2"": ""B_sus2_triad_related_suspended_from_B_major_triad_position_triad_3-2-1_root_position_1-3-5_x-x-x-4-4-2_sus2_x-x-x-4-2-2"", ""sus4"": ""B_sus4_triad_related_suspended_from_B_major_triad_position_triad_3-2-1_root_position_1-3-5_x-x-x-4-4-2_sus4_x-x-x-4-5-2""}"
B_major_triad_position_triad_5-4-3_first_inversion_3-5-1_x-6-4-4-x-x,B,major,major,1 3 5,intermediate_core,triad_position,triad_5-4-3_first_inversion_3-5-1,x-6-4-4-x-x,"[null, 6, 4, 4, null, null]",5-4-3,first_inversion_or_suspended_bass,first_inversion,60,6,2,None D# F# B None None,None 3 5 1 None None,"{""sus2"": ""B_sus2_triad_related_suspended_from_B_major_triad_position_triad_5-4-3_first_inversion_3-5-1_x-6-4-4-x-x_sus2_x-4-4-4-x-x"", ""sus4"": ""B_sus4_triad_related_suspended_from_B_major_triad_position_triad_5-4-3_first_inversion_3-5-1_x-6-4-4-x-x_sus4_x-7-4-4-x-x""}"
B_major_triad_position_triad_6-5-4_root_position_1-3-5_7-6-4-x-x-x,B,major,major,1 3 5,intermediate_core,triad_position,triad_6-5-4_root_position_1-3-5,7-6-4-x-x-x,"[7, 6, 4, null, null, null]",6-5-4,root_position,root_position,60,7,3,B D# F# None None None,1 3 5 None None None,"{""sus2"": ""B_sus2_triad_related_suspended_from_B_major_triad_position_triad_6-5-4_root_position_1-3-5_7-6-4-x-x-x_sus2_7-4-4-x-x-x"", ""sus4"": ""B_sus4_triad_related_suspended_from_B_major_triad_position_triad_6-5-4_root_position_1-3-5_7-6-4-x-x-x_sus4_7-7-4-x-x-x""}"
B_major_triad_position_triad_3-2-1_first_inversion_3-5-1_x-x-x-8-7-7,B,major,major,1 3 5,intermediate_core,triad_position,triad_3-2-1_first_inversion_3-5-1,x-x-x-8-7-7,"[null, null, null, 8, 7, 7]",3-2-1,first_inversion_or_suspended_bass,first_inversion,60,8,1,None None None D# F# B,None None None 3 5 1,"{""sus2"": ""B_sus2_triad_related_suspended_from_B_major_triad_position_triad_3-2-1_first_inversion_3-5-1_x-x-x-8-7-7_sus2_x-x-x-6-7-7"", ""sus4"": ""B_sus4_triad_related_suspended_from_B_major_triad_position_triad_3-2-1_first_inversion_3-5-1_x-x-x-8-7-7_sus4_x-x-x-9-7-7""}"
B_major_triad_position_triad_5-4-3_second_inversion_5-1-3_x-9-9-8-x-x,B,major,major,1 3 5,intermediate_core,triad_position,triad_5-4-3_second_inversion_5-1-3,x-9-9-8-x-x,"[null, 9, 9, 8, null, null]",5-4-3,second_inversion,second_inversion,60,9,1,None F# B D# None None,None 5 1 3 None None,"{""sus2"": ""B_sus2_triad_related_suspended_from_B_major_triad_position_triad_5-4-3_second_inversion_5-1-3_x-9-9-8-x-x_sus2_x-9-9-6-x-x"", ""sus4"": ""B_sus4_triad_related_suspended_from_B_major_triad_position_triad_5-4-3_second_inversion_5-1-3_x-9-9-8-x-x_sus4_x-9-9-9-x-x""}"
B_major_triad_position_triad_4-3-2_root_position_1-3-5_x-x-9-8-7-x,B,major,major,1 3 5,intermediate_core,triad_position,triad_4-3-2_root_position_1-3-5,x-x-9-8-7-x,"[null, null, 9, 8, 7, null]",4-3-2,root_position,root_position,60,9,2,None None B D# F# None,None None 1 3 5 None,"{""sus2"": ""B_sus2_triad_related_suspended_from_B_major_triad_position_triad_4-3-2_root_position_1-3-5_x-x-9-8-7-x_sus2_x-x-9-6-7-x"", ""sus4"": ""B_sus4_triad_related_suspended_from_B_major_triad_position_triad_4-3-2_root_position_1-3-5_x-x-9-8-7-x_sus4_x-x-9-9-7-x""}"
B_major_triad_position_triad_6-5-4_first_inversion_3-5-1_11-9-9-x-x-x,B,major,major,1 3 5,intermediate_core,triad_position,triad_6-5-4_first_inversion_3-5-1,11-9-9-x-x-x,"[11, 9, 9, null, null, null]",6-5-4,first_inversion_or_suspended_bass,first_inversion,60,11,2,D# F# B None None None,3 5 1 None None None,"{""sus2"": ""B_sus2_triad_related_suspended_from_B_major_triad_position_triad_6-5-4_first_inversion_3-5-1_11-9-9-x-x-x_sus2_9-9-9-x-x-x"", ""sus4"": ""B_sus4_triad_related_suspended_from_B_major_triad_position_triad_6-5-4_first_inversion_3-5-1_11-9-9-x-x-x_sus4_12-9-9-x-x-x""}"
B_major_triad_position_triad_3-2-1_second_inversion_5-1-3_x-x-x-11-12-11,B,major,major,1 3 5,intermediate_core,triad_position,triad_3-2-1_second_inversion_5-1-3,x-x-x-11-12-11,"[null, null, null, 11, 12, 11]",3-2-1,second_inversion,second_inversion,60,12,1,None None None F# B D#,None None None 5 1 3,"{""sus2"": ""B_sus2_triad_related_suspended_from_B_major_triad_position_triad_3-2-1_second_inversion_5-1-3_x-x-x-11-12-11_sus2_x-x-x-11-12-9"", ""sus4"": ""B_sus4_triad_related_suspended_from_B_major_triad_position_triad_3-2-1_second_inversion_5-1-3_x-x-x-11-12-11_sus4_x-x-x-11-12-12""}"
B_major_triad_position_triad_4-3-2_first_inversion_3-5-1_x-x-13-11-12-x,B,major,major,1 3 5,intermediate_core,triad_position,triad_4-3-2_first_inversion_3-5-1,x-x-13-11-12-x,"[null, null, 13, 11, 12, null]",4-3-2,first_inversion_or_suspended_bass,first_inversion,60,13,2,None None D# F# B None,None None 3 5 1 None,"{""sus2"": ""B_sus2_triad_related_suspended_from_B_major_triad_position_triad_4-3-2_first_inversion_3-5-1_x-x-13-11-12-x_sus2_x-x-11-11-12-x"", ""sus4"": ""B_sus4_triad_related_suspended_from_B_major_triad_position_triad_4-3-2_first_inversion_3-5-1_x-x-13-11-12-x_sus4_x-x-14-11-12-x""}"
B_major_triad_position_triad_6-5-4_second_inversion_5-1-3_14-14-13-x-x-x,B,major,major,1 3 5,intermediate_core,triad_position,triad_6-5-4_second_inversion_5-1-3,14-14-13-x-x-x,"[14, 14, 13, null, null, null]",6-5-4,second_inversion,second_inversion,60,14,1,F# B D# None None None,5 1 3 None None None,"{""sus2"": ""B_sus2_triad_related_suspended_from_B_major_triad_position_triad_6-5-4_second_inversion_5-1-3_14-14-13-x-x-x_sus2_14-14-11-x-x-x"", ""sus4"": ""B_sus4_triad_related_suspended_from_B_major_triad_position_triad_6-5-4_second_inversion_5-1-3_14-14-13-x-x-x_sus4_14-14-14-x-x-x""}"
B_major_triad_position_triad_5-4-3_root_position_1-3-5_x-14-13-11-x-x,B,major,major,1 3 5,intermediate_core,triad_position,triad_5-4-3_root_position_1-3-5,x-14-13-11-x-x,"[null, 14, 13, 11, null, null]",5-4-3,root_position,root_position,60,14,3,None B D# F# None None,None 1 3 5 None None,"{""sus2"": ""B_sus2_triad_related_suspended_from_B_major_triad_position_triad_5-4-3_root_position_1-3-5_x-14-13-11-x-x_sus2_x-14-11-11-x-x"", ""sus4"": ""B_sus4_triad_related_suspended_from_B_major_triad_position_triad_5-4-3_root_position_1-3-5_x-14-13-11-x-x_sus4_x-14-14-11-x-x""}"
B_major_triad_position_triad_4-3-2_second_inversion_5-1-3_x-x-16-16-16-x,B,major,major,1 3 5,intermediate_core,triad_position,triad_4-3-2_second_inversion_5-1-3,x-x-16-16-16-x,"[null, null, 16, 16, 16, null]",4-3-2,second_inversion,second_inversion,60,16,0,None None F# B D# None,None None 5 1 3 None,"{""sus2"": ""B_sus2_triad_related_suspended_from_B_major_triad_position_triad_4-3-2_second_inversion_5-1-3_x-x-16-16-16-x_sus2_x-x-16-16-14-x"", ""sus4"": ""B_sus4_triad_related_suspended_from_B_major_triad_position_triad_4-3-2_second_inversion_5-1-3_x-x-16-16-16-x_sus4_x-x-16-16-17-x""}"
B_major_triad_position_triad_3-2-1_root_position_1-3-5_x-x-x-16-16-14,B,major,major,1 3 5,intermediate_core,triad_position,triad_3-2-1_root_position_1-3-5,x-x-x-16-16-14,"[null, null, null, 16, 16, 14]",3-2-1,root_position,root_position,60,16,2,None None None B D# F#,None None None 1 3 5,"{""sus2"": ""B_sus2_triad_related_suspended_from_B_major_triad_position_triad_3-2-1_root_position_1-3-5_x-x-x-16-16-14_sus2_x-x-x-16-14-14"", ""sus4"": ""B_sus4_triad_related_suspended_from_B_major_triad_position_triad_3-2-1_root_position_1-3-5_x-x-x-16-16-14_sus4_x-x-x-16-17-14""}"
B_major_triad_position_triad_5-4-3_first_inversion_3-5-1_x-18-16-16-x-x,B,major,major,1 3 5,intermediate_core,triad_position,triad_5-4-3_first_inversion_3-5-1,x-18-16-16-x-x,"[null, 18, 16, 16, null, null]",5-4-3,first_inversion_or_suspended_bass,first_inversion,60,18,2,None D# F# B None None,None 3 5 1 None None,"{""sus2"": ""B_sus2_triad_related_suspended_from_B_major_triad_position_triad_5-4-3_first_inversion_3-5-1_x-18-16-16-x-x_sus2_x-16-16-16-x-x""}"
B_minor_caged_minor_C_shape_minor_x-14-12-11-12-14,B,minor,minor,1 b3 5,beginner_core,caged_minor,C_shape_minor,x-14-12-11-12-14,"[null, 14, 12, 11, 12, 14]",,root_position,,10,14,3,None B D F# B F#,None 1 b3 5 1 5,{}
B_minor_caged_minor_A_shape_minor_x-2-4-4-3-2,B,minor,minor,1 b3 5,beginner_core,caged_minor,A_shape_minor,x-2-4-4-3-2,"[null, 2, 4, 4, 3, 2]",,root_position,,11,4,2,None B F# B D F#,None 1 5 1 b3 5,{}
B_minor_caged_minor_G_shape_minor_7-5-4-4-7-7,B,minor,minor,1 b3 5,beginner_core,caged_minor,G_shape_minor,7-5-4-4-7-7,"[7, 5, 4, 4, 7, 7]",,root_position,,12,7,3,B D F# B F# B,1 b3 5 1 5 1,{}
B_minor_caged_minor_E_shape_minor_7-9-9-7-7-7,B,minor,minor,1 b3 5,beginner_core,caged_minor,E_shape_minor,7-9-9-7-7-7,"[7, 9, 9, 7, 7, 7]",,root_position,,13,9,2,B F# B D F# B,1 5 1 b3 5 1,{}
B_minor_caged_minor_D_shape_minor_x-x-9-11-12-10,B,minor,minor,1 b3 5,beginner_core,caged_minor,D_shape_minor,x-x-9-11-12-10,"[null, null, 9, 11, 12, 10]",,root_position,,14,12,3,None None B F# B D,None None 1 5 1 b3,{}
B_minor_triad_position_triad_6-5-4_second_inversion_5-1-b3_2-2-0-x-x-x,B,minor,minor,1 b3 5,intermediate_core,triad_position,triad_6-5-4_second_inversion_5-1-b3,2-2-0-x-x-x,"[2, 2, 0, null, null, null]",6-5-4,second_inversion,second_inversion,60,2,0,F# B D None None None,5 1 b3 None None None,{}
B_minor_triad_position_triad_4-3-2_second_inversion_5-1-b3_x-x-4-4-3-x,B,minor,minor,1 b3 5,intermediate_core,triad_position,triad_4-3-2_second_inversion_5-1-b3,x-x-4-4-3-x,"[null, null, 4, 4, 3, null]",4-3-2,second_inversion,second_inversion,60,4,1,None None F# B D None,None None 5 1 b3 None,{}
B_minor_triad_position_triad_3-2-1_root_position_1-b3-5_x-x-x-4-3-2,B,minor,minor,1 b3 5,intermediate_core,triad_position,triad_3-2-1_root_position_1-b3-5,x-x-x-4-3-2,"[null, null, null, 4, 3, 2]",3-2-1,root_position,root_position,60,4,2,None None None B D F#,None None None 1 b3 5,{}
B_minor_triad_position_triad_5-4-3_first_inversion_b3-5-1_x-5-4-4-x-x,B,minor,minor,1 b3 5,intermediate_core,triad_position,triad_5-4-3_first_inversion_b3-5-1,x-5-4-4-x-x,"[null, 5, 4, 4, null, null]",5-4-3,first_inversion_or_suspended_bass,first_inversion,60,5,1,None D F# B None None,None b3 5 1 None None,{}
B_minor_triad_position_triad_6-5-4_root_position_1-b3-5_7-5-4-x-x-x,B,minor,minor,1 b3 5,intermediate_core,triad_position,triad_6-5-4_root_position_1-b3-5,7-5-4-x-x-x,"[7, 5, 4, null, null, null]",6-5-4,root_position,root_position,60,7,3,B D F# None None None,1 b3 5 None None None,{}
B_minor_triad_position_triad_3-2-1_first_inversion_b3-5-1_x-x-x-7-7-7,B,minor,minor,1 b3 5,intermediate_core,triad_position,triad_3-2-1_first_inversion_b3-5-1,x-x-x-7-7-7,"[null, null, null, 7, 7, 7]",3-2-1,first_inversion_or_suspended_bass,first_inversion,60,7,0,None None None D F# B,None None None b3 5 1,{}
B_minor_triad_position_triad_5-4-3_second_inversion_5-1-b3_x-9-9-7-x-x,B,minor,minor,1 b3 5,intermediate_core,triad_position,triad_5-4-3_second_inversion_5-1-b3,x-9-9-7-x-x,"[null, 9, 9, 7, null, null]",5-4-3,second_inversion,second_inversion,60,9,2,None F# B D None None,None 5 1 b3 None None,{}
B_minor_triad_position_triad_4-3-2_root_position_1-b3-5_x-x-9-7-7-x,B,minor,minor,1 b3 5,intermediate_core,triad_position,triad_4-3-2_root_position_1-b3-5,x-x-9-7-7-x,"[null, null, 9, 7, 7, null]",4-3-2,root_position,root_position,60,9,2,None None B D F# None,None None 1 b3 5 None,{}
B_minor_triad_position_triad_6-5-4_first_inversion_b3-5-1_10-9-9-x-x-x,B,minor,minor,1 b3 5,intermediate_core,triad_position,triad_6-5-4_first_inversion_b3-5-1,10-9-9-x-x-x,"[10, 9, 9, null, null, null]",6-5-4,first_inversion_or_suspended_bass,first_inversion,60,10,1,D F# B None None None,b3 5 1 None None None,{}
B_minor_triad_position_triad_4-3-2_first_inversion_b3-5-1_x-x-12-11-12-x,B,minor,minor,1 b3 5,intermediate_core,triad_position,triad_4-3-2_first_inversion_b3-5-1,x-x-12-11-12-x,"[null, null, 12, 11, 12, null]",4-3-2,first_inversion_or_suspended_bass,first_inversion,60,12,1,None None D F# B None,None None b3 5 1 None,{}
B_minor_triad_position_triad_3-2-1_second_inversion_5-1-b3_x-x-x-11-12-10,B,minor,minor,1 b3 5,intermediate_core,triad_position,triad_3-2-1_second_inversion_5-1-b3,x-x-x-11-12-10,"[null, null, null, 11, 12, 10]",3-2-1,second_inversion,second_inversion,60,12,2,None None None F# B D,None None None 5 1 b3,{}
B_minor_triad_position_triad_6-5-4_second_inversion_5-1-b3_14-14-12-x-x-x,B,minor,minor,1 b3 5,intermediate_core,triad_position,triad_6-5-4_second_inversion_5-1-b3,14-14-12-x-x-x,"[14, 14, 12, null, null, null]",6-5-4,second_inversion,second_inversion,60,14,2,F# B D None None None,5 1 b3 None None None,{}
B_minor_triad_position_triad_5-4-3_root_position_1-b3-5_x-14-12-11-x-x,B,minor,minor,1 b3 5,intermediate_core,triad_position,triad_5-4-3_root_position_1-b3-5,x-14-12-11-x-x,"[null, 14, 12, 11, null, null]",5-4-3,root_position,root_position,60,14,3,None B D F# None None,None 1 b3 5 None None,{}
B_minor_triad_position_triad_4-3-2_second_inversion_5-1-b3_x-x-16-16-15-x,B,minor,minor,1 b3 5,intermediate_core,triad_position,triad_4-3-2_second_inversion_5-1-b3,x-x-16-16-15-x,"[null, null, 16, 16, 15, null]",4-3-2,second_inversion,second_inversion,60,16,1,None None F# B D None,None None 5 1 b3 None,{}
B_minor_triad_position_triad_3-2-1_root_position_1-b3-5_x-x-x-16-15-14,B,minor,minor,1 b3 5,intermediate_core,triad_position,triad_3-2-1_root_position_1-b3-5,x-x-x-16-15-14,"[null, null, null, 16, 15, 14]",3-2-1,root_position,root_position,60,16,2,None None None B D F#,None None None 1 b3 5,{}
B_minor_triad_position_triad_5-4-3_first_inversion_b3-5-1_x-17-16-16-x-x,B,minor,minor,1 b3 5,intermediate_core,triad_position,triad_5-4-3_first_inversion_b3-5-1,x-17-16-16-x-x,"[null, 17, 16, 16, null, null]",5-4-3,first_inversion_or_suspended_bass,first_inversion,60,17,1,None D F# B None None,None b3 5 1 None None,{}
B_sus2_caged_suspended_A_shape_sus2_x-2-4-4-2-2,B,sus2,sus2,1 2 5,intermediate_core,caged_suspended,A_shape_sus2,x-2-4-4-2-2,"[null, 2, 4, 4, 2, 2]",,root_position,,30,4,2,None B F# B C# F#,None 1 5 1 2 5,{}
B_sus2_caged_suspended_E_shape_sus2_7-9-11-11-7-7,B,sus2,sus2,1 2 5,intermediate_core,caged_suspended,E_shape_sus2,7-9-11-11-7-7,"[7, 9, 11, 11, 7, 7]",,root_position,,30,11,4,B F# C# F# F# B,1 5 2 5 5 1,{}
B_sus2_caged_suspended_D_shape_sus2_x-x-9-11-12-9,B,sus2,sus2,1 2 5,intermediate_core,caged_suspended,D_shape_sus2,x-x-9-11-12-9,"[null, null, 9, 11, 12, 9]",,root_position,,30,12,3,None None B F# B C#,None None 1 5 1 2,{}
B_sus2_caged_suspended_C_shape_sus2_x-14-11-11-12-14,B,sus2,sus2,1 2 5,intermediate_core,caged_suspended,C_shape_sus2,x-14-11-11-12-14,"[null, 14, 11, 11, 12, 14]",,root_position,,30,14,3,None B C# F# B F#,None 1 2 5 1 5,{}
B_sus2_triad_related_suspended_from_B_major_triad_position_triad_5-4-3_first_inversion_3-5-1_x-6-4-4-x-x_sus2_x-4-4-4-x-x,B,sus2,sus2,1 2 5,intermediate_core,triad_related_suspended,from_B_major_triad_position_triad_5-4-3_first_inversion_3-5-1_x-6-4-4-x-x_sus2,x-4-4-4-x-x,"[null, 4, 4, 4, null, null]",5-4-3,first_inversion_or_suspended_bass,,65,4,0,None C# F# B None None,None 2 5 1 None None,{}
B_sus2_triad_related_suspended_from_B_major_triad_position_triad_4-3-2_second_inversion_5-1-3_x-x-4-4-4-x_sus2_x-x-4-4-2-x,B,sus2,sus2,1 2 5,intermediate_core,triad_related_suspended,from_B_major_triad_position_triad_4-3-2_second_inversion_5-1-3_x-x-4-4-4-x_sus2,x-x-4-4-2-x,"[null, null, 4, 4, 2, null]",4-3-2,second_inversion,,65,4,2,None None F# B C# None,None None 5 1 2 None,{}
B_sus2_triad_related_suspended_from_B_major_triad_position_triad_3-2-1_root_position_1-3-5_x-x-x-4-4-2_sus2_x-x-x-4-2-2,B,sus2,sus2,1 2 5,intermediate_core,triad_related_suspended,from_B_major_triad_position_triad_3-2-1_root_position_1-3-5_x-x-x-4-4-2_sus2,x-x-x-4-2-2,"[null, null, null, 4, 2, 2]",3-2-1,root_position,,65,4,2,None None None B C# F#,None None None 1 2 5,{}
B_sus2_triad_related_suspended_from_B_major_triad_position_triad_6-5-4_root_position_1-3-5_7-6-4-x-x-x_sus2_7-4-4-x-x-x,B,sus2,sus2,1 2 5,intermediate_core,triad_related_suspended,from_B_major_triad_position_triad_6-5-4_root_position_1-3-5_7-6-4-x-x-x_sus2,7-4-4-x-x-x,"[7, 4, 4, null, null, null]",6-5-4,root_position,,65,7,3,B C# F# None None None,1 2 5 None None None,{}
B_sus2_triad_related_suspended_from_B_major_triad_position_triad_3-2-1_first_inversion_3-5-1_x-x-x-8-7-7_sus2_x-x-x-6-7-7,B,sus2,sus2,1 2 5,intermediate_core,triad_related_suspended,from_B_major_triad_position_triad_3-2-1_first_inversion_3-5-1_x-x-x-8-7-7_sus2,x-x-x-6-7-7,"[null, null, null, 6, 7, 7]",3-2-1,first_inversion_or_suspended_bass,,65,7,1,None None None C# F# B,None None None 2 5 1,{}
B_sus2_triad_related_suspended_from_B_major_triad_position_triad_6-5-4_first_inversion_3-5-1_11-9-9-x-x-x_sus2_9-9-9-x-x-x,B,sus2,sus2,1 2 5,intermediate_core,triad_related_suspended,from_B_major_triad_position_triad_6-5-4_first_inversion_3-5-1_11-9-9-x-x-x_sus2,9-9-9-x-x-x,"[9, 9, 9, null, null, null]",6-5-4,first_inversion_or_suspended_bass,,65,9,0,C# F# B None None None,2 5 1 None None None,{}
B_sus2_triad_related_suspended_from_B_major_triad_position_triad_5-4-3_second_inversion_5-1-3_x-9-9-8-x-x_sus2_x-9-9-6-x-x,B,sus2,sus2,1 2 5,intermediate_core,triad_related_suspended,from_B_major_triad_position_triad_5-4-3_second_inversion_5-1-3_x-9-9-8-x-x_sus2,x-9-9-6-x-x,"[null, 9, 9, 6, null, null]",5-4-3,second_inversion,,65,9,3,None F# B C# None None,None 5 1 2 None None,{}
B_sus2_triad_related_suspended_from_B_major_triad_position_triad_4-3-2_root_position_1-3-5_x-x-9-8-7-x_sus2_x-x-9-6-7-x,B,sus2,sus2,1 2 5,intermediate_core,triad_related_suspended,from_B_major_triad_position_triad_4-3-2_root_position_1-3-5_x-x-9-8-7-x_sus2,x-x-9-6-7-x,"[null, null, 9, 6, 7, null]",4-3-2,root_position,,65,9,3,None None B C# F# None,None None 1 2 5 None,{}
B_sus2_triad_related_suspended_from_B_major_triad_position_triad_4-3-2_first_inversion_3-5-1_x-x-13-11-12-x_sus2_x-x-11-11-12-x,B,sus2,sus2,1 2 5,intermediate_core,triad_related_suspended,from_B_major_triad_position_triad_4-3-2_first_inversion_3-5-1_x-x-13-11-12-x_sus2,x-x-11-11-12-x,"[null, null, 11, 11, 12, null]",4-3-2,first_inversion_or_suspended_bass,,65,12,1,None None C# F# B None,None None 2 5 1 None,{}
B_sus2_triad_related_suspended_from_B_major_triad_position_triad_3-2-1_second_inversion_5-1-3_x-x-x-11-12-11_sus2_x-x-x-11-12-9,B,sus2,sus2,1 2 5,intermediate_core,triad_related_suspended,from_B_major_triad_position_triad_3-2-1_second_inversion_5-1-3_x-x-x-11-12-11_sus2,x-x-x-11-12-9,"[null, null, null, 11, 12, 9]",3-2-1,second_inversion,,65,12,3,None None None F# B C#,None None None 5 1 2,{}
B_sus2_triad_related_suspended_from_B_major_triad_position_triad_6-5-4_second_inversion_5-1-3_14-14-13-x-x-x_sus2_14-14-11-x-x-x,B,sus2,sus2,1 2 5,intermediate_core,triad_related_suspended,from_B_major_triad_position_triad_6-5-4_second_inversion_5-1-3_14-14-13-x-x-x_sus2,14-14-11-x-x-x,"[14, 14, 11, null, null, null]",6-5-4,second_inversion,,65,14,3,F# B C# None None None,5 1 2 None None None,{}
B_sus2_triad_related_suspended_from_B_major_triad_position_triad_5-4-3_root_position_1-3-5_x-14-13-11-x-x_sus2_x-14-11-11-x-x,B,sus2,sus2,1 2 5,intermediate_core,triad_related_suspended,from_B_major_triad_position_triad_5-4-3_root_position_1-3-5_x-14-13-11-x-x_sus2,x-14-11-11-x-x,"[null, 14, 11, 11, null, null]",5-4-3,root_position,,65,14,3,None B C# F# None None,None 1 2 5 None None,{}
B_sus2_triad_related_suspended_from_B_major_triad_position_triad_5-4-3_first_inversion_3-5-1_x-18-16-16-x-x_sus2_x-16-16-16-x-x,B,sus2,sus2,1 2 5,intermediate_core,triad_related_suspended,from_B_major_triad_position_triad_5-4-3_first_inversion_3-5-1_x-18-16-16-x-x_sus2,x-16-16-16-x-x,"[null, 16, 16, 16, null, null]",5-4-3,first_inversion_or_suspended_bass,,65,16,0,None C# F# B None None,None 2 5 1 None None,{}
B_sus2_triad_related_suspended_from_B_major_triad_position_triad_4-3-2_second_inversion_5-1-3_x-x-16-16-16-x_sus2_x-x-16-16-14-x,B,sus2,sus2,1 2 5,intermediate_core,triad_related_suspended,from_B_major_triad_position_triad_4-3-2_second_inversion_5-1-3_x-x-16-16-16-x_sus2,x-x-16-16-14-x,"[null, null, 16, 16, 14, null]",4-3-2,second_inversion,,65,16,2,None None F# B C# None,None None 5 1 2 None,{}
B_sus2_triad_related_suspended_from_B_major_triad_position_triad_3-2-1_root_position_1-3-5_x-x-x-16-16-14_sus2_x-x-x-16-14-14,B,sus2,sus2,1 2 5,intermediate_core,triad_related_suspended,from_B_major_triad_position_triad_3-2-1_root_position_1-3-5_x-x-x-16-16-14_sus2,x-x-x-16-14-14,"[null, null, null, 16, 14, 14]",3-2-1,root_position,,65,16,2,None None None B C# F#,None None None 1 2 5,{}
B_sus4_caged_suspended_A_shape_sus4_x-2-4-4-5-2,B,sus4,sus4,1 4 5,intermediate_core,caged_suspended,A_shape_sus4,x-2-4-4-5-2,"[null, 2, 4, 4, 5, 2]",,root_position,,30,5,3,None B F# B E F#,None 1 5 1 4 5,{}
B_sus4_caged_suspended_E_shape_sus4_7-9-9-9-7-7,B,sus4,sus4,1 4 5,intermediate_core,caged_suspended,E_shape_sus4,7-9-9-9-7-7,"[7, 9, 9, 9, 7, 7]",,root_position,,30,9,2,B F# B E F# B,1 5 1 4 5 1,{}
B_sus4_caged_suspended_D_shape_sus4_x-x-9-11-12-12,B,sus4,sus4,1 4 5,intermediate_core,caged_suspended,D_shape_sus4,x-x-9-11-12-12,"[null, null, 9, 11, 12, 12]",,root_position,,30,12,3,None None B F# B E,None None 1 5 1 4,{}
B_sus4_caged_suspended_C_shape_sus4_x-14-14-11-12-12,B,sus4,sus4,1 4 5,intermediate_core,caged_suspended,C_shape_sus4,x-14-14-11-12-12,"[null, 14, 14, 11, 12, 12]",,root_position,,30,14,3,None B E F# B E,None 1 4 5 1 4,{}
B_sus4_triad_related_suspended_from_B_major_triad_position_triad_6-5-4_second_inversion_5-1-3_2-2-1-x-x-x_sus4_2-2-2-x-x-x,B,sus4,sus4,1 4 5,intermediate_core,triad_related_suspended,from_B_major_triad_position_triad_6-5-4_second_inversion_5-1-3_2-2-1-x-x-x_sus4,2-2-2-x-x-x,"[2, 2, 2, null, null, null]",6-5-4,second_inversion,,65,2,0,F# B E None None None,5 1 4 None None None,{}
B_sus4_triad_related_suspended_from_B_major_triad_position_triad_4-3-2_second_inversion_5-1-3_x-x-4-4-4-x_sus4_x-x-4-4-5-x,B,sus4,sus4,1 4 5,intermediate_core,triad_related_suspended,from_B_major_triad_position_triad_4-3-2_second_inversion_5-1-3_x-x-4-4-4-x_sus4,x-x-4-4-5-x,"[null, null, 4, 4, 5, null]",4-3-2,second_inversion,,65,5,1,None None F# B E None,None None 5 1 4 None,{}
B_sus4_triad_related_suspended_from_B_major_triad_position_triad_3-2-1_root_position_1-3-5_x-x-x-4-4-2_sus4_x-x-x-4-5-2,B,sus4,sus4,1 4 5,intermediate_core,triad_related_suspended,from_B_major_triad_position_triad_3-2-1_root_position_1-3-5_x-x-x-4-4-2_sus4,x-x-x-4-5-2,"[null, null, null, 4, 5, 2]",3-2-1,root_position,,65,5,3,None None None B E F#,None None None 1 4 5,{}
B_sus4_triad_related_suspended_from_B_major_triad_position_triad_6-5-4_root_position_1-3-5_7-6-4-x-x-x_sus4_7-7-4-x-x-x,B,sus4,sus4,1 4 5,intermediate_core,triad_related_suspended,from_B_major_triad_position_triad_6-5-4_root_position_1-3-5_7-6-4-x-x-x_sus4,7-7-4-x-x-x,"[7, 7, 4, null, null, null]",6-5-4,root_position,,65,7,3,B E F# None None None,1 4 5 None None None,{}
B_sus4_triad_related_suspended_from_B_major_triad_position_triad_5-4-3_first_inversion_3-5-1_x-6-4-4-x-x_sus4_x-7-4-4-x-x,B,sus4,sus4,1 4 5,intermediate_core,triad_related_suspended,from_B_major_triad_position_triad_5-4-3_first_inversion_3-5-1_x-6-4-4-x-x_sus4,x-7-4-4-x-x,"[null, 7, 4, 4, null, null]",5-4-3,first_inversion_or_suspended_bass,,65,7,3,None E F# B None None,None 4 5 1 None None,{}
B_sus4_triad_related_suspended_from_B_major_triad_position_triad_5-4-3_second_inversion_5-1-3_x-9-9-8-x-x_sus4_x-9-9-9-x-x,B,sus4,sus4,1 4 5,intermediate_core,triad_related_suspended,from_B_major_triad_position_triad_5-4-3_second_inversion_5-1-3_x-9-9-8-x-x_sus4,x-9-9-9-x-x,"[null, 9, 9, 9, null, null]",5-4-3,second_inversion,,65,9,0,None F# B E None None,None 5 1 4 None None,{}
B_sus4_triad_related_suspended_from_B_major_triad_position_triad_4-3-2_root_position_1-3-5_x-x-9-8-7-x_sus4_x-x-9-9-7-x,B,sus4,sus4,1 4 5,intermediate_core,triad_related_suspended,from_B_major_triad_position_triad_4-3-2_root_position_1-3-5_x-x-9-8-7-x_sus4,x-x-9-9-7-x,"[null, null, 9, 9, 7, null]",4-3-2,root_position,,65,9,2,None None B E F# None,None None 1 4 5 None,{}
B_sus4_triad_related_suspended_from_B_major_triad_position_triad_3-2-1_first_inversion_3-5-1_x-x-x-8-7-7_sus4_x-x-x-9-7-7,B,sus4,sus4,1 4 5,intermediate_core,triad_related_suspended,from_B_major_triad_position_triad_3-2-1_first_inversion_3-5-1_x-x-x-8-7-7_sus4,x-x-x-9-7-7,"[null, null, null, 9, 7, 7]",3-2-1,first_inversion_or_suspended_bass,,65,9,2,None None None E F# B,None None None 4 5 1,{}
B_sus4_triad_related_suspended_from_B_major_triad_position_triad_6-5-4_first_inversion_3-5-1_11-9-9-x-x-x_sus4_12-9-9-x-x-x,B,sus4,sus4,1 4 5,intermediate_core,triad_related_suspended,from_B_major_triad_position_triad_6-5-4_first_inversion_3-5-1_11-9-9-x-x-x_sus4,12-9-9-x-x-x,"[12, 9, 9, null, null, null]",6-5-4,first_inversion_or_suspended_bass,,65,12,3,E F# B None None None,4 5 1 None None None,{}
B_sus4_triad_related_suspended_from_B_major_triad_position_triad_3-2-1_second_inversion_5-1-3_x-x-x-11-12-11_sus4_x-x-x-11-12-12,B,sus4,sus4,1 4 5,intermediate_core,triad_related_suspended,from_B_major_triad_position_triad_3-2-1_second_inversion_5-1-3_x-x-x-11-12-11_sus4,x-x-x-11-12-12,"[null, null, null, 11, 12, 12]",3-2-1,second_inversion,,65,12,1,None None None F# B E,None None None 5 1 4,{}
B_sus4_triad_related_suspended_from_B_major_triad_position_triad_6-5-4_second_inversion_5-1-3_14-14-13-x-x-x_sus4_14-14-14-x-x-x,B,sus4,sus4,1 4 5,intermediate_core,triad_related_suspended,from_B_major_triad_position_triad_6-5-4_second_inversion_5-1-3_14-14-13-x-x-x_sus4,14-14-14-x-x-x,"[14, 14, 14, null, null, null]",6-5-4,second_inversion,,65,14,0,F# B E None None None,5 1 4 None None None,{}
B_sus4_triad_related_suspended_from_B_major_triad_position_triad_5-4-3_root_position_1-3-5_x-14-13-11-x-x_sus4_x-14-14-11-x-x,B,sus4,sus4,1 4 5,intermediate_core,triad_related_suspended,from_B_major_triad_position_triad_5-4-3_root_position_1-3-5_x-14-13-11-x-x_sus4,x-14-14-11-x-x,"[null, 14, 14, 11, null, null]",5-4-3,root_position,,65,14,3,None B E F# None None,None 1 4 5 None None,{}
B_sus4_triad_related_suspended_from_B_major_triad_position_triad_4-3-2_first_inversion_3-5-1_x-x-13-11-12-x_sus4_x-x-14-11-12-x,B,sus4,sus4,1 4 5,intermediate_core,triad_related_suspended,from_B_major_triad_position_triad_4-3-2_first_inversion_3-5-1_x-x-13-11-12-x_sus4,x-x-14-11-12-x,"[null, null, 14, 11, 12, null]",4-3-2,first_inversion_or_suspended_bass,,65,14,3,None None E F# B None,None None 4 5 1 None,{}
B_sus4_triad_related_suspended_from_B_major_triad_position_triad_4-3-2_second_inversion_5-1-3_x-x-16-16-16-x_sus4_x-x-16-16-17-x,B,sus4,sus4,1 4 5,intermediate_core,triad_related_suspended,from_B_major_triad_position_triad_4-3-2_second_inversion_5-1-3_x-x-16-16-16-x_sus4,x-x-16-16-17-x,"[null, null, 16, 16, 17, null]",4-3-2,second_inversion,,65,17,1,None None F# B E None,None None 5 1 4 None,{}
B_sus4_triad_related_suspended_from_B_major_triad_position_triad_3-2-1_root_position_1-3-5_x-x-x-16-16-14_sus4_x-x-x-16-17-14,B,sus4,sus4,1 4 5,intermediate_core,triad_related_suspended,from_B_major_triad_position_triad_3-2-1_root_position_1-3-5_x-x-x-16-16-14_sus4,x-x-x-16-17-14,"[null, null, null, 16, 17, 14]",3-2-1,root_position,,65,17,3,None None None B E F#,None None None 1 4 5,{}
