riff_id,titulo,artista,estilo,nivel_1_5,bpm_practica_inicio,bpm_practica_objetivo,metrica,subdivisiones_por_compas,tonalidad,afinacion,sonido,tecnica_principal,comentario_practica,compases_utiles,tags,compas_01,compas_02,compas_03,compas_04,compas_05,compas_06,compas_07,compas_08,compas_09,compas_10,compas_11,compas_12,compas_13,compas_14,compas_15,compas_16
riff_known_001_smoke_water,Smoke on the Water - riff simplificado,Deep Purple,hard_rock,1,56,112,4/4,8,Gm,EADGBE,crunch,pua_alterna,Riff monofonico en cuerda 4; dejar respirar los silencios.,2,"clasico,rock,licenciable,monofonico",4.5(1-2);4.8(3-4);4.10(5-6),4.5(1-2);4.8(3-3);4.11(4-4);4.10(5-7),,,,,,,,,,,,,,
riff_known_002_seven_nation,Seven Nation Army - riff simplificado,The White Stripes,garage_rock,1,70,124,4/4,8,Em,EADGBE,crunch,pua_abajo,Cuidar duraciones largas; no correr las notas cortas.,2,"clasico,rock,licenciable,una_cuerda",5.7(1-2);5.7(3-3);5.10(5-5);5.7(7-7),5.5(1-1);5.3(3-4);5.2(5-6),,,,,,,,,,,,,,
riff_known_003_come_as_you_are,Come As You Are - riff simplificado,Nirvana,grunge,2,56,108,4/4,8,Em,EADGBE,clean_chorus,pua_alterna,Mantener sonido limpio y ligado aunque sea sin chorus.,2,"grunge,licenciable,cromatico",6.0(1-1);6.0(2-2);6.1(3-3);6.2(4-4);5.0(5-5);6.2(6-6);6.1(7-7);6.0(8-8),6.0(1-1);6.0(2-2);6.1(3-3);6.2(4-4);5.0(5-5);6.2(6-6);6.1(7-7);6.0(8-8),,,,,,,,,,,,,,
riff_known_004_iron_man,Iron Man - riff simplificado,Black Sabbath,metal_clasico,2,50,76,4/4,8,E,EADGBE,distorsion,pua_abajo,Tocar pesado; dejar huecos entre frases.,2,"metal,licenciable,riff_lento",6.0(1-2);6.3(3-4);6.3(5-5);6.5(6-7),6.5(1-1);6.8(2-3);6.7(4-4);6.8(5-5);6.7(6-8),,,,,,,,,,,,,,
riff_known_005_sunshine_love,Sunshine of Your Love - riff simplificado,Cream,blues_rock,2,58,112,4/4,8,Dm,EADGBE,crunch,pua_alterna,Frase pentatonica; acentuar primera nota.,2,"blues_rock,licenciable,pentatonica",4.12(1-1);4.12(3-3);4.10(5-5);4.12(6-6);5.12(7-7);5.11(8-8),5.10(1-2);5.8(3-4);5.10(5-8),,,,,,,,,,,,,,
riff_known_006_satisfaction,Satisfaction - riff simplificado,The Rolling Stones,rock,1,60,136,4/4,8,E,EADGBE,fuzz,pua_abajo,Usar ataque corto y repetitivo.,2,"clasico,rock,licenciable,fuzz",5.2(1-1);5.2(3-3);5.4(4-4);5.5(5-6);5.4(7-7);5.2(8-8),5.2(1-1);5.2(3-3);5.4(4-4);5.5(5-6);5.4(7-7);5.2(8-8),,,,,,,,,,,,,,
riff_known_007_day_tripper,Day Tripper - riff simplificado,The Beatles,rock,3,60,136,4/4,8,E,EADGBE,clean_edge,pua_alterna,Cuidar saltos de cuerda; empezar lento.,2,"beatles,licenciable,salto_cuerda",6.0(1-1);6.3(2-2);6.4(3-3);5.2(4-4);4.0(5-5);5.2(6-6);6.4(7-7);6.0(8-8),6.0(1-2);6.3(3-3);6.4(4-4);5.2(5-5);4.0(6-6);5.2(7-8),,,,,,,,,,,,,,
riff_known_008_peter_gunn,Peter Gunn Theme - riff simplificado,Henry Mancini,blues_rock,1,60,120,4/4,8,Em,EADGBE,clean_edge,pua_alterna,Riff de una cuerda; muy bueno para pulso.,2,"tema,blues,licenciable,una_cuerda",6.0(1-1);6.0(2-2);6.2(3-3);6.0(4-4);6.3(5-5);6.0(6-6);6.5(7-7);6.3(8-8),6.0(1-1);6.0(2-2);6.2(3-3);6.0(4-4);6.3(5-5);6.0(6-6);6.5(7-7);6.3(8-8),,,,,,,,,,,,,,
riff_known_009_another_one_bites,Another One Bites the Dust - bajo en guitarra,Queen,funk_rock,2,60,110,4/4,8,Em,EADGBE,clean_bass,staccato,Tocar corto; pensar como bajista.,2,"funk,bajo,licenciable,staccato",6.0(1-1);6.0(3-3);6.0(4-4);6.0(6-6);5.2(7-8),6.0(1-2);6.3(4-4);6.0(5-6);5.2(7-8),,,,,,,,,,,,,,
riff_known_010_enter_sandman,Enter Sandman - riff simplificado,Metallica,metal,3,56,124,4/4,8,Em,EADGBE,distorsion,palm_mute,Alternar cuerda 6 abierta con notas cortas.,2,"metal,licenciable,palm_mute",6.0(1-1);6.0(3-3);6.3(4-4);6.0(5-5);6.2(7-7);6.0(8-8),6.0(1-1);6.0(3-3);6.3(4-4);6.0(5-5);5.2(7-8),,,,,,,,,,,,,,
riff_known_011_sweet_child,Sweet Child O' Mine - arpegio simplificado,Guns N' Roses,hard_rock,5,50,125,4/4,8,D,EADGBE,clean_chorus,alternate_picking,Arpegio con salto de cuerdas; practicar muy lento.,2,"arpegio,licenciable,hard_rock,nivel5",4.12(1-1);3.11(2-2);2.10(3-3);1.12(4-4);2.10(5-5);3.11(6-6);2.10(7-7);3.11(8-8),4.12(1-1);3.11(2-2);2.10(3-3);1.12(4-4);2.10(5-5);3.11(6-6);2.10(7-7);3.11(8-8),,,,,,,,,,,,,,
riff_known_012_house_rising,House of the Rising Sun - arpegio,The Animals / tradicional,folk_rock,2,46,86,6/8,6,Am,EADGBE,clean,arpegio_pua,6/8 real: contar 1 2 3 4 5 6.,6,"folk,arpegio,6/8,licenciable",5.0(1-1);4.2(2-2);3.2(3-3);2.1(4-4);3.2(5-5);4.2(6-6),5.3(1-1);4.2(2-2);3.0(3-3);2.1(4-4);3.0(5-5);4.2(6-6),4.0(1-1);3.2(2-2);2.3(3-3);1.2(4-4);2.3(5-5);3.2(6-6),4.3(1-1);3.2(2-2);2.1(3-3);1.1(4-4);2.1(5-5);3.2(6-6),5.0(1-1);4.2(2-2);3.2(3-3);2.1(4-4);3.2(5-5);4.2(6-6),6.0(1-1);5.2(2-2);4.2(3-3);3.1(4-4);4.2(5-5);5.2(6-6),,,,,,,,,,
riff_known_013_nothing_else_matters,Nothing Else Matters - arpegio simplificado,Metallica,balada_rock,3,42,92,6/8,6,Em,EADGBE,clean,arpegio_dedos,Mantener las cuerdas al aire sonando.,2,"arpegio,6/8,licenciable,clean",6.0(1-1);3.0(2-2);2.0(3-3);1.0(4-4);2.0(5-5);3.0(6-6),6.0(1-1);3.0(2-2);2.0(3-3);1.0(4-4);2.0(5-5);3.0(6-6),,,,,,,,,,,,,,
riff_known_014_hallelujah,Hallelujah - arpegio simplificado,Leonard Cohen / Jeff Buckley,balada,2,44,78,6/8,6,C,EADGBE,clean,arpegio_dedos,Arpegio ternario sencillo; priorizar regularidad.,4,"balada,arpegio,6/8,licenciable",5.3(1-1);4.2(2-2);3.0(3-3);2.1(4-4);3.0(5-5);4.2(6-6),5.0(1-1);4.2(2-2);3.2(3-3);2.1(4-4);3.2(5-5);4.2(6-6),5.3(1-1);4.2(2-2);3.0(3-3);2.1(4-4);3.0(5-5);4.2(6-6),5.0(1-1);4.2(2-2);3.2(3-3);2.1(4-4);3.2(5-5);4.2(6-6),,,,,,,,,,,,
riff_known_015_stand_by_me,Stand By Me - linea de bajo en guitarra,Ben E. King,soul_pop,1,58,118,4/4,8,G,EADGBE,clean_bass,pua_abajo,Linea de bajo repetitiva; muy buena para timing.,4,"bajo,pop,licenciable,loop",6.3(1-2);6.3(4-4);6.0(5-6);6.0(8-8),5.3(1-2);5.3(4-4);5.5(5-6);5.5(8-8),6.3(1-2);6.3(4-4);6.0(5-6);6.0(8-8),5.3(1-2);5.3(4-4);5.5(5-6);5.5(8-8),,,,,,,,,,,,
riff_known_016_pretty_woman,Oh Pretty Woman - riff simplificado,Roy Orbison,rock_pop,2,58,126,4/4,8,E,EADGBE,clean_edge,pua_alterna,Cuidar la cuerda 6 abierta y respuesta en cuerda 5.,2,"clasico,licenciable,rock_pop",6.0(1-1);6.0(2-2);6.3(3-3);6.0(4-4);5.2(5-5);5.0(7-8),6.0(1-1);6.0(2-2);6.3(3-3);6.0(4-4);5.2(5-5);5.0(7-8),,,,,,,,,,,,,,
riff_known_017_breaking_law,Breaking the Law - riff simplificado,Judas Priest,metal_clasico,2,60,150,4/4,8,Am,EADGBE,distorsion,pua_alterna,Frase corta; coordinar cuerda 5 y 6.,2,"metal,licenciable,una_cuerda",5.0(1-1);5.2(2-2);5.3(3-3);5.0(5-5);5.2(6-6);5.3(7-7);5.2(8-8),5.0(1-1);5.2(2-2);5.3(3-3);6.3(5-5);6.1(6-6);5.0(7-8),,,,,,,,,,,,,,
riff_known_018_bad_to_bone,Bad to the Bone - boogie simplificado,George Thorogood,blues_rock,2,58,110,4/4,8,G,EADGBE,crunch,shuffle_pick,Shuffle en G; tocar con swing.,4,"blues,shuffle,licenciable,boogie",6.3(1-1);6.3(3-3);6.6(5-5);6.3(7-7),6.3(1-1);6.3(3-3);6.6(5-5);6.3(7-7),5.3(1-1);5.3(3-3);5.6(5-5);5.3(7-7),6.3(1-1);6.3(3-3);6.6(5-5);6.3(7-7),,,,,,,,,,,,
riff_known_019_la_grange,La Grange - shuffle simplificado,ZZ Top,blues_rock,3,60,124,4/4,8,A,EADGBE,clean_edge,shuffle_pick,Usar swing; evitar tocarlo recto.,4,"blues,shuffle,licenciable,zz_top",5.0(1-1);5.0(3-3);5.3(5-5);5.0(7-7),5.0(1-1);5.0(3-3);5.3(5-5);5.0(7-7),4.0(1-1);4.0(3-3);4.3(5-5);4.0(7-7),5.0(1-1);5.0(3-3);5.3(5-5);5.0(7-7),,,,,,,,,,,,
riff_known_020_mannish_boy,Mannish Boy - respuesta blues,Muddy Waters,blues,1,52,100,4/4,8,A,EADGBE,clean_edge,call_response,Mucho espacio entre notas; no llenar los silencios.,2,"blues,licenciable,call_response",5.0(1-2);5.3(5-5);5.0(7-8),5.0(1-2);5.3(5-5);5.0(7-8),,,,,,,,,,,,,,
riff_known_021_johnny_b_goode,Johnny B. Goode - frase rock and roll simplificada,Chuck Berry,rock_and_roll,4,60,168,4/4,8,Bb,EADGBE,clean_edge,alternate_picking,Lick de rock and roll; no subir bpm hasta sonar limpio.,2,"rock_and_roll,licenciable,lick,nivel4",3.5(1-1);3.5(2-2);3.6(3-3);3.5(4-4);4.8(5-5);4.6(6-6);4.5(7-8),4.6(1-1);4.8(2-2);3.5(3-3);4.8(4-4);4.6(5-5);4.5(6-8),,,,,,,,,,,,,,
riff_known_022_hound_dog,Hound Dog - blues rock simplificado,Elvis Presley,rock_and_roll,2,58,150,4/4,8,C,EADGBE,clean_edge,shuffle_pick,Riff con feel de shuffle; pisar poco y soltar.,4,"elvis,shuffle,licenciable,rock_and_roll",5.3(1-1);5.3(3-3);5.6(5-5);5.3(7-7),5.3(1-1);5.3(3-3);5.6(5-5);5.3(7-7),4.3(1-1);4.3(3-3);4.6(5-5);4.3(7-7),5.3(1-1);5.3(3-3);5.6(5-5);5.3(7-7),,,,,,,,,,,,
riff_known_023_green_onions,Green Onions - motivo simplificado,Booker T. & the M.G.s,soul_blues,2,54,134,4/4,8,F,EADGBE,clean,staccato,Tocar corto y con groove.,2,"soul,blues,licenciable,groove",6.1(1-1);6.1(3-3);6.4(5-5);6.1(7-7),6.1(1-1);6.1(3-3);6.4(5-5);6.1(7-7),,,,,,,,,,,,,,
riff_known_024_misirlou,Misirlou - tremolo simplificado,Dick Dale,surf,5,70,170,4/4,8,E,EADGBE,surf_reverb,tremolo_pick,Tremolo picking; empezar a media velocidad.,2,"surf,licenciable,tremolo,nivel5",1.0(1-1);1.0(2-2);1.0(3-3);1.0(4-4);1.1(5-5);1.3(6-6);1.4(7-7);1.3(8-8),1.1(1-1);1.0(2-2);2.3(3-3);2.1(4-4);2.0(5-5);3.2(6-6);3.1(7-7);3.0(8-8),,,,,,,,,,,,,,
riff_known_025_wipe_out,Wipe Out - motivo surf simplificado,The Surfaris,surf,3,70,160,4/4,8,E,EADGBE,surf_reverb,pua_alterna,Motivo surf; pua alterna estricta.,2,"surf,licenciable,alternate_picking",6.0(1-1);6.3(2-2);6.5(3-3);6.7(4-4);5.0(5-5);6.7(6-6);6.5(7-7);6.3(8-8),6.0(1-1);6.3(2-2);6.5(3-3);6.7(4-4);5.0(5-5);6.7(6-6);6.5(7-7);6.3(8-8),,,,,,,,,,,,,,
riff_known_026_californication,Californication - motivo simplificado,Red Hot Chili Peppers,alt_rock,3,52,96,4/4,8,Am,EADGBE,clean,arpegio_pua,Separar bien cuerda grave y aguda.,2,"alt_rock,licenciable,arpegio",5.0(1-2);4.2(3-3);3.2(5-5);4.2(7-7),6.1(1-2);4.3(3-3);3.2(5-5);4.3(7-7),,,,,,,,,,,,,,
riff_known_027_pumped_kicks,Pumped Up Kicks - linea simplificada,Foster the People,indie_pop,1,60,128,4/4,8,F#m,EADGBE,clean_bass,staccato,Linea repetitiva; tocar ligero.,2,"indie,bajo,licenciable,loop",6.2(1-2);6.2(4-4);5.4(5-6);5.2(7-8),6.0(1-2);6.0(4-4);5.2(5-6);5.0(7-8),,,,,,,,,,,,,,
riff_known_028_psycho_killer,Psycho Killer - bajo simplificado,Talking Heads,new_wave,2,60,125,4/4,8,Am,EADGBE,clean_bass,staccato,Groove seco; no dejar sonar demasiado.,2,"new_wave,bajo,licenciable,staccato",5.0(1-1);5.0(3-3);5.3(5-5);5.0(7-7),5.0(1-1);5.0(3-3);5.3(5-5);5.0(7-7),,,,,,,,,,,,,,
riff_known_029_superstition,Superstition - funk simplificado,Stevie Wonder,funk,4,58,100,4/4,8,Eb,EADGBE,funk_clean,muting_funk,Mucha mano derecha; notas cortas.,2,"funk,licenciable,sincopa,nivel4",5.6(1-1);5.6(3-3);5.4(4-4);5.6(5-5);5.4(7-7);6.6(8-8),5.6(1-1);5.6(3-3);5.4(4-4);5.6(5-5);5.4(7-7);6.6(8-8),,,,,,,,,,,,,,
riff_known_030_get_lucky,Get Lucky - motivo funk simplificado,Daft Punk,funk_pop,3,60,116,4/4,8,Bm,EADGBE,funk_clean,muting_funk,Tocar staccato en los contratiempos.,2,"funk,pop,licenciable,offbeat",4.4(2-2);3.4(4-4);4.4(6-6);3.6(8-8),4.6(2-2);3.6(4-4);4.6(6-6);3.7(8-8),,,,,,,,,,,,,,
riff_known_031_take_me_out,Take Me Out - riff simplificado,Franz Ferdinand,indie_rock,2,60,104,4/4,8,E,EADGBE,crunch,pua_abajo,Riff de corcheas con cortes.,2,"indie,licenciable,cortes",6.0(1-1);6.0(3-3);6.7(5-5);6.7(7-7),5.5(1-1);5.5(3-3);5.7(5-5);6.7(7-8),,,,,,,,,,,,,,
riff_known_032_boulevard,Boulevard of Broken Dreams - motivo simplificado,Green Day,punk_pop,1,54,84,4/4,8,Fm,EADGBE,clean_tremolo,arpegio_pua,Frase lenta con espacio; mantener tempo.,2,"pop_punk,licenciable,arpegio",6.1(1-2);5.3(3-4);4.3(5-6);5.3(7-8),6.4(1-2);5.6(3-4);4.6(5-6);5.6(7-8),,,,,,,,,,,,,,
riff_known_033_basket_case,Basket Case - roots simplificados,Green Day,punk,2,70,170,4/4,8,Eb,EADGBE,distorsion,downpicking,Raices de power chords en semicorte; tocar firme.,2,"punk,licenciable,downpicking",6.4(1-2);5.4(3-4);5.6(5-6);4.6(7-8),6.4(1-2);5.4(3-4);5.6(5-6);4.6(7-8),,,,,,,,,,,,,,
riff_known_034_smells_like,Smells Like Teen Spirit - roots simplificados,Nirvana,grunge,2,60,116,4/4,8,Fm,EADGBE,distorsion,downpicking,Version monofonica de raices; cuidado con los silencios.,2,"grunge,licenciable,raices",6.1(1-2);5.4(5-6),6.4(1-2);5.4(5-6),,,,,,,,,,,,,,
riff_known_035_paranoid,Paranoid - riff simplificado,Black Sabbath,metal_clasico,3,60,164,4/4,8,Em,EADGBE,distorsion,pua_alterna,Riff rapido; trabajar por grupos de 4 notas.,2,"metal,licenciable,rapido,nivel3",6.12(1-1);6.12(2-2);6.10(3-3);6.12(4-4);5.10(5-5);5.12(6-6);6.10(7-7);6.12(8-8),6.12(1-1);6.12(2-2);6.10(3-3);6.12(4-4);5.10(5-5);5.12(6-6);6.10(7-7);6.12(8-8),,,,,,,,,,,,,,
riff_known_036_back_in_black,Back in Black - lick simplificado,AC/DC,hard_rock,3,58,94,4/4,8,E,EADGBE,crunch,pua_alterna,Frase de respuesta; dejar sonar la cuerda 6 abierta.,2,"hard_rock,licenciable,lick",6.0(1-2);5.2(4-4);4.2(5-5);3.1(6-6),6.0(1-2);3.4(4-4);3.2(5-5);4.2(6-8),,,,,,,,,,,,,,
riff_known_037_whole_lotta_love,Whole Lotta Love - riff simplificado,Led Zeppelin,hard_rock,3,56,112,4/4,8,E,EADGBE,distorsion,pua_abajo,Riff pesado; nota grave como ancla.,2,"hard_rock,licenciable,zeppelin",6.0(1-2);6.7(3-4);6.5(5-5);6.0(7-8),6.0(1-2);6.7(3-4);6.5(5-5);6.0(7-8),,,,,,,,,,,,,,
riff_known_038_walk_this_way,Walk This Way - riff simplificado,Aerosmith,hard_rock,4,56,108,4/4,8,E,EADGBE,crunch,pua_alterna,Sincopa y salto de cuerda; practicar muy lento.,2,"hard_rock,licenciable,sincopa,nivel4",6.0(1-1);6.0(2-2);6.3(4-4);6.0(5-5);5.2(7-7);6.0(8-8),6.0(1-1);6.3(2-2);6.0(4-4);5.2(5-5);5.0(7-8),,,,,,,,,,,,,,
riff_known_039_eye_tiger,Eye of the Tiger - riff simplificado,Survivor,rock,2,56,109,4/4,8,Cm,EADGBE,distorsion,pua_abajo,Cortes secos; mantener silencios.,2,"rock,licenciable,cortes",5.3(1-2);5.3(4-4);5.1(5-6);5.3(8-8),5.3(1-2);5.3(4-4);6.4(5-6);5.3(8-8),,,,,,,,,,,,,,
riff_known_040_you_really_got_me,You Really Got Me - roots simplificados,The Kinks,rock,1,60,138,4/4,8,G,EADGBE,crunch,pua_abajo,Raices de power chord; atacar hacia abajo.,2,"rock,licenciable,power_roots",6.3(1-2);6.5(3-4);6.3(5-6);6.5(7-8),6.3(1-2);6.5(3-4);6.3(5-6);6.5(7-8),,,,,,,,,,,,,,
riff_known_041_come_together,Come Together - bajo simplificado,The Beatles,rock,2,56,84,4/4,8,Em,EADGBE,clean_bass,staccato,Version monofonica para app; priorizar groove y duracion.,2,"beatles,bajo,licenciable",5.0(1-1);5.0(2-2);5.3(3-3);5.5(4-4);5.3(5-5);5.0(6-6),5.0(1-1);5.0(2-2);5.3(3-3);5.5(4-4);5.3(5-5);5.0(6-6),,,,,,,,,,,,,,
riff_known_042_i_feel_fine,I Feel Fine - motivo simplificado,The Beatles,rock,3,60,150,4/4,8,G,EADGBE,clean_edge,pua_alterna,Version monofonica para app; priorizar groove y duracion.,2,"beatles,licenciable,motivo",4.2(1-1);4.4(2-2);3.2(3-3);4.4(4-4);4.2(5-5);5.3(6-6),4.2(1-1);4.4(2-2);3.2(3-3);4.4(4-4);4.2(5-5);5.3(6-6),,,,,,,,,,,,,,
riff_known_043_rebel_rebel,Rebel Rebel - riff simplificado,David Bowie,glam_rock,2,60,126,4/4,8,D,EADGBE,crunch,pua_alterna,Version monofonica para app; priorizar groove y duracion.,2,"glam,licenciable",4.0(1-1);4.2(2-2);3.2(3-3);4.2(4-4);4.0(5-5);5.3(6-6);4.0(7-7),4.0(1-1);4.2(2-2);3.2(3-3);4.2(4-4);4.0(5-5);5.3(6-6);4.0(7-7),,,,,,,,,,,,,,
riff_known_044_money_nothing,Money for Nothing - roots simplificados,Dire Straits,rock,4,50,134,4/4,8,Gm,EADGBE,crunch,pua_dedos,Version monofonica para app; priorizar groove y duracion.,2,"rock,licenciable,nivel4",6.3(1-1);6.3(2-2);6.6(3-3);6.3(4-4);5.5(5-5);6.3(6-6),6.3(1-1);6.3(2-2);6.6(3-3);6.3(4-4);5.5(5-5);6.3(6-6),,,,,,,,,,,,,,
riff_known_045_sweet_home_alabama,Sweet Home Alabama - lick simplificado,Lynyrd Skynyrd,southern_rock,3,58,98,4/4,8,D,EADGBE,clean_edge,pua_alterna,Version monofonica para app; priorizar groove y duracion.,2,"southern,licenciable",4.0(1-1);3.2(2-2);2.3(3-3);3.2(4-4);5.3(5-5);4.0(6-6);5.3(7-7),4.0(1-1);3.2(2-2);2.3(3-3);3.2(4-4);5.3(5-5);4.0(6-6);5.3(7-7),,,,,,,,,,,,,,
riff_known_046_born_wild,Born to Be Wild - roots simplificados,Steppenwolf,rock,2,58,146,4/4,8,E,EADGBE,crunch,pua_abajo,Version monofonica para app; priorizar groove y duracion.,2,"rock,licenciable",6.0(1-1);6.0(2-2);6.0(3-3);6.3(4-4);6.0(5-5);6.5(6-6);6.0(7-7),6.0(1-1);6.0(2-2);6.0(3-3);6.3(4-4);6.0(5-5);6.5(6-6);6.0(7-7),,,,,,,,,,,,,,
riff_known_047_blitzkrieg_bop,Blitzkrieg Bop - roots simplificados,Ramones,punk,1,70,176,4/4,8,A,EADGBE,distorsion,downpicking,Version monofonica para app; priorizar groove y duracion.,2,"punk,licenciable",5.0(1-1);5.0(2-2);4.0(3-3);4.0(4-4);5.2(5-5);5.2(6-6);5.0(7-7);5.0(8-8),5.0(1-1);5.0(2-2);4.0(3-3);4.0(4-4);5.2(5-5);5.2(6-6);5.0(7-7);5.0(8-8),,,,,,,,,,,,,,
riff_known_048_should_i_stay,Should I Stay or Should I Go - roots,The Clash,punk_rock,2,60,126,4/4,8,D,EADGBE,crunch,pua_abajo,Version monofonica para app; priorizar groove y duracion.,2,"punk,licenciable",4.0(1-1);4.0(2-2);5.3(3-3);4.0(4-4);5.0(5-5);5.3(6-6);4.0(7-7),4.0(1-1);4.0(2-2);5.3(3-3);4.0(4-4);5.0(5-5);5.3(6-6);4.0(7-7),,,,,,,,,,,,,,
riff_known_049_wild_thing,Wild Thing - roots simplificados,The Troggs,garage_rock,1,58,126,4/4,8,A,EADGBE,crunch,pua_abajo,Version monofonica para app; priorizar groove y duracion.,2,"garage,licenciable",5.0(1-1);4.0(2-2);5.2(3-3);4.0(4-4);5.0(5-5);4.0(6-6);5.2(7-7);4.0(8-8),5.0(1-1);4.0(2-2);5.2(3-3);4.0(4-4);5.0(5-5);4.0(6-6);5.2(7-7);4.0(8-8),,,,,,,,,,,,,,
riff_known_050_louie_louie,Louie Louie - roots simplificados,The Kingsmen,garage_rock,1,58,124,4/4,8,A,EADGBE,crunch,pua_abajo,Version monofonica para app; priorizar groove y duracion.,2,"garage,licenciable",5.0(1-1);4.0(2-2);5.2(3-3);4.0(4-4);5.0(5-5);4.0(6-6);5.2(7-7);4.0(8-8),5.0(1-1);4.0(2-2);5.2(3-3);4.0(4-4);5.0(5-5);4.0(6-6);5.2(7-7);4.0(8-8),,,,,,,,,,,,,,
riff_known_051_gloria,Gloria - roots simplificados,Them,garage_rock,1,58,132,4/4,8,E,EADGBE,clean_edge,pua_abajo,Version monofonica para app; priorizar groove y duracion.,2,"garage,licenciable",6.0(1-1);5.2(2-2);5.0(3-3);6.0(4-4);5.2(5-5);5.0(6-6);6.0(7-7),6.0(1-1);5.2(2-2);5.0(3-3);6.0(4-4);5.2(5-5);5.0(6-6);6.0(7-7),,,,,,,,,,,,,,
riff_known_052_apache,Apache - melodia simplificada,The Shadows,surf,3,54,138,4/4,8,Am,EADGBE,surf_reverb,pua_alterna,Version monofonica para app; priorizar groove y duracion.,2,"surf,licenciable",2.1(1-1);2.3(2-2);1.0(3-3);2.3(4-4);2.1(5-5);3.2(6-6);2.1(7-7),2.1(1-1);2.3(2-2);1.0(3-3);2.3(4-4);2.1(5-5);3.2(6-6);2.1(7-7),,,,,,,,,,,,,,
riff_known_053_pipeline,Pipeline - motivo simplificado,The Chantays,surf,3,60,148,4/4,8,Em,EADGBE,surf_reverb,pua_alterna,Version monofonica para app; priorizar groove y duracion.,2,"surf,licenciable",6.0(1-1);6.2(2-2);6.3(3-3);6.5(4-4);5.0(5-5);6.5(6-6);6.3(7-7);6.2(8-8),6.0(1-1);6.2(2-2);6.3(3-3);6.5(4-4);5.0(5-5);6.5(6-6);6.3(7-7);6.2(8-8),,,,,,,,,,,,,,
riff_known_054_a_team,The A Team - arpegio simplificado,Ed Sheeran,pop_acustico,2,48,86,6/8,6,G,EADGBE,acoustic,arpegio_dedos,Version monofonica para app; priorizar groove y duracion.,2,"pop,arpegio,licenciable",6.3(1-1);4.0(2-2);3.0(3-3);2.0(4-4);3.0(5-5);4.0(6-6),6.3(1-1);4.0(2-2);3.0(3-3);2.0(4-4);3.0(5-5);4.0(6-6),,,,,,,,,,,,,,
riff_known_055_shape_of_you,Shape of You - motivo simplificado,Ed Sheeran,pop,2,60,96,4/4,8,C#m,EADGBE,clean,pua_alterna,Version monofonica para app; priorizar groove y duracion.,2,"pop,licenciable,loop",5.4(1-1);5.4(2-2);4.2(3-3);5.4(4-4);4.4(5-5);5.4(6-6);4.2(7-7),5.4(1-1);5.4(2-2);4.2(3-3);5.4(4-4);4.4(5-5);5.4(6-6);4.2(7-7),,,,,,,,,,,,,,
riff_known_056_bille_jean,Billie Jean - bajo simplificado,Michael Jackson,pop_funk,3,58,116,4/4,8,F#m,EADGBE,clean_bass,staccato,Version monofonica para app; priorizar groove y duracion.,2,"pop,bajo,licenciable",6.2(1-1);6.2(2-2);5.4(3-3);6.2(4-4);5.2(5-5);6.2(6-6);5.4(7-7),6.2(1-1);6.2(2-2);5.4(3-3);6.2(4-4);5.2(5-5);6.2(6-6);5.4(7-7),,,,,,,,,,,,,,
riff_known_057_sweet_dreams,Sweet Dreams - motivo simplificado,Eurythmics,synth_pop,2,56,126,4/4,8,Cm,EADGBE,clean_synth,pua_alterna,Version monofonica para app; priorizar groove y duracion.,2,"synth_pop,licenciable",5.3(1-1);5.3(2-2);5.6(3-3);5.5(4-4);5.3(5-5);5.3(6-6);5.6(7-7);5.5(8-8),5.3(1-1);5.3(2-2);5.6(3-3);5.5(4-4);5.3(5-5);5.3(6-6);5.6(7-7);5.5(8-8),,,,,,,,,,,,,,
riff_known_058_a_no_sunshine,Ain't No Sunshine - bajo simplificado,Bill Withers,soul,1,50,78,4/4,8,Am,EADGBE,clean_bass,pua_abajo,Version monofonica para app; priorizar groove y duracion.,2,"soul,bajo,licenciable",5.0(1-1);5.0(2-2);5.3(3-3);5.0(4-4);6.3(5-5);5.0(6-6),5.0(1-1);5.0(2-2);5.3(3-3);5.0(4-4);6.3(5-5);5.0(6-6),,,,,,,,,,,,,,
riff_known_059_beat_it,Beat It - riff simplificado,Michael Jackson,rock_pop,3,60,139,4/4,8,Em,EADGBE,distorsion,pua_alterna,Version monofonica para app; priorizar groove y duracion.,2,"pop_rock,licenciable",6.0(1-1);6.3(2-2);6.5(3-3);6.0(4-4);5.2(5-5);6.0(6-6);6.5(7-7),6.0(1-1);6.3(2-2);6.5(3-3);6.0(4-4);5.2(5-5);6.0(6-6);6.5(7-7),,,,,,,,,,,,,,
riff_known_060_under_pressure,Under Pressure - bajo en guitarra,Queen / David Bowie,rock_pop,1,58,114,4/4,8,D,EADGBE,clean_bass,staccato,Version monofonica para app; priorizar groove y duracion.,2,"bajo,licenciable",5.5(1-1);5.5(2-2);5.5(3-3);5.5(4-4);4.5(5-5);4.5(6-6);5.5(7-7);5.5(8-8),5.5(1-1);5.5(2-2);5.5(3-3);5.5(4-4);4.5(5-5);4.5(6-6);5.5(7-7);5.5(8-8),,,,,,,,,,,,,,
riff_known_061_amazing_grace,Amazing Grace - melodia/arpegio simplificado,Tradicional,folk,1,44,78,3/4,6,G,EADGBE,acoustic,pua_suave,Vals lento; respirar al final de cada compas.,3,"public_domain,3/4,folk,melodia",3.0(1-2);3.2(3-4);2.0(5-6),2.1(1-2);2.0(3-4);3.2(5-6),3.0(1-3);4.0(5-6),,,,,,,,,,,,,
riff_known_062_greensleeves,Greensleeves - melodia simplificada,Tradicional,folk,2,42,88,3/4,6,Am,EADGBE,acoustic,pua_suave,Melodia en 3/4; no llenar los silencios.,3,"public_domain,3/4,folk,melodia",2.1(1-1);2.3(3-3);1.0(5-6),1.1(1-2);1.0(3-3);2.3(5-6),2.1(1-2);3.2(3-4);2.1(5-6),,,,,,,,,,,,,
riff_known_063_cant_help_falling,Can't Help Falling in Love - arpegio,Elvis Presley,balada,2,46,74,6/8,6,C,EADGBE,clean,arpegio_dedos,Balanceo 6/8; sonar muy legato.,2,"balada,6/8,licenciable,arpegio",5.3(1-1);4.2(2-2);3.0(3-3);2.1(4-4);3.0(5-5);4.2(6-6),6.3(1-1);4.0(2-2);3.0(3-3);2.0(4-4);3.0(5-5);4.0(6-6),,,,,,,,,,,,,,
riff_known_064_everybody_hurts,Everybody Hurts - arpegio simplificado,R.E.M.,balada_rock,2,42,90,6/8,6,D,EADGBE,clean,arpegio_dedos,No acelerar el 6/8; tocar parejo.,2,"balada,6/8,licenciable,arpegio",4.0(1-1);3.2(2-2);2.3(3-3);1.2(4-4);2.3(5-5);3.2(6-6),6.3(1-1);4.0(2-2);3.0(3-3);2.0(4-4);3.0(5-5);4.0(6-6),,,,,,,,,,,,,,
riff_known_065_norwegian_wood,Norwegian Wood - motivo simplificado,The Beatles,folk_rock,3,52,92,6/8,6,D,EADGBE,acoustic,pua_alterna,Motivo folk modal; mantener notas limpias.,2,"folk,6/8,licenciable,beatles",4.0(1-1);4.2(2-2);3.0(3-3);3.2(4-4);2.3(5-5);3.2(6-6),3.0(1-1);4.2(2-2);4.0(3-4);4.2(5-5);3.0(6-6),,,,,,,,,,,,,,
riff_known_066_unforgiven,The Unforgiven - motivo simplificado,Metallica,balada_metal,3,44,86,6/8,6,Am,EADGBE,clean,arpegio_pua,Frase menor con 6/8; cuidar sustain.,2,"metal,6/8,licenciable,arpegio",5.0(1-1);4.2(2-2);3.2(3-3);2.1(4-4);3.2(5-5);4.2(6-6),6.3(1-1);4.0(2-2);3.0(3-3);2.0(4-4);3.0(5-5);4.0(6-6),,,,,,,,,,,,,,
riff_known_067_cissy_strut,Cissy Strut - funk simplificado,The Meters,funk,4,55,92,4/4,8,C,EADGBE,funk_clean,muting_funk,Riff sincopado; las pausas son parte del groove.,2,"funk,licenciable,sincopa,nivel4",5.3(1-1);5.5(3-3);4.3(5-5);5.5(7-7),5.3(1-1);5.5(4-4);5.3(6-6);6.6(8-8),,,,,,,,,,,,,,
riff_known_068_le_freak,Le Freak - motivo funk simplificado,Chic,funk_disco,3,60,118,4/4,8,Am,EADGBE,funk_clean,muting_funk,Contratiempos cortos; limpiar con mano izquierda.,2,"funk,disco,licenciable,offbeat",4.2(2-2);3.2(4-4);4.2(6-6);3.2(8-8),4.2(2-2);3.0(4-4);4.2(6-6);3.2(8-8),,,,,,,,,,,,,,
riff_known_069_play_funky,Play That Funky Music - riff simplificado,Wild Cherry,funk_rock,3,60,108,4/4,8,E,EADGBE,funk_clean,muting_funk,Sincopa funk-rock; notas cortas.,2,"funk,rock,licenciable,sincopa",6.0(1-1);6.0(3-3);6.3(4-4);6.0(5-5);5.2(7-7),6.0(1-1);6.3(3-3);6.0(5-5);5.2(7-7),,,,,,,,,,,,,,
riff_known_070_rumble,Rumble - riff simplificado,Link Wray,rock_instrumental,2,48,96,4/4,8,E,EADGBE,tremolo_crunch,pua_abajo,Riff lento con mucho espacio y vibrato.,2,"instrumental,licenciable,espacio",6.0(1-2);6.3(5-6);6.0(8-8),5.2(1-2);6.3(5-6);6.0(8-8),,,,,,,,,,,,,,
riff_original_4_4_001,Riff Rock 001,Original didactico,rock,2,52,86,4/4,8,Em,EADGBE,crunch,pua_alterna,Riff corto con silencios reales; practicar en loop.,2,"original,rock,app_ready",6.0(1-1);6.0(2-2);5.0(3-3);6.7(4-4);6.0(5-5);5.0(6-6);6.7(7-7);6.5(8-8),6.0(1-1);6.0(3-3);5.2(4-4);6.0(5-5);6.12(7-7);5.2(8-8),,,,,,,,,,,,,,
riff_original_4_4_002,Riff Rock 002,Original didactico,rock,1,54,92,4/4,8,A,EADGBE,crunch,pua_abajo,Riff corto con silencios reales; practicar en loop.,2,"original,rock,app_ready",5.0(1-1);5.4(3-3);5.5(4-4);5.0(5-5);5.7(6-6);5.5(7-7);5.4(8-8),5.0(1-1);5.4(3-3);5.0(5-5);5.5(6-6);5.0(7-7);5.7(8-8),,,,,,,,,,,,,,
riff_original_4_4_003,Riff Indie Rock 003,Original didactico,indie_rock,2,56,98,4/4,8,G,EADGBE,clean_edge,pua_alterna,Riff corto con silencios reales; practicar en loop.,2,"original,indie_rock,app_ready",6.3(1-1);6.3(3-3);6.8(4-4);6.3(5-5);6.12(7-7);6.8(8-8),6.3(1-2);6.8(3-3);6.12(5-5);6.8(7-7);6.3(8-8),,,,,,,,,,,,,,
riff_original_4_4_004,Riff Pop Rock 004,Original didactico,pop_rock,2,58,104,4/4,8,C,EADGBE,clean_edge,pua_alterna,Riff corto con silencios reales; practicar en loop.,2,"original,pop_rock,app_ready",5.3(1-1);5.7(3-3);5.3(5-5);5.8(6-6);5.3(7-7);5.10(8-8),5.3(1-1);5.3(2-2);4.2(3-3);5.8(4-4);5.3(5-5);4.2(6-6);5.8(7-7);5.7(8-8),,,,,,,,,,,,,,
riff_original_4_4_005,Riff Blues 005,Original didactico,blues,2,62,120,4/4,8,E,EADGBE,clean_edge,shuffle_pick,Shuffle/blues con huecos reales; no tocar recto.,4,"original,blues,shuffle,app_ready",6.0(1-1);6.0(3-3);6.2(5-5);6.0(7-7),6.0(1-1);6.0(3-3);6.4(5-5);6.2(7-7),5.0(1-1);5.0(3-3);5.3(5-5);5.0(7-7),6.0(1-1);6.0(3-3);6.4(5-5);6.2(7-7),,,,,,,,,,,,
riff_original_4_4_006,Riff Blues 006,Original didactico,blues,3,54,126,4/4,8,A,EADGBE,clean_edge,shuffle_pick,Shuffle/blues con huecos reales; no tocar recto.,4,"original,blues,shuffle,app_ready",5.0(1-1);5.0(3-3);5.2(5-5);5.0(7-7),5.0(1-1);5.0(3-3);5.4(5-5);5.2(7-7),4.0(1-1);4.0(3-3);4.3(5-5);4.0(7-7),5.0(1-1);5.0(3-3);5.2(5-5);5.0(7-7),,,,,,,,,,,,
riff_original_4_4_007,Riff Metal 007,Original didactico,metal,3,50,138,4/4,8,Em,EADGBE,distorsion,palm_mute,Riff de palm mute; priorizar precision antes que velocidad.,2,"original,metal,palm_mute,app_ready",6.0(1-1);6.0(2-2);6.0(3-3);6.5(4-4);6.0(5-5);6.0(6-6);6.7(7-7);6.5(8-8),6.0(1-1);6.0(2-2);6.5(3-3);6.0(4-4);6.7(5-5);6.5(6-6);6.0(7-8),,,,,,,,,,,,,,
riff_original_4_4_008,Riff Metal 008,Original didactico,metal,3,53,146,4/4,8,D,EADGBE,distorsion,palm_mute,Riff de palm mute; priorizar precision antes que velocidad.,2,"original,metal,palm_mute,app_ready",4.0(1-1);4.0(3-3);4.2(4-4);4.0(5-5);4.4(7-8),4.0(1-1);4.0(3-3);4.5(4-4);4.4(5-5);4.0(7-8),,,,,,,,,,,,,,
riff_original_4_4_009,Riff Funk 009,Original didactico,funk,3,54,102,4/4,8,Am,EADGBE,funk_clean,muting_funk,Riff sincopado; notas cortas y silencios claros.,2,"original,funk,sincopa,app_ready",5.0(2-2);5.0(4-4);4.0(5-5);5.3(7-7),5.0(2-2);5.3(4-4);5.0(6-6);5.5(8-8),,,,,,,,,,,,,,
riff_original_4_4_010,Riff Funk 010,Original didactico,funk,3,57,107,4/4,8,E,EADGBE,funk_clean,muting_funk,Riff sincopado; notas cortas y silencios claros.,2,"original,funk,sincopa,app_ready",6.0(2-2);6.2(4-4);6.0(6-6);6.4(8-8),6.0(1-1);6.2(3-3);6.4(4-4);6.0(6-6);6.2(8-8),,,,,,,,,,,,,,
riff_original_4_4_011,Riff Reggae 011,Original didactico,reggae,2,58,82,4/4,8,G,EADGBE,reggae_clean,staccato,Contratiempos limpios; tocar corto.,2,"original,reggae,offbeat,app_ready",6.3(2-2);6.5(4-4);6.3(6-6);6.5(8-8),6.3(2-2);6.5(4-4);6.7(6-6);6.5(8-8),,,,,,,,,,,,,,
riff_original_4_4_012,Riff Punk 012,Original didactico,punk,2,65,156,4/4,8,A,EADGBE,distorsion,downpicking,Raices y downpicking; evitar acelerar.,2,"original,punk,downpicking,app_ready",5.0(1-1);5.4(3-3);5.5(4-4);5.0(5-5);5.7(6-6);5.5(7-7);5.4(8-8),5.0(1-1);5.4(3-3);5.0(5-5);5.5(6-6);5.0(7-7);5.7(8-8),,,,,,,,,,,,,,
riff_original_4_4_013,Riff Country 013,Original didactico,country,3,54,122,4/4,8,D,EADGBE,clean_edge,hybrid_picking,Frase country sencilla; dejar sonar notas agudas.,2,"original,country,hybrid,app_ready",4.0(1-1);4.2(2-2);3.4(3-3);4.2(5-5);4.0(6-6);3.4(8-8),4.0(1-1);4.4(2-2);3.0(3-3);4.4(5-5);4.2(6-6);3.0(8-8),,,,,,,,,,,,,,
riff_original_4_4_014,Riff Surf 014,Original didactico,surf,3,60,153,4/4,8,Em,EADGBE,surf_reverb,pua_alterna,Frase surf; alternar pua y mantener reverb.,2,"original,surf,melodico,app_ready",6.0(1-1);6.3(2-2);6.5(3-3);6.7(4-4);6.10(5-5);6.7(6-6);6.5(7-7);6.3(8-8),6.0(1-1);6.5(2-2);6.10(3-3);6.12(4-4);6.10(5-5);6.5(6-6);6.3(7-7);6.0(8-8),,,,,,,,,,,,,,
riff_original_4_4_015,Riff Rock 015,Original didactico,rock,2,56,122,4/4,8,Em,EADGBE,crunch,pua_alterna,Riff corto con silencios reales; practicar en loop.,2,"original,rock,app_ready",6.0(1-2);6.7(3-3);6.12(5-5);6.7(7-7);6.0(8-8),6.0(1-1);6.5(3-3);6.7(4-4);6.0(5-5);6.10(6-6);6.7(7-7);6.5(8-8),,,,,,,,,,,,,,
riff_original_4_4_016,Riff Rock 016,Original didactico,rock,1,58,128,4/4,8,A,EADGBE,crunch,pua_abajo,Riff corto con silencios reales; practicar en loop.,2,"original,rock,app_ready",5.0(1-1);5.0(2-2);5.4(3-3);5.5(4-4);5.0(5-5);5.4(6-6);5.5(7-7);5.4(8-8),5.0(1-1);5.0(3-3);4.0(4-4);5.0(5-5);5.9(7-7);4.0(8-8),,,,,,,,,,,,,,
riff_original_4_4_017,Riff Indie Rock 017,Original didactico,indie_rock,1,60,86,4/4,8,G,EADGBE,clean_edge,pua_alterna,Riff corto con silencios reales; practicar en loop.,2,"original,indie_rock,app_ready",6.3(1-1);6.7(3-3);5.3(4-4);6.3(5-5);6.10(6-6);5.3(7-7);6.7(8-8),6.3(1-1);6.7(3-3);6.3(5-5);6.8(6-6);6.3(7-7);6.10(8-8),,,,,,,,,,,,,,
riff_original_4_4_018,Riff Pop Rock 018,Original didactico,pop_rock,2,62,92,4/4,8,C,EADGBE,clean_edge,pua_alterna,Riff corto con silencios reales; practicar en loop.,2,"original,pop_rock,app_ready",5.3(1-1);5.3(3-3);5.8(4-4);5.3(5-5);5.12(7-7);5.8(8-8),5.3(1-2);5.8(3-3);5.12(5-5);5.8(7-7);5.3(8-8),,,,,,,,,,,,,,
riff_original_4_4_019,Riff Blues 019,Original didactico,blues,2,60,120,4/4,8,E,EADGBE,clean_edge,shuffle_pick,Shuffle/blues con huecos reales; no tocar recto.,4,"original,blues,shuffle,app_ready",6.0(1-1);6.0(3-3);6.2(5-5);6.0(7-7),6.0(1-1);6.0(3-3);6.4(5-5);6.2(7-7),5.0(1-1);5.0(3-3);5.3(5-5);5.0(7-7),6.0(1-1);6.0(3-3);6.4(5-5);6.2(7-7),,,,,,,,,,,,
riff_original_4_4_020,Riff Blues 020,Original didactico,blues,2,62,126,4/4,8,A,EADGBE,clean_edge,shuffle_pick,Shuffle/blues con huecos reales; no tocar recto.,4,"original,blues,shuffle,app_ready",5.0(1-1);5.0(3-3);5.2(5-5);5.0(7-7),5.0(1-1);5.0(3-3);5.4(5-5);5.2(7-7),4.0(1-1);4.0(3-3);4.3(5-5);4.0(7-7),5.0(1-1);5.0(3-3);5.2(5-5);5.0(7-7),,,,,,,,,,,,
riff_original_4_4_021,Riff Metal 021,Original didactico,metal,2,56,122,4/4,8,Em,EADGBE,distorsion,palm_mute,Riff de palm mute; priorizar precision antes que velocidad.,1,"original,metal,palm_mute,app_ready",6.0(1-1);6.0(2-2);6.3(3-3);6.0(4-4);6.5(5-5);6.0(6-6);6.7(7-7);6.5(8-8),,,,,,,,,,,,,,,
riff_original_4_4_022,Riff Metal 022,Original didactico,metal,2,59,130,4/4,8,D,EADGBE,distorsion,palm_mute,Riff de palm mute; priorizar precision antes que velocidad.,2,"original,metal,palm_mute,app_ready",4.0(1-1);4.0(2-2);4.0(3-3);4.4(4-4);4.0(5-5);4.0(6-6);4.5(7-7);4.4(8-8),4.0(1-1);4.0(2-2);4.4(3-3);4.0(4-4);4.5(5-5);4.4(6-6);4.0(7-8),,,,,,,,,,,,,,
riff_original_4_4_023,Riff Funk 023,Original didactico,funk,3,60,112,4/4,8,Am,EADGBE,funk_clean,muting_funk,Riff sincopado; notas cortas y silencios claros.,2,"original,funk,sincopa,app_ready",5.0(1-1);5.3(3-3);5.5(4-4);5.0(6-6);5.3(8-8),5.0(2-2);5.0(4-4);4.0(5-5);5.3(7-7),,,,,,,,,,,,,,
riff_original_4_4_024,Riff Funk 024,Original didactico,funk,3,63,117,4/4,8,E,EADGBE,funk_clean,muting_funk,Riff sincopado; notas cortas y silencios claros.,2,"original,funk,sincopa,app_ready",6.0(2-2);6.0(4-4);5.0(5-5);6.2(7-7),6.0(2-2);6.2(4-4);6.0(6-6);6.4(8-8),,,,,,,,,,,,,,
riff_original_4_4_025,Riff Reggae 025,Original didactico,reggae,2,54,102,4/4,8,G,EADGBE,reggae_clean,staccato,Contratiempos limpios; tocar corto.,2,"original,reggae,offbeat,app_ready",6.3(2-2);6.5(4-4);6.3(6-6);6.5(8-8),6.3(2-2);6.5(4-4);6.7(6-6);6.5(8-8),,,,,,,,,,,,,,
riff_original_4_4_026,Riff Punk 026,Original didactico,punk,2,65,150,4/4,8,A,EADGBE,distorsion,downpicking,Raices y downpicking; evitar acelerar.,2,"original,punk,downpicking,app_ready",5.0(1-1);5.0(2-2);5.4(3-3);5.5(4-4);5.0(5-5);5.4(6-6);5.5(7-7);5.4(8-8),5.0(1-1);5.0(3-3);5.5(4-4);5.0(5-5);5.9(7-7);5.5(8-8),,,,,,,,,,,,,,
riff_original_4_4_027,Riff Country 027,Original didactico,country,3,54,116,4/4,8,D,EADGBE,clean_edge,hybrid_picking,Frase country sencilla; dejar sonar notas agudas.,2,"original,country,hybrid,app_ready",4.0(1-1);4.2(2-2);3.4(3-3);4.2(5-5);4.0(6-6);3.4(8-8),4.0(1-1);4.4(2-2);3.0(3-3);4.4(5-5);4.2(6-6);3.0(8-8),,,,,,,,,,,,,,
riff_original_4_4_028,Riff Surf 028,Original didactico,surf,3,60,146,4/4,8,Em,EADGBE,surf_reverb,pua_alterna,Frase surf; alternar pua y mantener reverb.,2,"original,surf,melodico,app_ready",6.0(1-1);6.3(2-2);6.5(3-3);6.7(4-4);6.10(5-5);6.7(6-6);6.5(7-7);6.3(8-8),6.0(1-1);6.5(2-2);6.10(3-3);6.12(4-4);6.10(5-5);6.5(6-6);6.3(7-7);6.0(8-8),,,,,,,,,,,,,,
riff_original_4_4_029,Riff Rock 029,Original didactico,rock,2,60,110,4/4,8,Em,EADGBE,crunch,pua_alterna,Riff corto con silencios reales; practicar en loop.,2,"original,rock,app_ready",6.0(1-1);6.5(3-3);5.0(5-5);6.7(6-6);6.0(7-7);5.5(8-8),6.0(1-1);6.0(2-2);6.5(3-3);6.7(4-4);6.0(5-5);6.5(6-6);6.7(7-7);6.5(8-8),,,,,,,,,,,,,,
riff_original_4_4_030,Riff Rock 030,Original didactico,rock,2,62,116,4/4,8,A,EADGBE,crunch,pua_abajo,Riff corto con silencios reales; practicar en loop.,2,"original,rock,app_ready",5.0(1-2);5.5(3-3);5.9(5-5);5.5(7-7);5.0(8-8),5.0(1-1);5.4(3-3);5.5(4-4);5.0(5-5);5.7(6-6);5.5(7-7);5.4(8-8),,,,,,,,,,,,,,
riff_original_4_4_031,Riff Indie Rock 031,Original didactico,indie_rock,1,52,122,4/4,8,G,EADGBE,clean_edge,pua_alterna,Riff corto con silencios reales; practicar en loop.,2,"original,indie_rock,app_ready",6.3(1-1);6.3(2-2);6.7(3-3);6.8(4-4);6.3(5-5);6.7(6-6);6.8(7-7);6.7(8-8),6.3(1-1);6.3(3-3);5.3(4-4);6.3(5-5);6.12(7-7);5.3(8-8),,,,,,,,,,,,,,
riff_original_4_4_032,Riff Pop Rock 032,Original didactico,pop_rock,1,54,128,4/4,8,C,EADGBE,clean_edge,pua_alterna,Riff corto con silencios reales; practicar en loop.,2,"original,pop_rock,app_ready",5.3(1-1);5.7(3-3);5.8(4-4);5.3(5-5);5.10(6-6);5.8(7-7);5.7(8-8),5.3(1-1);5.7(3-3);5.3(5-5);5.8(6-6);5.3(7-7);5.10(8-8),,,,,,,,,,,,,,
riff_original_4_4_033,Riff Blues 033,Original didactico,blues,3,58,120,4/4,8,E,EADGBE,clean_edge,shuffle_pick,Shuffle/blues con huecos reales; no tocar recto.,4,"original,blues,shuffle,app_ready",6.0(1-1);6.0(3-3);6.2(5-5);6.0(7-7),6.0(1-1);6.0(3-3);6.4(5-5);6.2(7-7),5.0(1-1);5.0(3-3);5.3(5-5);5.0(7-7),6.0(1-1);6.0(3-3);6.4(5-5);6.2(7-7),,,,,,,,,,,,
riff_original_4_4_034,Riff Blues 034,Original didactico,blues,2,60,126,4/4,8,A,EADGBE,clean_edge,shuffle_pick,Shuffle/blues con huecos reales; no tocar recto.,4,"original,blues,shuffle,app_ready",5.0(1-1);5.0(3-3);5.2(5-5);5.0(7-7),5.0(1-1);5.0(3-3);5.4(5-5);5.2(7-7),4.0(1-1);4.0(3-3);4.3(5-5);4.0(7-7),5.0(1-1);5.0(3-3);5.2(5-5);5.0(7-7),,,,,,,,,,,,
riff_original_4_4_035,Riff Metal 035,Original didactico,metal,3,62,106,4/4,8,Em,EADGBE,distorsion,palm_mute,Riff de palm mute; priorizar precision antes que velocidad.,2,"original,metal,palm_mute,app_ready",6.0(1-1);6.0(3-3);6.3(4-4);6.0(5-5);6.5(7-8),6.0(1-1);6.0(3-3);6.7(4-4);6.5(5-5);6.0(7-8),,,,,,,,,,,,,,
riff_original_4_4_036,Riff Metal 036,Original didactico,metal,3,65,114,4/4,8,D,EADGBE,distorsion,palm_mute,Riff de palm mute; priorizar precision antes que velocidad.,1,"original,metal,palm_mute,app_ready",4.0(1-1);4.0(2-2);4.2(3-3);4.0(4-4);4.4(5-5);4.0(6-6);4.5(7-7);4.4(8-8),,,,,,,,,,,,,,,
riff_original_4_4_037,Riff Funk 037,Original didactico,funk,3,54,92,4/4,8,Am,EADGBE,funk_clean,muting_funk,Riff sincopado; notas cortas y silencios claros.,2,"original,funk,sincopa,app_ready",5.0(2-2);5.3(4-4);5.0(6-6);5.5(8-8),5.0(1-1);5.3(3-3);5.5(4-4);5.0(6-6);5.3(8-8),,,,,,,,,,,,,,
riff_original_4_4_038,Riff Funk 038,Original didactico,funk,3,57,97,4/4,8,E,EADGBE,funk_clean,muting_funk,Riff sincopado; notas cortas y silencios claros.,2,"original,funk,sincopa,app_ready",6.0(1-1);6.2(3-3);6.4(4-4);6.0(6-6);6.2(8-8),6.0(2-2);6.0(4-4);5.0(5-5);6.2(7-7),,,,,,,,,,,,,,
riff_original_4_4_039,Riff Reggae 039,Original didactico,reggae,2,58,97,4/4,8,G,EADGBE,reggae_clean,staccato,Contratiempos limpios; tocar corto.,2,"original,reggae,offbeat,app_ready",6.3(2-2);6.5(4-4);6.3(6-6);6.5(8-8),6.3(2-2);6.5(4-4);6.7(6-6);6.5(8-8),,,,,,,,,,,,,,
riff_original_4_4_040,Riff Punk 040,Original didactico,punk,2,65,174,4/4,8,A,EADGBE,distorsion,downpicking,Raices y downpicking; evitar acelerar.,2,"original,punk,downpicking,app_ready",5.0(1-2);5.5(3-3);5.9(5-5);5.5(7-7);5.0(8-8),5.0(1-1);5.4(3-3);4.0(4-4);5.0(5-5);5.7(6-6);4.0(7-7);5.4(8-8),,,,,,,,,,,,,,
riff_original_4_4_041,Riff Country 041,Original didactico,country,3,54,110,4/4,8,D,EADGBE,clean_edge,hybrid_picking,Frase country sencilla; dejar sonar notas agudas.,2,"original,country,hybrid,app_ready",4.0(1-1);4.2(2-2);3.4(3-3);4.2(5-5);4.0(6-6);3.4(8-8),4.0(1-1);4.4(2-2);3.0(3-3);4.4(5-5);4.2(6-6);3.0(8-8),,,,,,,,,,,,,,
riff_original_4_4_042,Riff Surf 042,Original didactico,surf,3,60,139,4/4,8,Em,EADGBE,surf_reverb,pua_alterna,Frase surf; alternar pua y mantener reverb.,2,"original,surf,melodico,app_ready",6.0(1-1);6.3(2-2);6.5(3-3);6.7(4-4);6.10(5-5);6.7(6-6);6.5(7-7);6.3(8-8),6.0(1-1);6.5(2-2);6.10(3-3);6.12(4-4);6.10(5-5);6.5(6-6);6.3(7-7);6.0(8-8),,,,,,,,,,,,,,
riff_original_4_4_043,Riff Rock 043,Original didactico,rock,2,52,98,4/4,8,Em,EADGBE,crunch,pua_alterna,Riff corto con silencios reales; practicar en loop.,2,"original,rock,app_ready",6.0(1-1);6.0(3-3);6.7(4-4);6.0(5-5);6.12(7-7);6.7(8-8),6.0(1-2);6.7(3-3);5.7(5-5);6.7(7-7);6.0(8-8),,,,,,,,,,,,,,
riff_original_4_4_044,Riff Rock 044,Original didactico,rock,2,54,104,4/4,8,A,EADGBE,crunch,pua_abajo,Riff corto con silencios reales; practicar en loop.,2,"original,rock,app_ready",5.0(1-1);5.4(3-3);5.0(5-5);5.5(6-6);5.0(7-7);5.7(8-8),5.0(1-1);5.0(2-2);5.4(3-3);5.5(4-4);5.0(5-5);5.4(6-6);5.5(7-7);5.4(8-8),,,,,,,,,,,,,,
riff_original_4_4_045,Riff Indie Rock 045,Original didactico,indie_rock,2,56,110,4/4,8,G,EADGBE,clean_edge,pua_alterna,Riff corto con silencios reales; practicar en loop.,2,"original,indie_rock,app_ready",6.3(1-2);6.8(3-3);5.7(5-5);6.8(7-7);6.3(8-8),6.3(1-1);6.7(3-3);6.8(4-4);6.3(5-5);6.10(6-6);6.8(7-7);6.7(8-8),,,,,,,,,,,,,,
riff_original_4_4_046,Riff Pop Rock 046,Original didactico,pop_rock,2,58,116,4/4,8,C,EADGBE,clean_edge,pua_alterna,Riff corto con silencios reales; practicar en loop.,2,"original,pop_rock,app_ready",5.3(1-1);5.3(2-2);5.7(3-3);5.8(4-4);5.3(5-5);5.7(6-6);5.8(7-7);5.7(8-8),5.3(1-1);5.3(3-3);4.3(4-4);5.3(5-5);5.12(7-7);4.3(8-8),,,,,,,,,,,,,,
riff_original_4_4_047,Riff Blues 047,Original didactico,blues,2,56,120,4/4,8,E,EADGBE,clean_edge,shuffle_pick,Shuffle/blues con huecos reales; no tocar recto.,4,"original,blues,shuffle,app_ready",6.0(1-1);6.0(3-3);6.2(5-5);6.0(7-7),6.0(1-1);6.0(3-3);6.4(5-5);6.2(7-7),5.0(1-1);5.0(3-3);5.3(5-5);5.0(7-7),6.0(1-1);6.0(3-3);6.4(5-5);6.2(7-7),,,,,,,,,,,,
riff_original_4_4_048,Riff Blues 048,Original didactico,blues,3,58,126,4/4,8,A,EADGBE,clean_edge,shuffle_pick,Shuffle/blues con huecos reales; no tocar recto.,4,"original,blues,shuffle,app_ready",5.0(1-1);5.0(3-3);5.2(5-5);5.0(7-7),5.0(1-1);5.0(3-3);5.4(5-5);5.2(7-7),4.0(1-1);4.0(3-3);4.3(5-5);4.0(7-7),5.0(1-1);5.0(3-3);5.2(5-5);5.0(7-7),,,,,,,,,,,,
riff_original_4_4_049,Riff Metal 049,Original didactico,metal,3,50,90,4/4,8,Em,EADGBE,distorsion,palm_mute,Riff de palm mute; priorizar precision antes que velocidad.,2,"original,metal,palm_mute,app_ready",6.0(1-1);6.0(2-2);6.0(3-3);6.5(4-4);6.0(5-5);6.0(6-6);6.7(7-7);6.5(8-8),6.0(1-1);6.0(2-2);6.5(3-3);6.0(4-4);6.7(5-5);6.5(6-6);6.0(7-8),,,,,,,,,,,,,,
riff_original_4_4_050,Riff Metal 050,Original didactico,metal,2,53,98,4/4,8,D,EADGBE,distorsion,palm_mute,Riff de palm mute; priorizar precision antes que velocidad.,2,"original,metal,palm_mute,app_ready",4.0(1-1);4.0(3-3);4.2(4-4);4.0(5-5);4.4(7-8),4.0(1-1);4.0(3-3);4.5(4-4);4.4(5-5);4.0(7-8),,,,,,,,,,,,,,
riff_original_4_4_051,Riff Funk 051,Original didactico,funk,4,60,102,4/4,8,Am,EADGBE,funk_clean,muting_funk,Riff sincopado; notas cortas y silencios claros.,2,"original,funk,sincopa,app_ready",5.0(2-2);5.0(4-4);4.0(5-5);5.3(7-7),5.0(2-2);5.3(4-4);5.0(6-6);5.5(8-8),,,,,,,,,,,,,,
riff_original_4_4_052,Riff Funk 052,Original didactico,funk,3,63,107,4/4,8,E,EADGBE,funk_clean,muting_funk,Riff sincopado; notas cortas y silencios claros.,2,"original,funk,sincopa,app_ready",6.0(2-2);6.2(4-4);6.0(6-6);6.4(8-8),6.0(1-1);6.2(3-3);6.4(4-4);6.0(6-6);6.2(8-8),,,,,,,,,,,,,,
riff_original_4_4_053,Riff Reggae 053,Original didactico,reggae,2,54,92,4/4,8,G,EADGBE,reggae_clean,staccato,Contratiempos limpios; tocar corto.,2,"original,reggae,offbeat,app_ready",6.3(2-2);6.5(4-4);6.3(6-6);6.5(8-8),6.3(2-2);6.5(4-4);6.7(6-6);6.5(8-8),,,,,,,,,,,,,,
riff_original_4_4_054,Riff Punk 054,Original didactico,punk,2,65,168,4/4,8,A,EADGBE,distorsion,downpicking,Raices y downpicking; evitar acelerar.,2,"original,punk,downpicking,app_ready",5.0(1-1);5.4(3-3);5.0(5-5);5.5(6-6);5.0(7-7);5.7(8-8),5.0(1-1);5.0(2-2);5.4(3-3);5.5(4-4);5.0(5-5);5.4(6-6);5.5(7-7);5.4(8-8),,,,,,,,,,,,,,
riff_original_4_4_055,Riff Country 055,Original didactico,country,3,54,134,4/4,8,D,EADGBE,clean_edge,hybrid_picking,Frase country sencilla; dejar sonar notas agudas.,2,"original,country,hybrid,app_ready",4.0(1-1);4.2(2-2);3.4(3-3);4.2(5-5);4.0(6-6);3.4(8-8),4.0(1-1);4.4(2-2);3.0(3-3);4.4(5-5);4.2(6-6);3.0(8-8),,,,,,,,,,,,,,
riff_original_4_4_056,Riff Surf 056,Original didactico,surf,3,60,132,4/4,8,Em,EADGBE,surf_reverb,pua_alterna,Frase surf; alternar pua y mantener reverb.,2,"original,surf,melodico,app_ready",6.0(1-1);6.3(2-2);6.5(3-3);6.7(4-4);6.10(5-5);6.7(6-6);6.5(7-7);6.3(8-8),6.0(1-1);6.5(2-2);6.10(3-3);6.12(4-4);6.10(5-5);6.5(6-6);6.3(7-7);6.0(8-8),,,,,,,,,,,,,,
riff_original_4_4_057,Riff Rock 057,Original didactico,rock,1,56,86,4/4,8,Em,EADGBE,crunch,pua_alterna,Riff corto con silencios reales; practicar en loop.,2,"original,rock,app_ready",6.0(1-1);6.5(3-3);5.2(4-4);6.0(5-5);6.10(6-6);5.2(7-7);6.5(8-8),6.0(1-1);6.5(3-3);6.0(5-5);6.7(6-6);6.0(7-7);6.10(8-8),,,,,,,,,,,,,,
riff_original_4_4_058,Riff Rock 058,Original didactico,rock,2,58,92,4/4,8,A,EADGBE,crunch,pua_abajo,Riff corto con silencios reales; practicar en loop.,2,"original,rock,app_ready",5.0(1-1);5.0(3-3);5.5(4-4);5.0(5-5);5.9(7-7);5.5(8-8),5.0(1-2);5.5(3-3);4.4(5-5);5.5(7-7);5.0(8-8),,,,,,,,,,,,,,
riff_original_4_4_059,Riff Indie Rock 059,Original didactico,indie_rock,2,60,98,4/4,8,G,EADGBE,clean_edge,pua_alterna,Riff corto con silencios reales; practicar en loop.,2,"original,indie_rock,app_ready",6.3(1-1);6.7(3-3);6.3(5-5);6.8(6-6);6.3(7-7);6.10(8-8),6.3(1-1);6.3(2-2);6.7(3-3);6.8(4-4);6.3(5-5);6.7(6-6);6.8(7-7);6.7(8-8),,,,,,,,,,,,,,
riff_original_4_4_060,Riff Pop Rock 060,Original didactico,pop_rock,2,62,104,4/4,8,C,EADGBE,clean_edge,pua_alterna,Riff corto con silencios reales; practicar en loop.,2,"original,pop_rock,app_ready",5.3(1-2);5.8(3-3);5.12(5-5);5.8(7-7);5.3(8-8),5.3(1-1);5.7(3-3);5.8(4-4);5.3(5-5);5.10(6-6);5.8(7-7);5.7(8-8),,,,,,,,,,,,,,
riff_original_4_4_061,Riff Blues 061,Original didactico,blues,2,54,120,4/4,8,E,EADGBE,clean_edge,shuffle_pick,Shuffle/blues con huecos reales; no tocar recto.,4,"original,blues,shuffle,app_ready",6.0(1-1);6.0(3-3);6.2(5-5);6.0(7-7),6.0(1-1);6.0(3-3);6.4(5-5);6.2(7-7),5.0(1-1);5.0(3-3);5.3(5-5);5.0(7-7),6.0(1-1);6.0(3-3);6.4(5-5);6.2(7-7),,,,,,,,,,,,
riff_original_4_4_062,Riff Blues 062,Original didactico,blues,2,56,126,4/4,8,A,EADGBE,clean_edge,shuffle_pick,Shuffle/blues con huecos reales; no tocar recto.,4,"original,blues,shuffle,app_ready",5.0(1-1);5.0(3-3);5.2(5-5);5.0(7-7),5.0(1-1);5.0(3-3);5.4(5-5);5.2(7-7),4.0(1-1);4.0(3-3);4.3(5-5);4.0(7-7),5.0(1-1);5.0(3-3);5.2(5-5);5.0(7-7),,,,,,,,,,,,
riff_original_4_4_063,Riff Metal 063,Original didactico,metal,3,56,138,4/4,8,Em,EADGBE,distorsion,palm_mute,Riff de palm mute; priorizar precision antes que velocidad.,1,"original,metal,palm_mute,app_ready",6.0(1-1);6.0(2-2);6.3(3-3);6.0(4-4);6.5(5-5);6.0(6-6);6.7(7-7);6.5(8-8),,,,,,,,,,,,,,,
riff_original_4_4_064,Riff Metal 064,Original didactico,metal,3,59,146,4/4,8,D,EADGBE,distorsion,palm_mute,Riff de palm mute; priorizar precision antes que velocidad.,2,"original,metal,palm_mute,app_ready",4.0(1-1);4.0(2-2);4.0(3-3);4.4(4-4);4.0(5-5);4.0(6-6);4.5(7-7);4.4(8-8),4.0(1-1);4.0(2-2);4.4(3-3);4.0(4-4);4.5(5-5);4.4(6-6);4.0(7-8),,,,,,,,,,,,,,
riff_original_4_4_065,Riff Funk 065,Original didactico,funk,3,54,112,4/4,8,Am,EADGBE,funk_clean,muting_funk,Riff sincopado; notas cortas y silencios claros.,2,"original,funk,sincopa,app_ready",5.0(1-1);5.3(3-3);5.5(4-4);5.0(6-6);5.3(8-8),5.0(2-2);5.0(4-4);4.0(5-5);5.3(7-7),,,,,,,,,,,,,,
riff_original_4_4_066,Riff Funk 066,Original didactico,funk,4,57,117,4/4,8,E,EADGBE,funk_clean,muting_funk,Riff sincopado; notas cortas y silencios claros.,2,"original,funk,sincopa,app_ready",6.0(2-2);6.0(4-4);5.0(5-5);6.2(7-7),6.0(2-2);6.2(4-4);6.0(6-6);6.4(8-8),,,,,,,,,,,,,,
riff_original_4_4_067,Riff Reggae 067,Original didactico,reggae,2,58,87,4/4,8,G,EADGBE,reggae_clean,staccato,Contratiempos limpios; tocar corto.,2,"original,reggae,offbeat,app_ready",6.3(2-2);6.5(4-4);6.3(6-6);6.5(8-8),6.3(2-2);6.5(4-4);6.7(6-6);6.5(8-8),,,,,,,,,,,,,,
riff_original_4_4_068,Riff Punk 068,Original didactico,punk,2,65,162,4/4,8,A,EADGBE,distorsion,downpicking,Raices y downpicking; evitar acelerar.,2,"original,punk,downpicking,app_ready",5.0(1-1);5.0(3-3);5.5(4-4);5.0(5-5);5.9(7-7);5.5(8-8),5.0(1-2);5.5(3-3);5.9(5-5);5.5(7-7);5.0(8-8),,,,,,,,,,,,,,
riff_original_4_4_069,Riff Country 069,Original didactico,country,3,54,128,4/4,8,D,EADGBE,clean_edge,hybrid_picking,Frase country sencilla; dejar sonar notas agudas.,2,"original,country,hybrid,app_ready",4.0(1-1);4.2(2-2);3.4(3-3);4.2(5-5);4.0(6-6);3.4(8-8),4.0(1-1);4.4(2-2);3.0(3-3);4.4(5-5);4.2(6-6);3.0(8-8),,,,,,,,,,,,,,
riff_original_4_4_070,Riff Surf 070,Original didactico,surf,3,60,160,4/4,8,Em,EADGBE,surf_reverb,pua_alterna,Frase surf; alternar pua y mantener reverb.,2,"original,surf,melodico,app_ready",6.0(1-1);6.3(2-2);6.5(3-3);6.7(4-4);6.10(5-5);6.7(6-6);6.5(7-7);6.3(8-8),6.0(1-1);6.5(2-2);6.10(3-3);6.12(4-4);6.10(5-5);6.5(6-6);6.3(7-7);6.0(8-8),,,,,,,,,,,,,,
riff_original_4_4_071,Riff Rock 071,Original didactico,rock,1,60,122,4/4,8,Em,EADGBE,crunch,pua_alterna,Riff corto con silencios reales; practicar en loop.,2,"original,rock,app_ready",6.0(1-1);6.0(2-2);6.5(3-3);6.7(4-4);6.0(5-5);6.5(6-6);6.7(7-7);6.5(8-8),6.0(1-1);6.0(3-3);6.7(4-4);6.0(5-5);6.12(7-7);6.7(8-8),,,,,,,,,,,,,,
riff_original_4_4_072,Riff Rock 072,Original didactico,rock,1,62,128,4/4,8,A,EADGBE,crunch,pua_abajo,Riff corto con silencios reales; practicar en loop.,2,"original,rock,app_ready",5.0(1-1);5.4(3-3);5.5(4-4);5.0(5-5);5.7(6-6);5.5(7-7);5.4(8-8),5.0(1-1);5.4(3-3);5.0(5-5);5.5(6-6);5.0(7-7);5.7(8-8),,,,,,,,,,,,,,
riff_original_4_4_073,Riff Indie Rock 073,Original didactico,indie_rock,3,52,86,4/4,8,G,EADGBE,clean_edge,pua_alterna,Riff corto con silencios reales; practicar en loop.,2,"original,indie_rock,app_ready",6.3(1-1);6.3(3-3);5.3(4-4);6.3(5-5);6.12(7-7);5.3(8-8),6.3(1-2);6.8(3-3);5.7(5-5);6.8(7-7);6.3(8-8),,,,,,,,,,,,,,
riff_original_4_4_074,Riff Pop Rock 074,Original didactico,pop_rock,2,54,92,4/4,8,C,EADGBE,clean_edge,pua_alterna,Riff corto con silencios reales; practicar en loop.,2,"original,pop_rock,app_ready",5.3(1-1);5.7(3-3);5.3(5-5);5.8(6-6);5.3(7-7);5.10(8-8),5.3(1-1);5.3(2-2);5.7(3-3);5.8(4-4);5.3(5-5);5.7(6-6);5.8(7-7);5.7(8-8),,,,,,,,,,,,,,
riff_original_4_4_075,Riff Blues 075,Original didactico,blues,3,62,120,4/4,8,E,EADGBE,clean_edge,shuffle_pick,Shuffle/blues con huecos reales; no tocar recto.,4,"original,blues,shuffle,app_ready",6.0(1-1);6.0(3-3);6.2(5-5);6.0(7-7),6.0(1-1);6.0(3-3);6.4(5-5);6.2(7-7),5.0(1-1);5.0(3-3);5.3(5-5);5.0(7-7),6.0(1-1);6.0(3-3);6.4(5-5);6.2(7-7),,,,,,,,,,,,
riff_original_4_4_076,Riff Blues 076,Original didactico,blues,2,54,126,4/4,8,A,EADGBE,clean_edge,shuffle_pick,Shuffle/blues con huecos reales; no tocar recto.,4,"original,blues,shuffle,app_ready",5.0(1-1);5.0(3-3);5.2(5-5);5.0(7-7),5.0(1-1);5.0(3-3);5.4(5-5);5.2(7-7),4.0(1-1);4.0(3-3);4.3(5-5);4.0(7-7),5.0(1-1);5.0(3-3);5.2(5-5);5.0(7-7),,,,,,,,,,,,
riff_original_4_4_077,Riff Metal 077,Original didactico,metal,2,62,122,4/4,8,Em,EADGBE,distorsion,palm_mute,Riff de palm mute; priorizar precision antes que velocidad.,2,"original,metal,palm_mute,app_ready",6.0(1-1);6.0(3-3);6.3(4-4);6.0(5-5);6.5(7-8),6.0(1-1);6.0(3-3);6.7(4-4);6.5(5-5);6.0(7-8),,,,,,,,,,,,,,
riff_original_4_4_078,Riff Metal 078,Original didactico,metal,2,65,130,4/4,8,D,EADGBE,distorsion,palm_mute,Riff de palm mute; priorizar precision antes que velocidad.,1,"original,metal,palm_mute,app_ready",4.0(1-1);4.0(2-2);4.2(3-3);4.0(4-4);4.4(5-5);4.0(6-6);4.5(7-7);4.4(8-8),,,,,,,,,,,,,,,
riff_original_4_4_079,Riff Funk 079,Original didactico,funk,3,60,92,4/4,8,Am,EADGBE,funk_clean,muting_funk,Riff sincopado; notas cortas y silencios claros.,2,"original,funk,sincopa,app_ready",5.0(2-2);5.3(4-4);5.0(6-6);5.5(8-8),5.0(1-1);5.3(3-3);5.5(4-4);5.0(6-6);5.3(8-8),,,,,,,,,,,,,,
riff_original_4_4_080,Riff Funk 080,Original didactico,funk,3,63,97,4/4,8,E,EADGBE,funk_clean,muting_funk,Riff sincopado; notas cortas y silencios claros.,2,"original,funk,sincopa,app_ready",6.0(1-1);6.2(3-3);6.4(4-4);6.0(6-6);6.2(8-8),6.0(2-2);6.0(4-4);5.0(5-5);6.2(7-7),,,,,,,,,,,,,,
riff_original_4_4_081,Riff Reggae 081,Original didactico,reggae,2,54,82,4/4,8,G,EADGBE,reggae_clean,staccato,Contratiempos limpios; tocar corto.,2,"original,reggae,offbeat,app_ready",6.3(2-2);6.5(4-4);6.3(6-6);6.5(8-8),6.3(2-2);6.5(4-4);6.7(6-6);6.5(8-8),,,,,,,,,,,,,,
riff_original_4_4_082,Riff Punk 082,Original didactico,punk,2,65,156,4/4,8,A,EADGBE,distorsion,downpicking,Raices y downpicking; evitar acelerar.,2,"original,punk,downpicking,app_ready",5.0(1-1);5.4(3-3);5.5(4-4);5.0(5-5);5.7(6-6);5.5(7-7);5.4(8-8),5.0(1-1);5.4(3-3);4.0(5-5);5.5(6-6);5.0(7-7);4.2(8-8),,,,,,,,,,,,,,
riff_original_4_4_083,Riff Country 083,Original didactico,country,3,54,122,4/4,8,D,EADGBE,clean_edge,hybrid_picking,Frase country sencilla; dejar sonar notas agudas.,2,"original,country,hybrid,app_ready",4.0(1-1);4.2(2-2);3.4(3-3);4.2(5-5);4.0(6-6);3.4(8-8),4.0(1-1);4.4(2-2);3.0(3-3);4.4(5-5);4.2(6-6);3.0(8-8),,,,,,,,,,,,,,
riff_original_4_4_084,Riff Surf 084,Original didactico,surf,3,60,153,4/4,8,Em,EADGBE,surf_reverb,pua_alterna,Frase surf; alternar pua y mantener reverb.,2,"original,surf,melodico,app_ready",6.0(1-1);6.3(2-2);6.5(3-3);6.7(4-4);6.10(5-5);6.7(6-6);6.5(7-7);6.3(8-8),6.0(1-1);6.5(2-2);6.10(3-3);6.12(4-4);6.10(5-5);6.5(6-6);6.3(7-7);6.0(8-8),,,,,,,,,,,,,,
riff_original_4_4_085,Riff Rock 085,Original didactico,rock,2,52,110,4/4,8,Em,EADGBE,crunch,pua_alterna,Riff corto con silencios reales; practicar en loop.,2,"original,rock,app_ready",6.0(1-2);6.7(3-3);5.7(5-5);6.7(7-7);6.0(8-8),6.0(1-1);6.5(3-3);5.2(4-4);6.0(5-5);6.10(6-6);5.2(7-7);6.5(8-8),,,,,,,,,,,,,,
riff_original_4_4_086,Riff Rock 086,Original didactico,rock,1,54,116,4/4,8,A,EADGBE,crunch,pua_abajo,Riff corto con silencios reales; practicar en loop.,2,"original,rock,app_ready",5.0(1-1);5.0(2-2);5.4(3-3);5.5(4-4);5.0(5-5);5.4(6-6);5.5(7-7);5.4(8-8),5.0(1-1);5.0(3-3);5.5(4-4);5.0(5-5);5.9(7-7);5.5(8-8),,,,,,,,,,,,,,
riff_original_4_4_087,Riff Indie Rock 087,Original didactico,indie_rock,1,56,122,4/4,8,G,EADGBE,clean_edge,pua_alterna,Riff corto con silencios reales; practicar en loop.,2,"original,indie_rock,app_ready",6.3(1-1);6.7(3-3);6.8(4-4);6.3(5-5);6.10(6-6);6.8(7-7);6.7(8-8),6.3(1-1);6.7(3-3);6.3(5-5);6.8(6-6);6.3(7-7);6.10(8-8),,,,,,,,,,,,,,
riff_original_4_4_088,Riff Pop Rock 088,Original didactico,pop_rock,2,58,128,4/4,8,C,EADGBE,clean_edge,pua_alterna,Riff corto con silencios reales; practicar en loop.,2,"original,pop_rock,app_ready",5.3(1-1);5.3(3-3);5.8(4-4);5.3(5-5);5.12(7-7);5.8(8-8),5.3(1-2);5.8(3-3);4.7(5-5);5.8(7-7);5.3(8-8),,,,,,,,,,,,,,
riff_original_4_4_089,Riff Blues 089,Original didactico,blues,2,60,120,4/4,8,E,EADGBE,clean_edge,shuffle_pick,Shuffle/blues con huecos reales; no tocar recto.,4,"original,blues,shuffle,app_ready",6.0(1-1);6.0(3-3);6.2(5-5);6.0(7-7),6.0(1-1);6.0(3-3);6.4(5-5);6.2(7-7),5.0(1-1);5.0(3-3);5.3(5-5);5.0(7-7),6.0(1-1);6.0(3-3);6.4(5-5);6.2(7-7),,,,,,,,,,,,
riff_original_4_4_090,Riff Blues 090,Original didactico,blues,3,62,126,4/4,8,A,EADGBE,clean_edge,shuffle_pick,Shuffle/blues con huecos reales; no tocar recto.,4,"original,blues,shuffle,app_ready",5.0(1-1);5.0(3-3);5.2(5-5);5.0(7-7),5.0(1-1);5.0(3-3);5.4(5-5);5.2(7-7),4.0(1-1);4.0(3-3);4.3(5-5);4.0(7-7),5.0(1-1);5.0(3-3);5.2(5-5);5.0(7-7),,,,,,,,,,,,
riff_original_4_4_091,Riff Metal 091,Original didactico,metal,3,50,106,4/4,8,Em,EADGBE,distorsion,palm_mute,Riff de palm mute; priorizar precision antes que velocidad.,2,"original,metal,palm_mute,app_ready",6.0(1-1);6.0(2-2);6.0(3-3);6.5(4-4);6.0(5-5);6.0(6-6);6.7(7-7);6.5(8-8),6.0(1-1);6.0(2-2);6.5(3-3);6.0(4-4);6.7(5-5);6.5(6-6);6.0(7-8),,,,,,,,,,,,,,
riff_original_4_4_092,Riff Metal 092,Original didactico,metal,3,53,114,4/4,8,D,EADGBE,distorsion,palm_mute,Riff de palm mute; priorizar precision antes que velocidad.,2,"original,metal,palm_mute,app_ready",4.0(1-1);4.0(3-3);4.2(4-4);4.0(5-5);4.4(7-8),4.0(1-1);4.0(3-3);4.5(4-4);4.4(5-5);4.0(7-8),,,,,,,,,,,,,,
riff_original_4_4_093,Riff Funk 093,Original didactico,funk,3,54,102,4/4,8,Am,EADGBE,funk_clean,muting_funk,Riff sincopado; notas cortas y silencios claros.,2,"original,funk,sincopa,app_ready",5.0(2-2);5.0(4-4);4.0(5-5);5.3(7-7),5.0(2-2);5.3(4-4);5.0(6-6);5.5(8-8),,,,,,,,,,,,,,
riff_original_4_4_094,Riff Funk 094,Original didactico,funk,3,57,107,4/4,8,E,EADGBE,funk_clean,muting_funk,Riff sincopado; notas cortas y silencios claros.,2,"original,funk,sincopa,app_ready",6.0(2-2);6.2(4-4);6.0(6-6);6.4(8-8),6.0(1-1);6.2(3-3);6.4(4-4);6.0(6-6);6.2(8-8),,,,,,,,,,,,,,
riff_original_4_4_095,Riff Reggae 095,Original didactico,reggae,2,58,102,4/4,8,G,EADGBE,reggae_clean,staccato,Contratiempos limpios; tocar corto.,2,"original,reggae,offbeat,app_ready",6.3(2-2);6.5(4-4);6.3(6-6);6.5(8-8),6.3(2-2);6.5(4-4);6.7(6-6);6.5(8-8),,,,,,,,,,,,,,
riff_original_4_4_096,Riff Punk 096,Original didactico,punk,2,65,150,4/4,8,A,EADGBE,distorsion,downpicking,Raices y downpicking; evitar acelerar.,2,"original,punk,downpicking,app_ready",5.0(1-1);5.0(2-2);5.4(3-3);5.5(4-4);5.0(5-5);5.4(6-6);5.5(7-7);5.4(8-8),5.0(1-1);5.0(3-3);5.5(4-4);5.0(5-5);5.9(7-7);5.5(8-8),,,,,,,,,,,,,,
riff_original_4_4_097,Riff Country 097,Original didactico,country,3,54,116,4/4,8,D,EADGBE,clean_edge,hybrid_picking,Frase country sencilla; dejar sonar notas agudas.,2,"original,country,hybrid,app_ready",4.0(1-1);4.2(2-2);3.4(3-3);4.2(5-5);4.0(6-6);3.4(8-8),4.0(1-1);4.4(2-2);3.0(3-3);4.4(5-5);4.2(6-6);3.0(8-8),,,,,,,,,,,,,,
riff_original_4_4_098,Riff Surf 098,Original didactico,surf,3,60,146,4/4,8,Em,EADGBE,surf_reverb,pua_alterna,Frase surf; alternar pua y mantener reverb.,2,"original,surf,melodico,app_ready",6.0(1-1);6.3(2-2);6.5(3-3);6.7(4-4);6.10(5-5);6.7(6-6);6.5(7-7);6.3(8-8),6.0(1-1);6.5(2-2);6.10(3-3);6.12(4-4);6.10(5-5);6.5(6-6);6.3(7-7);6.0(8-8),,,,,,,,,,,,,,
riff_original_4_4_099,Riff Rock 099,Original didactico,rock,2,56,98,4/4,8,Em,EADGBE,crunch,pua_alterna,Riff corto con silencios reales; practicar en loop.,2,"original,rock,app_ready",6.0(1-1);6.5(3-3);6.0(5-5);6.7(6-6);6.0(7-7);6.10(8-8),6.0(1-1);6.0(2-2);6.5(3-3);6.7(4-4);6.0(5-5);6.5(6-6);6.7(7-7);6.5(8-8),,,,,,,,,,,,,,
riff_original_4_4_100,Riff Rock 100,Original didactico,rock,3,58,104,4/4,8,A,EADGBE,crunch,pua_abajo,Riff corto con silencios reales; practicar en loop.,2,"original,rock,app_ready",5.0(1-2);5.5(3-3);5.9(5-5);5.5(7-7);5.0(8-8),5.0(1-1);5.4(3-3);4.0(4-4);5.0(5-5);5.7(6-6);4.0(7-7);5.4(8-8),,,,,,,,,,,,,,
riff_original_4_4_101,Riff Indie Rock 101,Original didactico,indie_rock,1,60,110,4/4,8,G,EADGBE,clean_edge,pua_alterna,Riff corto con silencios reales; practicar en loop.,2,"original,indie_rock,app_ready",6.3(1-1);6.3(2-2);5.2(3-3);6.8(4-4);6.3(5-5);5.2(6-6);6.8(7-7);6.7(8-8),6.3(1-1);6.3(3-3);6.8(4-4);6.3(5-5);6.12(7-7);6.8(8-8),,,,,,,,,,,,,,
riff_original_4_4_102,Riff Pop Rock 102,Original didactico,pop_rock,1,62,116,4/4,8,C,EADGBE,clean_edge,pua_alterna,Riff corto con silencios reales; practicar en loop.,2,"original,pop_rock,app_ready",5.3(1-1);5.7(3-3);5.8(4-4);5.3(5-5);5.10(6-6);5.8(7-7);5.7(8-8),5.3(1-1);5.7(3-3);5.3(5-5);5.8(6-6);5.3(7-7);5.10(8-8),,,,,,,,,,,,,,
riff_original_4_4_103,Riff Blues 103,Original didactico,blues,2,58,120,4/4,8,E,EADGBE,clean_edge,shuffle_pick,Shuffle/blues con huecos reales; no tocar recto.,4,"original,blues,shuffle,app_ready",6.0(1-1);6.0(3-3);6.2(5-5);6.0(7-7),6.0(1-1);6.0(3-3);6.4(5-5);6.2(7-7),5.0(1-1);5.0(3-3);5.3(5-5);5.0(7-7),6.0(1-1);6.0(3-3);6.4(5-5);6.2(7-7),,,,,,,,,,,,
riff_original_4_4_104,Riff Blues 104,Original didactico,blues,2,60,126,4/4,8,A,EADGBE,clean_edge,shuffle_pick,Shuffle/blues con huecos reales; no tocar recto.,4,"original,blues,shuffle,app_ready",5.0(1-1);5.0(3-3);5.2(5-5);5.0(7-7),5.0(1-1);5.0(3-3);5.4(5-5);5.2(7-7),4.0(1-1);4.0(3-3);4.3(5-5);4.0(7-7),5.0(1-1);5.0(3-3);5.2(5-5);5.0(7-7),,,,,,,,,,,,
riff_original_4_4_105,Riff Metal 105,Original didactico,metal,3,56,90,4/4,8,Em,EADGBE,distorsion,palm_mute,Riff de palm mute; priorizar precision antes que velocidad.,1,"original,metal,palm_mute,app_ready",6.0(1-1);6.0(2-2);6.3(3-3);6.0(4-4);6.5(5-5);6.0(6-6);6.7(7-7);6.5(8-8),,,,,,,,,,,,,,,
riff_original_4_4_106,Riff Metal 106,Original didactico,metal,2,59,98,4/4,8,D,EADGBE,distorsion,palm_mute,Riff de palm mute; priorizar precision antes que velocidad.,2,"original,metal,palm_mute,app_ready",4.0(1-1);4.0(2-2);4.0(3-3);4.4(4-4);4.0(5-5);4.0(6-6);4.5(7-7);4.4(8-8),4.0(1-1);4.0(2-2);4.4(3-3);4.0(4-4);4.5(5-5);4.4(6-6);4.0(7-8),,,,,,,,,,,,,,
riff_original_4_4_107,Riff Funk 107,Original didactico,funk,3,60,112,4/4,8,Am,EADGBE,funk_clean,muting_funk,Riff sincopado; notas cortas y silencios claros.,2,"original,funk,sincopa,app_ready",5.0(1-1);5.3(3-3);5.5(4-4);5.0(6-6);5.3(8-8),5.0(2-2);5.0(4-4);4.0(5-5);5.3(7-7),,,,,,,,,,,,,,
riff_original_4_4_108,Riff Funk 108,Original didactico,funk,3,63,117,4/4,8,E,EADGBE,funk_clean,muting_funk,Riff sincopado; notas cortas y silencios claros.,2,"original,funk,sincopa,app_ready",6.0(2-2);6.0(4-4);5.0(5-5);6.2(7-7),6.0(2-2);6.2(4-4);6.0(6-6);6.4(8-8),,,,,,,,,,,,,,
riff_original_4_4_109,Riff Reggae 109,Original didactico,reggae,2,54,97,4/4,8,G,EADGBE,reggae_clean,staccato,Contratiempos limpios; tocar corto.,2,"original,reggae,offbeat,app_ready",6.3(2-2);6.5(4-4);6.3(6-6);6.5(8-8),6.3(2-2);6.5(4-4);6.7(6-6);6.5(8-8),,,,,,,,,,,,,,
riff_original_4_4_110,Riff Punk 110,Original didactico,punk,2,65,174,4/4,8,A,EADGBE,distorsion,downpicking,Raices y downpicking; evitar acelerar.,2,"original,punk,downpicking,app_ready",5.0(1-2);5.5(3-3);5.9(5-5);5.5(7-7);5.0(8-8),5.0(1-1);5.4(3-3);5.5(4-4);5.0(5-5);5.7(6-6);5.5(7-7);5.4(8-8),,,,,,,,,,,,,,
riff_original_4_4_111,Riff Country 111,Original didactico,country,3,54,110,4/4,8,D,EADGBE,clean_edge,hybrid_picking,Frase country sencilla; dejar sonar notas agudas.,2,"original,country,hybrid,app_ready",4.0(1-1);4.2(2-2);3.4(3-3);4.2(5-5);4.0(6-6);3.4(8-8),4.0(1-1);4.4(2-2);3.0(3-3);4.4(5-5);4.2(6-6);3.0(8-8),,,,,,,,,,,,,,
riff_original_4_4_112,Riff Surf 112,Original didactico,surf,3,60,139,4/4,8,Em,EADGBE,surf_reverb,pua_alterna,Frase surf; alternar pua y mantener reverb.,2,"original,surf,melodico,app_ready",6.0(1-1);6.3(2-2);6.5(3-3);6.7(4-4);6.10(5-5);6.7(6-6);6.5(7-7);6.3(8-8),6.0(1-1);6.5(2-2);6.10(3-3);6.12(4-4);6.10(5-5);6.5(6-6);6.3(7-7);6.0(8-8),,,,,,,,,,,,,,
riff_original_4_4_113,Riff Rock 113,Original didactico,rock,2,60,86,4/4,8,Em,EADGBE,crunch,pua_alterna,Riff corto con silencios reales; practicar en loop.,2,"original,rock,app_ready",6.0(1-1);6.0(3-3);5.2(4-4);6.0(5-5);6.12(7-7);5.2(8-8),6.0(1-2);6.7(3-3);6.12(5-5);6.7(7-7);6.0(8-8),,,,,,,,,,,,,,
riff_original_4_4_114,Riff Rock 114,Original didactico,rock,2,62,92,4/4,8,A,EADGBE,crunch,pua_abajo,Riff corto con silencios reales; practicar en loop.,2,"original,rock,app_ready",5.0(1-1);5.4(3-3);5.0(5-5);5.5(6-6);5.0(7-7);5.7(8-8),5.0(1-1);5.0(2-2);5.4(3-3);5.5(4-4);5.0(5-5);5.4(6-6);5.5(7-7);5.4(8-8),,,,,,,,,,,,,,
riff_original_4_4_115,Riff Indie Rock 115,Original didactico,indie_rock,2,52,98,4/4,8,G,EADGBE,clean_edge,pua_alterna,Riff corto con silencios reales; practicar en loop.,2,"original,indie_rock,app_ready",6.3(1-2);6.8(3-3);6.12(5-5);6.8(7-7);6.3(8-8),6.3(1-1);6.7(3-3);5.3(4-4);6.3(5-5);6.10(6-6);5.3(7-7);6.7(8-8),,,,,,,,,,,,,,
riff_original_4_4_116,Riff Pop Rock 116,Original didactico,pop_rock,1,54,104,4/4,8,C,EADGBE,clean_edge,pua_alterna,Riff corto con silencios reales; practicar en loop.,2,"original,pop_rock,app_ready",5.3(1-1);5.3(2-2);5.7(3-3);5.8(4-4);5.3(5-5);5.7(6-6);5.8(7-7);5.7(8-8),5.3(1-1);5.3(3-3);5.8(4-4);5.3(5-5);5.12(7-7);5.8(8-8),,,,,,,,,,,,,,
riff_original_4_4_117,Riff Blues 117,Original didactico,blues,3,56,120,4/4,8,E,EADGBE,clean_edge,shuffle_pick,Shuffle/blues con huecos reales; no tocar recto.,4,"original,blues,shuffle,app_ready",6.0(1-1);6.0(3-3);6.2(5-5);6.0(7-7),6.0(1-1);6.0(3-3);6.4(5-5);6.2(7-7),5.0(1-1);5.0(3-3);5.3(5-5);5.0(7-7),6.0(1-1);6.0(3-3);6.4(5-5);6.2(7-7),,,,,,,,,,,,
riff_original_4_4_118,Riff Blues 118,Original didactico,blues,2,58,126,4/4,8,A,EADGBE,clean_edge,shuffle_pick,Shuffle/blues con huecos reales; no tocar recto.,4,"original,blues,shuffle,app_ready",5.0(1-1);5.0(3-3);5.2(5-5);5.0(7-7),5.0(1-1);5.0(3-3);5.4(5-5);5.2(7-7),4.0(1-1);4.0(3-3);4.3(5-5);4.0(7-7),5.0(1-1);5.0(3-3);5.2(5-5);5.0(7-7),,,,,,,,,,,,
riff_original_4_4_119,Riff Metal 119,Original didactico,metal,3,62,138,4/4,8,Em,EADGBE,distorsion,palm_mute,Riff de palm mute; priorizar precision antes que velocidad.,2,"original,metal,palm_mute,app_ready",6.0(1-1);6.0(3-3);6.3(4-4);6.0(5-5);6.5(7-8),6.0(1-1);6.0(3-3);6.7(4-4);6.5(5-5);6.0(7-8),,,,,,,,,,,,,,
riff_original_4_4_120,Riff Metal 120,Original didactico,metal,3,65,146,4/4,8,D,EADGBE,distorsion,palm_mute,Riff de palm mute; priorizar precision antes que velocidad.,1,"original,metal,palm_mute,app_ready",4.0(1-1);4.0(2-2);4.2(3-3);4.0(4-4);4.4(5-5);4.0(6-6);4.5(7-7);4.4(8-8),,,,,,,,,,,,,,,
riff_original_4_4_121,Riff Funk 121,Original didactico,funk,4,54,92,4/4,8,Am,EADGBE,funk_clean,muting_funk,Riff sincopado; notas cortas y silencios claros.,2,"original,funk,sincopa,app_ready",5.0(2-2);5.3(4-4);5.0(6-6);5.5(8-8),5.0(1-1);5.3(3-3);5.5(4-4);5.0(6-6);5.3(8-8),,,,,,,,,,,,,,
riff_original_4_4_122,Riff Funk 122,Original didactico,funk,3,57,97,4/4,8,E,EADGBE,funk_clean,muting_funk,Riff sincopado; notas cortas y silencios claros.,2,"original,funk,sincopa,app_ready",6.0(1-1);6.2(3-3);6.4(4-4);6.0(6-6);6.2(8-8),6.0(2-2);6.0(4-4);5.0(5-5);6.2(7-7),,,,,,,,,,,,,,
riff_original_4_4_123,Riff Reggae 123,Original didactico,reggae,2,58,92,4/4,8,G,EADGBE,reggae_clean,staccato,Contratiempos limpios; tocar corto.,2,"original,reggae,offbeat,app_ready",6.3(2-2);6.5(4-4);6.3(6-6);6.5(8-8),6.3(2-2);6.5(4-4);6.7(6-6);6.5(8-8),,,,,,,,,,,,,,
riff_original_4_4_124,Riff Punk 124,Original didactico,punk,2,65,168,4/4,8,A,EADGBE,distorsion,downpicking,Raices y downpicking; evitar acelerar.,2,"original,punk,downpicking,app_ready",5.0(1-1);5.4(3-3);5.0(5-5);5.5(6-6);5.0(7-7);5.7(8-8),5.0(1-1);5.0(2-2);4.4(3-3);5.5(4-4);5.0(5-5);4.4(6-6);5.5(7-7);5.4(8-8),,,,,,,,,,,,,,
riff_original_4_4_125,Riff Country 125,Original didactico,country,3,54,134,4/4,8,D,EADGBE,clean_edge,hybrid_picking,Frase country sencilla; dejar sonar notas agudas.,2,"original,country,hybrid,app_ready",4.0(1-1);4.2(2-2);3.4(3-3);4.2(5-5);4.0(6-6);3.4(8-8),4.0(1-1);4.4(2-2);3.0(3-3);4.4(5-5);4.2(6-6);3.0(8-8),,,,,,,,,,,,,,
riff_original_4_4_126,Riff Surf 126,Original didactico,surf,3,60,132,4/4,8,Em,EADGBE,surf_reverb,pua_alterna,Frase surf; alternar pua y mantener reverb.,2,"original,surf,melodico,app_ready",6.0(1-1);6.3(2-2);6.5(3-3);6.7(4-4);6.10(5-5);6.7(6-6);6.5(7-7);6.3(8-8),6.0(1-1);6.5(2-2);6.10(3-3);6.12(4-4);6.10(5-5);6.5(6-6);6.3(7-7);6.0(8-8),,,,,,,,,,,,,,
riff_original_4_4_127,Riff Rock 127,Original didactico,rock,2,52,122,4/4,8,Em,EADGBE,crunch,pua_alterna,Riff corto con silencios reales; practicar en loop.,2,"original,rock,app_ready",6.0(1-1);6.5(3-3);6.7(4-4);6.0(5-5);6.10(6-6);6.7(7-7);6.5(8-8),6.0(1-1);6.5(3-3);5.0(5-5);6.7(6-6);6.0(7-7);5.5(8-8),,,,,,,,,,,,,,
riff_original_4_4_128,Riff Rock 128,Original didactico,rock,2,54,128,4/4,8,A,EADGBE,crunch,pua_abajo,Riff corto con silencios reales; practicar en loop.,2,"original,rock,app_ready",5.0(1-1);5.0(3-3);5.5(4-4);5.0(5-5);5.9(7-7);5.5(8-8),5.0(1-2);5.5(3-3);5.9(5-5);5.5(7-7);5.0(8-8),,,,,,,,,,,,,,
riff_original_4_4_129,Riff Indie Rock 129,Original didactico,indie_rock,2,56,86,4/4,8,G,EADGBE,clean_edge,pua_alterna,Riff corto con silencios reales; practicar en loop.,2,"original,indie_rock,app_ready",6.3(1-1);6.7(3-3);5.3(5-5);6.8(6-6);6.3(7-7);5.5(8-8),6.3(1-1);6.3(2-2);6.7(3-3);6.8(4-4);6.3(5-5);6.7(6-6);6.8(7-7);6.7(8-8),,,,,,,,,,,,,,
riff_original_4_4_130,Riff Pop Rock 130,Original didactico,pop_rock,2,58,92,4/4,8,C,EADGBE,clean_edge,pua_alterna,Riff corto con silencios reales; practicar en loop.,2,"original,pop_rock,app_ready",5.3(1-2);5.8(3-3);5.12(5-5);5.8(7-7);5.3(8-8),5.3(1-1);5.7(3-3);4.3(4-4);5.3(5-5);5.10(6-6);4.3(7-7);5.7(8-8),,,,,,,,,,,,,,
riff_original_4_4_131,Riff Blues 131,Original didactico,blues,2,54,120,4/4,8,E,EADGBE,clean_edge,shuffle_pick,Shuffle/blues con huecos reales; no tocar recto.,4,"original,blues,shuffle,app_ready",6.0(1-1);6.0(3-3);6.2(5-5);6.0(7-7),6.0(1-1);6.0(3-3);6.4(5-5);6.2(7-7),5.0(1-1);5.0(3-3);5.3(5-5);5.0(7-7),6.0(1-1);6.0(3-3);6.4(5-5);6.2(7-7),,,,,,,,,,,,
riff_original_4_4_132,Riff Blues 132,Original didactico,blues,3,56,126,4/4,8,A,EADGBE,clean_edge,shuffle_pick,Shuffle/blues con huecos reales; no tocar recto.,4,"original,blues,shuffle,app_ready",5.0(1-1);5.0(3-3);5.2(5-5);5.0(7-7),5.0(1-1);5.0(3-3);5.4(5-5);5.2(7-7),4.0(1-1);4.0(3-3);4.3(5-5);4.0(7-7),5.0(1-1);5.0(3-3);5.2(5-5);5.0(7-7),,,,,,,,,,,,
riff_original_4_4_133,Riff Metal 133,Original didactico,metal,2,50,122,4/4,8,Em,EADGBE,distorsion,palm_mute,Riff de palm mute; priorizar precision antes que velocidad.,2,"original,metal,palm_mute,app_ready",6.0(1-1);6.0(2-2);6.0(3-3);6.5(4-4);6.0(5-5);6.0(6-6);6.7(7-7);6.5(8-8),6.0(1-1);6.0(2-2);6.5(3-3);6.0(4-4);6.7(5-5);6.5(6-6);6.0(7-8),,,,,,,,,,,,,,
riff_original_4_4_134,Riff Metal 134,Original didactico,metal,2,53,130,4/4,8,D,EADGBE,distorsion,palm_mute,Riff de palm mute; priorizar precision antes que velocidad.,2,"original,metal,palm_mute,app_ready",4.0(1-1);4.0(3-3);4.2(4-4);4.0(5-5);4.4(7-8),4.0(1-1);4.0(3-3);4.5(4-4);4.4(5-5);4.0(7-8),,,,,,,,,,,,,,
riff_original_4_4_135,Riff Funk 135,Original didactico,funk,3,60,102,4/4,8,Am,EADGBE,funk_clean,muting_funk,Riff sincopado; notas cortas y silencios claros.,2,"original,funk,sincopa,app_ready",5.0(2-2);5.0(4-4);4.0(5-5);5.3(7-7),5.0(2-2);5.3(4-4);5.0(6-6);5.5(8-8),,,,,,,,,,,,,,
riff_original_4_4_136,Riff Funk 136,Original didactico,funk,4,63,107,4/4,8,E,EADGBE,funk_clean,muting_funk,Riff sincopado; notas cortas y silencios claros.,2,"original,funk,sincopa,app_ready",6.0(2-2);6.2(4-4);6.0(6-6);6.4(8-8),6.0(1-1);6.2(3-3);6.4(4-4);6.0(6-6);6.2(8-8),,,,,,,,,,,,,,
riff_original_4_4_137,Riff Reggae 137,Original didactico,reggae,2,54,87,4/4,8,G,EADGBE,reggae_clean,staccato,Contratiempos limpios; tocar corto.,2,"original,reggae,offbeat,app_ready",6.3(2-2);6.5(4-4);6.3(6-6);6.5(8-8),6.3(2-2);6.5(4-4);6.7(6-6);6.5(8-8),,,,,,,,,,,,,,
riff_original_4_4_138,Riff Punk 138,Original didactico,punk,2,65,162,4/4,8,A,EADGBE,distorsion,downpicking,Raices y downpicking; evitar acelerar.,2,"original,punk,downpicking,app_ready",5.0(1-1);5.0(3-3);5.5(4-4);5.0(5-5);5.9(7-7);5.5(8-8),5.0(1-2);5.5(3-3);5.9(5-5);5.5(7-7);5.0(8-8),,,,,,,,,,,,,,
riff_original_4_4_139,Riff Country 139,Original didactico,country,3,54,128,4/4,8,D,EADGBE,clean_edge,hybrid_picking,Frase country sencilla; dejar sonar notas agudas.,2,"original,country,hybrid,app_ready",4.0(1-1);4.2(2-2);3.4(3-3);4.2(5-5);4.0(6-6);3.4(8-8),4.0(1-1);4.4(2-2);3.0(3-3);4.4(5-5);4.2(6-6);3.0(8-8),,,,,,,,,,,,,,
riff_original_4_4_140,Riff Surf 140,Original didactico,surf,3,60,160,4/4,8,Em,EADGBE,surf_reverb,pua_alterna,Frase surf; alternar pua y mantener reverb.,2,"original,surf,melodico,app_ready",6.0(1-1);6.3(2-2);6.5(3-3);6.7(4-4);6.10(5-5);6.7(6-6);6.5(7-7);6.3(8-8),6.0(1-1);6.5(2-2);6.10(3-3);6.12(4-4);6.10(5-5);6.5(6-6);6.3(7-7);6.0(8-8),,,,,,,,,,,,,,
riff_original_4_4_141,Riff Rock 141,Original didactico,rock,1,56,110,4/4,8,Em,EADGBE,crunch,pua_alterna,Riff corto con silencios reales; practicar en loop.,2,"original,rock,app_ready",6.0(1-1);6.0(2-2);5.0(3-3);6.7(4-4);6.0(5-5);5.0(6-6);6.7(7-7);6.5(8-8),6.0(1-1);6.0(3-3);6.7(4-4);6.0(5-5);6.12(7-7);6.7(8-8),,,,,,,,,,,,,,
riff_original_4_4_142,Riff Rock 142,Original didactico,rock,1,58,116,4/4,8,A,EADGBE,crunch,pua_abajo,Riff corto con silencios reales; practicar en loop.,2,"original,rock,app_ready",5.0(1-1);5.4(3-3);5.5(4-4);5.0(5-5);5.7(6-6);5.5(7-7);5.4(8-8),5.0(1-1);5.4(3-3);4.0(5-5);5.5(6-6);5.0(7-7);4.2(8-8),,,,,,,,,,,,,,
riff_original_4_4_143,Riff Indie Rock 143,Original didactico,indie_rock,2,60,122,4/4,8,G,EADGBE,clean_edge,pua_alterna,Riff corto con silencios reales; practicar en loop.,2,"original,indie_rock,app_ready",6.3(1-1);6.3(3-3);6.8(4-4);6.3(5-5);6.12(7-7);6.8(8-8),6.3(1-2);6.8(3-3);6.12(5-5);6.8(7-7);6.3(8-8),,,,,,,,,,,,,,
riff_original_4_4_144,Riff Pop Rock 144,Original didactico,pop_rock,2,62,128,4/4,8,C,EADGBE,clean_edge,pua_alterna,Riff corto con silencios reales; practicar en loop.,2,"original,pop_rock,app_ready",5.3(1-1);5.7(3-3);5.3(5-5);5.8(6-6);5.3(7-7);5.10(8-8),5.3(1-1);5.3(2-2);5.7(3-3);5.8(4-4);5.3(5-5);5.7(6-6);5.8(7-7);5.7(8-8),,,,,,,,,,,,,,
riff_original_4_4_145,Riff Blues 145,Original didactico,blues,2,62,120,4/4,8,E,EADGBE,clean_edge,shuffle_pick,Shuffle/blues con huecos reales; no tocar recto.,4,"original,blues,shuffle,app_ready",6.0(1-1);6.0(3-3);6.2(5-5);6.0(7-7),6.0(1-1);6.0(3-3);6.4(5-5);6.2(7-7),5.0(1-1);5.0(3-3);5.3(5-5);5.0(7-7),6.0(1-1);6.0(3-3);6.4(5-5);6.2(7-7),,,,,,,,,,,,
riff_original_4_4_146,Riff Blues 146,Original didactico,blues,2,54,126,4/4,8,A,EADGBE,clean_edge,shuffle_pick,Shuffle/blues con huecos reales; no tocar recto.,4,"original,blues,shuffle,app_ready",5.0(1-1);5.0(3-3);5.2(5-5);5.0(7-7),5.0(1-1);5.0(3-3);5.4(5-5);5.2(7-7),4.0(1-1);4.0(3-3);4.3(5-5);4.0(7-7),5.0(1-1);5.0(3-3);5.2(5-5);5.0(7-7),,,,,,,,,,,,
riff_original_4_4_147,Riff Metal 147,Original didactico,metal,3,56,106,4/4,8,Em,EADGBE,distorsion,palm_mute,Riff de palm mute; priorizar precision antes que velocidad.,1,"original,metal,palm_mute,app_ready",6.0(1-1);6.0(2-2);6.3(3-3);6.0(4-4);6.5(5-5);6.0(6-6);6.7(7-7);6.5(8-8),,,,,,,,,,,,,,,
riff_original_4_4_148,Riff Metal 148,Original didactico,metal,3,59,114,4/4,8,D,EADGBE,distorsion,palm_mute,Riff de palm mute; priorizar precision antes que velocidad.,2,"original,metal,palm_mute,app_ready",4.0(1-1);4.0(2-2);4.0(3-3);4.4(4-4);4.0(5-5);4.0(6-6);4.5(7-7);4.4(8-8),4.0(1-1);4.0(2-2);4.4(3-3);4.0(4-4);4.5(5-5);4.4(6-6);4.0(7-8),,,,,,,,,,,,,,
riff_original_4_4_149,Riff Funk 149,Original didactico,funk,3,54,112,4/4,8,Am,EADGBE,funk_clean,muting_funk,Riff sincopado; notas cortas y silencios claros.,2,"original,funk,sincopa,app_ready",5.0(1-1);5.3(3-3);5.5(4-4);5.0(6-6);5.3(8-8),5.0(2-2);5.0(4-4);4.0(5-5);5.3(7-7),,,,,,,,,,,,,,
riff_original_4_4_150,Riff Funk 150,Original didactico,funk,3,57,117,4/4,8,E,EADGBE,funk_clean,muting_funk,Riff sincopado; notas cortas y silencios claros.,2,"original,funk,sincopa,app_ready",6.0(2-2);6.0(4-4);5.0(5-5);6.2(7-7),6.0(2-2);6.2(4-4);6.0(6-6);6.4(8-8),,,,,,,,,,,,,,
riff_original_3_4_001,Riff 3/4 Vals/Folk 001,Original didactico,folk_waltz,1,42,70,3/4,6,G,EADGBE,acoustic,pua_suave,Riff en 3/4; contar 1 & 2 & 3 & sin rellenar huecos.,2,"original,3/4,folk,app_ready",6.3(1-1);4.0(2-2);3.0(3-3);2.0(4-4);3.0(5-5);4.0(6-6),4.0(1-1);3.2(2-2);2.3(3-3);1.2(4-4);2.3(5-5);3.2(6-6),,,,,,,,,,,,,,
riff_original_3_4_002,Riff 3/4 Vals/Folk 002,Original didactico,folk_waltz,1,44,75,3/4,6,C,EADGBE,acoustic,pua_suave,Riff en 3/4; contar 1 & 2 & 3 & sin rellenar huecos.,2,"original,3/4,folk,app_ready",5.3(1-2);3.0(3-4);2.1(5-6),5.0(1-2);3.2(3-4);2.1(5-6),,,,,,,,,,,,,,
riff_original_3_4_003,Riff 3/4 Vals/Folk 003,Original didactico,folk_waltz,2,46,80,3/4,6,D,EADGBE,acoustic,pua_suave,Riff en 3/4; contar 1 & 2 & 3 & sin rellenar huecos.,3,"original,3/4,folk,app_ready",4.0(1-1);3.2(2-2);2.3(3-3);1.2(4-4);2.3(5-5);3.2(6-6),6.0(1-1);4.2(2-2);3.0(3-3);2.0(4-4);3.0(5-5);4.2(6-6),4.0(1-1);3.2(2-2);2.3(3-3);1.2(4-4);2.3(5-5);3.2(6-6),,,,,,,,,,,,,
riff_original_3_4_004,Riff 3/4 Vals/Folk 004,Original didactico,folk_waltz,2,48,85,3/4,6,Am,EADGBE,acoustic,pua_suave,Riff en 3/4; contar 1 & 2 & 3 & sin rellenar huecos.,2,"original,3/4,folk,app_ready",5.0(1-1);4.2(2-2);3.2(3-3);2.1(4-4);3.2(5-5);4.2(6-6),6.3(1-1);4.0(2-2);3.0(3-3);2.0(4-4);3.0(5-5);4.0(6-6),,,,,,,,,,,,,,
riff_original_3_4_005,Riff 3/4 Vals/Folk 005,Original didactico,folk_waltz,1,50,90,3/4,6,Em,EADGBE,acoustic,pua_suave,Riff en 3/4; contar 1 & 2 & 3 & sin rellenar huecos.,2,"original,3/4,folk,app_ready",6.0(1-2);3.0(3-4);2.0(5-6),5.3(1-2);3.0(3-4);2.1(5-6),,,,,,,,,,,,,,
riff_original_3_4_006,Riff 3/4 Vals/Folk 006,Original didactico,folk_waltz,1,42,95,3/4,6,G,EADGBE,acoustic,pua_suave,Riff en 3/4; contar 1 & 2 & 3 & sin rellenar huecos.,3,"original,3/4,folk,app_ready",6.3(1-1);4.0(2-2);3.0(3-3);2.0(4-4);3.0(5-5);4.0(6-6),4.0(1-1);3.2(2-2);2.3(3-3);1.2(4-4);2.3(5-5);3.2(6-6),6.3(1-1);4.0(2-2);3.0(3-3);2.0(4-4);3.0(5-5);4.0(6-6),,,,,,,,,,,,,
riff_original_3_4_007,Riff 3/4 Vals/Folk 007,Original didactico,folk_waltz,2,44,100,3/4,6,C,EADGBE,acoustic,pua_suave,Riff en 3/4; contar 1 & 2 & 3 & sin rellenar huecos.,2,"original,3/4,folk,app_ready",5.3(1-1);4.2(2-2);3.0(3-3);2.1(4-4);3.0(5-5);4.2(6-6),5.0(1-1);4.2(2-2);3.2(3-3);2.1(4-4);3.2(5-5);4.2(6-6),,,,,,,,,,,,,,
riff_original_3_4_008,Riff 3/4 Vals/Folk 008,Original didactico,folk_waltz,2,46,70,3/4,6,D,EADGBE,acoustic,pua_suave,Riff en 3/4; contar 1 & 2 & 3 & sin rellenar huecos.,2,"original,3/4,folk,app_ready",4.0(1-2);2.3(3-4);1.2(5-6),6.0(1-2);3.0(3-4);2.0(5-6),,,,,,,,,,,,,,
riff_original_3_4_009,Riff 3/4 Vals/Folk 009,Original didactico,folk_waltz,1,48,75,3/4,6,Am,EADGBE,acoustic,pua_suave,Riff en 3/4; contar 1 & 2 & 3 & sin rellenar huecos.,3,"original,3/4,folk,app_ready",5.0(1-1);4.2(2-2);3.2(3-3);2.1(4-4);3.2(5-5);4.2(6-6),6.3(1-1);4.0(2-2);3.0(3-3);2.0(4-4);3.0(5-5);4.0(6-6),5.0(1-1);4.2(2-2);3.2(3-3);2.1(4-4);3.2(5-5);4.2(6-6),,,,,,,,,,,,,
riff_original_3_4_010,Riff 3/4 Vals/Folk 010,Original didactico,folk_waltz,1,50,80,3/4,6,Em,EADGBE,acoustic,pua_suave,Riff en 3/4; contar 1 & 2 & 3 & sin rellenar huecos.,2,"original,3/4,folk,app_ready",6.0(1-1);4.2(2-2);3.0(3-3);2.0(4-4);3.0(5-5);4.2(6-6),5.3(1-1);4.2(2-2);3.0(3-3);2.1(4-4);3.0(5-5);4.2(6-6),,,,,,,,,,,,,,
riff_original_3_4_011,Riff 3/4 Vals/Folk 011,Original didactico,folk_waltz,2,42,85,3/4,6,G,EADGBE,acoustic,pua_suave,Riff en 3/4; contar 1 & 2 & 3 & sin rellenar huecos.,2,"original,3/4,folk,app_ready",6.3(1-2);3.0(3-4);2.0(5-6),4.0(1-2);2.3(3-4);1.2(5-6),,,,,,,,,,,,,,
riff_original_3_4_012,Riff 3/4 Vals/Folk 012,Original didactico,folk_waltz,2,44,90,3/4,6,C,EADGBE,acoustic,pua_suave,Riff en 3/4; contar 1 & 2 & 3 & sin rellenar huecos.,3,"original,3/4,folk,app_ready",5.3(1-1);4.2(2-2);3.0(3-3);2.1(4-4);3.0(5-5);4.2(6-6),5.0(1-1);4.2(2-2);3.2(3-3);2.1(4-4);3.2(5-5);4.2(6-6),5.3(1-1);4.2(2-2);3.0(3-3);2.1(4-4);3.0(5-5);4.2(6-6),,,,,,,,,,,,,
riff_original_3_4_013,Riff 3/4 Vals/Folk 013,Original didactico,folk_waltz,1,46,95,3/4,6,D,EADGBE,acoustic,pua_suave,Riff en 3/4; contar 1 & 2 & 3 & sin rellenar huecos.,2,"original,3/4,folk,app_ready",4.0(1-1);3.2(2-2);2.3(3-3);1.2(4-4);2.3(5-5);3.2(6-6),6.0(1-1);4.2(2-2);3.0(3-3);2.0(4-4);3.0(5-5);4.2(6-6),,,,,,,,,,,,,,
riff_original_3_4_014,Riff 3/4 Vals/Folk 014,Original didactico,folk_waltz,1,48,100,3/4,6,Am,EADGBE,acoustic,pua_suave,Riff en 3/4; contar 1 & 2 & 3 & sin rellenar huecos.,2,"original,3/4,folk,app_ready",5.0(1-2);3.2(3-4);2.1(5-6),6.3(1-2);3.0(3-4);2.0(5-6),,,,,,,,,,,,,,
riff_original_3_4_015,Riff 3/4 Vals/Folk 015,Original didactico,folk_waltz,2,50,70,3/4,6,Em,EADGBE,acoustic,pua_suave,Riff en 3/4; contar 1 & 2 & 3 & sin rellenar huecos.,3,"original,3/4,folk,app_ready",6.0(1-1);4.2(2-2);3.0(3-3);2.0(4-4);3.0(5-5);4.2(6-6),5.3(1-1);4.2(2-2);3.0(3-3);2.1(4-4);3.0(5-5);4.2(6-6),6.0(1-1);4.2(2-2);3.0(3-3);2.0(4-4);3.0(5-5);4.2(6-6),,,,,,,,,,,,,
riff_original_3_4_016,Riff 3/4 Vals/Folk 016,Original didactico,folk_waltz,2,42,75,3/4,6,G,EADGBE,acoustic,pua_suave,Riff en 3/4; contar 1 & 2 & 3 & sin rellenar huecos.,2,"original,3/4,folk,app_ready",6.3(1-1);4.0(2-2);3.0(3-3);2.0(4-4);3.0(5-5);4.0(6-6),4.0(1-1);3.2(2-2);2.3(3-3);1.2(4-4);2.3(5-5);3.2(6-6),,,,,,,,,,,,,,
riff_original_3_4_017,Riff 3/4 Vals/Folk 017,Original didactico,folk_waltz,1,44,80,3/4,6,C,EADGBE,acoustic,pua_suave,Riff en 3/4; contar 1 & 2 & 3 & sin rellenar huecos.,2,"original,3/4,folk,app_ready",5.3(1-2);3.0(3-4);2.1(5-6),5.0(1-2);3.2(3-4);2.1(5-6),,,,,,,,,,,,,,
riff_original_3_4_018,Riff 3/4 Vals/Folk 018,Original didactico,folk_waltz,1,46,85,3/4,6,D,EADGBE,acoustic,pua_suave,Riff en 3/4; contar 1 & 2 & 3 & sin rellenar huecos.,3,"original,3/4,folk,app_ready",4.0(1-1);3.2(2-2);2.3(3-3);1.2(4-4);2.3(5-5);3.2(6-6),6.0(1-1);4.2(2-2);3.0(3-3);2.0(4-4);3.0(5-5);4.2(6-6),4.0(1-1);3.2(2-2);2.3(3-3);1.2(4-4);2.3(5-5);3.2(6-6),,,,,,,,,,,,,
riff_original_3_4_019,Riff 3/4 Vals/Folk 019,Original didactico,folk_waltz,2,48,90,3/4,6,Am,EADGBE,acoustic,pua_suave,Riff en 3/4; contar 1 & 2 & 3 & sin rellenar huecos.,2,"original,3/4,folk,app_ready",5.0(1-1);4.2(2-2);3.2(3-3);2.1(4-4);3.2(5-5);4.2(6-6),6.3(1-1);4.0(2-2);3.0(3-3);2.0(4-4);3.0(5-5);4.0(6-6),,,,,,,,,,,,,,
riff_original_3_4_020,Riff 3/4 Vals/Folk 020,Original didactico,folk_waltz,2,50,95,3/4,6,Em,EADGBE,acoustic,pua_suave,Riff en 3/4; contar 1 & 2 & 3 & sin rellenar huecos.,2,"original,3/4,folk,app_ready",6.0(1-2);3.0(3-4);2.0(5-6),5.3(1-2);3.0(3-4);2.1(5-6),,,,,,,,,,,,,,
riff_original_3_4_021,Riff 3/4 Vals/Folk 021,Original didactico,folk_waltz,1,42,100,3/4,6,G,EADGBE,acoustic,pua_suave,Riff en 3/4; contar 1 & 2 & 3 & sin rellenar huecos.,3,"original,3/4,folk,app_ready",6.3(1-1);4.0(2-2);3.0(3-3);2.0(4-4);3.0(5-5);4.0(6-6),4.0(1-1);3.2(2-2);2.3(3-3);1.2(4-4);2.3(5-5);3.2(6-6),6.3(1-1);4.0(2-2);3.0(3-3);2.0(4-4);3.0(5-5);4.0(6-6),,,,,,,,,,,,,
riff_original_3_4_022,Riff 3/4 Vals/Folk 022,Original didactico,folk_waltz,1,44,70,3/4,6,C,EADGBE,acoustic,pua_suave,Riff en 3/4; contar 1 & 2 & 3 & sin rellenar huecos.,2,"original,3/4,folk,app_ready",5.3(1-1);4.2(2-2);3.0(3-3);2.1(4-4);3.0(5-5);4.2(6-6),5.0(1-1);4.2(2-2);3.2(3-3);2.1(4-4);3.2(5-5);4.2(6-6),,,,,,,,,,,,,,
riff_original_3_4_023,Riff 3/4 Vals/Folk 023,Original didactico,folk_waltz,2,46,75,3/4,6,D,EADGBE,acoustic,pua_suave,Riff en 3/4; contar 1 & 2 & 3 & sin rellenar huecos.,2,"original,3/4,folk,app_ready",4.0(1-2);2.3(3-4);1.2(5-6),6.0(1-2);3.0(3-4);2.0(5-6),,,,,,,,,,,,,,
riff_original_3_4_024,Riff 3/4 Vals/Folk 024,Original didactico,folk_waltz,2,48,80,3/4,6,Am,EADGBE,acoustic,pua_suave,Riff en 3/4; contar 1 & 2 & 3 & sin rellenar huecos.,3,"original,3/4,folk,app_ready",5.0(1-1);4.2(2-2);3.2(3-3);2.1(4-4);3.2(5-5);4.2(6-6),6.3(1-1);4.0(2-2);3.0(3-3);2.0(4-4);3.0(5-5);4.0(6-6),5.0(1-1);4.2(2-2);3.2(3-3);2.1(4-4);3.2(5-5);4.2(6-6),,,,,,,,,,,,,
riff_original_3_4_025,Riff 3/4 Vals/Folk 025,Original didactico,folk_waltz,1,50,85,3/4,6,Em,EADGBE,acoustic,pua_suave,Riff en 3/4; contar 1 & 2 & 3 & sin rellenar huecos.,2,"original,3/4,folk,app_ready",6.0(1-1);4.2(2-2);3.0(3-3);2.0(4-4);3.0(5-5);4.2(6-6),5.3(1-1);4.2(2-2);3.0(3-3);2.1(4-4);3.0(5-5);4.2(6-6),,,,,,,,,,,,,,
riff_original_3_4_026,Riff 3/4 Vals/Folk 026,Original didactico,folk_waltz,1,42,90,3/4,6,G,EADGBE,acoustic,pua_suave,Riff en 3/4; contar 1 & 2 & 3 & sin rellenar huecos.,2,"original,3/4,folk,app_ready",6.3(1-2);3.0(3-4);2.0(5-6),4.0(1-2);2.3(3-4);1.2(5-6),,,,,,,,,,,,,,
riff_original_3_4_027,Riff 3/4 Vals/Folk 027,Original didactico,folk_waltz,2,44,95,3/4,6,C,EADGBE,acoustic,pua_suave,Riff en 3/4; contar 1 & 2 & 3 & sin rellenar huecos.,3,"original,3/4,folk,app_ready",5.3(1-1);4.2(2-2);3.0(3-3);2.1(4-4);3.0(5-5);4.2(6-6),5.0(1-1);4.2(2-2);3.2(3-3);2.1(4-4);3.2(5-5);4.2(6-6),5.3(1-1);4.2(2-2);3.0(3-3);2.1(4-4);3.0(5-5);4.2(6-6),,,,,,,,,,,,,
riff_original_3_4_028,Riff 3/4 Vals/Folk 028,Original didactico,folk_waltz,2,46,100,3/4,6,D,EADGBE,acoustic,pua_suave,Riff en 3/4; contar 1 & 2 & 3 & sin rellenar huecos.,2,"original,3/4,folk,app_ready",4.0(1-1);3.2(2-2);2.3(3-3);1.2(4-4);2.3(5-5);3.2(6-6),6.0(1-1);4.2(2-2);3.0(3-3);2.0(4-4);3.0(5-5);4.2(6-6),,,,,,,,,,,,,,
riff_original_3_4_029,Riff 3/4 Vals/Folk 029,Original didactico,folk_waltz,1,48,70,3/4,6,Am,EADGBE,acoustic,pua_suave,Riff en 3/4; contar 1 & 2 & 3 & sin rellenar huecos.,2,"original,3/4,folk,app_ready",5.0(1-2);3.2(3-4);2.1(5-6),6.3(1-2);3.0(3-4);2.0(5-6),,,,,,,,,,,,,,
riff_original_3_4_030,Riff 3/4 Vals/Folk 030,Original didactico,folk_waltz,1,50,75,3/4,6,Em,EADGBE,acoustic,pua_suave,Riff en 3/4; contar 1 & 2 & 3 & sin rellenar huecos.,3,"original,3/4,folk,app_ready",6.0(1-1);4.2(2-2);3.0(3-3);2.0(4-4);3.0(5-5);4.2(6-6),5.3(1-1);4.2(2-2);3.0(3-3);2.1(4-4);3.0(5-5);4.2(6-6),6.0(1-1);4.2(2-2);3.0(3-3);2.0(4-4);3.0(5-5);4.2(6-6),,,,,,,,,,,,,
riff_original_6_8_001,Riff 6/8 Balada/Arpegio 001,Original didactico,balada_arpegio,2,42,76,6/8,6,Em,EADGBE,clean,arpegio_pua,6/8 real; dejar que el arpegio respire.,4,"original,6/8,arpegio,app_ready",6.0(1-1);3.0(2-2);2.0(3-3);1.0(4-4);2.0(5-5);3.0(6-6),5.0(1-1);4.2(2-2);3.2(3-3);2.1(4-4);3.2(5-5);4.2(6-6),5.3(1-1);4.2(2-2);3.0(3-3);2.1(4-4);3.0(5-5);4.2(6-6),5.0(1-1);4.2(2-2);3.2(3-3);2.1(4-4);3.2(5-5);4.2(6-6),,,,,,,,,,,,
riff_original_6_8_002,Riff 6/8 Balada/Arpegio 002,Original didactico,balada_arpegio,1,44,81,6/8,6,Am,EADGBE,clean,arpegio_pua,6/8 real; dejar que el arpegio respire.,2,"original,6/8,arpegio,app_ready",5.0(1-1);4.2(2-2);3.2(3-3);5.0(4-4);3.2(5-5);4.2(6-6),5.3(1-1);4.2(2-2);3.0(3-3);5.3(4-4);3.0(5-5);4.2(6-6),,,,,,,,,,,,,,
riff_original_6_8_003,Riff 6/8 Balada/Arpegio 003,Original didactico,balada_arpegio,2,46,86,6/8,6,C,EADGBE,clean,arpegio_pua,6/8 real; dejar que el arpegio respire.,2,"original,6/8,arpegio,app_ready",5.3(1-1);4.2(2-2);3.0(3-3);2.1(4-4);3.0(5-5);4.2(6-6),6.3(1-1);4.0(2-2);3.0(3-3);2.0(4-4);3.0(5-5);4.0(6-6),,,,,,,,,,,,,,
riff_original_6_8_004,Riff 6/8 Balada/Arpegio 004,Original didactico,balada_arpegio,2,48,91,6/8,6,G,EADGBE,clean,arpegio_pua,6/8 real; dejar que el arpegio respire.,2,"original,6/8,arpegio,app_ready",6.3(1-1);4.0(2-2);3.0(3-3);2.0(4-4);3.0(5-5);4.0(6-6),4.0(1-1);3.2(2-2);2.3(3-3);1.2(4-4);2.3(5-5);3.2(6-6),,,,,,,,,,,,,,
riff_original_6_8_005,Riff 6/8 Balada/Arpegio 005,Original didactico,balada_arpegio,1,50,96,6/8,6,D,EADGBE,clean,arpegio_pua,6/8 real; dejar que el arpegio respire.,4,"original,6/8,arpegio,app_ready",4.0(1-1);3.2(2-2);2.3(3-3);1.2(4-4);2.3(5-5);3.2(6-6),6.0(1-1);3.0(2-2);2.0(3-3);1.0(4-4);2.0(5-5);3.0(6-6),5.0(1-1);4.2(2-2);3.2(3-3);2.1(4-4);3.2(5-5);4.2(6-6),6.0(1-1);3.0(2-2);2.0(3-3);1.0(4-4);2.0(5-5);3.0(6-6),,,,,,,,,,,,
riff_original_6_8_006,Riff 6/8 Balada/Arpegio 006,Original didactico,balada_arpegio,1,52,101,6/8,6,Em,EADGBE,clean,arpegio_pua,6/8 real; dejar que el arpegio respire.,2,"original,6/8,arpegio,app_ready",6.0(1-1);3.0(2-2);2.0(3-3);6.0(4-4);2.0(5-5);3.0(6-6),5.0(1-1);4.2(2-2);3.2(3-3);5.0(4-4);3.2(5-5);4.2(6-6),,,,,,,,,,,,,,
riff_original_6_8_007,Riff 6/8 Balada/Arpegio 007,Original didactico,balada_arpegio,2,42,76,6/8,6,Am,EADGBE,clean,arpegio_pua,6/8 real; dejar que el arpegio respire.,2,"original,6/8,arpegio,app_ready",5.0(1-1);4.2(2-2);3.2(3-3);2.1(4-4);3.2(5-5);4.2(6-6),5.3(1-1);4.2(2-2);3.0(3-3);2.1(4-4);3.0(5-5);4.2(6-6),,,,,,,,,,,,,,
riff_original_6_8_008,Riff 6/8 Balada/Arpegio 008,Original didactico,balada_arpegio,2,44,81,6/8,6,C,EADGBE,clean,arpegio_pua,6/8 real; dejar que el arpegio respire.,2,"original,6/8,arpegio,app_ready",5.3(1-1);4.2(2-2);3.0(3-3);2.1(4-4);3.0(5-5);4.2(6-6),6.3(1-1);4.0(2-2);3.0(3-3);2.0(4-4);3.0(5-5);4.0(6-6),,,,,,,,,,,,,,
riff_original_6_8_009,Riff 6/8 Balada/Arpegio 009,Original didactico,balada_arpegio,1,46,86,6/8,6,G,EADGBE,clean,arpegio_pua,6/8 real; dejar que el arpegio respire.,4,"original,6/8,arpegio,app_ready",6.3(1-1);4.0(2-2);3.0(3-3);2.0(4-4);3.0(5-5);4.0(6-6),4.0(1-1);3.2(2-2);2.3(3-3);1.2(4-4);2.3(5-5);3.2(6-6),6.0(1-1);3.0(2-2);2.0(3-3);1.0(4-4);2.0(5-5);3.0(6-6),4.0(1-1);3.2(2-2);2.3(3-3);1.2(4-4);2.3(5-5);3.2(6-6),,,,,,,,,,,,
riff_original_6_8_010,Riff 6/8 Balada/Arpegio 010,Original didactico,balada_arpegio,1,48,91,6/8,6,D,EADGBE,clean,arpegio_pua,6/8 real; dejar que el arpegio respire.,2,"original,6/8,arpegio,app_ready",4.0(1-1);3.2(2-2);2.3(3-3);4.0(4-4);2.3(5-5);3.2(6-6),6.0(1-1);3.0(2-2);2.0(3-3);6.0(4-4);2.0(5-5);3.0(6-6),,,,,,,,,,,,,,
riff_original_6_8_011,Riff 6/8 Balada/Arpegio 011,Original didactico,balada_arpegio,3,50,96,6/8,6,Em,EADGBE,clean,arpegio_pua,6/8 real; dejar que el arpegio respire.,2,"original,6/8,arpegio,app_ready",6.0(1-1);3.0(2-2);2.0(3-3);1.0(4-4);2.0(5-5);3.0(6-6),5.0(1-1);4.2(2-2);3.2(3-3);2.1(4-4);3.2(5-5);4.2(6-6),,,,,,,,,,,,,,
riff_original_6_8_012,Riff 6/8 Balada/Arpegio 012,Original didactico,balada_arpegio,2,52,101,6/8,6,Am,EADGBE,clean,arpegio_pua,6/8 real; dejar que el arpegio respire.,2,"original,6/8,arpegio,app_ready",5.0(1-1);4.2(2-2);3.2(3-3);2.1(4-4);3.2(5-5);4.2(6-6),5.3(1-1);4.2(2-2);3.0(3-3);2.1(4-4);3.0(5-5);4.2(6-6),,,,,,,,,,,,,,
riff_original_6_8_013,Riff 6/8 Balada/Arpegio 013,Original didactico,balada_arpegio,1,42,76,6/8,6,C,EADGBE,clean,arpegio_pua,6/8 real; dejar que el arpegio respire.,4,"original,6/8,arpegio,app_ready",5.3(1-1);4.2(2-2);3.0(3-3);2.1(4-4);3.0(5-5);4.2(6-6),6.3(1-1);4.0(2-2);3.0(3-3);2.0(4-4);3.0(5-5);4.0(6-6),4.0(1-1);3.2(2-2);2.3(3-3);1.2(4-4);2.3(5-5);3.2(6-6),6.3(1-1);4.0(2-2);3.0(3-3);2.0(4-4);3.0(5-5);4.0(6-6),,,,,,,,,,,,
riff_original_6_8_014,Riff 6/8 Balada/Arpegio 014,Original didactico,balada_arpegio,1,44,81,6/8,6,G,EADGBE,clean,arpegio_pua,6/8 real; dejar que el arpegio respire.,2,"original,6/8,arpegio,app_ready",6.3(1-1);4.0(2-2);3.0(3-3);6.3(4-4);3.0(5-5);4.0(6-6),4.0(1-1);3.2(2-2);2.3(3-3);4.0(4-4);2.3(5-5);3.2(6-6),,,,,,,,,,,,,,
riff_original_6_8_015,Riff 6/8 Balada/Arpegio 015,Original didactico,balada_arpegio,2,46,86,6/8,6,D,EADGBE,clean,arpegio_pua,6/8 real; dejar que el arpegio respire.,2,"original,6/8,arpegio,app_ready",4.0(1-1);3.2(2-2);2.3(3-3);1.2(4-4);2.3(5-5);3.2(6-6),6.0(1-1);3.0(2-2);2.0(3-3);1.0(4-4);2.0(5-5);3.0(6-6),,,,,,,,,,,,,,
riff_original_6_8_016,Riff 6/8 Balada/Arpegio 016,Original didactico,balada_arpegio,2,48,91,6/8,6,Em,EADGBE,clean,arpegio_pua,6/8 real; dejar que el arpegio respire.,2,"original,6/8,arpegio,app_ready",6.0(1-1);3.0(2-2);2.0(3-3);1.0(4-4);2.0(5-5);3.0(6-6),5.0(1-1);4.2(2-2);3.2(3-3);2.1(4-4);3.2(5-5);4.2(6-6),,,,,,,,,,,,,,
riff_original_6_8_017,Riff 6/8 Balada/Arpegio 017,Original didactico,balada_arpegio,1,50,96,6/8,6,Am,EADGBE,clean,arpegio_pua,6/8 real; dejar que el arpegio respire.,4,"original,6/8,arpegio,app_ready",5.0(1-1);4.2(2-2);3.2(3-3);2.1(4-4);3.2(5-5);4.2(6-6),5.3(1-1);4.2(2-2);3.0(3-3);2.1(4-4);3.0(5-5);4.2(6-6),6.3(1-1);4.0(2-2);3.0(3-3);2.0(4-4);3.0(5-5);4.0(6-6),5.3(1-1);4.2(2-2);3.0(3-3);2.1(4-4);3.0(5-5);4.2(6-6),,,,,,,,,,,,
riff_original_6_8_018,Riff 6/8 Balada/Arpegio 018,Original didactico,balada_arpegio,1,52,101,6/8,6,C,EADGBE,clean,arpegio_pua,6/8 real; dejar que el arpegio respire.,2,"original,6/8,arpegio,app_ready",5.3(1-1);4.2(2-2);3.0(3-3);5.3(4-4);3.0(5-5);4.2(6-6),6.3(1-1);4.0(2-2);3.0(3-3);6.3(4-4);3.0(5-5);4.0(6-6),,,,,,,,,,,,,,
riff_original_6_8_019,Riff 6/8 Balada/Arpegio 019,Original didactico,balada_arpegio,2,42,76,6/8,6,G,EADGBE,clean,arpegio_pua,6/8 real; dejar que el arpegio respire.,2,"original,6/8,arpegio,app_ready",6.3(1-1);4.0(2-2);3.0(3-3);2.0(4-4);3.0(5-5);4.0(6-6),4.0(1-1);3.2(2-2);2.3(3-3);1.2(4-4);2.3(5-5);3.2(6-6),,,,,,,,,,,,,,
riff_original_6_8_020,Riff 6/8 Balada/Arpegio 020,Original didactico,balada_arpegio,2,44,81,6/8,6,D,EADGBE,clean,arpegio_pua,6/8 real; dejar que el arpegio respire.,2,"original,6/8,arpegio,app_ready",4.0(1-1);3.2(2-2);2.3(3-3);1.2(4-4);2.3(5-5);3.2(6-6),6.0(1-1);3.0(2-2);2.0(3-3);1.0(4-4);2.0(5-5);3.0(6-6),,,,,,,,,,,,,,
riff_original_6_8_021,Riff 6/8 Balada/Arpegio 021,Original didactico,balada_arpegio,2,46,86,6/8,6,Em,EADGBE,clean,arpegio_pua,6/8 real; dejar que el arpegio respire.,4,"original,6/8,arpegio,app_ready",6.0(1-1);3.0(2-2);2.0(3-3);1.0(4-4);2.0(5-5);3.0(6-6),5.0(1-1);4.2(2-2);3.2(3-3);2.1(4-4);3.2(5-5);4.2(6-6),5.3(1-1);4.2(2-2);3.0(3-3);2.1(4-4);3.0(5-5);4.2(6-6),5.0(1-1);4.2(2-2);3.2(3-3);2.1(4-4);3.2(5-5);4.2(6-6),,,,,,,,,,,,
riff_original_6_8_022,Riff 6/8 Balada/Arpegio 022,Original didactico,balada_arpegio,1,48,91,6/8,6,Am,EADGBE,clean,arpegio_pua,6/8 real; dejar que el arpegio respire.,2,"original,6/8,arpegio,app_ready",5.0(1-1);4.2(2-2);3.2(3-3);5.0(4-4);3.2(5-5);4.2(6-6),5.3(1-1);4.2(2-2);3.0(3-3);5.3(4-4);3.0(5-5);4.2(6-6),,,,,,,,,,,,,,
riff_original_6_8_023,Riff 6/8 Balada/Arpegio 023,Original didactico,balada_arpegio,2,50,96,6/8,6,C,EADGBE,clean,arpegio_pua,6/8 real; dejar que el arpegio respire.,2,"original,6/8,arpegio,app_ready",5.3(1-1);4.2(2-2);3.0(3-3);2.1(4-4);3.0(5-5);4.2(6-6),6.3(1-1);4.0(2-2);3.0(3-3);2.0(4-4);3.0(5-5);4.0(6-6),,,,,,,,,,,,,,
riff_original_6_8_024,Riff 6/8 Balada/Arpegio 024,Original didactico,balada_arpegio,2,52,101,6/8,6,G,EADGBE,clean,arpegio_pua,6/8 real; dejar que el arpegio respire.,2,"original,6/8,arpegio,app_ready",6.3(1-1);4.0(2-2);3.0(3-3);2.0(4-4);3.0(5-5);4.0(6-6),4.0(1-1);3.2(2-2);2.3(3-3);1.2(4-4);2.3(5-5);3.2(6-6),,,,,,,,,,,,,,
riff_original_6_8_025,Riff 6/8 Balada/Arpegio 025,Original didactico,balada_arpegio,1,42,76,6/8,6,D,EADGBE,clean,arpegio_pua,6/8 real; dejar que el arpegio respire.,4,"original,6/8,arpegio,app_ready",4.0(1-1);3.2(2-2);2.3(3-3);1.2(4-4);2.3(5-5);3.2(6-6),6.0(1-1);3.0(2-2);2.0(3-3);1.0(4-4);2.0(5-5);3.0(6-6),5.0(1-1);4.2(2-2);3.2(3-3);2.1(4-4);3.2(5-5);4.2(6-6),6.0(1-1);3.0(2-2);2.0(3-3);1.0(4-4);2.0(5-5);3.0(6-6),,,,,,,,,,,,
riff_original_6_8_026,Riff 6/8 Balada/Arpegio 026,Original didactico,balada_arpegio,1,44,81,6/8,6,Em,EADGBE,clean,arpegio_pua,6/8 real; dejar que el arpegio respire.,2,"original,6/8,arpegio,app_ready",6.0(1-1);3.0(2-2);2.0(3-3);6.0(4-4);2.0(5-5);3.0(6-6),5.0(1-1);4.2(2-2);3.2(3-3);5.0(4-4);3.2(5-5);4.2(6-6),,,,,,,,,,,,,,
riff_original_6_8_027,Riff 6/8 Balada/Arpegio 027,Original didactico,balada_arpegio,2,46,86,6/8,6,Am,EADGBE,clean,arpegio_pua,6/8 real; dejar que el arpegio respire.,2,"original,6/8,arpegio,app_ready",5.0(1-1);4.2(2-2);3.2(3-3);2.1(4-4);3.2(5-5);4.2(6-6),5.3(1-1);4.2(2-2);3.0(3-3);2.1(4-4);3.0(5-5);4.2(6-6),,,,,,,,,,,,,,
riff_original_6_8_028,Riff 6/8 Balada/Arpegio 028,Original didactico,balada_arpegio,2,48,91,6/8,6,C,EADGBE,clean,arpegio_pua,6/8 real; dejar que el arpegio respire.,2,"original,6/8,arpegio,app_ready",5.3(1-1);4.2(2-2);3.0(3-3);2.1(4-4);3.0(5-5);4.2(6-6),6.3(1-1);4.0(2-2);3.0(3-3);2.0(4-4);3.0(5-5);4.0(6-6),,,,,,,,,,,,,,
riff_original_6_8_029,Riff 6/8 Balada/Arpegio 029,Original didactico,balada_arpegio,1,50,96,6/8,6,G,EADGBE,clean,arpegio_pua,6/8 real; dejar que el arpegio respire.,4,"original,6/8,arpegio,app_ready",6.3(1-1);4.0(2-2);3.0(3-3);2.0(4-4);3.0(5-5);4.0(6-6),4.0(1-1);3.2(2-2);2.3(3-3);1.2(4-4);2.3(5-5);3.2(6-6),6.0(1-1);3.0(2-2);2.0(3-3);1.0(4-4);2.0(5-5);3.0(6-6),4.0(1-1);3.2(2-2);2.3(3-3);1.2(4-4);2.3(5-5);3.2(6-6),,,,,,,,,,,,
riff_original_6_8_030,Riff 6/8 Balada/Arpegio 030,Original didactico,balada_arpegio,1,52,101,6/8,6,D,EADGBE,clean,arpegio_pua,6/8 real; dejar que el arpegio respire.,2,"original,6/8,arpegio,app_ready",4.0(1-1);3.2(2-2);2.3(3-3);4.0(4-4);2.3(5-5);3.2(6-6),6.0(1-1);3.0(2-2);2.0(3-3);6.0(4-4);2.0(5-5);3.0(6-6),,,,,,,,,,,,,,
riff_original_6_8_031,Riff 6/8 Balada/Arpegio 031,Original didactico,balada_arpegio,3,42,76,6/8,6,Em,EADGBE,clean,arpegio_pua,6/8 real; dejar que el arpegio respire.,2,"original,6/8,arpegio,app_ready",6.0(1-1);3.0(2-2);2.0(3-3);1.0(4-4);2.0(5-5);3.0(6-6),5.0(1-1);4.2(2-2);3.2(3-3);2.1(4-4);3.2(5-5);4.2(6-6),,,,,,,,,,,,,,
riff_original_6_8_032,Riff 6/8 Balada/Arpegio 032,Original didactico,balada_arpegio,2,44,81,6/8,6,Am,EADGBE,clean,arpegio_pua,6/8 real; dejar que el arpegio respire.,2,"original,6/8,arpegio,app_ready",5.0(1-1);4.2(2-2);3.2(3-3);2.1(4-4);3.2(5-5);4.2(6-6),5.3(1-1);4.2(2-2);3.0(3-3);2.1(4-4);3.0(5-5);4.2(6-6),,,,,,,,,,,,,,
riff_original_6_8_033,Riff 6/8 Balada/Arpegio 033,Original didactico,balada_arpegio,1,46,86,6/8,6,C,EADGBE,clean,arpegio_pua,6/8 real; dejar que el arpegio respire.,4,"original,6/8,arpegio,app_ready",5.3(1-1);4.2(2-2);3.0(3-3);2.1(4-4);3.0(5-5);4.2(6-6),6.3(1-1);4.0(2-2);3.0(3-3);2.0(4-4);3.0(5-5);4.0(6-6),4.0(1-1);3.2(2-2);2.3(3-3);1.2(4-4);2.3(5-5);3.2(6-6),6.3(1-1);4.0(2-2);3.0(3-3);2.0(4-4);3.0(5-5);4.0(6-6),,,,,,,,,,,,
riff_original_6_8_034,Riff 6/8 Balada/Arpegio 034,Original didactico,balada_arpegio,1,48,91,6/8,6,G,EADGBE,clean,arpegio_pua,6/8 real; dejar que el arpegio respire.,2,"original,6/8,arpegio,app_ready",6.3(1-1);4.0(2-2);3.0(3-3);6.3(4-4);3.0(5-5);4.0(6-6),4.0(1-1);3.2(2-2);2.3(3-3);4.0(4-4);2.3(5-5);3.2(6-6),,,,,,,,,,,,,,
riff_original_6_8_035,Riff 6/8 Balada/Arpegio 035,Original didactico,balada_arpegio,2,50,96,6/8,6,D,EADGBE,clean,arpegio_pua,6/8 real; dejar que el arpegio respire.,2,"original,6/8,arpegio,app_ready",4.0(1-1);3.2(2-2);2.3(3-3);1.2(4-4);2.3(5-5);3.2(6-6),6.0(1-1);3.0(2-2);2.0(3-3);1.0(4-4);2.0(5-5);3.0(6-6),,,,,,,,,,,,,,
riff_original_long_001_12bar_e,Blues 12 compases en E - roots,Original didactico,blues,3,52,112,4/4,8,E,EADGBE,clean_edge,shuffle_pick,12-bar blues completo en raices; loop de 12 compases.,12,"original,blues,12bar,shuffle,app_ready",6.0(1-1);6.0(3-3);6.3(5-5);6.0(7-7),6.0(1-1);6.0(3-3);6.5(5-5);6.3(7-7),6.0(1-1);6.0(3-3);6.3(5-5);6.0(7-7),6.0(1-1);6.0(3-3);6.5(5-5);6.3(7-7),5.0(1-1);5.0(3-3);5.3(5-5);5.0(7-7),5.0(1-1);5.0(3-3);5.3(5-5);5.0(7-7),6.0(1-1);6.0(3-3);6.3(5-5);6.0(7-7),6.0(1-1);6.0(3-3);6.5(5-5);6.3(7-7),5.2(1-1);5.2(3-3);5.5(5-5);5.2(7-7),5.0(1-1);5.0(3-3);5.3(5-5);5.0(7-7),6.0(1-1);6.0(3-3);6.3(5-5);6.0(7-7),5.2(1-1);5.2(3-3);5.5(5-5);5.2(7-7),,,,
riff_original_long_002_12bar_a,Blues 12 compases en A - roots,Original didactico,blues,3,52,112,4/4,8,A,EADGBE,clean_edge,shuffle_pick,12-bar blues completo en raices; loop de 12 compases.,12,"original,blues,12bar,shuffle,app_ready",5.0(1-1);5.0(3-3);5.3(5-5);5.0(7-7),5.0(1-1);5.0(3-3);5.5(5-5);5.3(7-7),5.0(1-1);5.0(3-3);5.3(5-5);5.0(7-7),5.0(1-1);5.0(3-3);5.5(5-5);5.3(7-7),4.0(1-1);4.0(3-3);4.3(5-5);4.0(7-7),4.0(1-1);4.0(3-3);4.3(5-5);4.0(7-7),5.0(1-1);5.0(3-3);5.3(5-5);5.0(7-7),5.0(1-1);5.0(3-3);5.5(5-5);5.3(7-7),4.2(1-1);4.2(3-3);4.5(5-5);4.2(7-7),4.0(1-1);4.0(3-3);4.3(5-5);4.0(7-7),5.0(1-1);5.0(3-3);5.3(5-5);5.0(7-7),4.2(1-1);4.2(3-3);4.5(5-5);4.2(7-7),,,,
riff_original_long_003_8bar_e,Rock 8 compases en Em,Original didactico,rock,2,54,112,4/4,8,Em,EADGBE,crunch,pua_alterna,Frase de 8 compases; practicar por bloques de 2 compases.,8,"original,rock,8bar,app_ready",6.0(1-1);6.0(2-2);5.0(3-3);6.7(4-4);6.0(5-5);5.0(6-6);6.7(7-7);6.5(8-8),6.0(1-1);6.0(3-3);5.2(4-4);6.0(5-5);6.12(7-7);5.2(8-8),6.0(1-1);6.5(3-3);6.7(4-4);6.0(5-5);6.10(6-6);6.7(7-7);6.5(8-8),6.0(1-1);6.5(3-3);6.0(5-5);6.7(6-6);6.0(7-7);6.10(8-8),6.0(1-1);6.0(3-3);6.7(4-4);6.0(5-5);6.12(7-7);6.7(8-8),6.0(1-2);6.7(3-3);6.12(5-5);6.7(7-7);6.0(8-8),6.0(1-1);6.5(3-3);6.0(5-5);6.7(6-6);6.0(7-7);6.10(8-8),6.0(1-1);6.0(2-2);5.0(3-3);6.7(4-4);6.0(5-5);5.0(6-6);6.7(7-7);6.5(8-8),,,,,,,,
riff_original_long_004_8bar_a,Rock 8 compases en Am,Original didactico,rock,2,54,112,4/4,8,Am,EADGBE,crunch,pua_alterna,Frase de 8 compases; practicar por bloques de 2 compases.,8,"original,rock,8bar,app_ready",5.0(1-1);5.0(2-2);4.0(3-3);5.7(4-4);5.0(5-5);4.0(6-6);5.7(7-7);5.5(8-8),5.0(1-1);5.0(3-3);4.2(4-4);5.0(5-5);5.12(7-7);4.2(8-8),5.0(1-1);5.5(3-3);5.7(4-4);5.0(5-5);5.10(6-6);5.7(7-7);5.5(8-8),5.0(1-1);5.5(3-3);5.0(5-5);5.7(6-6);5.0(7-7);5.10(8-8),5.0(1-1);5.0(3-3);5.7(4-4);5.0(5-5);5.12(7-7);5.7(8-8),5.0(1-2);5.7(3-3);5.12(5-5);5.7(7-7);5.0(8-8),5.0(1-1);5.5(3-3);5.0(5-5);5.7(6-6);5.0(7-7);5.10(8-8),5.0(1-1);5.0(2-2);4.0(3-3);5.7(4-4);5.0(5-5);4.0(6-6);5.7(7-7);5.5(8-8),,,,,,,,
riff_original_extra_001,Riff Extra App Ready 001,Original didactico,rock,2,54,104,4/4,8,Em,EADGBE,crunch,pua_alterna,Riff corto para practica en loop.,2,"original,rock,extra,app_ready",6.0(1-1);6.0(2-2);5.0(3-3);6.7(4-4);6.0(5-5);5.0(6-6);6.7(7-7);6.5(8-8),6.0(1-1);6.0(3-3);6.7(4-4);6.0(5-5);6.12(7-7);6.7(8-8),,,,,,,,,,,,,,
riff_original_extra_002,Riff Extra App Ready 002,Original didactico,rock,2,54,104,4/4,8,A,EADGBE,crunch,pua_alterna,Riff corto para practica en loop.,2,"original,rock,extra,app_ready",5.0(1-1);5.4(3-3);5.5(4-4);5.0(5-5);5.7(6-6);5.5(7-7);5.4(8-8),5.0(1-1);5.4(3-3);4.0(5-5);5.5(6-6);5.0(7-7);4.2(8-8),,,,,,,,,,,,,,
riff_original_extra_003,Riff Extra App Ready 003,Original didactico,rock,2,54,104,4/4,8,G,EADGBE,crunch,pua_alterna,Riff corto para practica en loop.,2,"original,rock,extra,app_ready",6.3(1-1);6.3(3-3);6.8(4-4);6.3(5-5);6.12(7-7);6.8(8-8),6.3(1-2);6.8(3-3);6.12(5-5);6.8(7-7);6.3(8-8),,,,,,,,,,,,,,
riff_original_extra_004,Riff Extra App Ready 004,Original didactico,rock,2,54,104,4/4,8,C,EADGBE,crunch,pua_alterna,Riff corto para practica en loop.,2,"original,rock,extra,app_ready",5.3(1-1);5.7(3-3);5.3(5-5);5.8(6-6);5.3(7-7);5.10(8-8),5.3(1-1);5.3(2-2);5.7(3-3);5.8(4-4);5.3(5-5);5.7(6-6);5.8(7-7);5.7(8-8),,,,,,,,,,,,,,
riff_original_extra_005,Riff Extra App Ready 005,Original didactico,rock,2,54,104,4/4,8,D,EADGBE,crunch,pua_alterna,Riff corto para practica en loop.,2,"original,rock,extra,app_ready",4.0(1-2);4.5(3-3);3.4(5-5);4.5(7-7);4.0(8-8),4.0(1-1);4.4(3-3);3.0(4-4);4.0(5-5);4.7(6-6);3.0(7-7);4.4(8-8),,,,,,,,,,,,,,
riff_original_extra_006,Riff Extra App Ready 006,Original didactico,rock,2,54,104,4/4,8,Am,EADGBE,crunch,pua_alterna,Riff corto para practica en loop.,2,"original,rock,extra,app_ready",5.0(1-1);5.0(2-2);5.5(3-3);5.7(4-4);5.0(5-5);5.5(6-6);5.7(7-7);5.5(8-8),5.0(1-1);5.0(3-3);5.7(4-4);5.0(5-5);5.12(7-7);5.7(8-8),,,,,,,,,,,,,,
riff_original_extra_007,Riff Extra App Ready 007,Original didactico,rock,2,54,104,4/4,8,Em,EADGBE,crunch,pua_alterna,Riff corto para practica en loop.,2,"original,rock,extra,app_ready",6.0(1-1);6.5(3-3);6.7(4-4);6.0(5-5);6.10(6-6);6.7(7-7);6.5(8-8),6.0(1-1);6.5(3-3);6.0(5-5);6.7(6-6);6.0(7-7);6.10(8-8),,,,,,,,,,,,,,
riff_original_extra_008,Riff Extra App Ready 008,Original didactico,rock,2,54,104,4/4,8,A,EADGBE,crunch,pua_alterna,Riff corto para practica en loop.,2,"original,rock,extra,app_ready",5.0(1-1);5.0(3-3);5.5(4-4);5.0(5-5);5.9(7-7);5.5(8-8),5.0(1-2);5.5(3-3);4.4(5-5);5.5(7-7);5.0(8-8),,,,,,,,,,,,,,
riff_original_extra_009,Riff Extra App Ready 009,Original didactico,rock,2,54,104,4/4,8,G,EADGBE,crunch,pua_alterna,Riff corto para practica en loop.,2,"original,rock,extra,app_ready",6.3(1-1);6.7(3-3);5.3(5-5);6.8(6-6);6.3(7-7);5.5(8-8),6.3(1-1);6.3(2-2);6.7(3-3);6.8(4-4);6.3(5-5);6.7(6-6);6.8(7-7);6.7(8-8),,,,,,,,,,,,,,
riff_original_extra_010,Riff Extra App Ready 010,Original didactico,rock,2,54,104,4/4,8,C,EADGBE,crunch,pua_alterna,Riff corto para practica en loop.,2,"original,rock,extra,app_ready",5.3(1-2);5.8(3-3);5.12(5-5);5.8(7-7);5.3(8-8),5.3(1-1);5.7(3-3);5.8(4-4);5.3(5-5);5.10(6-6);5.8(7-7);5.7(8-8),,,,,,,,,,,,,,
riff_original_extra_011,Riff Extra App Ready 011,Original didactico,rock,2,54,104,4/4,8,D,EADGBE,crunch,pua_alterna,Riff corto para practica en loop.,2,"original,rock,extra,app_ready",4.0(1-1);4.0(2-2);4.4(3-3);4.5(4-4);4.0(5-5);4.4(6-6);4.5(7-7);4.4(8-8),4.0(1-1);4.0(3-3);3.0(4-4);4.0(5-5);4.9(7-7);3.0(8-8),,,,,,,,,,,,,,
