decision_profe,bucket_profe,razon_profe,ranking_aprox,titulo,artista,idioma,estilo,nivel_1_5,bpm_practica_inicio,bpm_practica_objetivo,metrica,feel_ritmico,subdivisiones_por_compas,grid_subdivisiones,tonalidad_sugerida,capo_traste,afinacion,acordes_sugeridos,compases_usados,patron_base,patron_estribillo,patron_puente,patron_final,patron_golpes_8_subdiv,leyenda_golpes,golpe_1,golpe_2,golpe_3,golpe_4,golpe_5,golpe_6,golpe_7,golpe_8,compas_01,compas_02,compas_03,compas_04,compas_05,compas_06,compas_07,compas_08,compas_09,compas_10,compas_11,compas_12,compas_13,compas_14,compas_15,compas_16,compas_01_acordes_8,compas_02_acordes_8,compas_03_acordes_8,compas_04_acordes_8,compas_05_acordes_8,compas_06_acordes_8,compas_07_acordes_8,compas_08_acordes_8,compas_09_acordes_8,compas_10_acordes_8,compas_11_acordes_8,compas_12_acordes_8,compas_13_acordes_8,compas_14_acordes_8,compas_15_acordes_8,compas_16_acordes_8,compas_01_golpes_8,compas_02_golpes_8,compas_03_golpes_8,compas_04_golpes_8,compas_05_golpes_8,compas_06_golpes_8,compas_07_golpes_8,compas_08_golpes_8,compas_09_golpes_8,compas_10_golpes_8,compas_11_golpes_8,compas_12_golpes_8,compas_13_golpes_8,compas_14_golpes_8,compas_15_golpes_8,compas_16_golpes_8,progresion_compases,tipo_arreglo,foco_practica,criterio_metrico,cambios_medio_compas,num_compases_dos_acordes,compases_dos_acordes,fuente_url,notas
Si - directa,Meter ya,Nivel 1-2: acompanamiento con acordes abiertos/capo y patron simple.,1,Wonderwall,Oasis,EN,Britpop / acústica,2,60,84,4/4,pop/rock binario,8,1 & 2 & 3 & 4 &,Em formas; suena F#m,2,EADGBE,Em7; G; Dsus4; A7sus4; Cadd9,8,D - D U - U D U,D D - U D U - U,D - D - D U D U,D - - - - - - -,D - D U - U D U,D=abajo; U=arriba; -=silencio/no golpe; x=apagado si aparece,D,-,D,U,-,U,D,U,Em7 [D - D U - U D U],G [D - D U - U D U],Dsus4 [D - D U - U D U],A7sus4 [D - D U - U D U],Cadd9 [D D - U D U - U],Dsus4 [D D - U D U - U],A7sus4 [D D - U D U - U],A7sus4 [D - - - - - - -],,,,,,,,,Em7 Em7 Em7 Em7 Em7 Em7 Em7 Em7,G G G G G G G G,Dsus4 Dsus4 Dsus4 Dsus4 Dsus4 Dsus4 Dsus4 Dsus4,A7sus4 A7sus4 A7sus4 A7sus4 A7sus4 A7sus4 A7sus4 A7sus4,Cadd9 Cadd9 Cadd9 Cadd9 Cadd9 Cadd9 Cadd9 Cadd9,Dsus4 Dsus4 Dsus4 Dsus4 Dsus4 Dsus4 Dsus4 Dsus4,A7sus4 A7sus4 A7sus4 A7sus4 A7sus4 A7sus4 A7sus4 A7sus4,A7sus4 A7sus4 A7sus4 A7sus4 A7sus4 A7sus4 A7sus4 A7sus4,,,,,,,,,D - D U - U D U,D - D U - U D U,D - D U - U D U,D - D U - U D U,D D - U D U - U,D D - U D U - U,D D - U D U - U,D - - - - - - -,,,,,,,,,Em7 | G | Dsus4 | A7sus4 | Cadd9 | Dsus4 | A7sus4 | A7sus4,acompanamiento_v6_musical_simplificado,"cambios reales de acordes, groove y estructura corta reconocible",V6: max 16 compases; subdivision max 8; no se rellenan compases vacios; 12/8 se trata como shuffle en 4/4 por limite tecnico,no,0,,https://www.fender.com/articles/songs/40-of-the-easiest-songs-to-learn-on-guitar,"BPM, tonalidad y compases son sugerencias de practica adaptadas al limite de 12 compases y 4 subdivisiones. V2 medio compas: '/' indica cambio al tiempo 3. La progresion_1acorde_compas queda como version ultra facil. V3 ritmica: 12 compases = 1-4 verso, 5-8 estribillo, 9-10 puente, 11 vuelta al estribillo, 12 final/corte. V4: CSV rehecho a 16 compases maximo y 8 subdivisiones por compas. | V6 confianza=alta. | APP_SAFE: slash chords simplificados a acorde base para evitar fallos de playback."
Si - directa,Meter ya,Nivel 1-2: acompanamiento con acordes abiertos/capo y patron simple.,2,Horse with No Name,America,EN,Folk rock,1,48,72,4/4,folk/acustico,8,1 & 2 & 3 & 4 &,Em,0,EADGBE,Em; D,2,D - D U D - D U,D - D - D U D U,D - D U D - D U,D - - - - - - -,D - D U D - D U,D=abajo; U=arriba; -=silencio/no golpe; x=apagado si aparece,D,-,D,U,D,-,D,U,Em [D - D U D - D U],D [D - D U D - D U],,,,,,,,,,,,,,,Em Em Em Em Em Em Em Em,D D D D D D D D,,,,,,,,,,,,,,,D - D U D - D U,D - D U D - D U,,,,,,,,,,,,,,,Em | D,acompanamiento_v6_musical_simplificado,"cambios reales de acordes, groove y estructura corta reconocible",V6: max 16 compases; subdivision max 8; no se rellenan compases vacios; 12/8 se trata como shuffle en 4/4 por limite tecnico,no,0,,https://musictonic.com/es/canciones-faciles-de-guitarra-para-principiantes/,"BPM, tonalidad y compases son sugerencias de practica adaptadas al limite de 12 compases y 4 subdivisiones. V2 medio compas: '/' indica cambio al tiempo 3. La progresion_1acorde_compas queda como version ultra facil. V3 ritmica: 12 compases = 1-4 verso, 5-8 estribillo, 9-10 puente, 11 vuelta al estribillo, 12 final/corte. V4: CSV rehecho a 16 compases maximo y 8 subdivisiones por compas. | V6 confianza=alta. Slash chord kept as one chord; not split as two chords. | APP_SAFE: slash chords simplificados a acorde base para evitar fallos de playback."
Si - directa,Meter ya,Nivel 1-2: acompanamiento con acordes abiertos/capo y patron simple.,3,Knockin' on Heaven's Door,Bob Dylan / Guns N Roses,EN,Folk rock,1,48,72,4/4,folk/acustico,8,1 & 2 & 3 & 4 &,G,0,EADGBE,G; D; Am; C,4,D - D U D - D U,D - D - D U D U,D - D U D - D U,D - - - - - - -,D - D U D - D U,D=abajo; U=arriba; -=silencio/no golpe; x=apagado si aparece,D,-,D,U,D,-,D,U,G(1-4) / D(5-8) [D - D U D - D U],Am [D - D U D - D U],G(1-4) / D(5-8) [D - D U D - D U],C [D - D U D - D U],,,,,,,,,,,,,G G G G D D D D,Am Am Am Am Am Am Am Am,G G G G D D D D,C C C C C C C C,,,,,,,,,,,,,D - D U D - D U,D - D U D - D U,D - D U D - D U,D - D U D - D U,,,,,,,,,,,,,G(1-4) / D(5-8) | Am | G(1-4) / D(5-8) | C,acompanamiento_v6_musical_simplificado,"cambios reales de acordes, groove y estructura corta reconocible",V6: max 16 compases; subdivision max 8; no se rellenan compases vacios; 12/8 se trata como shuffle en 4/4 por limite tecnico,si,2,1;3,https://creatumusica.art/canciones-faciles-en-guitarra/,"BPM, tonalidad y compases son sugerencias de practica adaptadas al limite de 12 compases y 4 subdivisiones. V2 medio compas: '/' indica cambio al tiempo 3. La progresion_1acorde_compas queda como version ultra facil. V3 ritmica: 12 compases = 1-4 verso, 5-8 estribillo, 9-10 puente, 11 vuelta al estribillo, 12 final/corte. V4: CSV rehecho a 16 compases maximo y 8 subdivisiones por compas. | V6 confianza=alta. | APP_SAFE: slash chords simplificados a acorde base para evitar fallos de playback."
Si - directa,Meter ya,Nivel 1-2: acompanamiento con acordes abiertos/capo y patron simple.,4,Stand By Me,Ben E. King,EN,Soul / R&B,1,56,80,4/4,pop/rock binario,8,1 & 2 & 3 & 4 &,G,0,EADGBE,G; Em; C; D,4,D - - U - U D -,D - D U - U D U,D - - U D - D U,D - - - - - - -,D - - U - U D -,D=abajo; U=arriba; -=silencio/no golpe; x=apagado si aparece,D,-,-,U,-,U,D,-,G [D - - U - U D -],Em [D - - U - U D -],C(1-4) / D(5-8) [D - - U - U D -],G [D - - U - U D -],,,,,,,,,,,,,G G G G G G G G,Em Em Em Em Em Em Em Em,C C C C D D D D,G G G G G G G G,,,,,,,,,,,,,D - - U - U D -,D - - U - U D -,D - - U - U D -,D - - U - U D -,,,,,,,,,,,,,G | Em | C(1-4) / D(5-8) | G,acompanamiento_v6_musical_simplificado,"cambios reales de acordes, groove y estructura corta reconocible",V6: max 16 compases; subdivision max 8; no se rellenan compases vacios; 12/8 se trata como shuffle en 4/4 por limite tecnico,si,1,3,https://musictonic.com/es/canciones-faciles-de-guitarra-para-principiantes/,"BPM, tonalidad y compases son sugerencias de practica adaptadas al limite de 12 compases y 4 subdivisiones. V2 medio compas: '/' indica cambio al tiempo 3. La progresion_1acorde_compas queda como version ultra facil. V3 ritmica: 12 compases = 1-4 verso, 5-8 estribillo, 9-10 puente, 11 vuelta al estribillo, 12 final/corte. V4: CSV rehecho a 16 compases maximo y 8 subdivisiones por compas. | V6 confianza=alta. | APP_SAFE: slash chords simplificados a acorde base para evitar fallos de playback."
Si - directa,Meter ya,Nivel 1-2: acompanamiento con acordes abiertos/capo y patron simple.,5,Love Me Do,The Beatles,EN,Rock / pop clásico,1,64,88,4/4,pop/rock binario,8,1 & 2 & 3 & 4 &,G,0,EADGBE,G; C; D,8,D - D U - U D U,D D - U D U - U,D - D - D U D U,D - - - - - - -,D - D U - U D U,D=abajo; U=arriba; -=silencio/no golpe; x=apagado si aparece,D,-,D,U,-,U,D,U,G [D - D U - U D U],C [D - D U - U D U],G [D - D U - U D U],C [D - D U - U D U],G [D D - U D U - U],C [D D - U D U - U],D [D D - U D U - U],C [D - - - - - - -],,,,,,,,,G G G G G G G G,C C C C C C C C,G G G G G G G G,C C C C C C C C,G G G G G G G G,C C C C C C C C,D D D D D D D D,C C C C C C C C,,,,,,,,,D - D U - U D U,D - D U - U D U,D - D U - U D U,D - D U - U D U,D D - U D U - U,D D - U D U - U,D D - U D U - U,D - - - - - - -,,,,,,,,,G | C | G | C | G | C | D | C,acompanamiento_v6_musical_simplificado,"cambios reales de acordes, groove y estructura corta reconocible",V6: max 16 compases; subdivision max 8; no se rellenan compases vacios; 12/8 se trata como shuffle en 4/4 por limite tecnico,no,0,,https://musictonic.com/es/canciones-faciles-de-guitarra-para-principiantes/,"BPM, tonalidad y compases son sugerencias de practica adaptadas al limite de 12 compases y 4 subdivisiones. V2 medio compas: '/' indica cambio al tiempo 3. La progresion_1acorde_compas queda como version ultra facil. V3 ritmica: 12 compases = 1-4 verso, 5-8 estribillo, 9-10 puente, 11 vuelta al estribillo, 12 final/corte. V4: CSV rehecho a 16 compases maximo y 8 subdivisiones por compas. | V6 confianza=alta. | APP_SAFE: slash chords simplificados a acorde base para evitar fallos de playback."
Si - directa,Meter ya,Nivel 1-2: acompanamiento con acordes abiertos/capo y patron simple.,6,Bad Moon Rising,Creedence Clearwater Revival,EN,Country rock,1,68,92,4/4,country/folk,8,1 & 2 & 3 & 4 &,D,0,EADGBE,D; A; G,4,D - D - D U D U,D - D U D - D U,D - D - D U D U,D - - - - - - -,D - D - D U D U,D=abajo; U=arriba; -=silencio/no golpe; x=apagado si aparece,D,-,D,-,D,U,D,U,D(1-4) / A(5-8) [D - D - D U D U],G [D - D - D U D U],D [D - D - D U D U],D [D - D - D U D U],,,,,,,,,,,,,D D D D A A A A,G G G G G G G G,D D D D D D D D,D D D D D D D D,,,,,,,,,,,,,D - D - D U D U,D - D - D U D U,D - D - D U D U,D - D - D U D U,,,,,,,,,,,,,D(1-4) / A(5-8) | G | D | D,acompanamiento_v6_musical_simplificado,"cambios reales de acordes, groove y estructura corta reconocible",V6: max 16 compases; subdivision max 8; no se rellenan compases vacios; 12/8 se trata como shuffle en 4/4 por limite tecnico,si,1,1,https://acousticworld.net/100-easy-acoustic-guitar-songs-with-chords-tabs-lessons/,"BPM, tonalidad y compases son sugerencias de practica adaptadas al limite de 12 compases y 4 subdivisiones. V2 medio compas: '/' indica cambio al tiempo 3. La progresion_1acorde_compas queda como version ultra facil. V3 ritmica: 12 compases = 1-4 verso, 5-8 estribillo, 9-10 puente, 11 vuelta al estribillo, 12 final/corte. V4: CSV rehecho a 16 compases maximo y 8 subdivisiones por compas. | V6 confianza=alta. | APP_SAFE: slash chords simplificados a acorde base para evitar fallos de playback."
Si - directa,Meter ya,Nivel 1-2: acompanamiento con acordes abiertos/capo y patron simple.,7,Sweet Home Alabama,Lynyrd Skynyrd,EN,Rock sureño,1,64,88,4/4,country/folk,8,1 & 2 & 3 & 4 &,G,0,EADGBE,D; C; G,2,D - D - D U D U,D - D U D - D U,D - D - D U D U,D - - - - - - -,D - D - D U D U,D=abajo; U=arriba; -=silencio/no golpe; x=apagado si aparece,D,-,D,-,D,U,D,U,D(1-4) / C(5-8) [D - D - D U D U],G [D - D - D U D U],,,,,,,,,,,,,,,D D D D C C C C,G G G G G G G G,,,,,,,,,,,,,,,D - D - D U D U,D - D - D U D U,,,,,,,,,,,,,,,D(1-4) / C(5-8) | G,acompanamiento_v6_musical_simplificado,"cambios reales de acordes, groove y estructura corta reconocible",V6: max 16 compases; subdivision max 8; no se rellenan compases vacios; 12/8 se trata como shuffle en 4/4 por limite tecnico,si,1,1,https://acousticworld.net/100-easy-acoustic-guitar-songs-with-chords-tabs-lessons/,"BPM, tonalidad y compases son sugerencias de practica adaptadas al limite de 12 compases y 4 subdivisiones. V2 medio compas: '/' indica cambio al tiempo 3. La progresion_1acorde_compas queda como version ultra facil. V3 ritmica: 12 compases = 1-4 verso, 5-8 estribillo, 9-10 puente, 11 vuelta al estribillo, 12 final/corte. V4: CSV rehecho a 16 compases maximo y 8 subdivisiones por compas. | V6 confianza=alta. | APP_SAFE: slash chords simplificados a acorde base para evitar fallos de playback."
Si - directa,Meter ya,Nivel 1-2: acompanamiento con acordes abiertos/capo y patron simple.,8,"Take Me Home, Country Roads",John Denver,EN,Country / folk,1,52,76,4/4,country/folk,8,1 & 2 & 3 & 4 &,G,0,EADGBE,G; Em; D; C,8,D - D - D U D U,D - D U D - D U,D - D - D U D U,D - - - - - - -,D - D - D U D U,D=abajo; U=arriba; -=silencio/no golpe; x=apagado si aparece,D,-,D,-,D,U,D,U,G [D - D - D U D U],Em [D - D - D U D U],D [D - D - D U D U],C [D - D - D U D U],G [D - D U D - D U],D [D - D U D - D U],C [D - D U D - D U],G [D - - - - - - -],,,,,,,,,G G G G G G G G,Em Em Em Em Em Em Em Em,D D D D D D D D,C C C C C C C C,G G G G G G G G,D D D D D D D D,C C C C C C C C,G G G G G G G G,,,,,,,,,D - D - D U D U,D - D - D U D U,D - D - D U D U,D - D - D U D U,D - D U D - D U,D - D U D - D U,D - D U D - D U,D - - - - - - -,,,,,,,,,G | Em | D | C | G | D | C | G,acompanamiento_v6_musical_simplificado,"cambios reales de acordes, groove y estructura corta reconocible",V6: max 16 compases; subdivision max 8; no se rellenan compases vacios; 12/8 se trata como shuffle en 4/4 por limite tecnico,no,0,,https://acousticworld.net/100-easy-acoustic-guitar-songs-with-chords-tabs-lessons/,"BPM, tonalidad y compases son sugerencias de practica adaptadas al limite de 12 compases y 4 subdivisiones. V2 medio compas: '/' indica cambio al tiempo 3. La progresion_1acorde_compas queda como version ultra facil. V3 ritmica: 12 compases = 1-4 verso, 5-8 estribillo, 9-10 puente, 11 vuelta al estribillo, 12 final/corte. V4: CSV rehecho a 16 compases maximo y 8 subdivisiones por compas. | V6 confianza=alta. | APP_SAFE: slash chords simplificados a acorde base para evitar fallos de playback."
Si - directa,Meter ya,Nivel 1-2: acompanamiento con acordes abiertos/capo y patron simple.,9,Leaving on a Jet Plane,John Denver,EN,Folk,1,48,72,4/4,folk/acustico,8,1 & 2 & 3 & 4 &,G,0,EADGBE,G; C; D,8,D - D U D - D U,D - D - D U D U,D - D U D - D U,D - - - - - - -,D - D U D - D U,D=abajo; U=arriba; -=silencio/no golpe; x=apagado si aparece,D,-,D,U,D,-,D,U,G [D - D U D - D U],C [D - D U D - D U],G [D - D U D - D U],C [D - D U D - D U],G [D - D - D U D U],C [D - D - D U D U],D [D - D - D U D U],D [D - - - - - - -],,,,,,,,,G G G G G G G G,C C C C C C C C,G G G G G G G G,C C C C C C C C,G G G G G G G G,C C C C C C C C,D D D D D D D D,D D D D D D D D,,,,,,,,,D - D U D - D U,D - D U D - D U,D - D U D - D U,D - D U D - D U,D - D - D U D U,D - D - D U D U,D - D - D U D U,D - - - - - - -,,,,,,,,,G | C | G | C | G | C | D | D,acompanamiento_v6_musical_simplificado,"cambios reales de acordes, groove y estructura corta reconocible",V6: max 16 compases; subdivision max 8; no se rellenan compases vacios; 12/8 se trata como shuffle en 4/4 por limite tecnico,no,0,,https://musictonic.com/es/canciones-faciles-de-guitarra-para-principiantes/,"BPM, tonalidad y compases son sugerencias de practica adaptadas al limite de 12 compases y 4 subdivisiones. V2 medio compas: '/' indica cambio al tiempo 3. La progresion_1acorde_compas queda como version ultra facil. V3 ritmica: 12 compases = 1-4 verso, 5-8 estribillo, 9-10 puente, 11 vuelta al estribillo, 12 final/corte. V4: CSV rehecho a 16 compases maximo y 8 subdivisiones por compas. | V6 confianza=alta. | APP_SAFE: slash chords simplificados a acorde base para evitar fallos de playback."
Si - directa,Meter ya,Nivel 1-2: acompanamiento con acordes abiertos/capo y patron simple.,10,Let It Be,The Beatles,EN,Pop rock,2,46,70,4/4,balada 4/4,8,1 & 2 & 3 & 4 &,C,0,EADGBE,C; G; Am; F,4,D - - U D - D U,D - - U - U D -,D - - U D - D U,D - - - - - - -,D - - U D - D U,D=abajo; U=arriba; -=silencio/no golpe; x=apagado si aparece,D,-,-,U,D,-,D,U,C(1-4) / G(5-8) [D - - U D - D U],Am(1-4) / F(5-8) [D - - U D - D U],C(1-4) / G(5-8) [D - - U D - D U],F(1-4) / C(5-8) [D - - U D - D U],,,,,,,,,,,,,C C C C G G G G,Am Am Am Am F F F F,C C C C G G G G,F F F F C C C C,,,,,,,,,,,,,D - - U D - D U,D - - U D - D U,D - - U D - D U,D - - U D - D U,,,,,,,,,,,,,C(1-4) / G(5-8) | Am(1-4) / F(5-8) | C(1-4) / G(5-8) | F(1-4) / C(5-8),acompanamiento_v6_musical_simplificado,"cambios reales de acordes, groove y estructura corta reconocible",V6: max 16 compases; subdivision max 8; no se rellenan compases vacios; 12/8 se trata como shuffle en 4/4 por limite tecnico,si,4,1;2;3;4,https://acousticworld.net/100-easy-acoustic-guitar-songs-with-chords-tabs-lessons/,"BPM, tonalidad y compases son sugerencias de practica adaptadas al limite de 12 compases y 4 subdivisiones. V2 medio compas: '/' indica cambio al tiempo 3. La progresion_1acorde_compas queda como version ultra facil. V3 ritmica: 12 compases = 1-4 verso, 5-8 estribillo, 9-10 puente, 11 vuelta al estribillo, 12 final/corte. V4: CSV rehecho a 16 compases maximo y 8 subdivisiones por compas. | V6 confianza=alta. | APP_SAFE: slash chords simplificados a acorde base para evitar fallos de playback."
Si - directa,Meter ya,Nivel 1-2: acompanamiento con acordes abiertos/capo y patron simple.,11,Three Little Birds,Bob Marley,EN,Reggae,1,52,76,4/4,reggae/offbeat,8,1 & 2 & 3 & 4 &,A,0,EADGBE,A; D; E,4,- U - U - U - U,- U - U - U - U,- U - U - U - U,D - - - - - - -,- U - U - U - U,D=abajo; U=arriba; -=silencio/no golpe; x=apagado si aparece,-,U,-,U,-,U,-,U,A [- U - U - U - U],D [- U - U - U - U],A [- U - U - U - U],E [- U - U - U - U],,,,,,,,,,,,,A A A A A A A A,D D D D D D D D,A A A A A A A A,E E E E E E E E,,,,,,,,,,,,,- U - U - U - U,- U - U - U - U,- U - U - U - U,- U - U - U - U,,,,,,,,,,,,,A | D | A | E,acompanamiento_v6_musical_simplificado,"cambios reales de acordes, groove y estructura corta reconocible",V6: max 16 compases; subdivision max 8; no se rellenan compases vacios; 12/8 se trata como shuffle en 4/4 por limite tecnico,no,0,,https://acousticworld.net/100-easy-acoustic-guitar-songs-with-chords-tabs-lessons/,"BPM, tonalidad y compases son sugerencias de practica adaptadas al limite de 12 compases y 4 subdivisiones. V2 medio compas: '/' indica cambio al tiempo 3. La progresion_1acorde_compas queda como version ultra facil. V3 ritmica: 12 compases = 1-4 verso, 5-8 estribillo, 9-10 puente, 11 vuelta al estribillo, 12 final/corte. V4: CSV rehecho a 16 compases maximo y 8 subdivisiones por compas. | V6 confianza=alta. | APP_SAFE: slash chords simplificados a acorde base para evitar fallos de playback."
Si - directa,Meter ya,Nivel 1-2: acompanamiento con acordes abiertos/capo y patron simple.,12,I'm Yours,Jason Mraz,EN,Pop acústico / reggae,2,52,76,4/4,reggae/offbeat,8,1 & 2 & 3 & 4 &,G formas; suena B,4,EADGBE,G; D; Em; C,4,- U - U - U - U,- U - U - U - U,- U - U - U - U,D - - - - - - -,- U - U - U - U,D=abajo; U=arriba; -=silencio/no golpe; x=apagado si aparece,-,U,-,U,-,U,-,U,G [- U - U - U - U],D [- U - U - U - U],Em [- U - U - U - U],C [- U - U - U - U],,,,,,,,,,,,,G G G G G G G G,D D D D D D D D,Em Em Em Em Em Em Em Em,C C C C C C C C,,,,,,,,,,,,,- U - U - U - U,- U - U - U - U,- U - U - U - U,- U - U - U - U,,,,,,,,,,,,,G | D | Em | C,acompanamiento_v6_musical_simplificado,"cambios reales de acordes, groove y estructura corta reconocible",V6: max 16 compases; subdivision max 8; no se rellenan compases vacios; 12/8 se trata como shuffle en 4/4 por limite tecnico,no,0,,https://acousticworld.net/100-easy-acoustic-guitar-songs-with-chords-tabs-lessons/,"BPM, tonalidad y compases son sugerencias de practica adaptadas al limite de 12 compases y 4 subdivisiones. V2 medio compas: '/' indica cambio al tiempo 3. La progresion_1acorde_compas queda como version ultra facil. V3 ritmica: 12 compases = 1-4 verso, 5-8 estribillo, 9-10 puente, 11 vuelta al estribillo, 12 final/corte. V4: CSV rehecho a 16 compases maximo y 8 subdivisiones por compas. | V6 confianza=alta. | APP_SAFE: slash chords simplificados a acorde base para evitar fallos de playback."
Si - directa,Meter ya,Nivel 1-2: acompanamiento con acordes abiertos/capo y patron simple.,13,Riptide,Vance Joy,EN,Indie folk,2,62,86,4/4,folk/acustico,8,1 & 2 & 3 & 4 &,Am formas; suena Bbm,1,EADGBE,Am; G; C,4,D - D U D - D U,D - D - D U D U,D - D U D - D U,D - - - - - - -,D - D U D - D U,D=abajo; U=arriba; -=silencio/no golpe; x=apagado si aparece,D,-,D,U,D,-,D,U,Am [D - D U D - D U],G [D - D U D - D U],C [D - D U D - D U],C [D - D U D - D U],,,,,,,,,,,,,Am Am Am Am Am Am Am Am,G G G G G G G G,C C C C C C C C,C C C C C C C C,,,,,,,,,,,,,D - D U D - D U,D - D U D - D U,D - D U D - D U,D - D U D - D U,,,,,,,,,,,,,Am | G | C | C,acompanamiento_v6_musical_simplificado,"cambios reales de acordes, groove y estructura corta reconocible",V6: max 16 compases; subdivision max 8; no se rellenan compases vacios; 12/8 se trata como shuffle en 4/4 por limite tecnico,no,0,,https://www.guitaring.net/learn/riptide-chords,"BPM, tonalidad y compases son sugerencias de practica adaptadas al limite de 12 compases y 4 subdivisiones. V2 medio compas: '/' indica cambio al tiempo 3. La progresion_1acorde_compas queda como version ultra facil. V3 ritmica: 12 compases = 1-4 verso, 5-8 estribillo, 9-10 puente, 11 vuelta al estribillo, 12 final/corte. V4: CSV rehecho a 16 compases maximo y 8 subdivisiones por compas. | V6 confianza=alta. | APP_SAFE: slash chords simplificados a acorde base para evitar fallos de playback."
Si - directa,Meter ya,Nivel 1-2: acompanamiento con acordes abiertos/capo y patron simple.,14,Zombie,The Cranberries,EN,Rock alternativo,1,60,84,4/4,rock binario,8,1 & 2 & 3 & 4 &,Em,0,EADGBE,Em; Cadd9; G; D,4,D D - U D U - U,D D D D D D D D,D D - U D U - U,D - - - - - - -,D D - U D U - U,D=abajo; U=arriba; -=silencio/no golpe; x=apagado si aparece,D,D,-,U,D,U,-,U,Em [D D - U D U - U],Cadd9 [D D - U D U - U],G [D D - U D U - U],D [D D - U D U - U],,,,,,,,,,,,,Em Em Em Em Em Em Em Em,Cadd9 Cadd9 Cadd9 Cadd9 Cadd9 Cadd9 Cadd9 Cadd9,G G G G G G G G,D D D D D D D D,,,,,,,,,,,,,D D - U D U - U,D D - U D U - U,D D - U D U - U,D D - U D U - U,,,,,,,,,,,,,Em | Cadd9 | G | D,acompanamiento_v6_musical_simplificado,"cambios reales de acordes, groove y estructura corta reconocible",V6: max 16 compases; subdivision max 8; no se rellenan compases vacios; 12/8 se trata como shuffle en 4/4 por limite tecnico,no,0,,https://guitarrasinlimites.com/acordes/40-canciones-faciles-para-tocar-en-guitarra/,"BPM, tonalidad y compases son sugerencias de practica adaptadas al limite de 12 compases y 4 subdivisiones. V2 medio compas: '/' indica cambio al tiempo 3. La progresion_1acorde_compas queda como version ultra facil. V3 ritmica: 12 compases = 1-4 verso, 5-8 estribillo, 9-10 puente, 11 vuelta al estribillo, 12 final/corte. V4: CSV rehecho a 16 compases maximo y 8 subdivisiones por compas. | V6 confianza=alta. | APP_SAFE: slash chords simplificados a acorde base para evitar fallos de playback."
Si - directa,Meter ya,Nivel 1-2: acompanamiento con acordes abiertos/capo y patron simple.,15,Good Riddance (Time of Your Life),Green Day,EN,Folk punk acústico,2,56,80,4/4,folk/acustico,8,1 & 2 & 3 & 4 &,G,0,EADGBE,G; Cadd9; D; Em,8,D - D U D - D U,D - D - D U D U,D - D U D - D U,D - - - - - - -,D - D U D - D U,D=abajo; U=arriba; -=silencio/no golpe; x=apagado si aparece,D,-,D,U,D,-,D,U,G [D - D U D - D U],Cadd9 [D - D U D - D U],D [D - D U D - D U],D [D - D U D - D U],Em [D - D - D U D U],D [D - D - D U D U],Cadd9 [D - D - D U D U],G [D - - - - - - -],,,,,,,,,G G G G G G G G,Cadd9 Cadd9 Cadd9 Cadd9 Cadd9 Cadd9 Cadd9 Cadd9,D D D D D D D D,D D D D D D D D,Em Em Em Em Em Em Em Em,D D D D D D D D,Cadd9 Cadd9 Cadd9 Cadd9 Cadd9 Cadd9 Cadd9 Cadd9,G G G G G G G G,,,,,,,,,D - D U D - D U,D - D U D - D U,D - D U D - D U,D - D U D - D U,D - D - D U D U,D - D - D U D U,D - D - D U D U,D - - - - - - -,,,,,,,,,G | Cadd9 | D | D | Em | D | Cadd9 | G,acompanamiento_v6_musical_simplificado,"cambios reales de acordes, groove y estructura corta reconocible",V6: max 16 compases; subdivision max 8; no se rellenan compases vacios; 12/8 se trata como shuffle en 4/4 por limite tecnico,no,0,,https://musictonic.com/es/canciones-faciles-de-guitarra-para-principiantes/,"BPM, tonalidad y compases son sugerencias de practica adaptadas al limite de 12 compases y 4 subdivisiones. V2 medio compas: '/' indica cambio al tiempo 3. La progresion_1acorde_compas queda como version ultra facil. V3 ritmica: 12 compases = 1-4 verso, 5-8 estribillo, 9-10 puente, 11 vuelta al estribillo, 12 final/corte. V4: CSV rehecho a 16 compases maximo y 8 subdivisiones por compas. | V6 confianza=alta. | APP_SAFE: slash chords simplificados a acorde base para evitar fallos de playback."
Si - simplificada,F reducido,Muy reconocible; usar Fmaj7/mini-F y priorizar continuidad del pulso.,16,House of the Rising Sun,The Animals,EN,Folk rock,3,45,68,6/8,balada/arpegio 6/8,6,1 2 3 4 5 6,Am,0,EADGBE,Am; C; D; F; E,8,D - U D - U,D - - D - U,D - U D - U,D - - - - -,D - U D - U,D=abajo; U=arriba; -=silencio/no golpe; x=apagado si aparece,D,-,U,D,-,U,,,Am [D - U D - U],C [D - U D - U],D [D - U D - U],F [D - U D - U],Am [D - - D - U],C [D - - D - U],E [D - - D - U],E [D - - - - -],,,,,,,,,Am Am Am Am Am Am,C C C C C C,D D D D D D,F F F F F F,Am Am Am Am Am Am,C C C C C C,E E E E E E,E E E E E E,,,,,,,,,D - U D - U,D - U D - U,D - U D - U,D - U D - U,D - - D - U,D - - D - U,D - - D - U,D - - - - -,,,,,,,,,Am | C | D | F | Am | C | E | E,acompanamiento_v6_musical_simplificado,"cambios reales de acordes, groove y estructura corta reconocible",V6: max 16 compases; subdivision max 8; no se rellenan compases vacios; 12/8 se trata como shuffle en 4/4 por limite tecnico,no,0,,https://musictonic.com/es/canciones-faciles-de-guitarra-para-principiantes/,"BPM, tonalidad y compases son sugerencias de practica adaptadas al limite de 12 compases y 4 subdivisiones. V2 medio compas: '/' indica cambio al tiempo 3. La progresion_1acorde_compas queda como version ultra facil. V3 ritmica: 12 compases = 1-4 verso, 5-8 estribillo, 9-10 puente, 11 vuelta al estribillo, 12 final/corte. V4: CSV rehecho a 16 compases maximo y 8 subdivisiones por compas. | V6 confianza=alta. | APP_SAFE: slash chords simplificados a acorde base para evitar fallos de playback."
Si - directa,Meter ya,Nivel 1-2: acompanamiento con acordes abiertos/capo y patron simple.,17,Hurt,Johnny Cash,EN,Folk / country alternativo,2,45,60,4/4,balada 4/4,8,1 & 2 & 3 & 4 &,Am,0,EADGBE,Am; C; D; G,8,D - - U D - D U,D - - U - U D -,D - - U D - D U,D - - - - - - -,D - - U D - D U,D=abajo; U=arriba; -=silencio/no golpe; x=apagado si aparece,D,-,-,U,D,-,D,U,Am [D - - U D - D U],C [D - - U D - D U],D [D - - U D - D U],Am [D - - U D - D U],C [D - - U - U D -],D [D - - U - U D -],G [D - - U - U D -],Am [D - - - - - - -],,,,,,,,,Am Am Am Am Am Am Am Am,C C C C C C C C,D D D D D D D D,Am Am Am Am Am Am Am Am,C C C C C C C C,D D D D D D D D,G G G G G G G G,Am Am Am Am Am Am Am Am,,,,,,,,,D - - U D - D U,D - - U D - D U,D - - U D - D U,D - - U D - D U,D - - U - U D -,D - - U - U D -,D - - U - U D -,D - - - - - - -,,,,,,,,,Am | C | D | Am | C | D | G | Am,acompanamiento_v6_musical_simplificado,"cambios reales de acordes, groove y estructura corta reconocible",V6: max 16 compases; subdivision max 8; no se rellenan compases vacios; 12/8 se trata como shuffle en 4/4 por limite tecnico,no,0,,https://musictonic.com/es/canciones-faciles-de-guitarra-para-principiantes/,"BPM, tonalidad y compases son sugerencias de practica adaptadas al limite de 12 compases y 4 subdivisiones. V2 medio compas: '/' indica cambio al tiempo 3. La progresion_1acorde_compas queda como version ultra facil. V3 ritmica: 12 compases = 1-4 verso, 5-8 estribillo, 9-10 puente, 11 vuelta al estribillo, 12 final/corte. V4: CSV rehecho a 16 compases maximo y 8 subdivisiones por compas. | V6 confianza=alta. | APP_SAFE: slash chords simplificados a acorde base para evitar fallos de playback."
Si - simplificada,Capo/cejilla reducida,"Muy pedida; entrar con capo, mini-cejilla o sustitucion antes de exigir cejilla completa.",18,Hey There Delilah,Plain White T's,EN,Pop acústico,3,48,72,4/4,pop/rock binario,8,1 & 2 & 3 & 4 &,D formas; suena E,2,EADGBE,D; F#m; Bm; G; A,8,D - - U - U D -,D - D U - U D U,D - - U D - D U,D - - - - - - -,D - - U - U D -,D=abajo; U=arriba; -=silencio/no golpe; x=apagado si aparece,D,-,-,U,-,U,D,-,D [D - - U - U D -],F#m [D - - U - U D -],Bm [D - - U - U D -],G [D - - U - U D -],D [D - D U - U D U],F#m [D - D U - U D U],Bm [D - D U - U D U],A(1-4) / G(5-8) [D - - - - - - -],,,,,,,,,D D D D D D D D,F#m F#m F#m F#m F#m F#m F#m F#m,Bm Bm Bm Bm Bm Bm Bm Bm,G G G G G G G G,D D D D D D D D,F#m F#m F#m F#m F#m F#m F#m F#m,Bm Bm Bm Bm Bm Bm Bm Bm,A A A A G G G G,,,,,,,,,D - - U - U D -,D - - U - U D -,D - - U - U D -,D - - U - U D -,D - D U - U D U,D - D U - U D U,D - D U - U D U,D - - - - - - -,,,,,,,,,D | F#m | Bm | G | D | F#m | Bm | A(1-4) / G(5-8),acompanamiento_v6_musical_simplificado,"cambios reales de acordes, groove y estructura corta reconocible",V6: max 16 compases; subdivision max 8; no se rellenan compases vacios; 12/8 se trata como shuffle en 4/4 por limite tecnico,si,1,8,https://acousticworld.net/100-easy-acoustic-guitar-songs-with-chords-tabs-lessons/,"BPM, tonalidad y compases son sugerencias de practica adaptadas al limite de 12 compases y 4 subdivisiones. V2 medio compas: '/' indica cambio al tiempo 3. La progresion_1acorde_compas queda como version ultra facil. V3 ritmica: 12 compases = 1-4 verso, 5-8 estribillo, 9-10 puente, 11 vuelta al estribillo, 12 final/corte. V4: CSV rehecho a 16 compases maximo y 8 subdivisiones por compas. | V6 confianza=alta. | APP_SAFE: slash chords simplificados a acorde base para evitar fallos de playback."
Si - directa,Meter ya,Nivel 1-2: acompanamiento con acordes abiertos/capo y patron simple.,19,Hallelujah,Leonard Cohen,EN,Folk / balada,2,45,62,6/8,balada/arpegio 6/8,6,1 2 3 4 5 6,C,0,EADGBE,C; Am; F; G,8,D - - D - U,D - U D - U,D - - D - U,D - - - - -,D - - D - U,D=abajo; U=arriba; -=silencio/no golpe; x=apagado si aparece,D,-,-,D,-,U,,,C [D - - D - U],Am [D - - D - U],C [D - - D - U],Am [D - - D - U],F [D - U D - U],G [D - U D - U],C [D - U D - U],G [D - - - - -],,,,,,,,,C C C C C C,Am Am Am Am Am Am,C C C C C C,Am Am Am Am Am Am,F F F F F F,G G G G G G,C C C C C C,G G G G G G,,,,,,,,,D - - D - U,D - - D - U,D - - D - U,D - - D - U,D - U D - U,D - U D - U,D - U D - U,D - - - - -,,,,,,,,,C | Am | C | Am | F | G | C | G,acompanamiento_v6_musical_simplificado,"cambios reales de acordes, groove y estructura corta reconocible",V6: max 16 compases; subdivision max 8; no se rellenan compases vacios; 12/8 se trata como shuffle en 4/4 por limite tecnico,no,0,,https://acousticworld.net/100-easy-acoustic-guitar-songs-with-chords-tabs-lessons/,"BPM, tonalidad y compases son sugerencias de practica adaptadas al limite de 12 compases y 4 subdivisiones. V2 medio compas: '/' indica cambio al tiempo 3. La progresion_1acorde_compas queda como version ultra facil. V3 ritmica: 12 compases = 1-4 verso, 5-8 estribillo, 9-10 puente, 11 vuelta al estribillo, 12 final/corte. V4: CSV rehecho a 16 compases maximo y 8 subdivisiones por compas. | V6 confianza=alta. | APP_SAFE: slash chords simplificados a acorde base para evitar fallos de playback."
Si - directa,Meter ya,Nivel 1-2: acompanamiento con acordes abiertos/capo y patron simple.,20,Free Fallin',Tom Petty,EN,Rock / folk,1,54,78,4/4,country/folk,8,1 & 2 & 3 & 4 &,D,0,EADGBE,D; Dsus4; G,4,D - D - D U D U,D - D U D - D U,D - D - D U D U,D - - - - - - -,D - D - D U D U,D=abajo; U=arriba; -=silencio/no golpe; x=apagado si aparece,D,-,D,-,D,U,D,U,D [D - D - D U D U],Dsus4 [D - D - D U D U],G [D - D - D U D U],G [D - D - D U D U],,,,,,,,,,,,,D D D D D D D D,Dsus4 Dsus4 Dsus4 Dsus4 Dsus4 Dsus4 Dsus4 Dsus4,G G G G G G G G,G G G G G G G G,,,,,,,,,,,,,D - D - D U D U,D - D - D U D U,D - D - D U D U,D - D - D U D U,,,,,,,,,,,,,D | Dsus4 | G | G,acompanamiento_v6_musical_simplificado,"cambios reales de acordes, groove y estructura corta reconocible",V6: max 16 compases; subdivision max 8; no se rellenan compases vacios; 12/8 se trata como shuffle en 4/4 por limite tecnico,no,0,,https://acousticworld.net/100-easy-acoustic-guitar-songs-with-chords-tabs-lessons/,"BPM, tonalidad y compases son sugerencias de practica adaptadas al limite de 12 compases y 4 subdivisiones. V2 medio compas: '/' indica cambio al tiempo 3. La progresion_1acorde_compas queda como version ultra facil. V3 ritmica: 12 compases = 1-4 verso, 5-8 estribillo, 9-10 puente, 11 vuelta al estribillo, 12 final/corte. V4: CSV rehecho a 16 compases maximo y 8 subdivisiones por compas. | V6 confianza=alta. | APP_SAFE: slash chords simplificados a acorde base para evitar fallos de playback."
Si - directa,Meter ya,Nivel 1-2: acompanamiento con acordes abiertos/capo y patron simple.,21,Brown Eyed Girl,Van Morrison,EN,Pop rock,2,70,94,4/4,pop/rock binario,8,1 & 2 & 3 & 4 &,G,0,EADGBE,G; C; D; Em,16,D - D U - U D U,D D - U D U - U,D - D - D U D U,D - - - - - - -,D - D U - U D U,D=abajo; U=arriba; -=silencio/no golpe; x=apagado si aparece,D,-,D,U,-,U,D,U,G [D - D U - U D U],C [D - D U - U D U],G [D - D U - U D U],D [D - D U - U D U],G [D D - U D U - U],C [D D - U D U - U],G [D D - U D U - U],D [D D - U D U - U],C [D - D - D U D U],D [D - D - D U D U],G [D - D - D U D U],Em [D - D - D U D U],C [D - D - D U D U],D [D - D - D U D U],G [D - D - D U D U],D [D - - - - - - -],G G G G G G G G,C C C C C C C C,G G G G G G G G,D D D D D D D D,G G G G G G G G,C C C C C C C C,G G G G G G G G,D D D D D D D D,C C C C C C C C,D D D D D D D D,G G G G G G G G,Em Em Em Em Em Em Em Em,C C C C C C C C,D D D D D D D D,G G G G G G G G,D D D D D D D D,D - D U - U D U,D - D U - U D U,D - D U - U D U,D - D U - U D U,D D - U D U - U,D D - U D U - U,D D - U D U - U,D D - U D U - U,D - D - D U D U,D - D - D U D U,D - D - D U D U,D - D - D U D U,D - D - D U D U,D - D - D U D U,D - D - D U D U,D - - - - - - -,G | C | G | D | G | C | G | D | C | D | G | Em | C | D | G | D,acompanamiento_v6_musical_simplificado,"cambios reales de acordes, groove y estructura corta reconocible",V6: max 16 compases; subdivision max 8; no se rellenan compases vacios; 12/8 se trata como shuffle en 4/4 por limite tecnico,no,0,,https://acousticworld.net/100-easy-acoustic-guitar-songs-with-chords-tabs-lessons/,"BPM, tonalidad y compases son sugerencias de practica adaptadas al limite de 12 compases y 4 subdivisiones. V2 medio compas: '/' indica cambio al tiempo 3. La progresion_1acorde_compas queda como version ultra facil. V3 ritmica: 12 compases = 1-4 verso, 5-8 estribillo, 9-10 puente, 11 vuelta al estribillo, 12 final/corte. V4: CSV rehecho a 16 compases maximo y 8 subdivisiones por compas. | V6 confianza=alta. | APP_SAFE: slash chords simplificados a acorde base para evitar fallos de playback."
Si - simplificada,Version facil,"Nivel 3, pero funciona como acompanamiento si se evita transcripcion exacta.",22,Wish You Were Here,Pink Floyd,EN,Rock acústico,3,45,68,4/4,folk/acustico,8,1 & 2 & 3 & 4 &,G,0,EADGBE,G; Cadd9; D; Am,8,D - D U D - D U,D - D - D U D U,D - D U D - D U,D - - - - - - -,D - D U D - D U,D=abajo; U=arriba; -=silencio/no golpe; x=apagado si aparece,D,-,D,U,D,-,D,U,G [D - D U D - D U],Cadd9 [D - D U D - D U],D [D - D U D - D U],Am [D - D U D - D U],G [D - D - D U D U],Cadd9 [D - D - D U D U],D [D - D - D U D U],D [D - - - - - - -],,,,,,,,,G G G G G G G G,Cadd9 Cadd9 Cadd9 Cadd9 Cadd9 Cadd9 Cadd9 Cadd9,D D D D D D D D,Am Am Am Am Am Am Am Am,G G G G G G G G,Cadd9 Cadd9 Cadd9 Cadd9 Cadd9 Cadd9 Cadd9 Cadd9,D D D D D D D D,D D D D D D D D,,,,,,,,,D - D U D - D U,D - D U D - D U,D - D U D - D U,D - D U D - D U,D - D - D U D U,D - D - D U D U,D - D - D U D U,D - - - - - - -,,,,,,,,,G | Cadd9 | D | Am | G | Cadd9 | D | D,acompanamiento_v6_musical_simplificado,"cambios reales de acordes, groove y estructura corta reconocible",V6: max 16 compases; subdivision max 8; no se rellenan compases vacios; 12/8 se trata como shuffle en 4/4 por limite tecnico,no,0,,https://acousticworld.net/100-easy-acoustic-guitar-songs-with-chords-tabs-lessons/,"BPM, tonalidad y compases son sugerencias de practica adaptadas al limite de 12 compases y 4 subdivisiones. V2 medio compas: '/' indica cambio al tiempo 3. La progresion_1acorde_compas queda como version ultra facil. V3 ritmica: 12 compases = 1-4 verso, 5-8 estribillo, 9-10 puente, 11 vuelta al estribillo, 12 final/corte. V4: CSV rehecho a 16 compases maximo y 8 subdivisiones por compas. | V6 confianza=alta. | APP_SAFE: slash chords simplificados a acorde base para evitar fallos de playback."
Si - directa,Meter ya,Nivel 1-2: acompanamiento con acordes abiertos/capo y patron simple.,23,Wagon Wheel,Old Crow Medicine Show / Darius Rucker,EN,Country folk,1,58,82,4/4,country/folk,8,1 & 2 & 3 & 4 &,G formas; suena A,2,EADGBE,G; D; Em; C,4,D - D - D U D U,D - D U D - D U,D - D - D U D U,D - - - - - - -,D - D - D U D U,D=abajo; U=arriba; -=silencio/no golpe; x=apagado si aparece,D,-,D,-,D,U,D,U,G [D - D - D U D U],D [D - D - D U D U],Em [D - D - D U D U],C [D - D - D U D U],,,,,,,,,,,,,G G G G G G G G,D D D D D D D D,Em Em Em Em Em Em Em Em,C C C C C C C C,,,,,,,,,,,,,D - D - D U D U,D - D - D U D U,D - D - D U D U,D - D - D U D U,,,,,,,,,,,,,G | D | Em | C,acompanamiento_v6_musical_simplificado,"cambios reales de acordes, groove y estructura corta reconocible",V6: max 16 compases; subdivision max 8; no se rellenan compases vacios; 12/8 se trata como shuffle en 4/4 por limite tecnico,no,0,,https://musictonic.com/es/canciones-faciles-de-guitarra-para-principiantes/,"BPM, tonalidad y compases son sugerencias de practica adaptadas al limite de 12 compases y 4 subdivisiones. V2 medio compas: '/' indica cambio al tiempo 3. La progresion_1acorde_compas queda como version ultra facil. V3 ritmica: 12 compases = 1-4 verso, 5-8 estribillo, 9-10 puente, 11 vuelta al estribillo, 12 final/corte. V4: CSV rehecho a 16 compases maximo y 8 subdivisiones por compas. | V6 confianza=alta. | APP_SAFE: slash chords simplificados a acorde base para evitar fallos de playback."
Si - directa,Meter ya,Nivel 1-2: acompanamiento con acordes abiertos/capo y patron simple.,24,Ring of Fire,Johnny Cash,EN,Country,1,58,82,4/4,country/folk,8,1 & 2 & 3 & 4 &,G,0,EADGBE,G; C; D,4,D - D - D U D U,D - D U D - D U,D - D - D U D U,D - - - - - - -,D - D - D U D U,D=abajo; U=arriba; -=silencio/no golpe; x=apagado si aparece,D,-,D,-,D,U,D,U,G [D - D - D U D U],C [D - D - D U D U],G [D - D - D U D U],D [D - D - D U D U],,,,,,,,,,,,,G G G G G G G G,C C C C C C C C,G G G G G G G G,D D D D D D D D,,,,,,,,,,,,,D - D - D U D U,D - D - D U D U,D - D - D U D U,D - D - D U D U,,,,,,,,,,,,,G | C | G | D,acompanamiento_v6_musical_simplificado,"cambios reales de acordes, groove y estructura corta reconocible",V6: max 16 compases; subdivision max 8; no se rellenan compases vacios; 12/8 se trata como shuffle en 4/4 por limite tecnico,no,0,,https://acousticworld.net/100-easy-acoustic-guitar-songs-with-chords-tabs-lessons/,"BPM, tonalidad y compases son sugerencias de practica adaptadas al limite de 12 compases y 4 subdivisiones. V2 medio compas: '/' indica cambio al tiempo 3. La progresion_1acorde_compas queda como version ultra facil. V3 ritmica: 12 compases = 1-4 verso, 5-8 estribillo, 9-10 puente, 11 vuelta al estribillo, 12 final/corte. V4: CSV rehecho a 16 compases maximo y 8 subdivisiones por compas. | V6 confianza=alta. | APP_SAFE: slash chords simplificados a acorde base para evitar fallos de playback."
Si - directa,Meter ya,Nivel 1-2: acompanamiento con acordes abiertos/capo y patron simple.,25,Folsom Prison Blues,Johnny Cash,EN,Country / rockabilly,2,62,86,4/4,country/folk,8,1 & 2 & 3 & 4 &,E,0,EADGBE,E; A; B7,12,D - D - D U D U,D - D U D - D U,D - D - D U D U,D - - - - - - -,D - D - D U D U,D=abajo; U=arriba; -=silencio/no golpe; x=apagado si aparece,D,-,D,-,D,U,D,U,E [D - D - D U D U],E [D - D - D U D U],E [D - D - D U D U],E [D - D - D U D U],A [D - D U D - D U],A [D - D U D - D U],E [D - D U D - D U],E [D - D U D - D U],B7 [D - D U D - D U],A [D - D U D - D U],E [D - D U D - D U],B7 [D - - - - - - -],,,,,E E E E E E E E,E E E E E E E E,E E E E E E E E,E E E E E E E E,A A A A A A A A,A A A A A A A A,E E E E E E E E,E E E E E E E E,B7 B7 B7 B7 B7 B7 B7 B7,A A A A A A A A,E E E E E E E E,B7 B7 B7 B7 B7 B7 B7 B7,,,,,D - D - D U D U,D - D - D U D U,D - D - D U D U,D - D - D U D U,D - D U D - D U,D - D U D - D U,D - D U D - D U,D - D U D - D U,D - D U D - D U,D - D U D - D U,D - D U D - D U,D - - - - - - -,,,,,E | E | E | E | A | A | E | E | B7 | A | E | B7,acompanamiento_v6_musical_simplificado,"cambios reales de acordes, groove y estructura corta reconocible",V6: max 16 compases; subdivision max 8; no se rellenan compases vacios; 12/8 se trata como shuffle en 4/4 por limite tecnico,no,0,,https://www.justinguitar.com/songs,"BPM, tonalidad y compases son sugerencias de practica adaptadas al limite de 12 compases y 4 subdivisiones. V2 medio compas: '/' indica cambio al tiempo 3. La progresion_1acorde_compas queda como version ultra facil. V3 ritmica: 12 compases = 1-4 verso, 5-8 estribillo, 9-10 puente, 11 vuelta al estribillo, 12 final/corte. V4: CSV rehecho a 16 compases maximo y 8 subdivisiones por compas. | V6 confianza=alta. | APP_SAFE: slash chords simplificados a acorde base para evitar fallos de playback."
Si - directa,Meter ya,Nivel 1-2: acompanamiento con acordes abiertos/capo y patron simple.,26,Hound Dog,Elvis Presley,EN,Rock and roll / blues,2,68,92,4/4,shuffle/blues ternario representado en 4/4,8,1 & 2 & 3 & 4 &,E,0,EADGBE,E; A; B7,12,D - U - D - U -,D - U - D - U -,D - U - D - U -,D - - - - - - -,D - U - D - U -,D=abajo; U=arriba; -=silencio/no golpe; x=apagado si aparece,D,-,U,-,D,-,U,-,E [D - U - D - U -],E [D - U - D - U -],E [D - U - D - U -],E [D - U - D - U -],A [D - U - D - U -],A [D - U - D - U -],E [D - U - D - U -],E [D - U - D - U -],B7 [D - U - D - U -],A [D - U - D - U -],E [D - U - D - U -],B7 [D - - - - - - -],,,,,E E E E E E E E,E E E E E E E E,E E E E E E E E,E E E E E E E E,A A A A A A A A,A A A A A A A A,E E E E E E E E,E E E E E E E E,B7 B7 B7 B7 B7 B7 B7 B7,A A A A A A A A,E E E E E E E E,B7 B7 B7 B7 B7 B7 B7 B7,,,,,D - U - D - U -,D - U - D - U -,D - U - D - U -,D - U - D - U -,D - U - D - U -,D - U - D - U -,D - U - D - U -,D - U - D - U -,D - U - D - U -,D - U - D - U -,D - U - D - U -,D - - - - - - -,,,,,E | E | E | E | A | A | E | E | B7 | A | E | B7,acompanamiento_v6_musical_simplificado,"cambios reales de acordes, groove y estructura corta reconocible",V6: max 16 compases; subdivision max 8; no se rellenan compases vacios; 12/8 se trata como shuffle en 4/4 por limite tecnico,no,0,,https://acousticworld.net/100-easy-acoustic-guitar-songs-with-chords-tabs-lessons/,"BPM, tonalidad y compases son sugerencias de practica adaptadas al limite de 12 compases y 4 subdivisiones. V2 medio compas: '/' indica cambio al tiempo 3. La progresion_1acorde_compas queda como version ultra facil. V3 ritmica: 12 compases = 1-4 verso, 5-8 estribillo, 9-10 puente, 11 vuelta al estribillo, 12 final/corte. V4: CSV rehecho a 16 compases maximo y 8 subdivisiones por compas. | V6 confianza=alta. | APP_SAFE: slash chords simplificados a acorde base para evitar fallos de playback."
Si - directa,Meter ya,Nivel 1-2: acompanamiento con acordes abiertos/capo y patron simple.,27,Sweet Caroline,Neil Diamond,EN,Pop clásico,2,58,82,4/4,pop/rock binario,8,1 & 2 & 3 & 4 &,G,0,EADGBE,G; C; D; Em,8,D - D U - U D U,D D - U D U - U,D - D - D U D U,D - - - - - - -,D - D U - U D U,D=abajo; U=arriba; -=silencio/no golpe; x=apagado si aparece,D,-,D,U,-,U,D,U,G [D - D U - U D U],C [D - D U - U D U],D [D - D U - U D U],G [D - D U - U D U],Em [D D - U D U - U],C [D D - U D U - U],D [D D - U D U - U],D [D - - - - - - -],,,,,,,,,G G G G G G G G,C C C C C C C C,D D D D D D D D,G G G G G G G G,Em Em Em Em Em Em Em Em,C C C C C C C C,D D D D D D D D,D D D D D D D D,,,,,,,,,D - D U - U D U,D - D U - U D U,D - D U - U D U,D - D U - U D U,D D - U D U - U,D D - U D U - U,D D - U D U - U,D - - - - - - -,,,,,,,,,G | C | D | G | Em | C | D | D,acompanamiento_v6_musical_simplificado,"cambios reales de acordes, groove y estructura corta reconocible",V6: max 16 compases; subdivision max 8; no se rellenan compases vacios; 12/8 se trata como shuffle en 4/4 por limite tecnico,no,0,,https://acousticworld.net/100-easy-acoustic-guitar-songs-with-chords-tabs-lessons/,"BPM, tonalidad y compases son sugerencias de practica adaptadas al limite de 12 compases y 4 subdivisiones. V2 medio compas: '/' indica cambio al tiempo 3. La progresion_1acorde_compas queda como version ultra facil. V3 ritmica: 12 compases = 1-4 verso, 5-8 estribillo, 9-10 puente, 11 vuelta al estribillo, 12 final/corte. V4: CSV rehecho a 16 compases maximo y 8 subdivisiones por compas. | V6 confianza=alta. | APP_SAFE: slash chords simplificados a acorde base para evitar fallos de playback."
Si - directa,Meter ya,Nivel 1-2: acompanamiento con acordes abiertos/capo y patron simple.,28,Twist and Shout,The Beatles / The Isley Brothers,EN,Rock and roll,1,72,96,4/4,rock binario,8,1 & 2 & 3 & 4 &,D,0,EADGBE,D; G; A,2,D D - U D U - U,D D D D D D D D,D D - U D U - U,D - - - - - - -,D D - U D U - U,D=abajo; U=arriba; -=silencio/no golpe; x=apagado si aparece,D,D,-,U,D,U,-,U,D(1-4) / G(5-8) [D D - U D U - U],A [D D - U D U - U],,,,,,,,,,,,,,,D D D D G G G G,A A A A A A A A,,,,,,,,,,,,,,,D D - U D U - U,D D - U D U - U,,,,,,,,,,,,,,,D(1-4) / G(5-8) | A,acompanamiento_v6_musical_simplificado,"cambios reales de acordes, groove y estructura corta reconocible",V6: max 16 compases; subdivision max 8; no se rellenan compases vacios; 12/8 se trata como shuffle en 4/4 por limite tecnico,si,1,1,https://acousticworld.net/100-easy-acoustic-guitar-songs-with-chords-tabs-lessons/,"BPM, tonalidad y compases son sugerencias de practica adaptadas al limite de 12 compases y 4 subdivisiones. V2 medio compas: '/' indica cambio al tiempo 3. La progresion_1acorde_compas queda como version ultra facil. V3 ritmica: 12 compases = 1-4 verso, 5-8 estribillo, 9-10 puente, 11 vuelta al estribillo, 12 final/corte. V4: CSV rehecho a 16 compases maximo y 8 subdivisiones por compas. | V6 confianza=alta. | APP_SAFE: slash chords simplificados a acorde base para evitar fallos de playback."
Si - directa,Meter ya,Nivel 1-2: acompanamiento con acordes abiertos/capo y patron simple.,29,Wild Thing,The Troggs,EN,Garage rock,1,68,92,4/4,rock binario,8,1 & 2 & 3 & 4 &,A,0,EADGBE,A; D; E,4,D D - U D U - U,D D D D D D D D,D D - U D U - U,D - - - - - - -,D D - U D U - U,D=abajo; U=arriba; -=silencio/no golpe; x=apagado si aparece,D,D,-,U,D,U,-,U,A [D D - U D U - U],D [D D - U D U - U],E [D D - U D U - U],D [D D - U D U - U],,,,,,,,,,,,,A A A A A A A A,D D D D D D D D,E E E E E E E E,D D D D D D D D,,,,,,,,,,,,,D D - U D U - U,D D - U D U - U,D D - U D U - U,D D - U D U - U,,,,,,,,,,,,,A | D | E | D,acompanamiento_v6_musical_simplificado,"cambios reales de acordes, groove y estructura corta reconocible",V6: max 16 compases; subdivision max 8; no se rellenan compases vacios; 12/8 se trata como shuffle en 4/4 por limite tecnico,no,0,,https://acousticworld.net/100-easy-acoustic-guitar-songs-with-chords-tabs-lessons/,"BPM, tonalidad y compases son sugerencias de practica adaptadas al limite de 12 compases y 4 subdivisiones. V2 medio compas: '/' indica cambio al tiempo 3. La progresion_1acorde_compas queda como version ultra facil. V3 ritmica: 12 compases = 1-4 verso, 5-8 estribillo, 9-10 puente, 11 vuelta al estribillo, 12 final/corte. V4: CSV rehecho a 16 compases maximo y 8 subdivisiones por compas. | V6 confianza=alta. | APP_SAFE: slash chords simplificados a acorde base para evitar fallos de playback."
Si - directa,Meter ya,Nivel 1-2: acompanamiento con acordes abiertos/capo y patron simple.,30,You Are My Sunshine,Jimmie Davis,EN,Country / tradicional,1,48,72,3/4,vals/balada ternaria,6,1 & 2 & 3 &,G,0,EADGBE,G; C; D,8,D - D U D U,D - D U D U,D - D - D U,D - - - - -,D - D U D U,D=abajo; U=arriba; -=silencio/no golpe; x=apagado si aparece,D,-,D,U,D,U,,,G [D - D U D U],G [D - D U D U],C [D - D U D U],G [D - D U D U],C [D - D U D U],G [D - D U D U],D [D - D U D U],G [D - - - - -],,,,,,,,,G G G G G G,G G G G G G,C C C C C C,G G G G G G,C C C C C C,G G G G G G,D D D D D D,G G G G G G,,,,,,,,,D - D U D U,D - D U D U,D - D U D U,D - D U D U,D - D U D U,D - D U D U,D - D U D U,D - - - - -,,,,,,,,,G | G | C | G | C | G | D | G,acompanamiento_v6_musical_simplificado,"cambios reales de acordes, groove y estructura corta reconocible",V6: max 16 compases; subdivision max 8; no se rellenan compases vacios; 12/8 se trata como shuffle en 4/4 por limite tecnico,no,0,,https://acousticworld.net/100-easy-acoustic-guitar-songs-with-chords-tabs-lessons/,"BPM, tonalidad y compases son sugerencias de practica adaptadas al limite de 12 compases y 4 subdivisiones. V2 medio compas: '/' indica cambio al tiempo 3. La progresion_1acorde_compas queda como version ultra facil. V3 ritmica: 12 compases = 1-4 verso, 5-8 estribillo, 9-10 puente, 11 vuelta al estribillo, 12 final/corte. V4: CSV rehecho a 16 compases maximo y 8 subdivisiones por compas. | V6 confianza=alta. | APP_SAFE: slash chords simplificados a acorde base para evitar fallos de playback."
Si - directa,Meter ya,Nivel 1-2: acompanamiento con acordes abiertos/capo y patron simple.,31,Jolene,Dolly Parton,EN,Country,2,52,76,4/4,country/folk,8,1 & 2 & 3 & 4 &,Am,0,EADGBE,Am; C; G,4,D - D - D U D U,D - D U D - D U,D - D - D U D U,D - - - - - - -,D - D - D U D U,D=abajo; U=arriba; -=silencio/no golpe; x=apagado si aparece,D,-,D,-,D,U,D,U,Am [D - D - D U D U],C [D - D - D U D U],G [D - D - D U D U],Am [D - D - D U D U],,,,,,,,,,,,,Am Am Am Am Am Am Am Am,C C C C C C C C,G G G G G G G G,Am Am Am Am Am Am Am Am,,,,,,,,,,,,,D - D - D U D U,D - D - D U D U,D - D - D U D U,D - D - D U D U,,,,,,,,,,,,,Am | C | G | Am,acompanamiento_v6_musical_simplificado,"cambios reales de acordes, groove y estructura corta reconocible",V6: max 16 compases; subdivision max 8; no se rellenan compases vacios; 12/8 se trata como shuffle en 4/4 por limite tecnico,no,0,,https://www.justinguitar.com/songs,"BPM, tonalidad y compases son sugerencias de practica adaptadas al limite de 12 compases y 4 subdivisiones. V2 medio compas: '/' indica cambio al tiempo 3. La progresion_1acorde_compas queda como version ultra facil. V3 ritmica: 12 compases = 1-4 verso, 5-8 estribillo, 9-10 puente, 11 vuelta al estribillo, 12 final/corte. V4: CSV rehecho a 16 compases maximo y 8 subdivisiones por compas. | V6 confianza=alta. | APP_SAFE: slash chords simplificados a acorde base para evitar fallos de playback."
Si - directa,Meter ya,Nivel 1-2: acompanamiento con acordes abiertos/capo y patron simple.,32,Every Rose Has Its Thorn,Poison,EN,Power ballad acústica,2,45,68,4/4,balada 4/4,8,1 & 2 & 3 & 4 &,G,0,EADGBE,G; Cadd9; D,4,D - - U D - D U,D - - U - U D -,D - - U D - D U,D - - - - - - -,D - - U D - D U,D=abajo; U=arriba; -=silencio/no golpe; x=apagado si aparece,D,-,-,U,D,-,D,U,G [D - - U D - D U],Cadd9 [D - - U D - D U],D [D - - U D - D U],Cadd9 [D - - U D - D U],,,,,,,,,,,,,G G G G G G G G,Cadd9 Cadd9 Cadd9 Cadd9 Cadd9 Cadd9 Cadd9 Cadd9,D D D D D D D D,Cadd9 Cadd9 Cadd9 Cadd9 Cadd9 Cadd9 Cadd9 Cadd9,,,,,,,,,,,,,D - - U D - D U,D - - U D - D U,D - - U D - D U,D - - U D - D U,,,,,,,,,,,,,G | Cadd9 | D | Cadd9,acompanamiento_v6_musical_simplificado,"cambios reales de acordes, groove y estructura corta reconocible",V6: max 16 compases; subdivision max 8; no se rellenan compases vacios; 12/8 se trata como shuffle en 4/4 por limite tecnico,no,0,,https://acousticworld.net/100-easy-acoustic-guitar-songs-with-chords-tabs-lessons/,"BPM, tonalidad y compases son sugerencias de practica adaptadas al limite de 12 compases y 4 subdivisiones. V2 medio compas: '/' indica cambio al tiempo 3. La progresion_1acorde_compas queda como version ultra facil. V3 ritmica: 12 compases = 1-4 verso, 5-8 estribillo, 9-10 puente, 11 vuelta al estribillo, 12 final/corte. V4: CSV rehecho a 16 compases maximo y 8 subdivisiones por compas. | V6 confianza=alta. | APP_SAFE: slash chords simplificados a acorde base para evitar fallos de playback."
Si - directa,Meter ya,Nivel 1-2: acompanamiento con acordes abiertos/capo y patron simple.,33,Perfect,Ed Sheeran,EN,Pop acústico,2,45,64,6/8,balada/arpegio 6/8,6,1 2 3 4 5 6,G,0,EADGBE,G; Em; C; D,4,D - - D - U,D - U D - U,D - - D - U,D - - - - -,D - - D - U,D=abajo; U=arriba; -=silencio/no golpe; x=apagado si aparece,D,-,-,D,-,U,,,G [D - - D - U],Em [D - - D - U],C [D - - D - U],D [D - - D - U],,,,,,,,,,,,,G G G G G G,Em Em Em Em Em Em,C C C C C C,D D D D D D,,,,,,,,,,,,,D - - D - U,D - - D - U,D - - D - U,D - - D - U,,,,,,,,,,,,,G | Em | C | D,acompanamiento_v6_musical_simplificado,"cambios reales de acordes, groove y estructura corta reconocible",V6: max 16 compases; subdivision max 8; no se rellenan compases vacios; 12/8 se trata como shuffle en 4/4 por limite tecnico,no,0,,https://acousticworld.net/100-easy-acoustic-guitar-songs-with-chords-tabs-lessons/,"BPM, tonalidad y compases son sugerencias de practica adaptadas al limite de 12 compases y 4 subdivisiones. V2 medio compas: '/' indica cambio al tiempo 3. La progresion_1acorde_compas queda como version ultra facil. V3 ritmica: 12 compases = 1-4 verso, 5-8 estribillo, 9-10 puente, 11 vuelta al estribillo, 12 final/corte. V4: CSV rehecho a 16 compases maximo y 8 subdivisiones por compas. | V6 confianza=alta. | APP_SAFE: slash chords simplificados a acorde base para evitar fallos de playback."
Si - simplificada,Capo/cejilla reducida,"Muy pedida; entrar con capo, mini-cejilla o sustitucion antes de exigir cejilla completa.",34,Thinking Out Loud,Ed Sheeran,EN,Soul pop,3,45,68,6/8,balada/arpegio 6/8,6,1 2 3 4 5 6,D,0,EADGBE,D; D; G; A; Bm,8,D - - D - U,D - U D - U,D - - D - U,D - - - - -,D - - D - U,D=abajo; U=arriba; -=silencio/no golpe; x=apagado si aparece,D,-,-,D,-,U,,,D [D - - D - U],D [D - - D - U],G [D - - D - U],A [D - - D - U],Bm [D - U D - U],A [D - U D - U],G [D - U D - U],D [D - - - - -],,,,,,,,,D D D D D D,D D D D D D,G G G G G G,A A A A A A,Bm Bm Bm Bm Bm Bm,A A A A A A,G G G G G G,D D D D D D,,,,,,,,,D - - D - U,D - - D - U,D - - D - U,D - - D - U,D - U D - U,D - U D - U,D - U D - U,D - - - - -,,,,,,,,,D | D | G | A | Bm | A | G | D,acompanamiento_v6_musical_simplificado,"cambios reales de acordes, groove y estructura corta reconocible",V6: max 16 compases; subdivision max 8; no se rellenan compases vacios; 12/8 se trata como shuffle en 4/4 por limite tecnico,no,0,,https://acousticworld.net/100-easy-acoustic-guitar-songs-with-chords-tabs-lessons/,"BPM, tonalidad y compases son sugerencias de practica adaptadas al limite de 12 compases y 4 subdivisiones. V2 medio compas: '/' indica cambio al tiempo 3. La progresion_1acorde_compas queda como version ultra facil. V3 ritmica: 12 compases = 1-4 verso, 5-8 estribillo, 9-10 puente, 11 vuelta al estribillo, 12 final/corte. V4: CSV rehecho a 16 compases maximo y 8 subdivisiones por compas. | V6 confianza=alta. | APP_SAFE: slash chords simplificados a acorde base para evitar fallos de playback."
Si - directa,Meter ya,Nivel 1-2: acompanamiento con acordes abiertos/capo y patron simple.,35,Let Her Go,Passenger,EN,Folk pop,2,50,74,4/4,pop/rock binario,8,1 & 2 & 3 & 4 &,G,0,EADGBE,G; D; Em; C,4,D - D U - U D U,D D - U D U - U,D - D - D U D U,D - - - - - - -,D - D U - U D U,D=abajo; U=arriba; -=silencio/no golpe; x=apagado si aparece,D,-,D,U,-,U,D,U,G [D - D U - U D U],D [D - D U - U D U],Em [D - D U - U D U],C [D - D U - U D U],,,,,,,,,,,,,G G G G G G G G,D D D D D D D D,Em Em Em Em Em Em Em Em,C C C C C C C C,,,,,,,,,,,,,D - D U - U D U,D - D U - U D U,D - D U - U D U,D - D U - U D U,,,,,,,,,,,,,G | D | Em | C,acompanamiento_v6_musical_simplificado,"cambios reales de acordes, groove y estructura corta reconocible",V6: max 16 compases; subdivision max 8; no se rellenan compases vacios; 12/8 se trata como shuffle en 4/4 por limite tecnico,no,0,,https://acousticworld.net/100-easy-acoustic-guitar-songs-with-chords-tabs-lessons/,"BPM, tonalidad y compases son sugerencias de practica adaptadas al limite de 12 compases y 4 subdivisiones. V2 medio compas: '/' indica cambio al tiempo 3. La progresion_1acorde_compas queda como version ultra facil. V3 ritmica: 12 compases = 1-4 verso, 5-8 estribillo, 9-10 puente, 11 vuelta al estribillo, 12 final/corte. V4: CSV rehecho a 16 compases maximo y 8 subdivisiones por compas. | V6 confianza=alta. | APP_SAFE: slash chords simplificados a acorde base para evitar fallos de playback."
Si - directa,Meter ya,Nivel 1-2: acompanamiento con acordes abiertos/capo y patron simple.,36,Chasing Cars,Snow Patrol,EN,Indie rock,1,46,70,4/4,pop/rock binario,8,1 & 2 & 3 & 4 &,A,0,EADGBE,A; E; D,4,D - - U - U D -,D - D U - U D U,D - - U D - D U,D - - - - - - -,D - - U - U D -,D=abajo; U=arriba; -=silencio/no golpe; x=apagado si aparece,D,-,-,U,-,U,D,-,A [D - - U - U D -],E [D - - U - U D -],D [D - - U - U D -],D [D - - U - U D -],,,,,,,,,,,,,A A A A A A A A,E E E E E E E E,D D D D D D D D,D D D D D D D D,,,,,,,,,,,,,D - - U - U D -,D - - U - U D -,D - - U - U D -,D - - U - U D -,,,,,,,,,,,,,A | E | D | D,acompanamiento_v6_musical_simplificado,"cambios reales de acordes, groove y estructura corta reconocible",V6: max 16 compases; subdivision max 8; no se rellenan compases vacios; 12/8 se trata como shuffle en 4/4 por limite tecnico,no,0,,https://acousticworld.net/100-easy-acoustic-guitar-songs-with-chords-tabs-lessons/,"BPM, tonalidad y compases son sugerencias de practica adaptadas al limite de 12 compases y 4 subdivisiones. V2 medio compas: '/' indica cambio al tiempo 3. La progresion_1acorde_compas queda como version ultra facil. V3 ritmica: 12 compases = 1-4 verso, 5-8 estribillo, 9-10 puente, 11 vuelta al estribillo, 12 final/corte. V4: CSV rehecho a 16 compases maximo y 8 subdivisiones por compas. | V6 confianza=alta. | APP_SAFE: slash chords simplificados a acorde base para evitar fallos de playback."
Si - directa,Meter ya,Nivel 1-2: acompanamiento con acordes abiertos/capo y patron simple.,37,Ho Hey,The Lumineers,EN,Indie folk,2,56,80,4/4,folk/acustico,8,1 & 2 & 3 & 4 &,C,0,EADGBE,C; F; Am; G,8,D - D U D - D U,D - D - D U D U,D - D U D - D U,D - - - - - - -,D - D U D - D U,D=abajo; U=arriba; -=silencio/no golpe; x=apagado si aparece,D,-,D,U,D,-,D,U,C [D - D U D - D U],F [D - D U D - D U],C [D - D U D - D U],F [D - D U D - D U],Am [D - D - D U D U],G [D - D - D U D U],F [D - D - D U D U],F [D - - - - - - -],,,,,,,,,C C C C C C C C,F F F F F F F F,C C C C C C C C,F F F F F F F F,Am Am Am Am Am Am Am Am,G G G G G G G G,F F F F F F F F,F F F F F F F F,,,,,,,,,D - D U D - D U,D - D U D - D U,D - D U D - D U,D - D U D - D U,D - D - D U D U,D - D - D U D U,D - D - D U D U,D - - - - - - -,,,,,,,,,C | F | C | F | Am | G | F | F,acompanamiento_v6_musical_simplificado,"cambios reales de acordes, groove y estructura corta reconocible",V6: max 16 compases; subdivision max 8; no se rellenan compases vacios; 12/8 se trata como shuffle en 4/4 por limite tecnico,no,0,,https://acousticworld.net/100-easy-acoustic-guitar-songs-with-chords-tabs-lessons/,"BPM, tonalidad y compases son sugerencias de practica adaptadas al limite de 12 compases y 4 subdivisiones. V2 medio compas: '/' indica cambio al tiempo 3. La progresion_1acorde_compas queda como version ultra facil. V3 ritmica: 12 compases = 1-4 verso, 5-8 estribillo, 9-10 puente, 11 vuelta al estribillo, 12 final/corte. V4: CSV rehecho a 16 compases maximo y 8 subdivisiones por compas. | V6 confianza=alta. | APP_SAFE: slash chords simplificados a acorde base para evitar fallos de playback."
Si - directa,Meter ya,Nivel 1-2: acompanamiento con acordes abiertos/capo y patron simple.,38,Yellow,Coldplay,EN,Alt rock / pop,2,52,76,4/4,pop/rock binario,8,1 & 2 & 3 & 4 &,G,0,EADGBE,G; D; C,4,D - D U - U D U,D D - U D U - U,D - D - D U D U,D - - - - - - -,D - D U - U D U,D=abajo; U=arriba; -=silencio/no golpe; x=apagado si aparece,D,-,D,U,-,U,D,U,G [D - D U - U D U],D [D - D U - U D U],C [D - D U - U D U],G [D - D U - U D U],,,,,,,,,,,,,G G G G G G G G,D D D D D D D D,C C C C C C C C,G G G G G G G G,,,,,,,,,,,,,D - D U - U D U,D - D U - U D U,D - D U - U D U,D - D U - U D U,,,,,,,,,,,,,G | D | C | G,acompanamiento_v6_musical_simplificado,"cambios reales de acordes, groove y estructura corta reconocible",V6: max 16 compases; subdivision max 8; no se rellenan compases vacios; 12/8 se trata como shuffle en 4/4 por limite tecnico,no,0,,https://guitarrasinlimites.com/acordes/40-canciones-faciles-para-tocar-en-guitarra/,"BPM, tonalidad y compases son sugerencias de practica adaptadas al limite de 12 compases y 4 subdivisiones. V2 medio compas: '/' indica cambio al tiempo 3. La progresion_1acorde_compas queda como version ultra facil. V3 ritmica: 12 compases = 1-4 verso, 5-8 estribillo, 9-10 puente, 11 vuelta al estribillo, 12 final/corte. V4: CSV rehecho a 16 compases maximo y 8 subdivisiones por compas. | V6 confianza=alta. | APP_SAFE: slash chords simplificados a acorde base para evitar fallos de playback."
Si - simplificada,Capo/cejilla reducida,"Muy pedida; entrar con capo, mini-cejilla o sustitucion antes de exigir cejilla completa.",39,Creep,Radiohead,EN,Rock alternativo,3,48,72,4/4,rock binario,8,1 & 2 & 3 & 4 &,G,0,EADGBE,G; B; C; Cm,4,D D - U D U - U,D D D D D D D D,D D - U D U - U,D - - - - - - -,D D - U D U - U,D=abajo; U=arriba; -=silencio/no golpe; x=apagado si aparece,D,D,-,U,D,U,-,U,G [D D - U D U - U],B [D D - U D U - U],C [D D - U D U - U],Cm [D D - U D U - U],,,,,,,,,,,,,G G G G G G G G,B B B B B B B B,C C C C C C C C,Cm Cm Cm Cm Cm Cm Cm Cm,,,,,,,,,,,,,D D - U D U - U,D D - U D U - U,D D - U D U - U,D D - U D U - U,,,,,,,,,,,,,G | B | C | Cm,acompanamiento_v6_musical_simplificado,"cambios reales de acordes, groove y estructura corta reconocible",V6: max 16 compases; subdivision max 8; no se rellenan compases vacios; 12/8 se trata como shuffle en 4/4 por limite tecnico,no,0,,https://creatumusica.art/canciones-faciles-en-guitarra/,"BPM, tonalidad y compases son sugerencias de practica adaptadas al limite de 12 compases y 4 subdivisiones. V2 medio compas: '/' indica cambio al tiempo 3. La progresion_1acorde_compas queda como version ultra facil. V3 ritmica: 12 compases = 1-4 verso, 5-8 estribillo, 9-10 puente, 11 vuelta al estribillo, 12 final/corte. V4: CSV rehecho a 16 compases maximo y 8 subdivisiones por compas. | V6 confianza=alta. | APP_SAFE: slash chords simplificados a acorde base para evitar fallos de playback."
Si - directa,Meter ya,Nivel 1-2: acompanamiento con acordes abiertos/capo y patron simple.,40,Seven Nation Army,The White Stripes,EN,Rock / riff,1,64,88,4/4,rock/power chords,8,1 & 2 & 3 & 4 &,Em,0,EADGBE,Em; G; C; B,4,D D D D D D D D,D D - U D U - U,D D D D D D D D,D - - - - - - -,D D D D D D D D,D=abajo; U=arriba; -=silencio/no golpe; x=apagado si aparece,D,D,D,D,D,D,D,D,Em [D D D D D D D D],G [D D D D D D D D],C [D D D D D D D D],B [D D D D D D D D],,,,,,,,,,,,,Em Em Em Em Em Em Em Em,G G G G G G G G,C C C C C C C C,B B B B B B B B,,,,,,,,,,,,,D D D D D D D D,D D D D D D D D,D D D D D D D D,D D D D D D D D,,,,,,,,,,,,,Em | G | C | B,acompanamiento_v6_musical_simplificado,"cambios reales de acordes, groove y estructura corta reconocible",V6: max 16 compases; subdivision max 8; no se rellenan compases vacios; 12/8 se trata como shuffle en 4/4 por limite tecnico,no,0,,https://creatumusica.art/canciones-faciles-en-guitarra/,"BPM, tonalidad y compases son sugerencias de practica adaptadas al limite de 12 compases y 4 subdivisiones. V2 medio compas: '/' indica cambio al tiempo 3. La progresion_1acorde_compas queda como version ultra facil. V3 ritmica: 12 compases = 1-4 verso, 5-8 estribillo, 9-10 puente, 11 vuelta al estribillo, 12 final/corte. V4: CSV rehecho a 16 compases maximo y 8 subdivisiones por compas. | V6 confianza=alta. | APP_SAFE: slash chords simplificados a acorde base para evitar fallos de playback."
Si - directa,Meter ya,Nivel 1-2: acompanamiento con acordes abiertos/capo y patron simple.,41,Smoke on the Water,Deep Purple,EN,Hard rock / riff,1,56,80,4/4,rock/power chords,8,1 & 2 & 3 & 4 &,G,0,EADGBE,G5; Bb5; C5; Db5,4,D D D D D D D D,D D - U D U - U,D D D D D D D D,D - - - - - - -,D D D D D D D D,D=abajo; U=arriba; -=silencio/no golpe; x=apagado si aparece,D,D,D,D,D,D,D,D,G5(1-4) / Bb5(5-8) [D D D D D D D D],C5 [D D D D D D D D],G5(1-4) / Bb5(5-8) [D D D D D D D D],Db5(1-4) / C5(5-8) [D D D D D D D D],,,,,,,,,,,,,G5 G5 G5 G5 Bb5 Bb5 Bb5 Bb5,C5 C5 C5 C5 C5 C5 C5 C5,G5 G5 G5 G5 Bb5 Bb5 Bb5 Bb5,Db5 Db5 Db5 Db5 C5 C5 C5 C5,,,,,,,,,,,,,D D D D D D D D,D D D D D D D D,D D D D D D D D,D D D D D D D D,,,,,,,,,,,,,G5(1-4) / Bb5(5-8) | C5 | G5(1-4) / Bb5(5-8) | Db5(1-4) / C5(5-8),acompanamiento_v6_musical_simplificado,"cambios reales de acordes, groove y estructura corta reconocible",V6: max 16 compases; subdivision max 8; no se rellenan compases vacios; 12/8 se trata como shuffle en 4/4 por limite tecnico,si,3,1;3;4,https://www.theguitarlesson.com/guitar-lessons/smoke-on-the-water-guitar-lesson-deep-purple/,"BPM, tonalidad y compases son sugerencias de practica adaptadas al limite de 12 compases y 4 subdivisiones. V2 medio compas: '/' indica cambio al tiempo 3. La progresion_1acorde_compas queda como version ultra facil. V3 ritmica: 12 compases = 1-4 verso, 5-8 estribillo, 9-10 puente, 11 vuelta al estribillo, 12 final/corte. V4: CSV rehecho a 16 compases maximo y 8 subdivisiones por compas. | V6 confianza=alta. | APP_SAFE: slash chords simplificados a acorde base para evitar fallos de playback."
Si - directa,Meter ya,Nivel 1-2: acompanamiento con acordes abiertos/capo y patron simple.,42,Come As You Are,Nirvana,EN,Grunge / riff,2,60,84,4/4,rock binario,8,1 & 2 & 3 & 4 &,Em,0,EADGBE,Em; D,4,D D - U D U - U,D D D D D D D D,D D - U D U - U,D - - - - - - -,D D - U D U - U,D=abajo; U=arriba; -=silencio/no golpe; x=apagado si aparece,D,D,-,U,D,U,-,U,Em [D D - U D U - U],D [D D - U D U - U],Em [D D - U D U - U],D [D D - U D U - U],,,,,,,,,,,,,Em Em Em Em Em Em Em Em,D D D D D D D D,Em Em Em Em Em Em Em Em,D D D D D D D D,,,,,,,,,,,,,D D - U D U - U,D D - U D U - U,D D - U D U - U,D D - U D U - U,,,,,,,,,,,,,Em | D | Em | D,acompanamiento_v6_musical_simplificado,"cambios reales de acordes, groove y estructura corta reconocible",V6: max 16 compases; subdivision max 8; no se rellenan compases vacios; 12/8 se trata como shuffle en 4/4 por limite tecnico,no,0,,https://creatumusica.art/canciones-faciles-en-guitarra/,"BPM, tonalidad y compases son sugerencias de practica adaptadas al limite de 12 compases y 4 subdivisiones. V2 medio compas: '/' indica cambio al tiempo 3. La progresion_1acorde_compas queda como version ultra facil. V3 ritmica: 12 compases = 1-4 verso, 5-8 estribillo, 9-10 puente, 11 vuelta al estribillo, 12 final/corte. V4: CSV rehecho a 16 compases maximo y 8 subdivisiones por compas. | V6 confianza=alta. | APP_SAFE: slash chords simplificados a acorde base para evitar fallos de playback."
Si - simplificada,Version facil,"Nivel 3, pero funciona como acompanamiento si se evita transcripcion exacta.",43,Smells Like Teen Spirit,Nirvana,EN,Grunge,3,64,88,4/4,rock/power chords,8,1 & 2 & 3 & 4 &,Fm aprox.; formas Em con capo 1,1,EADGBE,F5; Bb5; Ab5; Db5,4,D D D D D D D D,D D - U D U - U,D D D D D D D D,D - - - - - - -,D D D D D D D D,D=abajo; U=arriba; -=silencio/no golpe; x=apagado si aparece,D,D,D,D,D,D,D,D,F5 [D D D D D D D D],Bb5 [D D D D D D D D],Ab5 [D D D D D D D D],Db5 [D D D D D D D D],,,,,,,,,,,,,F5 F5 F5 F5 F5 F5 F5 F5,Bb5 Bb5 Bb5 Bb5 Bb5 Bb5 Bb5 Bb5,Ab5 Ab5 Ab5 Ab5 Ab5 Ab5 Ab5 Ab5,Db5 Db5 Db5 Db5 Db5 Db5 Db5 Db5,,,,,,,,,,,,,D D D D D D D D,D D D D D D D D,D D D D D D D D,D D D D D D D D,,,,,,,,,,,,,F5 | Bb5 | Ab5 | Db5,acompanamiento_v6_musical_simplificado,"cambios reales de acordes, groove y estructura corta reconocible",V6: max 16 compases; subdivision max 8; no se rellenan compases vacios; 12/8 se trata como shuffle en 4/4 por limite tecnico,no,0,,https://www.songsterr.com/a/wsa/nirvana-smells-like-teen-spirit-tab-for-beginners-tab-s2491829,"BPM, tonalidad y compases son sugerencias de practica adaptadas al limite de 12 compases y 4 subdivisiones. V2 medio compas: '/' indica cambio al tiempo 3. La progresion_1acorde_compas queda como version ultra facil. V3 ritmica: 12 compases = 1-4 verso, 5-8 estribillo, 9-10 puente, 11 vuelta al estribillo, 12 final/corte. V4: CSV rehecho a 16 compases maximo y 8 subdivisiones por compas. | V6 confianza=alta. | APP_SAFE: slash chords simplificados a acorde base para evitar fallos de playback."
Si - directa,Meter ya,Nivel 1-2: acompanamiento con acordes abiertos/capo y patron simple.,44,Boulevard of Broken Dreams,Green Day,EN,Rock alternativo,2,52,76,4/4,rock binario,8,1 & 2 & 3 & 4 &,Em formas; suena Fm,1,EADGBE,Em; G; D; A; C,8,D D - U D U - U,D D D D D D D D,D D - U D U - U,D - - - - - - -,D D - U D U - U,D=abajo; U=arriba; -=silencio/no golpe; x=apagado si aparece,D,D,-,U,D,U,-,U,Em [D D - U D U - U],G [D D - U D U - U],D [D D - U D U - U],A [D D - U D U - U],C [D D D D D D D D],G [D D D D D D D D],D [D D D D D D D D],A [D - - - - - - -],,,,,,,,,Em Em Em Em Em Em Em Em,G G G G G G G G,D D D D D D D D,A A A A A A A A,C C C C C C C C,G G G G G G G G,D D D D D D D D,A A A A A A A A,,,,,,,,,D D - U D U - U,D D - U D U - U,D D - U D U - U,D D - U D U - U,D D D D D D D D,D D D D D D D D,D D D D D D D D,D - - - - - - -,,,,,,,,,Em | G | D | A | C | G | D | A,acompanamiento_v6_musical_simplificado,"cambios reales de acordes, groove y estructura corta reconocible",V6: max 16 compases; subdivision max 8; no se rellenan compases vacios; 12/8 se trata como shuffle en 4/4 por limite tecnico,no,0,,https://www.justinguitar.com/songs/green-day-boulevard-of-broken-dreams-chords-tabs-guitar-lesson-sg-120,"BPM, tonalidad y compases son sugerencias de practica adaptadas al limite de 12 compases y 4 subdivisiones. V2 medio compas: '/' indica cambio al tiempo 3. La progresion_1acorde_compas queda como version ultra facil. V3 ritmica: 12 compases = 1-4 verso, 5-8 estribillo, 9-10 puente, 11 vuelta al estribillo, 12 final/corte. V4: CSV rehecho a 16 compases maximo y 8 subdivisiones por compas. | V6 confianza=alta. | APP_SAFE: slash chords simplificados a acorde base para evitar fallos de playback."
Si - directa,Meter ya,Nivel 1-2: acompanamiento con acordes abiertos/capo y patron simple.,45,What's Up?,4 Non Blondes,EN,Rock / pop,2,54,78,4/4,pop/rock binario,8,1 & 2 & 3 & 4 &,A,0,EADGBE,A; Bm; D,4,D - D U - U D U,D D - U D U - U,D - D - D U D U,D - - - - - - -,D - D U - U D U,D=abajo; U=arriba; -=silencio/no golpe; x=apagado si aparece,D,-,D,U,-,U,D,U,A [D - D U - U D U],Bm [D - D U - U D U],D [D - D U - U D U],A [D - D U - U D U],,,,,,,,,,,,,A A A A A A A A,Bm Bm Bm Bm Bm Bm Bm Bm,D D D D D D D D,A A A A A A A A,,,,,,,,,,,,,D - D U - U D U,D - D U - U D U,D - D U - U D U,D - D U - U D U,,,,,,,,,,,,,A | Bm | D | A,acompanamiento_v6_musical_simplificado,"cambios reales de acordes, groove y estructura corta reconocible",V6: max 16 compases; subdivision max 8; no se rellenan compases vacios; 12/8 se trata como shuffle en 4/4 por limite tecnico,no,0,,https://www.guitarlobby.com/easy-guitar-songs-for-beginners/,"BPM, tonalidad y compases son sugerencias de practica adaptadas al limite de 12 compases y 4 subdivisiones. V2 medio compas: '/' indica cambio al tiempo 3. La progresion_1acorde_compas queda como version ultra facil. V3 ritmica: 12 compases = 1-4 verso, 5-8 estribillo, 9-10 puente, 11 vuelta al estribillo, 12 final/corte. V4: CSV rehecho a 16 compases maximo y 8 subdivisiones por compas. | V6 confianza=alta. | APP_SAFE: slash chords simplificados a acorde base para evitar fallos de playback."
Si - directa,Meter ya,Nivel 1-2: acompanamiento con acordes abiertos/capo y patron simple.,46,I Won't Back Down,Tom Petty,EN,Rock,2,54,78,4/4,country/folk,8,1 & 2 & 3 & 4 &,G,0,EADGBE,Em; D; G; C,8,D - D - D U D U,D - D U D - D U,D - D - D U D U,D - - - - - - -,D - D - D U D U,D=abajo; U=arriba; -=silencio/no golpe; x=apagado si aparece,D,-,D,-,D,U,D,U,Em [D - D - D U D U],D [D - D - D U D U],G [D - D - D U D U],G [D - D - D U D U],Em [D - D U D - D U],D [D - D U D - D U],C [D - D U D - D U],C [D - - - - - - -],,,,,,,,,Em Em Em Em Em Em Em Em,D D D D D D D D,G G G G G G G G,G G G G G G G G,Em Em Em Em Em Em Em Em,D D D D D D D D,C C C C C C C C,C C C C C C C C,,,,,,,,,D - D - D U D U,D - D - D U D U,D - D - D U D U,D - D - D U D U,D - D U D - D U,D - D U D - D U,D - D U D - D U,D - - - - - - -,,,,,,,,,Em | D | G | G | Em | D | C | C,acompanamiento_v6_musical_simplificado,"cambios reales de acordes, groove y estructura corta reconocible",V6: max 16 compases; subdivision max 8; no se rellenan compases vacios; 12/8 se trata como shuffle en 4/4 por limite tecnico,no,0,,https://acousticworld.net/100-easy-acoustic-guitar-songs-with-chords-tabs-lessons/,"BPM, tonalidad y compases son sugerencias de practica adaptadas al limite de 12 compases y 4 subdivisiones. V2 medio compas: '/' indica cambio al tiempo 3. La progresion_1acorde_compas queda como version ultra facil. V3 ritmica: 12 compases = 1-4 verso, 5-8 estribillo, 9-10 puente, 11 vuelta al estribillo, 12 final/corte. V4: CSV rehecho a 16 compases maximo y 8 subdivisiones por compas. | V6 confianza=alta. | APP_SAFE: slash chords simplificados a acorde base para evitar fallos de playback."
Si - directa,Meter ya,Nivel 1-2: acompanamiento con acordes abiertos/capo y patron simple.,47,Have You Ever Seen the Rain,Creedence Clearwater Revival,EN,Country rock,2,52,76,4/4,country/folk,8,1 & 2 & 3 & 4 &,C,0,EADGBE,C; G; Am; F,8,D - D - D U D U,D - D U D - D U,D - D - D U D U,D - - - - - - -,D - D - D U D U,D=abajo; U=arriba; -=silencio/no golpe; x=apagado si aparece,D,-,D,-,D,U,D,U,C [D - D - D U D U],G [D - D - D U D U],Am [D - D - D U D U],F [D - D - D U D U],C [D - D U D - D U],G [D - D U D - D U],C [D - D U D - D U],C [D - - - - - - -],,,,,,,,,C C C C C C C C,G G G G G G G G,Am Am Am Am Am Am Am Am,F F F F F F F F,C C C C C C C C,G G G G G G G G,C C C C C C C C,C C C C C C C C,,,,,,,,,D - D - D U D U,D - D - D U D U,D - D - D U D U,D - D - D U D U,D - D U D - D U,D - D U D - D U,D - D U D - D U,D - - - - - - -,,,,,,,,,C | G | Am | F | C | G | C | C,acompanamiento_v6_musical_simplificado,"cambios reales de acordes, groove y estructura corta reconocible",V6: max 16 compases; subdivision max 8; no se rellenan compases vacios; 12/8 se trata como shuffle en 4/4 por limite tecnico,no,0,,https://acousticworld.net/100-easy-acoustic-guitar-songs-with-chords-tabs-lessons/,"BPM, tonalidad y compases son sugerencias de practica adaptadas al limite de 12 compases y 4 subdivisiones. V2 medio compas: '/' indica cambio al tiempo 3. La progresion_1acorde_compas queda como version ultra facil. V3 ritmica: 12 compases = 1-4 verso, 5-8 estribillo, 9-10 puente, 11 vuelta al estribillo, 12 final/corte. V4: CSV rehecho a 16 compases maximo y 8 subdivisiones por compas. | V6 confianza=alta. | APP_SAFE: slash chords simplificados a acorde base para evitar fallos de playback."
Si - directa,Meter ya,Nivel 1-2: acompanamiento con acordes abiertos/capo y patron simple.,48,Proud Mary,Creedence Clearwater Revival,EN,Roots rock,2,68,92,4/4,country/folk,8,1 & 2 & 3 & 4 &,D,0,EADGBE,D; A; Bm; G,4,D - D - D U D U,D - D U D - D U,D - D - D U D U,D - - - - - - -,D - D - D U D U,D=abajo; U=arriba; -=silencio/no golpe; x=apagado si aparece,D,-,D,-,D,U,D,U,D [D - D - D U D U],A [D - D - D U D U],Bm [D - D - D U D U],G [D - D - D U D U],,,,,,,,,,,,,D D D D D D D D,A A A A A A A A,Bm Bm Bm Bm Bm Bm Bm Bm,G G G G G G G G,,,,,,,,,,,,,D - D - D U D U,D - D - D U D U,D - D - D U D U,D - D - D U D U,,,,,,,,,,,,,D | A | Bm | G,acompanamiento_v6_musical_simplificado,"cambios reales de acordes, groove y estructura corta reconocible",V6: max 16 compases; subdivision max 8; no se rellenan compases vacios; 12/8 se trata como shuffle en 4/4 por limite tecnico,no,0,,https://www.justinguitar.com/songs,"BPM, tonalidad y compases son sugerencias de practica adaptadas al limite de 12 compases y 4 subdivisiones. V2 medio compas: '/' indica cambio al tiempo 3. La progresion_1acorde_compas queda como version ultra facil. V3 ritmica: 12 compases = 1-4 verso, 5-8 estribillo, 9-10 puente, 11 vuelta al estribillo, 12 final/corte. V4: CSV rehecho a 16 compases maximo y 8 subdivisiones por compas. | V6 confianza=alta. | APP_SAFE: slash chords simplificados a acorde base para evitar fallos de playback."
Si - directa,Meter ya,Nivel 1-2: acompanamiento con acordes abiertos/capo y patron simple.,49,Born in the USA,Bruce Springsteen,EN,Rock,1,68,92,4/4,rock binario,8,1 & 2 & 3 & 4 &,B formas A capo 2,2,EADGBE,A; D,2,D D - U D U - U,D D D D D D D D,D D - U D U - U,D - - - - - - -,D D - U D U - U,D=abajo; U=arriba; -=silencio/no golpe; x=apagado si aparece,D,D,-,U,D,U,-,U,A [D D - U D U - U],D [D D - U D U - U],,,,,,,,,,,,,,,A A A A A A A A,D D D D D D D D,,,,,,,,,,,,,,,D D - U D U - U,D D - U D U - U,,,,,,,,,,,,,,,A | D,acompanamiento_v6_musical_simplificado,"cambios reales de acordes, groove y estructura corta reconocible",V6: max 16 compases; subdivision max 8; no se rellenan compases vacios; 12/8 se trata como shuffle en 4/4 por limite tecnico,no,0,,https://acousticworld.net/100-easy-acoustic-guitar-songs-with-chords-tabs-lessons/,"BPM, tonalidad y compases son sugerencias de practica adaptadas al limite de 12 compases y 4 subdivisiones. V2 medio compas: '/' indica cambio al tiempo 3. La progresion_1acorde_compas queda como version ultra facil. V3 ritmica: 12 compases = 1-4 verso, 5-8 estribillo, 9-10 puente, 11 vuelta al estribillo, 12 final/corte. V4: CSV rehecho a 16 compases maximo y 8 subdivisiones por compas. | V6 confianza=alta. | APP_SAFE: slash chords simplificados a acorde base para evitar fallos de playback."
Si - directa,Meter ya,Nivel 1-2: acompanamiento con acordes abiertos/capo y patron simple.,50,Blowin' in the Wind,Bob Dylan,EN,Folk,1,48,72,4/4,folk/acustico,8,1 & 2 & 3 & 4 &,G,0,EADGBE,G; C; D,8,D - D U D - D U,D - D - D U D U,D - D U D - D U,D - - - - - - -,D - D U D - D U,D=abajo; U=arriba; -=silencio/no golpe; x=apagado si aparece,D,-,D,U,D,-,D,U,G [D - D U D - D U],C [D - D U D - D U],G [D - D U D - D U],G [D - D U D - D U],C [D - D - D U D U],D [D - D - D U D U],G [D - D - D U D U],G [D - - - - - - -],,,,,,,,,G G G G G G G G,C C C C C C C C,G G G G G G G G,G G G G G G G G,C C C C C C C C,D D D D D D D D,G G G G G G G G,G G G G G G G G,,,,,,,,,D - D U D - D U,D - D U D - D U,D - D U D - D U,D - D U D - D U,D - D - D U D U,D - D - D U D U,D - D - D U D U,D - - - - - - -,,,,,,,,,G | C | G | G | C | D | G | G,acompanamiento_v6_musical_simplificado,"cambios reales de acordes, groove y estructura corta reconocible",V6: max 16 compases; subdivision max 8; no se rellenan compases vacios; 12/8 se trata como shuffle en 4/4 por limite tecnico,no,0,,https://acousticworld.net/100-easy-acoustic-guitar-songs-with-chords-tabs-lessons/,"BPM, tonalidad y compases son sugerencias de practica adaptadas al limite de 12 compases y 4 subdivisiones. V2 medio compas: '/' indica cambio al tiempo 3. La progresion_1acorde_compas queda como version ultra facil. V3 ritmica: 12 compases = 1-4 verso, 5-8 estribillo, 9-10 puente, 11 vuelta al estribillo, 12 final/corte. V4: CSV rehecho a 16 compases maximo y 8 subdivisiones por compas. | V6 confianza=alta. | APP_SAFE: slash chords simplificados a acorde base para evitar fallos de playback."
Si - directa,Meter ya,Nivel 1-2: acompanamiento con acordes abiertos/capo y patron simple.,51,The Joker,Steve Miller Band,EN,Rock / blues,1,54,78,4/4,pop/rock binario,8,1 & 2 & 3 & 4 &,G,0,EADGBE,G; C; D,4,D - D U - U D U,D D - U D U - U,D - D - D U D U,D - - - - - - -,D - D U - U D U,D=abajo; U=arriba; -=silencio/no golpe; x=apagado si aparece,D,-,D,U,-,U,D,U,G [D - D U - U D U],C [D - D U - U D U],D [D - D U - U D U],C [D - D U - U D U],,,,,,,,,,,,,G G G G G G G G,C C C C C C C C,D D D D D D D D,C C C C C C C C,,,,,,,,,,,,,D - D U - U D U,D - D U - U D U,D - D U - U D U,D - D U - U D U,,,,,,,,,,,,,G | C | D | C,acompanamiento_v6_musical_simplificado,"cambios reales de acordes, groove y estructura corta reconocible",V6: max 16 compases; subdivision max 8; no se rellenan compases vacios; 12/8 se trata como shuffle en 4/4 por limite tecnico,no,0,,https://acousticworld.net/100-easy-acoustic-guitar-songs-with-chords-tabs-lessons/,"BPM, tonalidad y compases son sugerencias de practica adaptadas al limite de 12 compases y 4 subdivisiones. V2 medio compas: '/' indica cambio al tiempo 3. La progresion_1acorde_compas queda como version ultra facil. V3 ritmica: 12 compases = 1-4 verso, 5-8 estribillo, 9-10 puente, 11 vuelta al estribillo, 12 final/corte. V4: CSV rehecho a 16 compases maximo y 8 subdivisiones por compas. | V6 confianza=alta. | APP_SAFE: slash chords simplificados a acorde base para evitar fallos de playback."
Si - directa,Meter ya,Nivel 1-2: acompanamiento con acordes abiertos/capo y patron simple.,52,Big Yellow Taxi,Joni Mitchell,EN,Folk pop,2,68,92,4/4,folk/acustico,8,1 & 2 & 3 & 4 &,G,0,EADGBE,G; C; D,4,D - D U D - D U,D - D - D U D U,D - D U D - D U,D - - - - - - -,D - D U D - D U,D=abajo; U=arriba; -=silencio/no golpe; x=apagado si aparece,D,-,D,U,D,-,D,U,G [D - D U D - D U],C [D - D U D - D U],D [D - D U D - D U],G [D - D U D - D U],,,,,,,,,,,,,G G G G G G G G,C C C C C C C C,D D D D D D D D,G G G G G G G G,,,,,,,,,,,,,D - D U D - D U,D - D U D - D U,D - D U D - D U,D - D U D - D U,,,,,,,,,,,,,G | C | D | G,acompanamiento_v6_musical_simplificado,"cambios reales de acordes, groove y estructura corta reconocible",V6: max 16 compases; subdivision max 8; no se rellenan compases vacios; 12/8 se trata como shuffle en 4/4 por limite tecnico,no,0,,https://www.fender.com/articles/songs/40-of-the-easiest-songs-to-learn-on-guitar,"BPM, tonalidad y compases son sugerencias de practica adaptadas al limite de 12 compases y 4 subdivisiones. V2 medio compas: '/' indica cambio al tiempo 3. La progresion_1acorde_compas queda como version ultra facil. V3 ritmica: 12 compases = 1-4 verso, 5-8 estribillo, 9-10 puente, 11 vuelta al estribillo, 12 final/corte. V4: CSV rehecho a 16 compases maximo y 8 subdivisiones por compas. | V6 confianza=alta. | APP_SAFE: slash chords simplificados a acorde base para evitar fallos de playback."
Si - directa,Meter ya,Nivel 1-2: acompanamiento con acordes abiertos/capo y patron simple.,53,Me and Bobby McGee,Kris Kristofferson / Janis Joplin,EN,Country folk,2,58,82,4/4,country/folk,8,1 & 2 & 3 & 4 &,G,0,EADGBE,G; C; D,8,D - D - D U D U,D - D U D - D U,D - D - D U D U,D - - - - - - -,D - D - D U D U,D=abajo; U=arriba; -=silencio/no golpe; x=apagado si aparece,D,-,D,-,D,U,D,U,G [D - D - D U D U],C [D - D - D U D U],G [D - D - D U D U],D [D - D - D U D U],G [D - D U D - D U],C [D - D U D - D U],D [D - D U D - D U],D [D - - - - - - -],,,,,,,,,G G G G G G G G,C C C C C C C C,G G G G G G G G,D D D D D D D D,G G G G G G G G,C C C C C C C C,D D D D D D D D,D D D D D D D D,,,,,,,,,D - D - D U D U,D - D - D U D U,D - D - D U D U,D - D - D U D U,D - D U D - D U,D - D U D - D U,D - D U D - D U,D - - - - - - -,,,,,,,,,G | C | G | D | G | C | D | D,acompanamiento_v6_musical_simplificado,"cambios reales de acordes, groove y estructura corta reconocible",V6: max 16 compases; subdivision max 8; no se rellenan compases vacios; 12/8 se trata como shuffle en 4/4 por limite tecnico,no,0,,https://www.fender.com/articles/songs/40-of-the-easiest-songs-to-learn-on-guitar,"BPM, tonalidad y compases son sugerencias de practica adaptadas al limite de 12 compases y 4 subdivisiones. V2 medio compas: '/' indica cambio al tiempo 3. La progresion_1acorde_compas queda como version ultra facil. V3 ritmica: 12 compases = 1-4 verso, 5-8 estribillo, 9-10 puente, 11 vuelta al estribillo, 12 final/corte. V4: CSV rehecho a 16 compases maximo y 8 subdivisiones por compas. | V6 confianza=alta. | APP_SAFE: slash chords simplificados a acorde base para evitar fallos de playback."
Si - simplificada,Version facil,"Nivel 3, pero funciona como acompanamiento si se evita transcripcion exacta.",54,All of Me,John Legend,EN,Pop / R&B,3,45,60,4/4,balada 4/4,8,1 & 2 & 3 & 4 &,Em,0,EADGBE,Em; C; G; D; Am,8,D - - U D - D U,D - - U - U D -,D - - U D - D U,D - - - - - - -,D - - U D - D U,D=abajo; U=arriba; -=silencio/no golpe; x=apagado si aparece,D,-,-,U,D,-,D,U,Em [D - - U D - D U],C [D - - U D - D U],G [D - - U D - D U],D [D - - U D - D U],Am [D - - U - U D -],Em [D - - U - U D -],C [D - - U - U D -],D [D - - - - - - -],,,,,,,,,Em Em Em Em Em Em Em Em,C C C C C C C C,G G G G G G G G,D D D D D D D D,Am Am Am Am Am Am Am Am,Em Em Em Em Em Em Em Em,C C C C C C C C,D D D D D D D D,,,,,,,,,D - - U D - D U,D - - U D - D U,D - - U D - D U,D - - U D - D U,D - - U - U D -,D - - U - U D -,D - - U - U D -,D - - - - - - -,,,,,,,,,Em | C | G | D | Am | Em | C | D,acompanamiento_v6_musical_simplificado,"cambios reales de acordes, groove y estructura corta reconocible",V6: max 16 compases; subdivision max 8; no se rellenan compases vacios; 12/8 se trata como shuffle en 4/4 por limite tecnico,no,0,,https://acousticworld.net/100-easy-acoustic-guitar-songs-with-chords-tabs-lessons/,"BPM, tonalidad y compases son sugerencias de practica adaptadas al limite de 12 compases y 4 subdivisiones. V2 medio compas: '/' indica cambio al tiempo 3. La progresion_1acorde_compas queda como version ultra facil. V3 ritmica: 12 compases = 1-4 verso, 5-8 estribillo, 9-10 puente, 11 vuelta al estribillo, 12 final/corte. V4: CSV rehecho a 16 compases maximo y 8 subdivisiones por compas. | V6 confianza=alta. | APP_SAFE: slash chords simplificados a acorde base para evitar fallos de playback."
Si - directa,Meter ya,Nivel 1-2: acompanamiento con acordes abiertos/capo y patron simple.,55,Ocean Eyes,Billie Eilish,EN,Pop alternativo,2,45,68,4/4,pop/rock binario,8,1 & 2 & 3 & 4 &,C,0,EADGBE,C; Em; G; D,4,D - - U - U D -,D - D U - U D U,D - - U D - D U,D - - - - - - -,D - - U - U D -,D=abajo; U=arriba; -=silencio/no golpe; x=apagado si aparece,D,-,-,U,-,U,D,-,C [D - - U - U D -],Em [D - - U - U D -],G [D - - U - U D -],D [D - - U - U D -],,,,,,,,,,,,,C C C C C C C C,Em Em Em Em Em Em Em Em,G G G G G G G G,D D D D D D D D,,,,,,,,,,,,,D - - U - U D -,D - - U - U D -,D - - U - U D -,D - - U - U D -,,,,,,,,,,,,,C | Em | G | D,acompanamiento_v6_musical_simplificado,"cambios reales de acordes, groove y estructura corta reconocible",V6: max 16 compases; subdivision max 8; no se rellenan compases vacios; 12/8 se trata como shuffle en 4/4 por limite tecnico,no,0,,https://www.fender.com/articles/songs/40-of-the-easiest-songs-to-learn-on-guitar,"BPM, tonalidad y compases son sugerencias de practica adaptadas al limite de 12 compases y 4 subdivisiones. V2 medio compas: '/' indica cambio al tiempo 3. La progresion_1acorde_compas queda como version ultra facil. V3 ritmica: 12 compases = 1-4 verso, 5-8 estribillo, 9-10 puente, 11 vuelta al estribillo, 12 final/corte. V4: CSV rehecho a 16 compases maximo y 8 subdivisiones por compas. | V6 confianza=alta. | APP_SAFE: slash chords simplificados a acorde base para evitar fallos de playback."
Si - directa,Meter ya,Nivel 1-2: acompanamiento con acordes abiertos/capo y patron simple.,56,7 Years,Lukas Graham,EN,Pop,2,48,72,4/4,pop/rock binario,8,1 & 2 & 3 & 4 &,Gm formas con capo 3; simplificado Em,3,EADGBE,Em; G; C; D,4,D - D U - U D U,D D - U D U - U,D - D - D U D U,D - - - - - - -,D - D U - U D U,D=abajo; U=arriba; -=silencio/no golpe; x=apagado si aparece,D,-,D,U,-,U,D,U,Em [D - D U - U D U],G [D - D U - U D U],C [D - D U - U D U],D [D - D U - U D U],,,,,,,,,,,,,Em Em Em Em Em Em Em Em,G G G G G G G G,C C C C C C C C,D D D D D D D D,,,,,,,,,,,,,D - D U - U D U,D - D U - U D U,D - D U - U D U,D - D U - U D U,,,,,,,,,,,,,Em | G | C | D,acompanamiento_v6_musical_simplificado,"cambios reales de acordes, groove y estructura corta reconocible",V6: max 16 compases; subdivision max 8; no se rellenan compases vacios; 12/8 se trata como shuffle en 4/4 por limite tecnico,no,0,,https://www.fender.com/articles/songs/40-of-the-easiest-songs-to-learn-on-guitar,"BPM, tonalidad y compases son sugerencias de practica adaptadas al limite de 12 compases y 4 subdivisiones. V2 medio compas: '/' indica cambio al tiempo 3. La progresion_1acorde_compas queda como version ultra facil. V3 ritmica: 12 compases = 1-4 verso, 5-8 estribillo, 9-10 puente, 11 vuelta al estribillo, 12 final/corte. V4: CSV rehecho a 16 compases maximo y 8 subdivisiones por compas. | V6 confianza=alta. | APP_SAFE: slash chords simplificados a acorde base para evitar fallos de playback."
Si - simplificada,F reducido,Muy reconocible; usar Fmaj7/mini-F y priorizar continuidad del pulso.,57,Imagine,John Lennon,EN,Pop clásico,3,45,64,4/4,balada 4/4,8,1 & 2 & 3 & 4 &,C,0,EADGBE,C; F; Am; Dm,8,D - - U D - D U,D - - U - U D -,D - - U D - D U,D - - - - - - -,D - - U D - D U,D=abajo; U=arriba; -=silencio/no golpe; x=apagado si aparece,D,-,-,U,D,-,D,U,C [D - - U D - D U],F [D - - U D - D U],C [D - - U D - D U],F [D - - U D - D U],C [D - - U - U D -],F [D - - U - U D -],Am [D - - U - U D -],Dm [D - - - - - - -],,,,,,,,,C C C C C C C C,F F F F F F F F,C C C C C C C C,F F F F F F F F,C C C C C C C C,F F F F F F F F,Am Am Am Am Am Am Am Am,Dm Dm Dm Dm Dm Dm Dm Dm,,,,,,,,,D - - U D - D U,D - - U D - D U,D - - U D - D U,D - - U D - D U,D - - U - U D -,D - - U - U D -,D - - U - U D -,D - - - - - - -,,,,,,,,,C | F | C | F | C | F | Am | Dm,acompanamiento_v6_musical_simplificado,"cambios reales de acordes, groove y estructura corta reconocible",V6: max 16 compases; subdivision max 8; no se rellenan compases vacios; 12/8 se trata como shuffle en 4/4 por limite tecnico,no,0,,https://creatumusica.art/canciones-faciles-en-guitarra/,"BPM, tonalidad y compases son sugerencias de practica adaptadas al limite de 12 compases y 4 subdivisiones. V2 medio compas: '/' indica cambio al tiempo 3. La progresion_1acorde_compas queda como version ultra facil. V3 ritmica: 12 compases = 1-4 verso, 5-8 estribillo, 9-10 puente, 11 vuelta al estribillo, 12 final/corte. V4: CSV rehecho a 16 compases maximo y 8 subdivisiones por compas. | V6 confianza=alta. | APP_SAFE: slash chords simplificados a acorde base para evitar fallos de playback."
Si - directa,Meter ya,Nivel 1-2: acompanamiento con acordes abiertos/capo y patron simple.,58,With or Without You,U2,EN,Rock / pop,2,56,80,4/4,pop/rock binario,8,1 & 2 & 3 & 4 &,D,0,EADGBE,D; A; Bm; G,4,D - D U - U D U,D D - U D U - U,D - D - D U D U,D - - - - - - -,D - D U - U D U,D=abajo; U=arriba; -=silencio/no golpe; x=apagado si aparece,D,-,D,U,-,U,D,U,D [D - D U - U D U],A [D - D U - U D U],Bm [D - D U - U D U],G [D - D U - U D U],,,,,,,,,,,,,D D D D D D D D,A A A A A A A A,Bm Bm Bm Bm Bm Bm Bm Bm,G G G G G G G G,,,,,,,,,,,,,D - D U - U D U,D - D U - U D U,D - D U - U D U,D - D U - U D U,,,,,,,,,,,,,D | A | Bm | G,acompanamiento_v6_musical_simplificado,"cambios reales de acordes, groove y estructura corta reconocible",V6: max 16 compases; subdivision max 8; no se rellenan compases vacios; 12/8 se trata como shuffle en 4/4 por limite tecnico,no,0,,https://creatumusica.art/canciones-faciles-en-guitarra/,"BPM, tonalidad y compases son sugerencias de practica adaptadas al limite de 12 compases y 4 subdivisiones. V2 medio compas: '/' indica cambio al tiempo 3. La progresion_1acorde_compas queda como version ultra facil. V3 ritmica: 12 compases = 1-4 verso, 5-8 estribillo, 9-10 puente, 11 vuelta al estribillo, 12 final/corte. V4: CSV rehecho a 16 compases maximo y 8 subdivisiones por compas. | V6 confianza=alta. | APP_SAFE: slash chords simplificados a acorde base para evitar fallos de playback."
Si - directa,Meter ya,Nivel 1-2: acompanamiento con acordes abiertos/capo y patron simple.,59,One Love / People Get Ready,Bob Marley,EN,Reggae,2,54,78,4/4,reggae/offbeat,8,1 & 2 & 3 & 4 &,A,0,EADGBE,A; E; D,4,- U - U - U - U,- U - U - U - U,- U - U - U - U,D - - - - - - -,- U - U - U - U,D=abajo; U=arriba; -=silencio/no golpe; x=apagado si aparece,-,U,-,U,-,U,-,U,A [- U - U - U - U],E [- U - U - U - U],D [- U - U - U - U],A [- U - U - U - U],,,,,,,,,,,,,A A A A A A A A,E E E E E E E E,D D D D D D D D,A A A A A A A A,,,,,,,,,,,,,- U - U - U - U,- U - U - U - U,- U - U - U - U,- U - U - U - U,,,,,,,,,,,,,A | E | D | A,acompanamiento_v6_musical_simplificado,"cambios reales de acordes, groove y estructura corta reconocible",V6: max 16 compases; subdivision max 8; no se rellenan compases vacios; 12/8 se trata como shuffle en 4/4 por limite tecnico,no,0,,https://www.guitarlobby.com/easy-guitar-songs-for-beginners/,"BPM, tonalidad y compases son sugerencias de practica adaptadas al limite de 12 compases y 4 subdivisiones. V2 medio compas: '/' indica cambio al tiempo 3. La progresion_1acorde_compas queda como version ultra facil. V3 ritmica: 12 compases = 1-4 verso, 5-8 estribillo, 9-10 puente, 11 vuelta al estribillo, 12 final/corte. V4: CSV rehecho a 16 compases maximo y 8 subdivisiones por compas. | V6 confianza=alta. | APP_SAFE: slash chords simplificados a acorde base para evitar fallos de playback."
Si - directa,Meter ya,Nivel 1-2: acompanamiento con acordes abiertos/capo y patron simple.,60,Redemption Song,Bob Marley,EN,Folk / reggae,2,46,70,4/4,folk/acustico,8,1 & 2 & 3 & 4 &,G,0,EADGBE,G; Em; C; D,8,D - D U D - D U,D - D - D U D U,D - D U D - D U,D - - - - - - -,D - D U D - D U,D=abajo; U=arriba; -=silencio/no golpe; x=apagado si aparece,D,-,D,U,D,-,D,U,G [D - D U D - D U],Em [D - D U D - D U],C [D - D U D - D U],D [D - D U D - D U],G [D - D - D U D U],Em [D - D - D U D U],C [D - D - D U D U],D [D - - - - - - -],,,,,,,,,G G G G G G G G,Em Em Em Em Em Em Em Em,C C C C C C C C,D D D D D D D D,G G G G G G G G,Em Em Em Em Em Em Em Em,C C C C C C C C,D D D D D D D D,,,,,,,,,D - D U D - D U,D - D U D - D U,D - D U D - D U,D - D U D - D U,D - D - D U D U,D - D - D U D U,D - D - D U D U,D - - - - - - -,,,,,,,,,G | Em | C | D | G | Em | C | D,acompanamiento_v6_musical_simplificado,"cambios reales de acordes, groove y estructura corta reconocible",V6: max 16 compases; subdivision max 8; no se rellenan compases vacios; 12/8 se trata como shuffle en 4/4 por limite tecnico,no,0,,https://www.justinguitar.com/songs,"BPM, tonalidad y compases son sugerencias de practica adaptadas al limite de 12 compases y 4 subdivisiones. V2 medio compas: '/' indica cambio al tiempo 3. La progresion_1acorde_compas queda como version ultra facil. V3 ritmica: 12 compases = 1-4 verso, 5-8 estribillo, 9-10 puente, 11 vuelta al estribillo, 12 final/corte. V4: CSV rehecho a 16 compases maximo y 8 subdivisiones por compas. | V6 confianza=alta. | APP_SAFE: slash chords simplificados a acorde base para evitar fallos de playback."
Si - directa,Meter ya,Nivel 1-2: acompanamiento con acordes abiertos/capo y patron simple.,61,Stir It Up,Bob Marley,EN,Reggae,1,50,74,4/4,reggae/offbeat,8,1 & 2 & 3 & 4 &,A,0,EADGBE,A; D; E,4,- U - U - U - U,- U - U - U - U,- U - U - U - U,D - - - - - - -,- U - U - U - U,D=abajo; U=arriba; -=silencio/no golpe; x=apagado si aparece,-,U,-,U,-,U,-,U,A [- U - U - U - U],D [- U - U - U - U],E [- U - U - U - U],D [- U - U - U - U],,,,,,,,,,,,,A A A A A A A A,D D D D D D D D,E E E E E E E E,D D D D D D D D,,,,,,,,,,,,,- U - U - U - U,- U - U - U - U,- U - U - U - U,- U - U - U - U,,,,,,,,,,,,,A | D | E | D,acompanamiento_v6_musical_simplificado,"cambios reales de acordes, groove y estructura corta reconocible",V6: max 16 compases; subdivision max 8; no se rellenan compases vacios; 12/8 se trata como shuffle en 4/4 por limite tecnico,no,0,,https://acousticworld.net/100-easy-acoustic-guitar-songs-with-chords-tabs-lessons/,"BPM, tonalidad y compases son sugerencias de practica adaptadas al limite de 12 compases y 4 subdivisiones. V2 medio compas: '/' indica cambio al tiempo 3. La progresion_1acorde_compas queda como version ultra facil. V3 ritmica: 12 compases = 1-4 verso, 5-8 estribillo, 9-10 puente, 11 vuelta al estribillo, 12 final/corte. V4: CSV rehecho a 16 compases maximo y 8 subdivisiones por compas. | V6 confianza=alta. | APP_SAFE: slash chords simplificados a acorde base para evitar fallos de playback."
Si - directa,Meter ya,Nivel 1-2: acompanamiento con acordes abiertos/capo y patron simple.,62,"No Woman, No Cry",Bob Marley,EN,Reggae,2,46,70,4/4,reggae/offbeat,8,1 & 2 & 3 & 4 &,C,0,EADGBE,C; G; Am; F,4,- U - U - U - U,- U - U - U - U,- U - U - U - U,D - - - - - - -,- U - U - U - U,D=abajo; U=arriba; -=silencio/no golpe; x=apagado si aparece,-,U,-,U,-,U,-,U,C(1-4) / G(5-8) [- U - U - U - U],Am(1-4) / F(5-8) [- U - U - U - U],C(1-4) / G(5-8) [- U - U - U - U],F(1-4) / C(5-8) [- U - U - U - U],,,,,,,,,,,,,C C C C G G G G,Am Am Am Am F F F F,C C C C G G G G,F F F F C C C C,,,,,,,,,,,,,- U - U - U - U,- U - U - U - U,- U - U - U - U,- U - U - U - U,,,,,,,,,,,,,C(1-4) / G(5-8) | Am(1-4) / F(5-8) | C(1-4) / G(5-8) | F(1-4) / C(5-8),acompanamiento_v6_musical_simplificado,"cambios reales de acordes, groove y estructura corta reconocible",V6: max 16 compases; subdivision max 8; no se rellenan compases vacios; 12/8 se trata como shuffle en 4/4 por limite tecnico,si,4,1;2;3;4,https://www.guitarlobby.com/easy-acoustic-guitar-songs-for-beginners/,"BPM, tonalidad y compases son sugerencias de practica adaptadas al limite de 12 compases y 4 subdivisiones. V2 medio compas: '/' indica cambio al tiempo 3. La progresion_1acorde_compas queda como version ultra facil. V3 ritmica: 12 compases = 1-4 verso, 5-8 estribillo, 9-10 puente, 11 vuelta al estribillo, 12 final/corte. V4: CSV rehecho a 16 compases maximo y 8 subdivisiones por compas. | V6 confianza=alta. | APP_SAFE: slash chords simplificados a acorde base para evitar fallos de playback."
Si - directa,Meter ya,Nivel 1-2: acompanamiento con acordes abiertos/capo y patron simple.,63,Don't Worry Be Happy,Bobby McFerrin,EN,Pop / reggae ligero,2,52,76,4/4,pop/rock binario,8,1 & 2 & 3 & 4 &,C,0,EADGBE,C; Dm; F,4,D - D U - U D U,D D - U D U - U,D - D - D U D U,D - - - - - - -,D - D U - U D U,D=abajo; U=arriba; -=silencio/no golpe; x=apagado si aparece,D,-,D,U,-,U,D,U,C [D - D U - U D U],Dm [D - D U - U D U],F [D - D U - U D U],C [D - D U - U D U],,,,,,,,,,,,,C C C C C C C C,Dm Dm Dm Dm Dm Dm Dm Dm,F F F F F F F F,C C C C C C C C,,,,,,,,,,,,,D - D U - U D U,D - D U - U D U,D - D U - U D U,D - D U - U D U,,,,,,,,,,,,,C | Dm | F | C,acompanamiento_v6_musical_simplificado,"cambios reales de acordes, groove y estructura corta reconocible",V6: max 16 compases; subdivision max 8; no se rellenan compases vacios; 12/8 se trata como shuffle en 4/4 por limite tecnico,no,0,,https://www.justinguitar.com/songs,"BPM, tonalidad y compases son sugerencias de practica adaptadas al limite de 12 compases y 4 subdivisiones. V2 medio compas: '/' indica cambio al tiempo 3. La progresion_1acorde_compas queda como version ultra facil. V3 ritmica: 12 compases = 1-4 verso, 5-8 estribillo, 9-10 puente, 11 vuelta al estribillo, 12 final/corte. V4: CSV rehecho a 16 compases maximo y 8 subdivisiones por compas. | V6 confianza=alta. | APP_SAFE: slash chords simplificados a acorde base para evitar fallos de playback."
Si - directa,Meter ya,Nivel 1-2: acompanamiento con acordes abiertos/capo y patron simple.,64,Love Story,Taylor Swift,EN,Country pop,1,60,84,4/4,pop/rock binario,8,1 & 2 & 3 & 4 &,G,0,EADGBE,G; D; Em; C,4,D - D U - U D U,D D - U D U - U,D - D - D U D U,D - - - - - - -,D - D U - U D U,D=abajo; U=arriba; -=silencio/no golpe; x=apagado si aparece,D,-,D,U,-,U,D,U,G [D - D U - U D U],D [D - D U - U D U],Em [D - D U - U D U],C [D - D U - U D U],,,,,,,,,,,,,G G G G G G G G,D D D D D D D D,Em Em Em Em Em Em Em Em,C C C C C C C C,,,,,,,,,,,,,D - D U - U D U,D - D U - U D U,D - D U - U D U,D - D U - U D U,,,,,,,,,,,,,G | D | Em | C,acompanamiento_v6_musical_simplificado,"cambios reales de acordes, groove y estructura corta reconocible",V6: max 16 compases; subdivision max 8; no se rellenan compases vacios; 12/8 se trata como shuffle en 4/4 por limite tecnico,no,0,,https://acousticworld.net/100-easy-acoustic-guitar-songs-with-chords-tabs-lessons/,"BPM, tonalidad y compases son sugerencias de practica adaptadas al limite de 12 compases y 4 subdivisiones. V2 medio compas: '/' indica cambio al tiempo 3. La progresion_1acorde_compas queda como version ultra facil. V3 ritmica: 12 compases = 1-4 verso, 5-8 estribillo, 9-10 puente, 11 vuelta al estribillo, 12 final/corte. V4: CSV rehecho a 16 compases maximo y 8 subdivisiones por compas. | V6 confianza=alta. | APP_SAFE: slash chords simplificados a acorde base para evitar fallos de playback."
Si - directa,Meter ya,Nivel 1-2: acompanamiento con acordes abiertos/capo y patron simple.,65,You Belong with Me,Taylor Swift,EN,Country pop,2,60,84,4/4,pop/rock binario,8,1 & 2 & 3 & 4 &,G formas; capo opcional,4,EADGBE,G; D; Am; C,4,D - D U - U D U,D D - U D U - U,D - D - D U D U,D - - - - - - -,D - D U - U D U,D=abajo; U=arriba; -=silencio/no golpe; x=apagado si aparece,D,-,D,U,-,U,D,U,G [D - D U - U D U],D [D - D U - U D U],Am [D - D U - U D U],C [D - D U - U D U],,,,,,,,,,,,,G G G G G G G G,D D D D D D D D,Am Am Am Am Am Am Am Am,C C C C C C C C,,,,,,,,,,,,,D - D U - U D U,D - D U - U D U,D - D U - U D U,D - D U - U D U,,,,,,,,,,,,,G | D | Am | C,acompanamiento_v6_musical_simplificado,"cambios reales de acordes, groove y estructura corta reconocible",V6: max 16 compases; subdivision max 8; no se rellenan compases vacios; 12/8 se trata como shuffle en 4/4 por limite tecnico,no,0,,https://www.guitarlobby.com/easy-guitar-songs-for-beginners/,"BPM, tonalidad y compases son sugerencias de practica adaptadas al limite de 12 compases y 4 subdivisiones. V2 medio compas: '/' indica cambio al tiempo 3. La progresion_1acorde_compas queda como version ultra facil. V3 ritmica: 12 compases = 1-4 verso, 5-8 estribillo, 9-10 puente, 11 vuelta al estribillo, 12 final/corte. V4: CSV rehecho a 16 compases maximo y 8 subdivisiones por compas. | V6 confianza=alta. | APP_SAFE: slash chords simplificados a acorde base para evitar fallos de playback."
Si - directa,Meter ya,Nivel 1-2: acompanamiento con acordes abiertos/capo y patron simple.,66,Shake It Off,Taylor Swift,EN,Pop,1,72,96,4/4,pop/rock binario,8,1 & 2 & 3 & 4 &,G,0,EADGBE,Am; C; G,4,D - D U - U D U,D D - U D U - U,D - D - D U D U,D - - - - - - -,D - D U - U D U,D=abajo; U=arriba; -=silencio/no golpe; x=apagado si aparece,D,-,D,U,-,U,D,U,Am [D - D U - U D U],C [D - D U - U D U],G [D - D U - U D U],G [D - D U - U D U],,,,,,,,,,,,,Am Am Am Am Am Am Am Am,C C C C C C C C,G G G G G G G G,G G G G G G G G,,,,,,,,,,,,,D - D U - U D U,D - D U - U D U,D - D U - U D U,D - D U - U D U,,,,,,,,,,,,,Am | C | G | G,acompanamiento_v6_musical_simplificado,"cambios reales de acordes, groove y estructura corta reconocible",V6: max 16 compases; subdivision max 8; no se rellenan compases vacios; 12/8 se trata como shuffle en 4/4 por limite tecnico,no,0,,https://www.guitarlobby.com/easy-acoustic-guitar-songs-for-beginners/,"BPM, tonalidad y compases son sugerencias de practica adaptadas al limite de 12 compases y 4 subdivisiones. V2 medio compas: '/' indica cambio al tiempo 3. La progresion_1acorde_compas queda como version ultra facil. V3 ritmica: 12 compases = 1-4 verso, 5-8 estribillo, 9-10 puente, 11 vuelta al estribillo, 12 final/corte. V4: CSV rehecho a 16 compases maximo y 8 subdivisiones por compas. | V6 confianza=alta. | APP_SAFE: slash chords simplificados a acorde base para evitar fallos de playback."
Si - directa,Meter ya,Nivel 1-2: acompanamiento con acordes abiertos/capo y patron simple.,67,Achy Breaky Heart,Billy Ray Cyrus,EN,Country,1,64,88,4/4,country/folk,8,1 & 2 & 3 & 4 &,A,0,EADGBE,A; E,2,D - D - D U D U,D - D U D - D U,D - D - D U D U,D - - - - - - -,D - D - D U D U,D=abajo; U=arriba; -=silencio/no golpe; x=apagado si aparece,D,-,D,-,D,U,D,U,A [D - D - D U D U],E [D - D - D U D U],,,,,,,,,,,,,,,A A A A A A A A,E E E E E E E E,,,,,,,,,,,,,,,D - D - D U D U,D - D - D U D U,,,,,,,,,,,,,,,A | E,acompanamiento_v6_musical_simplificado,"cambios reales de acordes, groove y estructura corta reconocible",V6: max 16 compases; subdivision max 8; no se rellenan compases vacios; 12/8 se trata como shuffle en 4/4 por limite tecnico,no,0,,https://musictonic.com/es/canciones-faciles-de-guitarra-para-principiantes/,"BPM, tonalidad y compases son sugerencias de practica adaptadas al limite de 12 compases y 4 subdivisiones. V2 medio compas: '/' indica cambio al tiempo 3. La progresion_1acorde_compas queda como version ultra facil. V3 ritmica: 12 compases = 1-4 verso, 5-8 estribillo, 9-10 puente, 11 vuelta al estribillo, 12 final/corte. V4: CSV rehecho a 16 compases maximo y 8 subdivisiones por compas. | V6 confianza=alta. | APP_SAFE: slash chords simplificados a acorde base para evitar fallos de playback."
Si - directa,Meter ya,Nivel 1-2: acompanamiento con acordes abiertos/capo y patron simple.,68,Jambalaya (On the Bayou),Hank Williams,EN,Country,1,60,84,4/4,country/folk,8,1 & 2 & 3 & 4 &,C,0,EADGBE,C; G7,4,D - D - D U D U,D - D U D - D U,D - D - D U D U,D - - - - - - -,D - D - D U D U,D=abajo; U=arriba; -=silencio/no golpe; x=apagado si aparece,D,-,D,-,D,U,D,U,C [D - D - D U D U],C [D - D - D U D U],G7 [D - D - D U D U],C [D - D - D U D U],,,,,,,,,,,,,C C C C C C C C,C C C C C C C C,G7 G7 G7 G7 G7 G7 G7 G7,C C C C C C C C,,,,,,,,,,,,,D - D - D U D U,D - D - D U D U,D - D - D U D U,D - D - D U D U,,,,,,,,,,,,,C | C | G7 | C,acompanamiento_v6_musical_simplificado,"cambios reales de acordes, groove y estructura corta reconocible",V6: max 16 compases; subdivision max 8; no se rellenan compases vacios; 12/8 se trata como shuffle en 4/4 por limite tecnico,no,0,,https://www.fender.com/articles/songs/40-of-the-easiest-songs-to-learn-on-guitar,"BPM, tonalidad y compases son sugerencias de practica adaptadas al limite de 12 compases y 4 subdivisiones. V2 medio compas: '/' indica cambio al tiempo 3. La progresion_1acorde_compas queda como version ultra facil. V3 ritmica: 12 compases = 1-4 verso, 5-8 estribillo, 9-10 puente, 11 vuelta al estribillo, 12 final/corte. V4: CSV rehecho a 16 compases maximo y 8 subdivisiones por compas. | V6 confianza=alta. | APP_SAFE: slash chords simplificados a acorde base para evitar fallos de playback."
Si - directa,Meter ya,Nivel 1-2: acompanamiento con acordes abiertos/capo y patron simple.,69,Tush,ZZ Top,EN,Blues rock,2,68,92,4/4,shuffle/blues ternario representado en 4/4,8,1 & 2 & 3 & 4 &,D,0,EADGBE,D; G; A,12,D - U - D - U -,D - U - D - U -,D - U - D - U -,D - - - - - - -,D - U - D - U -,D=abajo; U=arriba; -=silencio/no golpe; x=apagado si aparece,D,-,U,-,D,-,U,-,D [D - U - D - U -],D [D - U - D - U -],D [D - U - D - U -],D [D - U - D - U -],G [D - U - D - U -],G [D - U - D - U -],D [D - U - D - U -],D [D - U - D - U -],A [D - U - D - U -],G [D - U - D - U -],D [D - U - D - U -],A [D - - - - - - -],,,,,D D D D D D D D,D D D D D D D D,D D D D D D D D,D D D D D D D D,G G G G G G G G,G G G G G G G G,D D D D D D D D,D D D D D D D D,A A A A A A A A,G G G G G G G G,D D D D D D D D,A A A A A A A A,,,,,D - U - D - U -,D - U - D - U -,D - U - D - U -,D - U - D - U -,D - U - D - U -,D - U - D - U -,D - U - D - U -,D - U - D - U -,D - U - D - U -,D - U - D - U -,D - U - D - U -,D - - - - - - -,,,,,D | D | D | D | G | G | D | D | A | G | D | A,acompanamiento_v6_musical_simplificado,"cambios reales de acordes, groove y estructura corta reconocible",V6: max 16 compases; subdivision max 8; no se rellenan compases vacios; 12/8 se trata como shuffle en 4/4 por limite tecnico,no,0,,https://www.fender.com/articles/songs/40-of-the-easiest-songs-to-learn-on-guitar,"BPM, tonalidad y compases son sugerencias de practica adaptadas al limite de 12 compases y 4 subdivisiones. V2 medio compas: '/' indica cambio al tiempo 3. La progresion_1acorde_compas queda como version ultra facil. V3 ritmica: 12 compases = 1-4 verso, 5-8 estribillo, 9-10 puente, 11 vuelta al estribillo, 12 final/corte. V4: CSV rehecho a 16 compases maximo y 8 subdivisiones por compas. | V6 confianza=alta. | APP_SAFE: slash chords simplificados a acorde base para evitar fallos de playback."
Si - directa,Meter ya,Nivel 1-2: acompanamiento con acordes abiertos/capo y patron simple.,70,Mannish Boy,Muddy Waters,EN,Blues,2,48,72,4/4,shuffle/blues ternario representado en 4/4,8,1 & 2 & 3 & 4 &,E,0,EADGBE,E7,4,D - U - D - U -,D - U - D - U -,D - U - D - U -,D - - - - - - -,D - U - D - U -,D=abajo; U=arriba; -=silencio/no golpe; x=apagado si aparece,D,-,U,-,D,-,U,-,E7 [D - U - D - U -],E7 [D - U - D - U -],E7 [D - U - D - U -],E7 [D - U - D - U -],,,,,,,,,,,,,E7 E7 E7 E7 E7 E7 E7 E7,E7 E7 E7 E7 E7 E7 E7 E7,E7 E7 E7 E7 E7 E7 E7 E7,E7 E7 E7 E7 E7 E7 E7 E7,,,,,,,,,,,,,D - U - D - U -,D - U - D - U -,D - U - D - U -,D - U - D - U -,,,,,,,,,,,,,E7 | E7 | E7 | E7,acompanamiento_v6_musical_simplificado,"cambios reales de acordes, groove y estructura corta reconocible",V6: max 16 compases; subdivision max 8; no se rellenan compases vacios; 12/8 se trata como shuffle en 4/4 por limite tecnico,no,0,,https://www.fender.com/articles/songs/40-of-the-easiest-songs-to-learn-on-guitar,"BPM, tonalidad y compases son sugerencias de practica adaptadas al limite de 12 compases y 4 subdivisiones. V2 medio compas: '/' indica cambio al tiempo 3. La progresion_1acorde_compas queda como version ultra facil. V3 ritmica: 12 compases = 1-4 verso, 5-8 estribillo, 9-10 puente, 11 vuelta al estribillo, 12 final/corte. V4: CSV rehecho a 16 compases maximo y 8 subdivisiones por compas. | V6 confianza=alta. | APP_SAFE: slash chords simplificados a acorde base para evitar fallos de playback."
Si - directa,Meter ya,Nivel 1-2: acompanamiento con acordes abiertos/capo y patron simple.,71,Sweet Home Chicago,Robert Johnson / blues standard,EN,Blues,2,60,84,4/4,shuffle/blues ternario representado en 4/4,8,1 & 2 & 3 & 4 &,E,0,EADGBE,E7; A7; B7,12,D - U - D - U -,D - U - D - U -,D - U - D - U -,D - - - - - - -,D - U - D - U -,D=abajo; U=arriba; -=silencio/no golpe; x=apagado si aparece,D,-,U,-,D,-,U,-,E7 [D - U - D - U -],E7 [D - U - D - U -],E7 [D - U - D - U -],E7 [D - U - D - U -],A7 [D - U - D - U -],A7 [D - U - D - U -],E7 [D - U - D - U -],E7 [D - U - D - U -],B7 [D - U - D - U -],A7 [D - U - D - U -],E7 [D - U - D - U -],B7 [D - - - - - - -],,,,,E7 E7 E7 E7 E7 E7 E7 E7,E7 E7 E7 E7 E7 E7 E7 E7,E7 E7 E7 E7 E7 E7 E7 E7,E7 E7 E7 E7 E7 E7 E7 E7,A7 A7 A7 A7 A7 A7 A7 A7,A7 A7 A7 A7 A7 A7 A7 A7,E7 E7 E7 E7 E7 E7 E7 E7,E7 E7 E7 E7 E7 E7 E7 E7,B7 B7 B7 B7 B7 B7 B7 B7,A7 A7 A7 A7 A7 A7 A7 A7,E7 E7 E7 E7 E7 E7 E7 E7,B7 B7 B7 B7 B7 B7 B7 B7,,,,,D - U - D - U -,D - U - D - U -,D - U - D - U -,D - U - D - U -,D - U - D - U -,D - U - D - U -,D - U - D - U -,D - U - D - U -,D - U - D - U -,D - U - D - U -,D - U - D - U -,D - - - - - - -,,,,,E7 | E7 | E7 | E7 | A7 | A7 | E7 | E7 | B7 | A7 | E7 | B7,acompanamiento_v6_musical_simplificado,"cambios reales de acordes, groove y estructura corta reconocible",V6: max 16 compases; subdivision max 8; no se rellenan compases vacios; 12/8 se trata como shuffle en 4/4 por limite tecnico,no,0,,https://www.guitarlobby.com/easy-guitar-songs-for-beginners/,"BPM, tonalidad y compases son sugerencias de practica adaptadas al limite de 12 compases y 4 subdivisiones. V2 medio compas: '/' indica cambio al tiempo 3. La progresion_1acorde_compas queda como version ultra facil. V3 ritmica: 12 compases = 1-4 verso, 5-8 estribillo, 9-10 puente, 11 vuelta al estribillo, 12 final/corte. V4: CSV rehecho a 16 compases maximo y 8 subdivisiones por compas. | V6 confianza=alta. | APP_SAFE: slash chords simplificados a acorde base para evitar fallos de playback."
Si - directa,Meter ya,Nivel 1-2: acompanamiento con acordes abiertos/capo y patron simple.,72,Harvest Moon,Neil Young,EN,Folk rock,2,45,68,4/4,country/folk,8,1 & 2 & 3 & 4 &,D,0,EADGBE,D; G; A,8,D - D - D U D U,D - D U D - D U,D - D - D U D U,D - - - - - - -,D - D - D U D U,D=abajo; U=arriba; -=silencio/no golpe; x=apagado si aparece,D,-,D,-,D,U,D,U,D [D - D - D U D U],G [D - D - D U D U],D [D - D - D U D U],G [D - D - D U D U],D [D - D U D - D U],A [D - D U D - D U],G [D - D U D - D U],G [D - - - - - - -],,,,,,,,,D D D D D D D D,G G G G G G G G,D D D D D D D D,G G G G G G G G,D D D D D D D D,A A A A A A A A,G G G G G G G G,G G G G G G G G,,,,,,,,,D - D - D U D U,D - D - D U D U,D - D - D U D U,D - D - D U D U,D - D U D - D U,D - D U D - D U,D - D U D - D U,D - - - - - - -,,,,,,,,,D | G | D | G | D | A | G | G,acompanamiento_v6_musical_simplificado,"cambios reales de acordes, groove y estructura corta reconocible",V6: max 16 compases; subdivision max 8; no se rellenan compases vacios; 12/8 se trata como shuffle en 4/4 por limite tecnico,no,0,,https://acousticworld.net/100-easy-acoustic-guitar-songs-with-chords-tabs-lessons/,"BPM, tonalidad y compases son sugerencias de practica adaptadas al limite de 12 compases y 4 subdivisiones. V2 medio compas: '/' indica cambio al tiempo 3. La progresion_1acorde_compas queda como version ultra facil. V3 ritmica: 12 compases = 1-4 verso, 5-8 estribillo, 9-10 puente, 11 vuelta al estribillo, 12 final/corte. V4: CSV rehecho a 16 compases maximo y 8 subdivisiones por compas. | V6 confianza=alta. | APP_SAFE: slash chords simplificados a acorde base para evitar fallos de playback."
Si - directa,Meter ya,Nivel 1-2: acompanamiento con acordes abiertos/capo y patron simple.,73,"If You Want to Sing Out, Sing Out",Cat Stevens,EN,Folk pop,2,56,80,4/4,folk/acustico,8,1 & 2 & 3 & 4 &,C,0,EADGBE,C; G; F,4,D - D U D - D U,D - D - D U D U,D - D U D - D U,D - - - - - - -,D - D U D - D U,D=abajo; U=arriba; -=silencio/no golpe; x=apagado si aparece,D,-,D,U,D,-,D,U,C [D - D U D - D U],G [D - D U D - D U],F [D - D U D - D U],C [D - D U D - D U],,,,,,,,,,,,,C C C C C C C C,G G G G G G G G,F F F F F F F F,C C C C C C C C,,,,,,,,,,,,,D - D U D - D U,D - D U D - D U,D - D U D - D U,D - D U D - D U,,,,,,,,,,,,,C | G | F | C,acompanamiento_v6_musical_simplificado,"cambios reales de acordes, groove y estructura corta reconocible",V6: max 16 compases; subdivision max 8; no se rellenan compases vacios; 12/8 se trata como shuffle en 4/4 por limite tecnico,no,0,,https://acousticworld.net/100-easy-acoustic-guitar-songs-with-chords-tabs-lessons/,"BPM, tonalidad y compases son sugerencias de practica adaptadas al limite de 12 compases y 4 subdivisiones. V2 medio compas: '/' indica cambio al tiempo 3. La progresion_1acorde_compas queda como version ultra facil. V3 ritmica: 12 compases = 1-4 verso, 5-8 estribillo, 9-10 puente, 11 vuelta al estribillo, 12 final/corte. V4: CSV rehecho a 16 compases maximo y 8 subdivisiones por compas. | V6 confianza=alta. | APP_SAFE: slash chords simplificados a acorde base para evitar fallos de playback."
Si - directa,Meter ya,Nivel 1-2: acompanamiento con acordes abiertos/capo y patron simple.,74,Amazing Grace,Traditional,EN,Tradicional / gospel,1,45,58,3/4,vals/balada ternaria,6,1 & 2 & 3 &,G,0,EADGBE,G; C; Em; D,8,D - D - D U,D - D U D U,D - D - D U,D - - - - -,D - D - D U,D=abajo; U=arriba; -=silencio/no golpe; x=apagado si aparece,D,-,D,-,D,U,,,G [D - D - D U],G [D - D - D U],C [D - D - D U],G [D - D - D U],Em [D - D U D U],C [D - D U D U],D [D - D U D U],G [D - - - - -],,,,,,,,,G G G G G G,G G G G G G,C C C C C C,G G G G G G,Em Em Em Em Em Em,C C C C C C,D D D D D D,G G G G G G,,,,,,,,,D - D - D U,D - D - D U,D - D - D U,D - D - D U,D - D U D U,D - D U D U,D - D U D U,D - - - - -,,,,,,,,,G | G | C | G | Em | C | D | G,acompanamiento_v6_musical_simplificado,"cambios reales de acordes, groove y estructura corta reconocible",V6: max 16 compases; subdivision max 8; no se rellenan compases vacios; 12/8 se trata como shuffle en 4/4 por limite tecnico,no,0,,https://www.fender.com/articles/songs/40-of-the-easiest-songs-to-learn-on-guitar,"BPM, tonalidad y compases son sugerencias de practica adaptadas al limite de 12 compases y 4 subdivisiones. V2 medio compas: '/' indica cambio al tiempo 3. La progresion_1acorde_compas queda como version ultra facil. V3 ritmica: 12 compases = 1-4 verso, 5-8 estribillo, 9-10 puente, 11 vuelta al estribillo, 12 final/corte. V4: CSV rehecho a 16 compases maximo y 8 subdivisiones por compas. | V6 confianza=alta. | APP_SAFE: slash chords simplificados a acorde base para evitar fallos de playback."
Si - directa,Meter ya,Nivel 1-2: acompanamiento con acordes abiertos/capo y patron simple.,75,This Land Is Your Land,Woody Guthrie,EN,Folk tradicional,1,56,80,4/4,folk/acustico,8,1 & 2 & 3 & 4 &,G,0,EADGBE,G; C; D,8,D - D U D - D U,D - D - D U D U,D - D U D - D U,D - - - - - - -,D - D U D - D U,D=abajo; U=arriba; -=silencio/no golpe; x=apagado si aparece,D,-,D,U,D,-,D,U,G [D - D U D - D U],C [D - D U D - D U],G [D - D U D - D U],D [D - D U D - D U],G [D - D - D U D U],C [D - D - D U D U],D [D - D - D U D U],G [D - - - - - - -],,,,,,,,,G G G G G G G G,C C C C C C C C,G G G G G G G G,D D D D D D D D,G G G G G G G G,C C C C C C C C,D D D D D D D D,G G G G G G G G,,,,,,,,,D - D U D - D U,D - D U D - D U,D - D U D - D U,D - D U D - D U,D - D - D U D U,D - D - D U D U,D - D - D U D U,D - - - - - - -,,,,,,,,,G | C | G | D | G | C | D | G,acompanamiento_v6_musical_simplificado,"cambios reales de acordes, groove y estructura corta reconocible",V6: max 16 compases; subdivision max 8; no se rellenan compases vacios; 12/8 se trata como shuffle en 4/4 por limite tecnico,no,0,,https://www.justinguitar.com/songs,"BPM, tonalidad y compases son sugerencias de practica adaptadas al limite de 12 compases y 4 subdivisiones. V2 medio compas: '/' indica cambio al tiempo 3. La progresion_1acorde_compas queda como version ultra facil. V3 ritmica: 12 compases = 1-4 verso, 5-8 estribillo, 9-10 puente, 11 vuelta al estribillo, 12 final/corte. V4: CSV rehecho a 16 compases maximo y 8 subdivisiones por compas. | V6 confianza=alta. | APP_SAFE: slash chords simplificados a acorde base para evitar fallos de playback."
Si - directa,Meter ya,Nivel 1-2: acompanamiento con acordes abiertos/capo y patron simple.,76,I Shall Not Be Moved,Traditional,EN,Folk / gospel,1,52,76,4/4,folk/acustico,8,1 & 2 & 3 & 4 &,G,0,EADGBE,G; C; D,8,D - D U D - D U,D - D - D U D U,D - D U D - D U,D - - - - - - -,D - D U D - D U,D=abajo; U=arriba; -=silencio/no golpe; x=apagado si aparece,D,-,D,U,D,-,D,U,G [D - D U D - D U],G [D - D U D - D U],C [D - D U D - D U],G [D - D U D - D U],G [D - D - D U D U],D [D - D - D U D U],G [D - D - D U D U],G [D - - - - - - -],,,,,,,,,G G G G G G G G,G G G G G G G G,C C C C C C C C,G G G G G G G G,G G G G G G G G,D D D D D D D D,G G G G G G G G,G G G G G G G G,,,,,,,,,D - D U D - D U,D - D U D - D U,D - D U D - D U,D - D U D - D U,D - D - D U D U,D - D - D U D U,D - D - D U D U,D - - - - - - -,,,,,,,,,G | G | C | G | G | D | G | G,acompanamiento_v6_musical_simplificado,"cambios reales de acordes, groove y estructura corta reconocible",V6: max 16 compases; subdivision max 8; no se rellenan compases vacios; 12/8 se trata como shuffle en 4/4 por limite tecnico,no,0,,https://www.fender.com/articles/songs/40-of-the-easiest-songs-to-learn-on-guitar,"BPM, tonalidad y compases son sugerencias de practica adaptadas al limite de 12 compases y 4 subdivisiones. V2 medio compas: '/' indica cambio al tiempo 3. La progresion_1acorde_compas queda como version ultra facil. V3 ritmica: 12 compases = 1-4 verso, 5-8 estribillo, 9-10 puente, 11 vuelta al estribillo, 12 final/corte. V4: CSV rehecho a 16 compases maximo y 8 subdivisiones por compas. | V6 confianza=alta. | APP_SAFE: slash chords simplificados a acorde base para evitar fallos de playback."
Si - directa,Meter ya,Nivel 1-2: acompanamiento con acordes abiertos/capo y patron simple.,77,La Bamba,Ritchie Valens / Los Lobos,ES,Rock and roll latino,1,70,94,4/4,latin/rumba pop,8,1 & 2 & 3 & 4 &,C,0,EADGBE,C; F; G,2,D - U - D U - U,D - D U - U D U,D - U - D U - U,D - - - - - - -,D - U - D U - U,D=abajo; U=arriba; -=silencio/no golpe; x=apagado si aparece,D,-,U,-,D,U,-,U,C(1-4) / F(5-8) [D - U - D U - U],G(1-4) / F(5-8) [D - U - D U - U],,,,,,,,,,,,,,,C C C C F F F F,G G G G F F F F,,,,,,,,,,,,,,,D - U - D U - U,D - U - D U - U,,,,,,,,,,,,,,,C(1-4) / F(5-8) | G(1-4) / F(5-8),acompanamiento_v6_musical_simplificado,"cambios reales de acordes, groove y estructura corta reconocible",V6: max 16 compases; subdivision max 8; no se rellenan compases vacios; 12/8 se trata como shuffle en 4/4 por limite tecnico,si,2,1;2,https://creatumusica.art/canciones-faciles-en-guitarra/,"BPM, tonalidad y compases son sugerencias de practica adaptadas al limite de 12 compases y 4 subdivisiones. V2 medio compas: '/' indica cambio al tiempo 3. La progresion_1acorde_compas queda como version ultra facil. V3 ritmica: 12 compases = 1-4 verso, 5-8 estribillo, 9-10 puente, 11 vuelta al estribillo, 12 final/corte. V4: CSV rehecho a 16 compases maximo y 8 subdivisiones por compas. | V6 confianza=alta. | APP_SAFE: slash chords simplificados a acorde base para evitar fallos de playback."
Si - simplificada,Capo/cejilla reducida,"Muy pedida; entrar con capo, mini-cejilla o sustitucion antes de exigir cejilla completa.",78,Lamento Boliviano,Enanitos Verdes,ES,Rock en español,3,52,76,4/4,latin/rumba pop,8,1 & 2 & 3 & 4 &,Em,0,EADGBE,Em; Bm; Am; B7,4,D - U - D U - U,D - D U - U D U,D - U - D U - U,D - - - - - - -,D - U - D U - U,D=abajo; U=arriba; -=silencio/no golpe; x=apagado si aparece,D,-,U,-,D,U,-,U,Em [D - U - D U - U],Bm [D - U - D U - U],Am [D - U - D U - U],B7 [D - U - D U - U],,,,,,,,,,,,,Em Em Em Em Em Em Em Em,Bm Bm Bm Bm Bm Bm Bm Bm,Am Am Am Am Am Am Am Am,B7 B7 B7 B7 B7 B7 B7 B7,,,,,,,,,,,,,D - U - D U - U,D - U - D U - U,D - U - D U - U,D - U - D U - U,,,,,,,,,,,,,Em | Bm | Am | B7,acompanamiento_v6_musical_simplificado,"cambios reales de acordes, groove y estructura corta reconocible",V6: max 16 compases; subdivision max 8; no se rellenan compases vacios; 12/8 se trata como shuffle en 4/4 por limite tecnico,no,0,,https://guitarrasinlimites.com/acordes/40-canciones-faciles-para-tocar-en-guitarra/,"BPM, tonalidad y compases son sugerencias de practica adaptadas al limite de 12 compases y 4 subdivisiones. V2 medio compas: '/' indica cambio al tiempo 3. La progresion_1acorde_compas queda como version ultra facil. V3 ritmica: 12 compases = 1-4 verso, 5-8 estribillo, 9-10 puente, 11 vuelta al estribillo, 12 final/corte. V4: CSV rehecho a 16 compases maximo y 8 subdivisiones por compas. | V6 confianza=alta. | APP_SAFE: slash chords simplificados a acorde base para evitar fallos de playback."
Si - simplificada,Capo/cejilla reducida,"Muy pedida; entrar con capo, mini-cejilla o sustitucion antes de exigir cejilla completa.",79,De Música Ligera,Soda Stereo,ES,Rock en español,3,68,92,4/4,rock binario,8,1 & 2 & 3 & 4 &,Bm,0,EADGBE,Bm; G; D; A,4,D D - U D U - U,D D D D D D D D,D D - U D U - U,D - - - - - - -,D D - U D U - U,D=abajo; U=arriba; -=silencio/no golpe; x=apagado si aparece,D,D,-,U,D,U,-,U,Bm [D D - U D U - U],G [D D - U D U - U],D [D D - U D U - U],A [D D - U D U - U],,,,,,,,,,,,,Bm Bm Bm Bm Bm Bm Bm Bm,G G G G G G G G,D D D D D D D D,A A A A A A A A,,,,,,,,,,,,,D D - U D U - U,D D - U D U - U,D D - U D U - U,D D - U D U - U,,,,,,,,,,,,,Bm | G | D | A,acompanamiento_v6_musical_simplificado,"cambios reales de acordes, groove y estructura corta reconocible",V6: max 16 compases; subdivision max 8; no se rellenan compases vacios; 12/8 se trata como shuffle en 4/4 por limite tecnico,no,0,,https://creatumusica.art/canciones-faciles-en-guitarra/,"BPM, tonalidad y compases son sugerencias de practica adaptadas al limite de 12 compases y 4 subdivisiones. V2 medio compas: '/' indica cambio al tiempo 3. La progresion_1acorde_compas queda como version ultra facil. V3 ritmica: 12 compases = 1-4 verso, 5-8 estribillo, 9-10 puente, 11 vuelta al estribillo, 12 final/corte. V4: CSV rehecho a 16 compases maximo y 8 subdivisiones por compas. | V6 confianza=alta. | APP_SAFE: slash chords simplificados a acorde base para evitar fallos de playback."
Si - directa,Meter ya,Nivel 1-2: acompanamiento con acordes abiertos/capo y patron simple.,80,La Chica de Ayer,Nacha Pop,ES,Pop rock español,2,52,76,4/4,pop/rock binario,8,1 & 2 & 3 & 4 &,G,0,EADGBE,G; C; D; Em,8,D - D U - U D U,D D - U D U - U,D - D - D U D U,D - - - - - - -,D - D U - U D U,D=abajo; U=arriba; -=silencio/no golpe; x=apagado si aparece,D,-,D,U,-,U,D,U,G [D - D U - U D U],C [D - D U - U D U],D [D - D U - U D U],G [D - D U - U D U],Em [D D - U D U - U],C [D D - U D U - U],D [D D - U D U - U],D [D - - - - - - -],,,,,,,,,G G G G G G G G,C C C C C C C C,D D D D D D D D,G G G G G G G G,Em Em Em Em Em Em Em Em,C C C C C C C C,D D D D D D D D,D D D D D D D D,,,,,,,,,D - D U - U D U,D - D U - U D U,D - D U - U D U,D - D U - U D U,D D - U D U - U,D D - U D U - U,D D - U D U - U,D - - - - - - -,,,,,,,,,G | C | D | G | Em | C | D | D,acompanamiento_v6_musical_simplificado,"cambios reales de acordes, groove y estructura corta reconocible",V6: max 16 compases; subdivision max 8; no se rellenan compases vacios; 12/8 se trata como shuffle en 4/4 por limite tecnico,no,0,,https://guitarrasinlimites.com/acordes/40-canciones-faciles-para-tocar-en-guitarra/,"BPM, tonalidad y compases son sugerencias de practica adaptadas al limite de 12 compases y 4 subdivisiones. V2 medio compas: '/' indica cambio al tiempo 3. La progresion_1acorde_compas queda como version ultra facil. V3 ritmica: 12 compases = 1-4 verso, 5-8 estribillo, 9-10 puente, 11 vuelta al estribillo, 12 final/corte. V4: CSV rehecho a 16 compases maximo y 8 subdivisiones por compas. | V6 confianza=alta. | APP_SAFE: slash chords simplificados a acorde base para evitar fallos de playback."
Si - directa,Meter ya,Nivel 1-2: acompanamiento con acordes abiertos/capo y patron simple.,81,Soldadito Marinero,Fito & Fitipaldis,ES,Pop rock español,2,54,78,4/4,rumba pop,8,1 & 2 & 3 & 4 &,G,0,EADGBE,G; D; Em; C,4,D - D U - U D U,D - U - D U - U,D - D U - U D U,D - - - - - - -,D - D U - U D U,D=abajo; U=arriba; -=silencio/no golpe; x=apagado si aparece,D,-,D,U,-,U,D,U,G [D - D U - U D U],D [D - D U - U D U],Em [D - D U - U D U],C [D - D U - U D U],,,,,,,,,,,,,G G G G G G G G,D D D D D D D D,Em Em Em Em Em Em Em Em,C C C C C C C C,,,,,,,,,,,,,D - D U - U D U,D - D U - U D U,D - D U - U D U,D - D U - U D U,,,,,,,,,,,,,G | D | Em | C,acompanamiento_v6_musical_simplificado,"cambios reales de acordes, groove y estructura corta reconocible",V6: max 16 compases; subdivision max 8; no se rellenan compases vacios; 12/8 se trata como shuffle en 4/4 por limite tecnico,no,0,,https://guitarrasinlimites.com/acordes/40-canciones-faciles-para-tocar-en-guitarra/,"BPM, tonalidad y compases son sugerencias de practica adaptadas al limite de 12 compases y 4 subdivisiones. V2 medio compas: '/' indica cambio al tiempo 3. La progresion_1acorde_compas queda como version ultra facil. V3 ritmica: 12 compases = 1-4 verso, 5-8 estribillo, 9-10 puente, 11 vuelta al estribillo, 12 final/corte. V4: CSV rehecho a 16 compases maximo y 8 subdivisiones por compas. | V6 confianza=alta. | APP_SAFE: slash chords simplificados a acorde base para evitar fallos de playback."
Si - directa,Meter ya,Nivel 1-2: acompanamiento con acordes abiertos/capo y patron simple.,82,Flaca,Andrés Calamaro,ES,Rock / pop latino,2,56,80,4/4,rumba pop,8,1 & 2 & 3 & 4 &,G,0,EADGBE,G; D; Em; C,4,D - D U - U D U,D - U - D U - U,D - D U - U D U,D - - - - - - -,D - D U - U D U,D=abajo; U=arriba; -=silencio/no golpe; x=apagado si aparece,D,-,D,U,-,U,D,U,G [D - D U - U D U],D [D - D U - U D U],Em [D - D U - U D U],C [D - D U - U D U],,,,,,,,,,,,,G G G G G G G G,D D D D D D D D,Em Em Em Em Em Em Em Em,C C C C C C C C,,,,,,,,,,,,,D - D U - U D U,D - D U - U D U,D - D U - U D U,D - D U - U D U,,,,,,,,,,,,,G | D | Em | C,acompanamiento_v6_musical_simplificado,"cambios reales de acordes, groove y estructura corta reconocible",V6: max 16 compases; subdivision max 8; no se rellenan compases vacios; 12/8 se trata como shuffle en 4/4 por limite tecnico,no,0,,https://guitarrasinlimites.com/acordes/40-canciones-faciles-para-tocar-en-guitarra/,"BPM, tonalidad y compases son sugerencias de practica adaptadas al limite de 12 compases y 4 subdivisiones. V2 medio compas: '/' indica cambio al tiempo 3. La progresion_1acorde_compas queda como version ultra facil. V3 ritmica: 12 compases = 1-4 verso, 5-8 estribillo, 9-10 puente, 11 vuelta al estribillo, 12 final/corte. V4: CSV rehecho a 16 compases maximo y 8 subdivisiones por compas. | V6 confianza=alta. | APP_SAFE: slash chords simplificados a acorde base para evitar fallos de playback."
Si - directa,Meter ya,Nivel 1-2: acompanamiento con acordes abiertos/capo y patron simple.,83,Princesas,Pereza,ES,Pop rock español,2,62,86,4/4,rock binario,8,1 & 2 & 3 & 4 &,G,0,EADGBE,G; D; C; Em,4,D D - U D U - U,D D D D D D D D,D D - U D U - U,D - - - - - - -,D D - U D U - U,D=abajo; U=arriba; -=silencio/no golpe; x=apagado si aparece,D,D,-,U,D,U,-,U,G [D D - U D U - U],D [D D - U D U - U],C [D D - U D U - U],Em [D D - U D U - U],,,,,,,,,,,,,G G G G G G G G,D D D D D D D D,C C C C C C C C,Em Em Em Em Em Em Em Em,,,,,,,,,,,,,D D - U D U - U,D D - U D U - U,D D - U D U - U,D D - U D U - U,,,,,,,,,,,,,G | D | C | Em,acompanamiento_v6_musical_simplificado,"cambios reales de acordes, groove y estructura corta reconocible",V6: max 16 compases; subdivision max 8; no se rellenan compases vacios; 12/8 se trata como shuffle en 4/4 por limite tecnico,no,0,,https://guitarrasinlimites.com/acordes/40-canciones-faciles-para-tocar-en-guitarra/,"BPM, tonalidad y compases son sugerencias de practica adaptadas al limite de 12 compases y 4 subdivisiones. V2 medio compas: '/' indica cambio al tiempo 3. La progresion_1acorde_compas queda como version ultra facil. V3 ritmica: 12 compases = 1-4 verso, 5-8 estribillo, 9-10 puente, 11 vuelta al estribillo, 12 final/corte. V4: CSV rehecho a 16 compases maximo y 8 subdivisiones por compas. | V6 confianza=alta. | APP_SAFE: slash chords simplificados a acorde base para evitar fallos de playback."
Si - simplificada,F reducido,Muy reconocible; usar Fmaj7/mini-F y priorizar continuidad del pulso.,84,Desaparecido,Manu Chao,ES,Latin / reggae,3,68,92,4/4,latin/rumba pop,8,1 & 2 & 3 & 4 &,Am,0,EADGBE,Am; G; F; E,4,D - U - D U - U,D - D U - U D U,D - U - D U - U,D - - - - - - -,D - U - D U - U,D=abajo; U=arriba; -=silencio/no golpe; x=apagado si aparece,D,-,U,-,D,U,-,U,Am [D - U - D U - U],G [D - U - D U - U],F [D - U - D U - U],E [D - U - D U - U],,,,,,,,,,,,,Am Am Am Am Am Am Am Am,G G G G G G G G,F F F F F F F F,E E E E E E E E,,,,,,,,,,,,,D - U - D U - U,D - U - D U - U,D - U - D U - U,D - U - D U - U,,,,,,,,,,,,,Am | G | F | E,acompanamiento_v6_musical_simplificado,"cambios reales de acordes, groove y estructura corta reconocible",V6: max 16 compases; subdivision max 8; no se rellenan compases vacios; 12/8 se trata como shuffle en 4/4 por limite tecnico,no,0,,https://guitarrasinlimites.com/acordes/40-canciones-faciles-para-tocar-en-guitarra/,"BPM, tonalidad y compases son sugerencias de practica adaptadas al limite de 12 compases y 4 subdivisiones. V2 medio compas: '/' indica cambio al tiempo 3. La progresion_1acorde_compas queda como version ultra facil. V3 ritmica: 12 compases = 1-4 verso, 5-8 estribillo, 9-10 puente, 11 vuelta al estribillo, 12 final/corte. V4: CSV rehecho a 16 compases maximo y 8 subdivisiones por compas. | V6 confianza=alta. | APP_SAFE: slash chords simplificados a acorde base para evitar fallos de playback."
Si - directa,Meter ya,Nivel 1-2: acompanamiento con acordes abiertos/capo y patron simple.,85,No puedo vivir sin ti,Los Ronaldos,ES,Pop rock español,2,58,82,4/4,pop/rock binario,8,1 & 2 & 3 & 4 &,G,0,EADGBE,G; D; Em; C,4,D - D U - U D U,D D - U D U - U,D - D - D U D U,D - - - - - - -,D - D U - U D U,D=abajo; U=arriba; -=silencio/no golpe; x=apagado si aparece,D,-,D,U,-,U,D,U,G [D - D U - U D U],D [D - D U - U D U],Em [D - D U - U D U],C [D - D U - U D U],,,,,,,,,,,,,G G G G G G G G,D D D D D D D D,Em Em Em Em Em Em Em Em,C C C C C C C C,,,,,,,,,,,,,D - D U - U D U,D - D U - U D U,D - D U - U D U,D - D U - U D U,,,,,,,,,,,,,G | D | Em | C,acompanamiento_v6_musical_simplificado,"cambios reales de acordes, groove y estructura corta reconocible",V6: max 16 compases; subdivision max 8; no se rellenan compases vacios; 12/8 se trata como shuffle en 4/4 por limite tecnico,no,0,,https://guitarrasinlimites.com/acordes/40-canciones-faciles-para-tocar-en-guitarra/,"BPM, tonalidad y compases son sugerencias de practica adaptadas al limite de 12 compases y 4 subdivisiones. V2 medio compas: '/' indica cambio al tiempo 3. La progresion_1acorde_compas queda como version ultra facil. V3 ritmica: 12 compases = 1-4 verso, 5-8 estribillo, 9-10 puente, 11 vuelta al estribillo, 12 final/corte. V4: CSV rehecho a 16 compases maximo y 8 subdivisiones por compas. | V6 confianza=alta. | APP_SAFE: slash chords simplificados a acorde base para evitar fallos de playback."
Si - simplificada,F reducido,Muy reconocible; usar Fmaj7/mini-F y priorizar continuidad del pulso.,86,Porque te vas,Jeanette,ES,Pop español,3,54,78,4/4,latin/rumba pop,8,1 & 2 & 3 & 4 &,Am,0,EADGBE,Am; G; F; E,4,D - U - D U - U,D - D U - U D U,D - U - D U - U,D - - - - - - -,D - U - D U - U,D=abajo; U=arriba; -=silencio/no golpe; x=apagado si aparece,D,-,U,-,D,U,-,U,Am [D - U - D U - U],G [D - U - D U - U],F [D - U - D U - U],E [D - U - D U - U],,,,,,,,,,,,,Am Am Am Am Am Am Am Am,G G G G G G G G,F F F F F F F F,E E E E E E E E,,,,,,,,,,,,,D - U - D U - U,D - U - D U - U,D - U - D U - U,D - U - D U - U,,,,,,,,,,,,,Am | G | F | E,acompanamiento_v6_musical_simplificado,"cambios reales de acordes, groove y estructura corta reconocible",V6: max 16 compases; subdivision max 8; no se rellenan compases vacios; 12/8 se trata como shuffle en 4/4 por limite tecnico,no,0,,https://guitarrasinlimites.com/acordes/40-canciones-faciles-para-tocar-en-guitarra/,"BPM, tonalidad y compases son sugerencias de practica adaptadas al limite de 12 compases y 4 subdivisiones. V2 medio compas: '/' indica cambio al tiempo 3. La progresion_1acorde_compas queda como version ultra facil. V3 ritmica: 12 compases = 1-4 verso, 5-8 estribillo, 9-10 puente, 11 vuelta al estribillo, 12 final/corte. V4: CSV rehecho a 16 compases maximo y 8 subdivisiones por compas. | V6 confianza=alta. | APP_SAFE: slash chords simplificados a acorde base para evitar fallos de playback."
Si - simplificada,Capo/cejilla reducida,"Muy pedida; entrar con capo, mini-cejilla o sustitucion antes de exigir cejilla completa.",87,Despacito,Luis Fonsi,ES,Pop latino,3,64,88,4/4,latin/rumba pop,8,1 & 2 & 3 & 4 &,Bm formas simplificadas,0,EADGBE,Bm; G; D; A,4,D - U - D U - U,D - D U - U D U,D - U - D U - U,D - - - - - - -,D - U - D U - U,D=abajo; U=arriba; -=silencio/no golpe; x=apagado si aparece,D,-,U,-,D,U,-,U,Bm [D - U - D U - U],G [D - U - D U - U],D [D - U - D U - U],A [D - U - D U - U],,,,,,,,,,,,,Bm Bm Bm Bm Bm Bm Bm Bm,G G G G G G G G,D D D D D D D D,A A A A A A A A,,,,,,,,,,,,,D - U - D U - U,D - U - D U - U,D - U - D U - U,D - U - D U - U,,,,,,,,,,,,,Bm | G | D | A,acompanamiento_v6_musical_simplificado,"cambios reales de acordes, groove y estructura corta reconocible",V6: max 16 compases; subdivision max 8; no se rellenan compases vacios; 12/8 se trata como shuffle en 4/4 por limite tecnico,no,0,,https://guitarrasinlimites.com/acordes/40-canciones-faciles-para-tocar-en-guitarra/,"BPM, tonalidad y compases son sugerencias de practica adaptadas al limite de 12 compases y 4 subdivisiones. V2 medio compas: '/' indica cambio al tiempo 3. La progresion_1acorde_compas queda como version ultra facil. V3 ritmica: 12 compases = 1-4 verso, 5-8 estribillo, 9-10 puente, 11 vuelta al estribillo, 12 final/corte. V4: CSV rehecho a 16 compases maximo y 8 subdivisiones por compas. | V6 confianza=alta. | APP_SAFE: slash chords simplificados a acorde base para evitar fallos de playback."
Si - directa,Meter ya,Nivel 1-2: acompanamiento con acordes abiertos/capo y patron simple.,88,Rayando el Sol,Maná,ES,Rock pop latino,2,54,78,4/4,latin/rumba pop,8,1 & 2 & 3 & 4 &,G,0,EADGBE,G; D; Em; C,4,D - U - D U - U,D - D U - U D U,D - U - D U - U,D - - - - - - -,D - U - D U - U,D=abajo; U=arriba; -=silencio/no golpe; x=apagado si aparece,D,-,U,-,D,U,-,U,G [D - U - D U - U],D [D - U - D U - U],Em [D - U - D U - U],C [D - U - D U - U],,,,,,,,,,,,,G G G G G G G G,D D D D D D D D,Em Em Em Em Em Em Em Em,C C C C C C C C,,,,,,,,,,,,,D - U - D U - U,D - U - D U - U,D - U - D U - U,D - U - D U - U,,,,,,,,,,,,,G | D | Em | C,acompanamiento_v6_musical_simplificado,"cambios reales de acordes, groove y estructura corta reconocible",V6: max 16 compases; subdivision max 8; no se rellenan compases vacios; 12/8 se trata como shuffle en 4/4 por limite tecnico,no,0,,https://creatumusica.art/canciones-faciles-en-guitarra/,"BPM, tonalidad y compases son sugerencias de practica adaptadas al limite de 12 compases y 4 subdivisiones. V2 medio compas: '/' indica cambio al tiempo 3. La progresion_1acorde_compas queda como version ultra facil. V3 ritmica: 12 compases = 1-4 verso, 5-8 estribillo, 9-10 puente, 11 vuelta al estribillo, 12 final/corte. V4: CSV rehecho a 16 compases maximo y 8 subdivisiones por compas. | V6 confianza=alta. | APP_SAFE: slash chords simplificados a acorde base para evitar fallos de playback."
Si - simplificada,Version facil,"Nivel 3, pero funciona como acompanamiento si se evita transcripcion exacta.",89,Corazón Espinado,Santana feat. Maná,ES,Latin rock,3,68,92,4/4,latin/rumba pop,8,1 & 2 & 3 & 4 &,Am,0,EADGBE,Am; E; Dm; G; C; F,8,D - U - D U - U,D - D U - U D U,D - U - D U - U,D - - - - - - -,D - U - D U - U,D=abajo; U=arriba; -=silencio/no golpe; x=apagado si aparece,D,-,U,-,D,U,-,U,Am [D - U - D U - U],E [D - U - D U - U],Dm [D - U - D U - U],G [D - U - D U - U],C [D - D U - U D U],F [D - D U - U D U],E [D - D U - U D U],E [D - - - - - - -],,,,,,,,,Am Am Am Am Am Am Am Am,E E E E E E E E,Dm Dm Dm Dm Dm Dm Dm Dm,G G G G G G G G,C C C C C C C C,F F F F F F F F,E E E E E E E E,E E E E E E E E,,,,,,,,,D - U - D U - U,D - U - D U - U,D - U - D U - U,D - U - D U - U,D - D U - U D U,D - D U - U D U,D - D U - U D U,D - - - - - - -,,,,,,,,,Am | E | Dm | G | C | F | E | E,acompanamiento_v6_musical_simplificado,"cambios reales de acordes, groove y estructura corta reconocible",V6: max 16 compases; subdivision max 8; no se rellenan compases vacios; 12/8 se trata como shuffle en 4/4 por limite tecnico,no,0,,https://planetamusik.com/blog/canciones-espanol-faciles-guitarra/,"BPM, tonalidad y compases son sugerencias de practica adaptadas al limite de 12 compases y 4 subdivisiones. V2 medio compas: '/' indica cambio al tiempo 3. La progresion_1acorde_compas queda como version ultra facil. V3 ritmica: 12 compases = 1-4 verso, 5-8 estribillo, 9-10 puente, 11 vuelta al estribillo, 12 final/corte. V4: CSV rehecho a 16 compases maximo y 8 subdivisiones por compas. | V6 confianza=alta. | APP_SAFE: slash chords simplificados a acorde base para evitar fallos de playback."
Si - simplificada,Capo/cejilla reducida,"Muy pedida; entrar con capo, mini-cejilla o sustitucion antes de exigir cejilla completa.",90,Vivir Sin Aire,Maná,ES,Balada rock,3,45,66,4/4,latin/rumba pop,8,1 & 2 & 3 & 4 &,G,0,EADGBE,G; Bm; C; D,4,D - U - D U - U,D - D U - U D U,D - U - D U - U,D - - - - - - -,D - U - D U - U,D=abajo; U=arriba; -=silencio/no golpe; x=apagado si aparece,D,-,U,-,D,U,-,U,G [D - U - D U - U],Bm [D - U - D U - U],C [D - U - D U - U],D [D - U - D U - U],,,,,,,,,,,,,G G G G G G G G,Bm Bm Bm Bm Bm Bm Bm Bm,C C C C C C C C,D D D D D D D D,,,,,,,,,,,,,D - U - D U - U,D - U - D U - U,D - U - D U - U,D - U - D U - U,,,,,,,,,,,,,G | Bm | C | D,acompanamiento_v6_musical_simplificado,"cambios reales de acordes, groove y estructura corta reconocible",V6: max 16 compases; subdivision max 8; no se rellenan compases vacios; 12/8 se trata como shuffle en 4/4 por limite tecnico,no,0,,https://planetamusik.com/blog/canciones-espanol-faciles-guitarra/,"BPM, tonalidad y compases son sugerencias de practica adaptadas al limite de 12 compases y 4 subdivisiones. V2 medio compas: '/' indica cambio al tiempo 3. La progresion_1acorde_compas queda como version ultra facil. V3 ritmica: 12 compases = 1-4 verso, 5-8 estribillo, 9-10 puente, 11 vuelta al estribillo, 12 final/corte. V4: CSV rehecho a 16 compases maximo y 8 subdivisiones por compas. | V6 confianza=alta. | APP_SAFE: slash chords simplificados a acorde base para evitar fallos de playback."
Si - simplificada,F reducido,Muy reconocible; usar Fmaj7/mini-F y priorizar continuidad del pulso.,91,No dudaría,Antonio Flores,ES,Pop / canción de autor,3,50,74,4/4,rumba pop,8,1 & 2 & 3 & 4 &,C,0,EADGBE,C; G; F; Am,4,D - D U - U D U,D - U - D U - U,D - D U - U D U,D - - - - - - -,D - D U - U D U,D=abajo; U=arriba; -=silencio/no golpe; x=apagado si aparece,D,-,D,U,-,U,D,U,C [D - D U - U D U],G [D - D U - U D U],F [D - D U - U D U],Am [D - D U - U D U],,,,,,,,,,,,,C C C C C C C C,G G G G G G G G,F F F F F F F F,Am Am Am Am Am Am Am Am,,,,,,,,,,,,,D - D U - U D U,D - D U - U D U,D - D U - U D U,D - D U - U D U,,,,,,,,,,,,,C | G | F | Am,acompanamiento_v6_musical_simplificado,"cambios reales de acordes, groove y estructura corta reconocible",V6: max 16 compases; subdivision max 8; no se rellenan compases vacios; 12/8 se trata como shuffle en 4/4 por limite tecnico,no,0,,https://planetamusik.com/blog/canciones-espanol-faciles-guitarra/,"BPM, tonalidad y compases son sugerencias de practica adaptadas al limite de 12 compases y 4 subdivisiones. V2 medio compas: '/' indica cambio al tiempo 3. La progresion_1acorde_compas queda como version ultra facil. V3 ritmica: 12 compases = 1-4 verso, 5-8 estribillo, 9-10 puente, 11 vuelta al estribillo, 12 final/corte. V4: CSV rehecho a 16 compases maximo y 8 subdivisiones por compas. | V6 confianza=alta. | APP_SAFE: slash chords simplificados a acorde base para evitar fallos de playback."
Si - simplificada,Version facil,"Nivel 3, pero funciona como acompanamiento si se evita transcripcion exacta.",92,Carolina,M-Clan,ES,Pop rock español,3,58,82,4/4,rock binario,8,1 & 2 & 3 & 4 &,G,0,EADGBE,G; D; C,4,D D - U D U - U,D D D D D D D D,D D - U D U - U,D - - - - - - -,D D - U D U - U,D=abajo; U=arriba; -=silencio/no golpe; x=apagado si aparece,D,D,-,U,D,U,-,U,G [D D - U D U - U],D [D D - U D U - U],C [D D - U D U - U],G [D D - U D U - U],,,,,,,,,,,,,G G G G G G G G,D D D D D D D D,C C C C C C C C,G G G G G G G G,,,,,,,,,,,,,D D - U D U - U,D D - U D U - U,D D - U D U - U,D D - U D U - U,,,,,,,,,,,,,G | D | C | G,acompanamiento_v6_musical_simplificado,"cambios reales de acordes, groove y estructura corta reconocible",V6: max 16 compases; subdivision max 8; no se rellenan compases vacios; 12/8 se trata como shuffle en 4/4 por limite tecnico,no,0,,https://www.superprof.es/blog/repertorio-espanol-guitarristas/,"BPM, tonalidad y compases son sugerencias de practica adaptadas al limite de 12 compases y 4 subdivisiones. V2 medio compas: '/' indica cambio al tiempo 3. La progresion_1acorde_compas queda como version ultra facil. V3 ritmica: 12 compases = 1-4 verso, 5-8 estribillo, 9-10 puente, 11 vuelta al estribillo, 12 final/corte. V4: CSV rehecho a 16 compases maximo y 8 subdivisiones por compas. | V6 confianza=alta. | APP_SAFE: slash chords simplificados a acorde base para evitar fallos de playback."
Si - directa,Meter ya,Nivel 1-2: acompanamiento con acordes abiertos/capo y patron simple.,93,Cielito Lindo,Traditional / México,ES,Tradicional mexicano,1,52,76,4/4,latin/rumba pop,8,1 & 2 & 3 & 4 &,C,0,EADGBE,C; G7; F,8,D - U - D U - U,D - D U - U D U,D - U - D U - U,D - - - - - - -,D - U - D U - U,D=abajo; U=arriba; -=silencio/no golpe; x=apagado si aparece,D,-,U,-,D,U,-,U,C [D - U - D U - U],G7 [D - U - D U - U],C [D - U - D U - U],F [D - U - D U - U],C [D - D U - U D U],G7 [D - D U - U D U],C [D - D U - U D U],C [D - - - - - - -],,,,,,,,,C C C C C C C C,G7 G7 G7 G7 G7 G7 G7 G7,C C C C C C C C,F F F F F F F F,C C C C C C C C,G7 G7 G7 G7 G7 G7 G7 G7,C C C C C C C C,C C C C C C C C,,,,,,,,,D - U - D U - U,D - U - D U - U,D - U - D U - U,D - U - D U - U,D - D U - U D U,D - D U - U D U,D - D U - U D U,D - - - - - - -,,,,,,,,,C | G7 | C | F | C | G7 | C | C,acompanamiento_v6_musical_simplificado,"cambios reales de acordes, groove y estructura corta reconocible",V6: max 16 compases; subdivision max 8; no se rellenan compases vacios; 12/8 se trata como shuffle en 4/4 por limite tecnico,no,0,,https://creatumusica.art/canciones-faciles-en-guitarra/,"BPM, tonalidad y compases son sugerencias de practica adaptadas al limite de 12 compases y 4 subdivisiones. V2 medio compas: '/' indica cambio al tiempo 3. La progresion_1acorde_compas queda como version ultra facil. V3 ritmica: 12 compases = 1-4 verso, 5-8 estribillo, 9-10 puente, 11 vuelta al estribillo, 12 final/corte. V4: CSV rehecho a 16 compases maximo y 8 subdivisiones por compas. | V6 confianza=alta. | APP_SAFE: slash chords simplificados a acorde base para evitar fallos de playback."
Si - directa,Meter ya,Nivel 1-2: acompanamiento con acordes abiertos/capo y patron simple.,94,Hey Jude,The Beatles,EN,Pop rock,2,48,72,4/4,balada 4/4,8,1 & 2 & 3 & 4 &,C,0,EADGBE,C; G; F,8,D - - U D - D U,D - - U - U D -,D - - U D - D U,D - - - - - - -,D - - U D - D U,D=abajo; U=arriba; -=silencio/no golpe; x=apagado si aparece,D,-,-,U,D,-,D,U,C [D - - U D - D U],G [D - - U D - D U],G [D - - U D - D U],C [D - - U D - D U],F [D - - U - U D -],C [D - - U - U D -],G [D - - U - U D -],C [D - - - - - - -],,,,,,,,,C C C C C C C C,G G G G G G G G,G G G G G G G G,C C C C C C C C,F F F F F F F F,C C C C C C C C,G G G G G G G G,C C C C C C C C,,,,,,,,,D - - U D - D U,D - - U D - D U,D - - U D - D U,D - - U D - D U,D - - U - U D -,D - - U - U D -,D - - U - U D -,D - - - - - - -,,,,,,,,,C | G | G | C | F | C | G | C,acompanamiento_v6_musical_simplificado,"cambios reales de acordes, groove y estructura corta reconocible",V6: max 16 compases; subdivision max 8; no se rellenan compases vacios; 12/8 se trata como shuffle en 4/4 por limite tecnico,no,0,,https://guitarmammoth.com/easy-guitar-songs/,"BPM, tonalidad y compases son sugerencias de practica adaptadas al limite de 12 compases y 4 subdivisiones; no es transcripcion exacta. V2 medio compas: '/' indica cambio al tiempo 3. La progresion_1acorde_compas queda como version ultra facil. V3 ritmica: 12 compases = 1-4 verso, 5-8 estribillo, 9-10 puente, 11 vuelta al estribillo, 12 final/corte. V4: CSV rehecho a 16 compases maximo y 8 subdivisiones por compas. | V6 confianza=alta. | APP_SAFE: slash chords simplificados a acorde base para evitar fallos de playback."
Si - directa,Meter ya,Nivel 1-2: acompanamiento con acordes abiertos/capo y patron simple.,95,"Ob-La-Di, Ob-La-Da",The Beatles,EN,Pop rock,2,56,82,4/4,pop/rock binario,8,1 & 2 & 3 & 4 &,G,0,EADGBE,G; D; C,8,D - D U - U D U,D D - U D U - U,D - D - D U D U,D - - - - - - -,D - D U - U D U,D=abajo; U=arriba; -=silencio/no golpe; x=apagado si aparece,D,-,D,U,-,U,D,U,G [D - D U - U D U],D [D - D U - U D U],D [D - D U - U D U],G [D - D U - U D U],G [D D - U D U - U],C [D D - U D U - U],D [D D - U D U - U],G [D - - - - - - -],,,,,,,,,G G G G G G G G,D D D D D D D D,D D D D D D D D,G G G G G G G G,G G G G G G G G,C C C C C C C C,D D D D D D D D,G G G G G G G G,,,,,,,,,D - D U - U D U,D - D U - U D U,D - D U - U D U,D - D U - U D U,D D - U D U - U,D D - U D U - U,D D - U D U - U,D - - - - - - -,,,,,,,,,G | D | D | G | G | C | D | G,acompanamiento_v6_musical_simplificado,"cambios reales de acordes, groove y estructura corta reconocible",V6: max 16 compases; subdivision max 8; no se rellenan compases vacios; 12/8 se trata como shuffle en 4/4 por limite tecnico,no,0,,https://www.guitarlobby.com/easy-acoustic-guitar-songs-for-beginners/,"BPM, tonalidad y compases son sugerencias de practica adaptadas al limite de 12 compases y 4 subdivisiones; no es transcripcion exacta. V2 medio compas: '/' indica cambio al tiempo 3. La progresion_1acorde_compas queda como version ultra facil. V3 ritmica: 12 compases = 1-4 verso, 5-8 estribillo, 9-10 puente, 11 vuelta al estribillo, 12 final/corte. V4: CSV rehecho a 16 compases maximo y 8 subdivisiones por compas. | V6 confianza=alta. | APP_SAFE: slash chords simplificados a acorde base para evitar fallos de playback."
Si - directa,Meter ya,Nivel 1-2: acompanamiento con acordes abiertos/capo y patron simple.,96,All You Need Is Love,The Beatles,EN,Pop rock,2,54,80,4/4,pop/rock binario,8,1 & 2 & 3 & 4 &,C,0,EADGBE,G; D; Em; C,8,D - D U - U D U,D D - U D U - U,D - D - D U D U,D - - - - - - -,D - D U - U D U,D=abajo; U=arriba; -=silencio/no golpe; x=apagado si aparece,D,-,D,U,-,U,D,U,G [D - D U - U D U],D [D - D U - U D U],Em [D - D U - U D U],C [D - D U - U D U],G [D D - U D U - U],D [D D - U D U - U],G [D D - U D U - U],G [D - - - - - - -],,,,,,,,,G G G G G G G G,D D D D D D D D,Em Em Em Em Em Em Em Em,C C C C C C C C,G G G G G G G G,D D D D D D D D,G G G G G G G G,G G G G G G G G,,,,,,,,,D - D U - U D U,D - D U - U D U,D - D U - U D U,D - D U - U D U,D D - U D U - U,D D - U D U - U,D D - U D U - U,D - - - - - - -,,,,,,,,,G | D | Em | C | G | D | G | G,acompanamiento_v6_musical_simplificado,"cambios reales de acordes, groove y estructura corta reconocible",V6: max 16 compases; subdivision max 8; no se rellenan compases vacios; 12/8 se trata como shuffle en 4/4 por limite tecnico,no,0,,https://acousticworld.net/100-easy-acoustic-guitar-songs-with-chords-tabs-lessons/,"BPM, tonalidad y compases son sugerencias de practica adaptadas al limite de 12 compases y 4 subdivisiones; no es transcripcion exacta. V2 medio compas: '/' indica cambio al tiempo 3. La progresion_1acorde_compas queda como version ultra facil. V3 ritmica: 12 compases = 1-4 verso, 5-8 estribillo, 9-10 puente, 11 vuelta al estribillo, 12 final/corte. V4: CSV rehecho a 16 compases maximo y 8 subdivisiones por compas. | V6 confianza=alta. | APP_SAFE: slash chords simplificados a acorde base para evitar fallos de playback."
Si - simplificada,F reducido,Muy reconocible; usar Fmaj7/mini-F y priorizar continuidad del pulso.,97,Yesterday,The Beatles,EN,Pop / balada,3,48,68,4/4,balada 4/4,8,1 & 2 & 3 & 4 &,C,0,EADGBE,C; G; Am; F,8,D - - U D - D U,D - - U - U D -,D - - U D - D U,D - - - - - - -,D - - U D - D U,D=abajo; U=arriba; -=silencio/no golpe; x=apagado si aparece,D,-,-,U,D,-,D,U,C [D - - U D - D U],G [D - - U D - D U],Am [D - - U D - D U],F [D - - U D - D U],C [D - - U - U D -],G [D - - U - U D -],F [D - - U - U D -],C [D - - - - - - -],,,,,,,,,C C C C C C C C,G G G G G G G G,Am Am Am Am Am Am Am Am,F F F F F F F F,C C C C C C C C,G G G G G G G G,F F F F F F F F,C C C C C C C C,,,,,,,,,D - - U D - D U,D - - U D - D U,D - - U D - D U,D - - U D - D U,D - - U - U D -,D - - U - U D -,D - - U - U D -,D - - - - - - -,,,,,,,,,C | G | Am | F | C | G | F | C,acompanamiento_v6_musical_simplificado,"cambios reales de acordes, groove y estructura corta reconocible",V6: max 16 compases; subdivision max 8; no se rellenan compases vacios; 12/8 se trata como shuffle en 4/4 por limite tecnico,no,0,,https://www.laurenbateman.com/beginner-guitar-songs/,"BPM, tonalidad y compases son sugerencias de practica adaptadas al limite de 12 compases y 4 subdivisiones; no es transcripcion exacta. V2 medio compas: '/' indica cambio al tiempo 3. La progresion_1acorde_compas queda como version ultra facil. V3 ritmica: 12 compases = 1-4 verso, 5-8 estribillo, 9-10 puente, 11 vuelta al estribillo, 12 final/corte. V4: CSV rehecho a 16 compases maximo y 8 subdivisiones por compas. | V6 confianza=alta. | APP_SAFE: slash chords simplificados a acorde base para evitar fallos de playback."
Si - directa,Meter ya,Nivel 1-2: acompanamiento con acordes abiertos/capo y patron simple.,98,Yellow Submarine,The Beatles,EN,Pop rock,1,52,74,4/4,pop/rock binario,8,1 & 2 & 3 & 4 &,G,0,EADGBE,G; D; C,8,D - D U - U D U,D D - U D U - U,D - D - D U D U,D - - - - - - -,D - D U - U D U,D=abajo; U=arriba; -=silencio/no golpe; x=apagado si aparece,D,-,D,U,-,U,D,U,G [D - D U - U D U],D [D - D U - U D U],G [D - D U - U D U],C [D - D U - U D U],G [D D - U D U - U],D [D D - U D U - U],G [D D - U D U - U],G [D - - - - - - -],,,,,,,,,G G G G G G G G,D D D D D D D D,G G G G G G G G,C C C C C C C C,G G G G G G G G,D D D D D D D D,G G G G G G G G,G G G G G G G G,,,,,,,,,D - D U - U D U,D - D U - U D U,D - D U - U D U,D - D U - U D U,D D - U D U - U,D D - U D U - U,D D - U D U - U,D - - - - - - -,,,,,,,,,G | D | G | C | G | D | G | G,acompanamiento_v6_musical_simplificado,"cambios reales de acordes, groove y estructura corta reconocible",V6: max 16 compases; subdivision max 8; no se rellenan compases vacios; 12/8 se trata como shuffle en 4/4 por limite tecnico,no,0,,https://guitarmammoth.com/easy-guitar-songs/,"BPM, tonalidad y compases son sugerencias de practica adaptadas al limite de 12 compases y 4 subdivisiones; no es transcripcion exacta. V2 medio compas: '/' indica cambio al tiempo 3. La progresion_1acorde_compas queda como version ultra facil. V3 ritmica: 12 compases = 1-4 verso, 5-8 estribillo, 9-10 puente, 11 vuelta al estribillo, 12 final/corte. V4: CSV rehecho a 16 compases maximo y 8 subdivisiones por compas. | V6 confianza=alta. | APP_SAFE: slash chords simplificados a acorde base para evitar fallos de playback."
Si - directa,Meter ya,Nivel 1-2: acompanamiento con acordes abiertos/capo y patron simple.,99,A Hard Day's Night,The Beatles,EN,Rock and roll,2,58,92,4/4,rock binario,8,1 & 2 & 3 & 4 &,A,0,EADGBE,A; D; E,8,D D - U D U - U,D D D D D D D D,D D - U D U - U,D - - - - - - -,D D - U D U - U,D=abajo; U=arriba; -=silencio/no golpe; x=apagado si aparece,D,D,-,U,D,U,-,U,A [D D - U D U - U],D [D D - U D U - U],A [D D - U D U - U],E [D D - U D U - U],A [D D D D D D D D],D [D D D D D D D D],E [D D D D D D D D],A [D - - - - - - -],,,,,,,,,A A A A A A A A,D D D D D D D D,A A A A A A A A,E E E E E E E E,A A A A A A A A,D D D D D D D D,E E E E E E E E,A A A A A A A A,,,,,,,,,D D - U D U - U,D D - U D U - U,D D - U D U - U,D D - U D U - U,D D D D D D D D,D D D D D D D D,D D D D D D D D,D - - - - - - -,,,,,,,,,A | D | A | E | A | D | E | A,acompanamiento_v6_musical_simplificado,"cambios reales de acordes, groove y estructura corta reconocible",V6: max 16 compases; subdivision max 8; no se rellenan compases vacios; 12/8 se trata como shuffle en 4/4 por limite tecnico,no,0,,https://www.guitarlobby.com/easy-acoustic-guitar-songs-for-beginners/,"BPM, tonalidad y compases son sugerencias de practica adaptadas al limite de 12 compases y 4 subdivisiones; no es transcripcion exacta. V2 medio compas: '/' indica cambio al tiempo 3. La progresion_1acorde_compas queda como version ultra facil. V3 ritmica: 12 compases = 1-4 verso, 5-8 estribillo, 9-10 puente, 11 vuelta al estribillo, 12 final/corte. V4: CSV rehecho a 16 compases maximo y 8 subdivisiones por compas. | V6 confianza=alta. | APP_SAFE: slash chords simplificados a acorde base para evitar fallos de playback."
Si - directa,Meter ya,Nivel 1-2: acompanamiento con acordes abiertos/capo y patron simple.,100,Eight Days a Week,The Beatles,EN,Pop rock,2,52,82,4/4,pop/rock binario,8,1 & 2 & 3 & 4 &,C,0,EADGBE,C; Am; F; G,4,D - D U - U D U,D D - U D U - U,D - D - D U D U,D - - - - - - -,D - D U - U D U,D=abajo; U=arriba; -=silencio/no golpe; x=apagado si aparece,D,-,D,U,-,U,D,U,C [D - D U - U D U],Am [D - D U - U D U],F [D - D U - U D U],G [D - D U - U D U],,,,,,,,,,,,,C C C C C C C C,Am Am Am Am Am Am Am Am,F F F F F F F F,G G G G G G G G,,,,,,,,,,,,,D - D U - U D U,D - D U - U D U,D - D U - U D U,D - D U - U D U,,,,,,,,,,,,,C | Am | F | G,acompanamiento_v6_musical_simplificado,"cambios reales de acordes, groove y estructura corta reconocible",V6: max 16 compases; subdivision max 8; no se rellenan compases vacios; 12/8 se trata como shuffle en 4/4 por limite tecnico,no,0,,https://acousticworld.net/100-easy-acoustic-guitar-songs-with-chords-tabs-lessons/,"BPM, tonalidad y compases son sugerencias de practica adaptadas al limite de 12 compases y 4 subdivisiones; no es transcripcion exacta. V2 medio compas: '/' indica cambio al tiempo 3. La progresion_1acorde_compas queda como version ultra facil. V3 ritmica: 12 compases = 1-4 verso, 5-8 estribillo, 9-10 puente, 11 vuelta al estribillo, 12 final/corte. V4: CSV rehecho a 16 compases maximo y 8 subdivisiones por compas. | V6 confianza=alta. | APP_SAFE: slash chords simplificados a acorde base para evitar fallos de playback."
Si - directa,Meter ya,Nivel 1-2: acompanamiento con acordes abiertos/capo y patron simple.,101,Don't Let Me Down,The Beatles,EN,Blues rock,2,58,82,4/4,rock binario,8,1 & 2 & 3 & 4 &,E,0,EADGBE,E; A; B7,4,D D - U D U - U,D D D D D D D D,D D - U D U - U,D - - - - - - -,D D - U D U - U,D=abajo; U=arriba; -=silencio/no golpe; x=apagado si aparece,D,D,-,U,D,U,-,U,E [D D - U D U - U],A [D D - U D U - U],E [D D - U D U - U],B7 [D D - U D U - U],,,,,,,,,,,,,E E E E E E E E,A A A A A A A A,E E E E E E E E,B7 B7 B7 B7 B7 B7 B7 B7,,,,,,,,,,,,,D D - U D U - U,D D - U D U - U,D D - U D U - U,D D - U D U - U,,,,,,,,,,,,,E | A | E | B7,acompanamiento_v6_musical_simplificado,"cambios reales de acordes, groove y estructura corta reconocible",V6: max 16 compases; subdivision max 8; no se rellenan compases vacios; 12/8 se trata como shuffle en 4/4 por limite tecnico,no,0,,https://musictonic.com/easy-guitar-songs-for-beginners/,"BPM, tonalidad y compases son sugerencias de practica adaptadas al limite de 12 compases y 4 subdivisiones; no es transcripcion exacta. V2 medio compas: '/' indica cambio al tiempo 3. La progresion_1acorde_compas queda como version ultra facil. V3 ritmica: 12 compases = 1-4 verso, 5-8 estribillo, 9-10 puente, 11 vuelta al estribillo, 12 final/corte. V4: CSV rehecho a 16 compases maximo y 8 subdivisiones por compas. | V6 confianza=alta. | APP_SAFE: slash chords simplificados a acorde base para evitar fallos de playback."
Si - directa,Meter ya,Nivel 1-2: acompanamiento con acordes abiertos/capo y patron simple.,102,Can't Help Falling in Love,Elvis Presley,EN,Pop / balada,2,52,80,6/8,balada/arpegio 6/8,6,1 2 3 4 5 6,C,0,EADGBE,C; Em; Am; F; G,8,D - - D - U,D - U D - U,D - - D - U,D - - - - -,D - - D - U,D=abajo; U=arriba; -=silencio/no golpe; x=apagado si aparece,D,-,-,D,-,U,,,C [D - - D - U],Em [D - - D - U],Am [D - - D - U],F [D - - D - U],C [D - U D - U],G [D - U D - U],C [D - U D - U],G [D - - - - -],,,,,,,,,C C C C C C,Em Em Em Em Em Em,Am Am Am Am Am Am,F F F F F F,C C C C C C,G G G G G G,C C C C C C,G G G G G G,,,,,,,,,D - - D - U,D - - D - U,D - - D - U,D - - D - U,D - U D - U,D - U D - U,D - U D - U,D - - - - -,,,,,,,,,C | Em | Am | F | C | G | C | G,acompanamiento_v6_musical_simplificado,"cambios reales de acordes, groove y estructura corta reconocible",V6: max 16 compases; subdivision max 8; no se rellenan compases vacios; 12/8 se trata como shuffle en 4/4 por limite tecnico,no,0,,https://guitarmammoth.com/easy-guitar-songs/,"BPM, tonalidad y compases son sugerencias de practica adaptadas al limite de 12 compases y 4 subdivisiones; no es transcripcion exacta. V2 medio compas: '/' indica cambio al tiempo 3. La progresion_1acorde_compas queda como version ultra facil. V3 ritmica: 12 compases = 1-4 verso, 5-8 estribillo, 9-10 puente, 11 vuelta al estribillo, 12 final/corte. V4: CSV rehecho a 16 compases maximo y 8 subdivisiones por compas. | V6 confianza=alta. | APP_SAFE: slash chords simplificados a acorde base para evitar fallos de playback."
Si - directa,Meter ya,Nivel 1-2: acompanamiento con acordes abiertos/capo y patron simple.,103,Jailhouse Rock,Elvis Presley,EN,Rock and roll,2,62,94,4/4,shuffle/blues ternario representado en 4/4,8,1 & 2 & 3 & 4 &,A,0,EADGBE,A; D; E,12,D - U - D - U -,D - U - D - U -,D - U - D - U -,D - - - - - - -,D - U - D - U -,D=abajo; U=arriba; -=silencio/no golpe; x=apagado si aparece,D,-,U,-,D,-,U,-,A [D - U - D - U -],A [D - U - D - U -],A [D - U - D - U -],A [D - U - D - U -],D [D - U - D - U -],D [D - U - D - U -],A [D - U - D - U -],A [D - U - D - U -],E [D - U - D - U -],D [D - U - D - U -],A [D - U - D - U -],E [D - - - - - - -],,,,,A A A A A A A A,A A A A A A A A,A A A A A A A A,A A A A A A A A,D D D D D D D D,D D D D D D D D,A A A A A A A A,A A A A A A A A,E E E E E E E E,D D D D D D D D,A A A A A A A A,E E E E E E E E,,,,,D - U - D - U -,D - U - D - U -,D - U - D - U -,D - U - D - U -,D - U - D - U -,D - U - D - U -,D - U - D - U -,D - U - D - U -,D - U - D - U -,D - U - D - U -,D - U - D - U -,D - - - - - - -,,,,,A | A | A | A | D | D | A | A | E | D | A | E,acompanamiento_v6_musical_simplificado,"cambios reales de acordes, groove y estructura corta reconocible",V6: max 16 compases; subdivision max 8; no se rellenan compases vacios; 12/8 se trata como shuffle en 4/4 por limite tecnico,no,0,,https://www.guitarlobby.com/easy-acoustic-guitar-songs-for-beginners/,"BPM, tonalidad y compases son sugerencias de practica adaptadas al limite de 12 compases y 4 subdivisiones; no es transcripcion exacta. V2 medio compas: '/' indica cambio al tiempo 3. La progresion_1acorde_compas queda como version ultra facil. V3 ritmica: 12 compases = 1-4 verso, 5-8 estribillo, 9-10 puente, 11 vuelta al estribillo, 12 final/corte. V4: CSV rehecho a 16 compases maximo y 8 subdivisiones por compas. | V6 confianza=alta. | APP_SAFE: slash chords simplificados a acorde base para evitar fallos de playback."
Si - directa,Meter ya,Nivel 1-2: acompanamiento con acordes abiertos/capo y patron simple.,104,Blue Suede Shoes,Elvis Presley,EN,Rock and roll,2,54,82,4/4,shuffle/blues ternario representado en 4/4,8,1 & 2 & 3 & 4 &,E,0,EADGBE,E; A; B7,12,D - U - D - U -,D - U - D - U -,D - U - D - U -,D - - - - - - -,D - U - D - U -,D=abajo; U=arriba; -=silencio/no golpe; x=apagado si aparece,D,-,U,-,D,-,U,-,E [D - U - D - U -],E [D - U - D - U -],E [D - U - D - U -],E [D - U - D - U -],A [D - U - D - U -],A [D - U - D - U -],E [D - U - D - U -],E [D - U - D - U -],B7 [D - U - D - U -],A [D - U - D - U -],E [D - U - D - U -],B7 [D - - - - - - -],,,,,E E E E E E E E,E E E E E E E E,E E E E E E E E,E E E E E E E E,A A A A A A A A,A A A A A A A A,E E E E E E E E,E E E E E E E E,B7 B7 B7 B7 B7 B7 B7 B7,A A A A A A A A,E E E E E E E E,B7 B7 B7 B7 B7 B7 B7 B7,,,,,D - U - D - U -,D - U - D - U -,D - U - D - U -,D - U - D - U -,D - U - D - U -,D - U - D - U -,D - U - D - U -,D - U - D - U -,D - U - D - U -,D - U - D - U -,D - U - D - U -,D - - - - - - -,,,,,E | E | E | E | A | A | E | E | B7 | A | E | B7,acompanamiento_v6_musical_simplificado,"cambios reales de acordes, groove y estructura corta reconocible",V6: max 16 compases; subdivision max 8; no se rellenan compases vacios; 12/8 se trata como shuffle en 4/4 por limite tecnico,no,0,,https://acousticworld.net/100-easy-acoustic-guitar-songs-with-chords-tabs-lessons/,"BPM, tonalidad y compases son sugerencias de practica adaptadas al limite de 12 compases y 4 subdivisiones; no es transcripcion exacta. V2 medio compas: '/' indica cambio al tiempo 3. La progresion_1acorde_compas queda como version ultra facil. V3 ritmica: 12 compases = 1-4 verso, 5-8 estribillo, 9-10 puente, 11 vuelta al estribillo, 12 final/corte. V4: CSV rehecho a 16 compases maximo y 8 subdivisiones por compas. | V6 confianza=alta. | APP_SAFE: slash chords simplificados a acorde base para evitar fallos de playback."
Si - directa,Meter ya,Nivel 1-2: acompanamiento con acordes abiertos/capo y patron simple.,105,That's All Right,Elvis Presley,EN,Rockabilly,1,52,78,4/4,shuffle/blues ternario representado en 4/4,8,1 & 2 & 3 & 4 &,G,0,EADGBE,A; D; E,4,D - U - D - U -,D - U - D - U -,D - U - D - U -,D - - - - - - -,D - U - D - U -,D=abajo; U=arriba; -=silencio/no golpe; x=apagado si aparece,D,-,U,-,D,-,U,-,A [D - U - D - U -],D [D - U - D - U -],A [D - U - D - U -],E [D - U - D - U -],,,,,,,,,,,,,A A A A A A A A,D D D D D D D D,A A A A A A A A,E E E E E E E E,,,,,,,,,,,,,D - U - D - U -,D - U - D - U -,D - U - D - U -,D - U - D - U -,,,,,,,,,,,,,A | D | A | E,acompanamiento_v6_musical_simplificado,"cambios reales de acordes, groove y estructura corta reconocible",V6: max 16 compases; subdivision max 8; no se rellenan compases vacios; 12/8 se trata como shuffle en 4/4 por limite tecnico,no,0,,https://musictonic.com/easy-guitar-songs-for-beginners/,"BPM, tonalidad y compases son sugerencias de practica adaptadas al limite de 12 compases y 4 subdivisiones; no es transcripcion exacta. V2 medio compas: '/' indica cambio al tiempo 3. La progresion_1acorde_compas queda como version ultra facil. V3 ritmica: 12 compases = 1-4 verso, 5-8 estribillo, 9-10 puente, 11 vuelta al estribillo, 12 final/corte. V4: CSV rehecho a 16 compases maximo y 8 subdivisiones por compas. | V6 confianza=alta. | APP_SAFE: slash chords simplificados a acorde base para evitar fallos de playback."
Si - directa,Meter ya,Nivel 1-2: acompanamiento con acordes abiertos/capo y patron simple.,106,Suspicious Minds,Elvis Presley,EN,Pop rock,2,58,84,4/4,pop/rock binario,8,1 & 2 & 3 & 4 &,G,0,EADGBE,G; D; Em; C,4,D - D U - U D U,D D - U D U - U,D - D - D U D U,D - - - - - - -,D - D U - U D U,D=abajo; U=arriba; -=silencio/no golpe; x=apagado si aparece,D,-,D,U,-,U,D,U,G [D - D U - U D U],D [D - D U - U D U],Em [D - D U - U D U],C [D - D U - U D U],,,,,,,,,,,,,G G G G G G G G,D D D D D D D D,Em Em Em Em Em Em Em Em,C C C C C C C C,,,,,,,,,,,,,D - D U - U D U,D - D U - U D U,D - D U - U D U,D - D U - U D U,,,,,,,,,,,,,G | D | Em | C,acompanamiento_v6_musical_simplificado,"cambios reales de acordes, groove y estructura corta reconocible",V6: max 16 compases; subdivision max 8; no se rellenan compases vacios; 12/8 se trata como shuffle en 4/4 por limite tecnico,no,0,,https://www.laurenbateman.com/beginner-guitar-songs/,"BPM, tonalidad y compases son sugerencias de practica adaptadas al limite de 12 compases y 4 subdivisiones; no es transcripcion exacta. V2 medio compas: '/' indica cambio al tiempo 3. La progresion_1acorde_compas queda como version ultra facil. V3 ritmica: 12 compases = 1-4 verso, 5-8 estribillo, 9-10 puente, 11 vuelta al estribillo, 12 final/corte. V4: CSV rehecho a 16 compases maximo y 8 subdivisiones por compas. | V6 confianza=alta. | APP_SAFE: slash chords simplificados a acorde base para evitar fallos de playback."
Si - directa,Meter ya,Nivel 1-2: acompanamiento con acordes abiertos/capo y patron simple.,107,Johnny B. Goode,Chuck Berry,EN,Rock and roll,2,54,88,4/4,shuffle/blues ternario representado en 4/4,8,1 & 2 & 3 & 4 &,E,0,EADGBE,A; D; E,12,D - U - D - U -,D - U - D - U -,D - U - D - U -,D - - - - - - -,D - U - D - U -,D=abajo; U=arriba; -=silencio/no golpe; x=apagado si aparece,D,-,U,-,D,-,U,-,A [D - U - D - U -],A [D - U - D - U -],A [D - U - D - U -],A [D - U - D - U -],D [D - U - D - U -],D [D - U - D - U -],A [D - U - D - U -],A [D - U - D - U -],E [D - U - D - U -],D [D - U - D - U -],A [D - U - D - U -],E [D - - - - - - -],,,,,A A A A A A A A,A A A A A A A A,A A A A A A A A,A A A A A A A A,D D D D D D D D,D D D D D D D D,A A A A A A A A,A A A A A A A A,E E E E E E E E,D D D D D D D D,A A A A A A A A,E E E E E E E E,,,,,D - U - D - U -,D - U - D - U -,D - U - D - U -,D - U - D - U -,D - U - D - U -,D - U - D - U -,D - U - D - U -,D - U - D - U -,D - U - D - U -,D - U - D - U -,D - U - D - U -,D - - - - - - -,,,,,A | A | A | A | D | D | A | A | E | D | A | E,acompanamiento_v6_musical_simplificado,"cambios reales de acordes, groove y estructura corta reconocible",V6: max 16 compases; subdivision max 8; no se rellenan compases vacios; 12/8 se trata como shuffle en 4/4 por limite tecnico,no,0,,https://guitarmammoth.com/easy-guitar-songs/,"BPM, tonalidad y compases son sugerencias de practica adaptadas al limite de 12 compases y 4 subdivisiones; no es transcripcion exacta. V2 medio compas: '/' indica cambio al tiempo 3. La progresion_1acorde_compas queda como version ultra facil. V3 ritmica: 12 compases = 1-4 verso, 5-8 estribillo, 9-10 puente, 11 vuelta al estribillo, 12 final/corte. V4: CSV rehecho a 16 compases maximo y 8 subdivisiones por compas. | V6 confianza=alta. | APP_SAFE: slash chords simplificados a acorde base para evitar fallos de playback."
Si - directa,Meter ya,Nivel 1-2: acompanamiento con acordes abiertos/capo y patron simple.,108,Maybellene,Chuck Berry,EN,Rock and roll,2,60,88,4/4,shuffle/blues ternario representado en 4/4,8,1 & 2 & 3 & 4 &,A,0,EADGBE,A; D; E,12,D - U - D - U -,D - U - D - U -,D - U - D - U -,D - - - - - - -,D - U - D - U -,D=abajo; U=arriba; -=silencio/no golpe; x=apagado si aparece,D,-,U,-,D,-,U,-,A [D - U - D - U -],A [D - U - D - U -],A [D - U - D - U -],A [D - U - D - U -],D [D - U - D - U -],D [D - U - D - U -],A [D - U - D - U -],A [D - U - D - U -],E [D - U - D - U -],D [D - U - D - U -],A [D - U - D - U -],E [D - - - - - - -],,,,,A A A A A A A A,A A A A A A A A,A A A A A A A A,A A A A A A A A,D D D D D D D D,D D D D D D D D,A A A A A A A A,A A A A A A A A,E E E E E E E E,D D D D D D D D,A A A A A A A A,E E E E E E E E,,,,,D - U - D - U -,D - U - D - U -,D - U - D - U -,D - U - D - U -,D - U - D - U -,D - U - D - U -,D - U - D - U -,D - U - D - U -,D - U - D - U -,D - U - D - U -,D - U - D - U -,D - - - - - - -,,,,,A | A | A | A | D | D | A | A | E | D | A | E,acompanamiento_v6_musical_simplificado,"cambios reales de acordes, groove y estructura corta reconocible",V6: max 16 compases; subdivision max 8; no se rellenan compases vacios; 12/8 se trata como shuffle en 4/4 por limite tecnico,no,0,,https://www.guitarlobby.com/easy-acoustic-guitar-songs-for-beginners/,"BPM, tonalidad y compases son sugerencias de practica adaptadas al limite de 12 compases y 4 subdivisiones; no es transcripcion exacta. V2 medio compas: '/' indica cambio al tiempo 3. La progresion_1acorde_compas queda como version ultra facil. V3 ritmica: 12 compases = 1-4 verso, 5-8 estribillo, 9-10 puente, 11 vuelta al estribillo, 12 final/corte. V4: CSV rehecho a 16 compases maximo y 8 subdivisiones por compas. | V6 confianza=alta. | APP_SAFE: slash chords simplificados a acorde base para evitar fallos de playback."
Si - directa,Meter ya,Nivel 1-2: acompanamiento con acordes abiertos/capo y patron simple.,109,Rock and Roll Music,Chuck Berry,EN,Rock and roll,2,58,84,4/4,shuffle/blues ternario representado en 4/4,8,1 & 2 & 3 & 4 &,E,0,EADGBE,E; A; B7,12,D - U - D - U -,D - U - D - U -,D - U - D - U -,D - - - - - - -,D - U - D - U -,D=abajo; U=arriba; -=silencio/no golpe; x=apagado si aparece,D,-,U,-,D,-,U,-,E [D - U - D - U -],E [D - U - D - U -],E [D - U - D - U -],E [D - U - D - U -],A [D - U - D - U -],A [D - U - D - U -],E [D - U - D - U -],E [D - U - D - U -],B7 [D - U - D - U -],A [D - U - D - U -],E [D - U - D - U -],B7 [D - - - - - - -],,,,,E E E E E E E E,E E E E E E E E,E E E E E E E E,E E E E E E E E,A A A A A A A A,A A A A A A A A,E E E E E E E E,E E E E E E E E,B7 B7 B7 B7 B7 B7 B7 B7,A A A A A A A A,E E E E E E E E,B7 B7 B7 B7 B7 B7 B7 B7,,,,,D - U - D - U -,D - U - D - U -,D - U - D - U -,D - U - D - U -,D - U - D - U -,D - U - D - U -,D - U - D - U -,D - U - D - U -,D - U - D - U -,D - U - D - U -,D - U - D - U -,D - - - - - - -,,,,,E | E | E | E | A | A | E | E | B7 | A | E | B7,acompanamiento_v6_musical_simplificado,"cambios reales de acordes, groove y estructura corta reconocible",V6: max 16 compases; subdivision max 8; no se rellenan compases vacios; 12/8 se trata como shuffle en 4/4 por limite tecnico,no,0,,https://acousticworld.net/100-easy-acoustic-guitar-songs-with-chords-tabs-lessons/,"BPM, tonalidad y compases son sugerencias de practica adaptadas al limite de 12 compases y 4 subdivisiones; no es transcripcion exacta. V2 medio compas: '/' indica cambio al tiempo 3. La progresion_1acorde_compas queda como version ultra facil. V3 ritmica: 12 compases = 1-4 verso, 5-8 estribillo, 9-10 puente, 11 vuelta al estribillo, 12 final/corte. V4: CSV rehecho a 16 compases maximo y 8 subdivisiones por compas. | V6 confianza=alta. | APP_SAFE: slash chords simplificados a acorde base para evitar fallos de playback."
Si - directa,Meter ya,Nivel 1-2: acompanamiento con acordes abiertos/capo y patron simple.,110,Tutti Frutti,Little Richard,EN,Rock and roll,2,58,92,4/4,shuffle/blues ternario representado en 4/4,8,1 & 2 & 3 & 4 &,A,0,EADGBE,A; D; E,12,D - U - D - U -,D - U - D - U -,D - U - D - U -,D - - - - - - -,D - U - D - U -,D=abajo; U=arriba; -=silencio/no golpe; x=apagado si aparece,D,-,U,-,D,-,U,-,A [D - U - D - U -],A [D - U - D - U -],A [D - U - D - U -],A [D - U - D - U -],D [D - U - D - U -],D [D - U - D - U -],A [D - U - D - U -],A [D - U - D - U -],E [D - U - D - U -],D [D - U - D - U -],A [D - U - D - U -],E [D - - - - - - -],,,,,A A A A A A A A,A A A A A A A A,A A A A A A A A,A A A A A A A A,D D D D D D D D,D D D D D D D D,A A A A A A A A,A A A A A A A A,E E E E E E E E,D D D D D D D D,A A A A A A A A,E E E E E E E E,,,,,D - U - D - U -,D - U - D - U -,D - U - D - U -,D - U - D - U -,D - U - D - U -,D - U - D - U -,D - U - D - U -,D - U - D - U -,D - U - D - U -,D - U - D - U -,D - U - D - U -,D - - - - - - -,,,,,A | A | A | A | D | D | A | A | E | D | A | E,acompanamiento_v6_musical_simplificado,"cambios reales de acordes, groove y estructura corta reconocible",V6: max 16 compases; subdivision max 8; no se rellenan compases vacios; 12/8 se trata como shuffle en 4/4 por limite tecnico,no,0,,https://musictonic.com/easy-guitar-songs-for-beginners/,"BPM, tonalidad y compases son sugerencias de practica adaptadas al limite de 12 compases y 4 subdivisiones; no es transcripcion exacta. V2 medio compas: '/' indica cambio al tiempo 3. La progresion_1acorde_compas queda como version ultra facil. V3 ritmica: 12 compases = 1-4 verso, 5-8 estribillo, 9-10 puente, 11 vuelta al estribillo, 12 final/corte. V4: CSV rehecho a 16 compases maximo y 8 subdivisiones por compas. | V6 confianza=alta. | APP_SAFE: slash chords simplificados a acorde base para evitar fallos de playback."
Si - directa,Meter ya,Nivel 1-2: acompanamiento con acordes abiertos/capo y patron simple.,111,Great Balls of Fire,Jerry Lee Lewis,EN,Rock and roll,2,56,88,4/4,shuffle/blues ternario representado en 4/4,8,1 & 2 & 3 & 4 &,E,0,EADGBE,E; A; B7,8,D - U - D - U -,D - U - D - U -,D - U - D - U -,D - - - - - - -,D - U - D - U -,D=abajo; U=arriba; -=silencio/no golpe; x=apagado si aparece,D,-,U,-,D,-,U,-,E [D - U - D - U -],E [D - U - D - U -],A [D - U - D - U -],E [D - U - D - U -],B7 [D - U - D - U -],A [D - U - D - U -],E [D - U - D - U -],B7 [D - - - - - - -],,,,,,,,,E E E E E E E E,E E E E E E E E,A A A A A A A A,E E E E E E E E,B7 B7 B7 B7 B7 B7 B7 B7,A A A A A A A A,E E E E E E E E,B7 B7 B7 B7 B7 B7 B7 B7,,,,,,,,,D - U - D - U -,D - U - D - U -,D - U - D - U -,D - U - D - U -,D - U - D - U -,D - U - D - U -,D - U - D - U -,D - - - - - - -,,,,,,,,,E | E | A | E | B7 | A | E | B7,acompanamiento_v6_musical_simplificado,"cambios reales de acordes, groove y estructura corta reconocible",V6: max 16 compases; subdivision max 8; no se rellenan compases vacios; 12/8 se trata como shuffle en 4/4 por limite tecnico,no,0,,https://www.laurenbateman.com/beginner-guitar-songs/,"BPM, tonalidad y compases son sugerencias de practica adaptadas al limite de 12 compases y 4 subdivisiones; no es transcripcion exacta. V2 medio compas: '/' indica cambio al tiempo 3. La progresion_1acorde_compas queda como version ultra facil. V3 ritmica: 12 compases = 1-4 verso, 5-8 estribillo, 9-10 puente, 11 vuelta al estribillo, 12 final/corte. V4: CSV rehecho a 16 compases maximo y 8 subdivisiones por compas. | V6 confianza=alta. | APP_SAFE: slash chords simplificados a acorde base para evitar fallos de playback."
Si - directa,Meter ya,Nivel 1-2: acompanamiento con acordes abiertos/capo y patron simple.,112,I'm a Believer,The Monkees,EN,Pop rock,2,58,80,4/4,pop/rock binario,8,1 & 2 & 3 & 4 &,G,0,EADGBE,G; D; C,8,D - D U - U D U,D D - U D U - U,D - D - D U D U,D - - - - - - -,D - D U - U D U,D=abajo; U=arriba; -=silencio/no golpe; x=apagado si aparece,D,-,D,U,-,U,D,U,G [D - D U - U D U],D [D - D U - U D U],G [D - D U - U D U],G [D - D U - U D U],G [D D - U D U - U],C [D D - U D U - U],D [D D - U D U - U],G [D - - - - - - -],,,,,,,,,G G G G G G G G,D D D D D D D D,G G G G G G G G,G G G G G G G G,G G G G G G G G,C C C C C C C C,D D D D D D D D,G G G G G G G G,,,,,,,,,D - D U - U D U,D - D U - U D U,D - D U - U D U,D - D U - U D U,D D - U D U - U,D D - U D U - U,D D - U D U - U,D - - - - - - -,,,,,,,,,G | D | G | G | G | C | D | G,acompanamiento_v6_musical_simplificado,"cambios reales de acordes, groove y estructura corta reconocible",V6: max 16 compases; subdivision max 8; no se rellenan compases vacios; 12/8 se trata como shuffle en 4/4 por limite tecnico,no,0,,https://guitarmammoth.com/easy-guitar-songs/,"BPM, tonalidad y compases son sugerencias de practica adaptadas al limite de 12 compases y 4 subdivisiones; no es transcripcion exacta. V2 medio compas: '/' indica cambio al tiempo 3. La progresion_1acorde_compas queda como version ultra facil. V3 ritmica: 12 compases = 1-4 verso, 5-8 estribillo, 9-10 puente, 11 vuelta al estribillo, 12 final/corte. V4: CSV rehecho a 16 compases maximo y 8 subdivisiones por compas. | V6 confianza=alta. | APP_SAFE: slash chords simplificados a acorde base para evitar fallos de playback."
Si - directa,Meter ya,Nivel 1-2: acompanamiento con acordes abiertos/capo y patron simple.,113,Daydream Believer,The Monkees,EN,Pop rock,2,50,76,4/4,pop/rock binario,8,1 & 2 & 3 & 4 &,G,0,EADGBE,G; D; Em; C,8,D - D U - U D U,D D - U D U - U,D - D - D U D U,D - - - - - - -,D - D U - U D U,D=abajo; U=arriba; -=silencio/no golpe; x=apagado si aparece,D,-,D,U,-,U,D,U,G [D - D U - U D U],D [D - D U - U D U],Em [D - D U - U D U],C [D - D U - U D U],G [D D - U D U - U],D [D D - U D U - U],C [D D - U D U - U],G [D - - - - - - -],,,,,,,,,G G G G G G G G,D D D D D D D D,Em Em Em Em Em Em Em Em,C C C C C C C C,G G G G G G G G,D D D D D D D D,C C C C C C C C,G G G G G G G G,,,,,,,,,D - D U - U D U,D - D U - U D U,D - D U - U D U,D - D U - U D U,D D - U D U - U,D D - U D U - U,D D - U D U - U,D - - - - - - -,,,,,,,,,G | D | Em | C | G | D | C | G,acompanamiento_v6_musical_simplificado,"cambios reales de acordes, groove y estructura corta reconocible",V6: max 16 compases; subdivision max 8; no se rellenan compases vacios; 12/8 se trata como shuffle en 4/4 por limite tecnico,no,0,,https://www.guitarlobby.com/easy-acoustic-guitar-songs-for-beginners/,"BPM, tonalidad y compases son sugerencias de practica adaptadas al limite de 12 compases y 4 subdivisiones; no es transcripcion exacta. V2 medio compas: '/' indica cambio al tiempo 3. La progresion_1acorde_compas queda como version ultra facil. V3 ritmica: 12 compases = 1-4 verso, 5-8 estribillo, 9-10 puente, 11 vuelta al estribillo, 12 final/corte. V4: CSV rehecho a 16 compases maximo y 8 subdivisiones por compas. | V6 confianza=alta. | APP_SAFE: slash chords simplificados a acorde base para evitar fallos de playback."
Si - directa,Meter ya,Nivel 1-2: acompanamiento con acordes abiertos/capo y patron simple.,114,Last Train to Clarksville,The Monkees,EN,Pop rock,2,60,92,4/4,rock binario,8,1 & 2 & 3 & 4 &,A,0,EADGBE,A; D; E,4,D D - U D U - U,D D D D D D D D,D D - U D U - U,D - - - - - - -,D D - U D U - U,D=abajo; U=arriba; -=silencio/no golpe; x=apagado si aparece,D,D,-,U,D,U,-,U,A [D D - U D U - U],D [D D - U D U - U],E [D D - U D U - U],A [D D - U D U - U],,,,,,,,,,,,,A A A A A A A A,D D D D D D D D,E E E E E E E E,A A A A A A A A,,,,,,,,,,,,,D D - U D U - U,D D - U D U - U,D D - U D U - U,D D - U D U - U,,,,,,,,,,,,,A | D | E | A,acompanamiento_v6_musical_simplificado,"cambios reales de acordes, groove y estructura corta reconocible",V6: max 16 compases; subdivision max 8; no se rellenan compases vacios; 12/8 se trata como shuffle en 4/4 por limite tecnico,no,0,,https://acousticworld.net/100-easy-acoustic-guitar-songs-with-chords-tabs-lessons/,"BPM, tonalidad y compases son sugerencias de practica adaptadas al limite de 12 compases y 4 subdivisiones; no es transcripcion exacta. V2 medio compas: '/' indica cambio al tiempo 3. La progresion_1acorde_compas queda como version ultra facil. V3 ritmica: 12 compases = 1-4 verso, 5-8 estribillo, 9-10 puente, 11 vuelta al estribillo, 12 final/corte. V4: CSV rehecho a 16 compases maximo y 8 subdivisiones por compas. | V6 confianza=alta. | APP_SAFE: slash chords simplificados a acorde base para evitar fallos de playback."
Si - directa,Meter ya,Nivel 1-2: acompanamiento con acordes abiertos/capo y patron simple.,115,Mrs. Robinson,Simon & Garfunkel,EN,Folk rock,1,52,78,4/4,folk/acustico,8,1 & 2 & 3 & 4 &,G,0,EADGBE,G; C; D,8,D - D U D - D U,D - D - D U D U,D - D U D - D U,D - - - - - - -,D - D U D - D U,D=abajo; U=arriba; -=silencio/no golpe; x=apagado si aparece,D,-,D,U,D,-,D,U,G [D - D U D - D U],C [D - D U D - D U],G [D - D U D - D U],D [D - D U D - D U],G [D - D - D U D U],C [D - D - D U D U],D [D - D - D U D U],G [D - - - - - - -],,,,,,,,,G G G G G G G G,C C C C C C C C,G G G G G G G G,D D D D D D D D,G G G G G G G G,C C C C C C C C,D D D D D D D D,G G G G G G G G,,,,,,,,,D - D U D - D U,D - D U D - D U,D - D U D - D U,D - D U D - D U,D - D - D U D U,D - D - D U D U,D - D - D U D U,D - - - - - - -,,,,,,,,,G | C | G | D | G | C | D | G,acompanamiento_v6_musical_simplificado,"cambios reales de acordes, groove y estructura corta reconocible",V6: max 16 compases; subdivision max 8; no se rellenan compases vacios; 12/8 se trata como shuffle en 4/4 por limite tecnico,no,0,,https://musictonic.com/easy-guitar-songs-for-beginners/,"BPM, tonalidad y compases son sugerencias de practica adaptadas al limite de 12 compases y 4 subdivisiones; no es transcripcion exacta. V2 medio compas: '/' indica cambio al tiempo 3. La progresion_1acorde_compas queda como version ultra facil. V3 ritmica: 12 compases = 1-4 verso, 5-8 estribillo, 9-10 puente, 11 vuelta al estribillo, 12 final/corte. V4: CSV rehecho a 16 compases maximo y 8 subdivisiones por compas. | V6 confianza=alta. | APP_SAFE: slash chords simplificados a acorde base para evitar fallos de playback."
Si - simplificada,F reducido,Muy reconocible; usar Fmaj7/mini-F y priorizar continuidad del pulso.,116,The Sound of Silence,Simon & Garfunkel,EN,Folk,3,46,68,4/4,folk/acustico,8,1 & 2 & 3 & 4 &,C,0,EADGBE,Am; G; F; C,8,D - D U D - D U,D - D - D U D U,D - D U D - D U,D - - - - - - -,D - D U D - D U,D=abajo; U=arriba; -=silencio/no golpe; x=apagado si aparece,D,-,D,U,D,-,D,U,Am [D - D U D - D U],G [D - D U D - D U],Am [D - D U D - D U],G [D - D U D - D U],F [D - D - D U D U],C [D - D - D U D U],G [D - D - D U D U],Am [D - - - - - - -],,,,,,,,,Am Am Am Am Am Am Am Am,G G G G G G G G,Am Am Am Am Am Am Am Am,G G G G G G G G,F F F F F F F F,C C C C C C C C,G G G G G G G G,Am Am Am Am Am Am Am Am,,,,,,,,,D - D U D - D U,D - D U D - D U,D - D U D - D U,D - D U D - D U,D - D - D U D U,D - D - D U D U,D - D - D U D U,D - - - - - - -,,,,,,,,,Am | G | Am | G | F | C | G | Am,acompanamiento_v6_musical_simplificado,"cambios reales de acordes, groove y estructura corta reconocible",V6: max 16 compases; subdivision max 8; no se rellenan compases vacios; 12/8 se trata como shuffle en 4/4 por limite tecnico,no,0,,https://www.laurenbateman.com/beginner-guitar-songs/,"BPM, tonalidad y compases son sugerencias de practica adaptadas al limite de 12 compases y 4 subdivisiones; no es transcripcion exacta. V2 medio compas: '/' indica cambio al tiempo 3. La progresion_1acorde_compas queda como version ultra facil. V3 ritmica: 12 compases = 1-4 verso, 5-8 estribillo, 9-10 puente, 11 vuelta al estribillo, 12 final/corte. V4: CSV rehecho a 16 compases maximo y 8 subdivisiones por compas. | V6 confianza=alta. | APP_SAFE: slash chords simplificados a acorde base para evitar fallos de playback."
Si - directa,Meter ya,Nivel 1-2: acompanamiento con acordes abiertos/capo y patron simple.,117,Cecilia,Simon & Garfunkel,EN,Folk pop,2,52,78,4/4,folk/acustico,8,1 & 2 & 3 & 4 &,C,0,EADGBE,C; F; G,4,D - D U D - D U,D - D - D U D U,D - D U D - D U,D - - - - - - -,D - D U D - D U,D=abajo; U=arriba; -=silencio/no golpe; x=apagado si aparece,D,-,D,U,D,-,D,U,C [D - D U D - D U],F [D - D U D - D U],C [D - D U D - D U],G [D - D U D - D U],,,,,,,,,,,,,C C C C C C C C,F F F F F F F F,C C C C C C C C,G G G G G G G G,,,,,,,,,,,,,D - D U D - D U,D - D U D - D U,D - D U D - D U,D - D U D - D U,,,,,,,,,,,,,C | F | C | G,acompanamiento_v6_musical_simplificado,"cambios reales de acordes, groove y estructura corta reconocible",V6: max 16 compases; subdivision max 8; no se rellenan compases vacios; 12/8 se trata como shuffle en 4/4 por limite tecnico,no,0,,https://guitarmammoth.com/easy-guitar-songs/,"BPM, tonalidad y compases son sugerencias de practica adaptadas al limite de 12 compases y 4 subdivisiones; no es transcripcion exacta. V2 medio compas: '/' indica cambio al tiempo 3. La progresion_1acorde_compas queda como version ultra facil. V3 ritmica: 12 compases = 1-4 verso, 5-8 estribillo, 9-10 puente, 11 vuelta al estribillo, 12 final/corte. V4: CSV rehecho a 16 compases maximo y 8 subdivisiones por compas. | V6 confianza=alta. | APP_SAFE: slash chords simplificados a acorde base para evitar fallos de playback."
Si - simplificada,Rock/power chords,Nivel 3 admisible si se plantea como version de power chords con pulso estable.,118,Should I Stay or Should I Go,The Clash,EN,Punk rock,3,68,114,4/4,rock/power chords,8,1 & 2 & 3 & 4 &,A,0,EADGBE,D5; G5; A5,4,D D D D D D D D,D D - U D U - U,D D D D D D D D,D - - - - - - -,D D D D D D D D,D=abajo; U=arriba; -=silencio/no golpe; x=apagado si aparece,D,D,D,D,D,D,D,D,D5 [D D D D D D D D],G5 [D D D D D D D D],D5 [D D D D D D D D],A5 [D D D D D D D D],,,,,,,,,,,,,D5 D5 D5 D5 D5 D5 D5 D5,G5 G5 G5 G5 G5 G5 G5 G5,D5 D5 D5 D5 D5 D5 D5 D5,A5 A5 A5 A5 A5 A5 A5 A5,,,,,,,,,,,,,D D D D D D D D,D D D D D D D D,D D D D D D D D,D D D D D D D D,,,,,,,,,,,,,D5 | G5 | D5 | A5,acompanamiento_v6_musical_simplificado,"cambios reales de acordes, groove y estructura corta reconocible",V6: max 16 compases; subdivision max 8; no se rellenan compases vacios; 12/8 se trata como shuffle en 4/4 por limite tecnico,no,0,,https://acousticworld.net/100-easy-acoustic-guitar-songs-with-chords-tabs-lessons/,"BPM, tonalidad y compases son sugerencias de practica adaptadas al limite de 12 compases y 4 subdivisiones; no es transcripcion exacta. V2 medio compas: '/' indica cambio al tiempo 3. La progresion_1acorde_compas queda como version ultra facil. V3 ritmica: 12 compases = 1-4 verso, 5-8 estribillo, 9-10 puente, 11 vuelta al estribillo, 12 final/corte. V4: CSV rehecho a 16 compases maximo y 8 subdivisiones por compas. | V6 confianza=alta. | APP_SAFE: slash chords simplificados a acorde base para evitar fallos de playback."
Si - simplificada,Rock/power chords,Nivel 3 admisible si se plantea como version de power chords con pulso estable.,119,Blitzkrieg Bop,Ramones,EN,Punk rock,3,70,108,4/4,rock/power chords,8,1 & 2 & 3 & 4 &,A,0,EADGBE,A5; D5; E5,4,D D D D D D D D,D D - U D U - U,D D D D D D D D,D - - - - - - -,D D D D D D D D,D=abajo; U=arriba; -=silencio/no golpe; x=apagado si aparece,D,D,D,D,D,D,D,D,A5 [D D D D D D D D],D5 [D D D D D D D D],E5 [D D D D D D D D],A5 [D D D D D D D D],,,,,,,,,,,,,A5 A5 A5 A5 A5 A5 A5 A5,D5 D5 D5 D5 D5 D5 D5 D5,E5 E5 E5 E5 E5 E5 E5 E5,A5 A5 A5 A5 A5 A5 A5 A5,,,,,,,,,,,,,D D D D D D D D,D D D D D D D D,D D D D D D D D,D D D D D D D D,,,,,,,,,,,,,A5 | D5 | E5 | A5,acompanamiento_v6_musical_simplificado,"cambios reales de acordes, groove y estructura corta reconocible",V6: max 16 compases; subdivision max 8; no se rellenan compases vacios; 12/8 se trata como shuffle en 4/4 por limite tecnico,no,0,,https://musictonic.com/easy-guitar-songs-for-beginners/,"BPM, tonalidad y compases son sugerencias de practica adaptadas al limite de 12 compases y 4 subdivisiones; no es transcripcion exacta. V2 medio compas: '/' indica cambio al tiempo 3. La progresion_1acorde_compas queda como version ultra facil. V3 ritmica: 12 compases = 1-4 verso, 5-8 estribillo, 9-10 puente, 11 vuelta al estribillo, 12 final/corte. V4: CSV rehecho a 16 compases maximo y 8 subdivisiones por compas. | V6 confianza=alta. | APP_SAFE: slash chords simplificados a acorde base para evitar fallos de playback."
Si - simplificada,Rock/power chords,Nivel 3 admisible si se plantea como version de power chords con pulso estable.,120,I Love Rock 'n' Roll,Joan Jett & The Blackhearts,EN,Rock,3,68,98,4/4,rock/power chords,8,1 & 2 & 3 & 4 &,Em,0,EADGBE,E5; G5; A5,4,D D D D D D D D,D D - U D U - U,D D D D D D D D,D - - - - - - -,D D D D D D D D,D=abajo; U=arriba; -=silencio/no golpe; x=apagado si aparece,D,D,D,D,D,D,D,D,E5 [D D D D D D D D],G5 [D D D D D D D D],A5 [D D D D D D D D],E5 [D D D D D D D D],,,,,,,,,,,,,E5 E5 E5 E5 E5 E5 E5 E5,G5 G5 G5 G5 G5 G5 G5 G5,A5 A5 A5 A5 A5 A5 A5 A5,E5 E5 E5 E5 E5 E5 E5 E5,,,,,,,,,,,,,D D D D D D D D,D D D D D D D D,D D D D D D D D,D D D D D D D D,,,,,,,,,,,,,E5 | G5 | A5 | E5,acompanamiento_v6_musical_simplificado,"cambios reales de acordes, groove y estructura corta reconocible",V6: max 16 compases; subdivision max 8; no se rellenan compases vacios; 12/8 se trata como shuffle en 4/4 por limite tecnico,no,0,,https://www.laurenbateman.com/beginner-guitar-songs/,"BPM, tonalidad y compases son sugerencias de practica adaptadas al limite de 12 compases y 4 subdivisiones; no es transcripcion exacta. V2 medio compas: '/' indica cambio al tiempo 3. La progresion_1acorde_compas queda como version ultra facil. V3 ritmica: 12 compases = 1-4 verso, 5-8 estribillo, 9-10 puente, 11 vuelta al estribillo, 12 final/corte. V4: CSV rehecho a 16 compases maximo y 8 subdivisiones por compas. | V6 confianza=alta. | APP_SAFE: slash chords simplificados a acorde base para evitar fallos de playback."
Si - simplificada,Rock/power chords,Nivel 3 admisible si se plantea como version de power chords con pulso estable.,121,We're Not Gonna Take It,Twisted Sister,EN,Hard rock,3,64,100,4/4,rock/power chords,8,1 & 2 & 3 & 4 &,Em,0,EADGBE,E5; G5; A5; D5,4,D D D D D D D D,D D - U D U - U,D D D D D D D D,D - - - - - - -,D D D D D D D D,D=abajo; U=arriba; -=silencio/no golpe; x=apagado si aparece,D,D,D,D,D,D,D,D,E5 [D D D D D D D D],G5 [D D D D D D D D],A5 [D D D D D D D D],D5 [D D D D D D D D],,,,,,,,,,,,,E5 E5 E5 E5 E5 E5 E5 E5,G5 G5 G5 G5 G5 G5 G5 G5,A5 A5 A5 A5 A5 A5 A5 A5,D5 D5 D5 D5 D5 D5 D5 D5,,,,,,,,,,,,,D D D D D D D D,D D D D D D D D,D D D D D D D D,D D D D D D D D,,,,,,,,,,,,,E5 | G5 | A5 | D5,acompanamiento_v6_musical_simplificado,"cambios reales de acordes, groove y estructura corta reconocible",V6: max 16 compases; subdivision max 8; no se rellenan compases vacios; 12/8 se trata como shuffle en 4/4 por limite tecnico,no,0,,https://guitarmammoth.com/easy-guitar-songs/,"BPM, tonalidad y compases son sugerencias de practica adaptadas al limite de 12 compases y 4 subdivisiones; no es transcripcion exacta. V2 medio compas: '/' indica cambio al tiempo 3. La progresion_1acorde_compas queda como version ultra facil. V3 ritmica: 12 compases = 1-4 verso, 5-8 estribillo, 9-10 puente, 11 vuelta al estribillo, 12 final/corte. V4: CSV rehecho a 16 compases maximo y 8 subdivisiones por compas. | V6 confianza=alta. | APP_SAFE: slash chords simplificados a acorde base para evitar fallos de playback."
Si - directa,Meter ya,Nivel 1-2: acompanamiento con acordes abiertos/capo y patron simple.,122,Livin' on a Prayer,Bon Jovi,EN,Rock,2,60,92,4/4,rock binario,8,1 & 2 & 3 & 4 &,Em,0,EADGBE,Em; C; G; D,4,D D - U D U - U,D D D D D D D D,D D - U D U - U,D - - - - - - -,D D - U D U - U,D=abajo; U=arriba; -=silencio/no golpe; x=apagado si aparece,D,D,-,U,D,U,-,U,Em [D D - U D U - U],C [D D - U D U - U],G [D D - U D U - U],D [D D - U D U - U],,,,,,,,,,,,,Em Em Em Em Em Em Em Em,C C C C C C C C,G G G G G G G G,D D D D D D D D,,,,,,,,,,,,,D D - U D U - U,D D - U D U - U,D D - U D U - U,D D - U D U - U,,,,,,,,,,,,,Em | C | G | D,acompanamiento_v6_musical_simplificado,"cambios reales de acordes, groove y estructura corta reconocible",V6: max 16 compases; subdivision max 8; no se rellenan compases vacios; 12/8 se trata como shuffle en 4/4 por limite tecnico,no,0,,https://www.guitarlobby.com/easy-acoustic-guitar-songs-for-beginners/,"BPM, tonalidad y compases son sugerencias de practica adaptadas al limite de 12 compases y 4 subdivisiones; no es transcripcion exacta. V2 medio compas: '/' indica cambio al tiempo 3. La progresion_1acorde_compas queda como version ultra facil. V3 ritmica: 12 compases = 1-4 verso, 5-8 estribillo, 9-10 puente, 11 vuelta al estribillo, 12 final/corte. V4: CSV rehecho a 16 compases maximo y 8 subdivisiones por compas. | V6 confianza=alta. | APP_SAFE: slash chords simplificados a acorde base para evitar fallos de playback."
Si - simplificada,Version facil,"Nivel 3, pero funciona como acompanamiento si se evita transcripcion exacta.",123,Wanted Dead or Alive,Bon Jovi,EN,Rock acústico,3,50,68,4/4,rock binario,8,1 & 2 & 3 & 4 &,G,0,EADGBE,D; C; G,4,D D - U D U - U,D D D D D D D D,D D - U D U - U,D - - - - - - -,D D - U D U - U,D=abajo; U=arriba; -=silencio/no golpe; x=apagado si aparece,D,D,-,U,D,U,-,U,D [D D - U D U - U],C [D D - U D U - U],G [D D - U D U - U],D [D D - U D U - U],,,,,,,,,,,,,D D D D D D D D,C C C C C C C C,G G G G G G G G,D D D D D D D D,,,,,,,,,,,,,D D - U D U - U,D D - U D U - U,D D - U D U - U,D D - U D U - U,,,,,,,,,,,,,D | C | G | D,acompanamiento_v6_musical_simplificado,"cambios reales de acordes, groove y estructura corta reconocible",V6: max 16 compases; subdivision max 8; no se rellenan compases vacios; 12/8 se trata como shuffle en 4/4 por limite tecnico,no,0,,https://acousticworld.net/100-easy-acoustic-guitar-songs-with-chords-tabs-lessons/,"BPM, tonalidad y compases son sugerencias de practica adaptadas al limite de 12 compases y 4 subdivisiones; no es transcripcion exacta. V2 medio compas: '/' indica cambio al tiempo 3. La progresion_1acorde_compas queda como version ultra facil. V3 ritmica: 12 compases = 1-4 verso, 5-8 estribillo, 9-10 puente, 11 vuelta al estribillo, 12 final/corte. V4: CSV rehecho a 16 compases maximo y 8 subdivisiones por compas. | V6 confianza=alta. | APP_SAFE: slash chords simplificados a acorde base para evitar fallos de playback."
Si - simplificada,Version facil,"Nivel 3, pero funciona como acompanamiento si se evita transcripcion exacta.",124,Patience,Guns N' Roses,EN,Rock acústico,3,46,70,4/4,folk/acustico,8,1 & 2 & 3 & 4 &,G,0,EADGBE,G; C; D,8,D - D U D - D U,D - D - D U D U,D - D U D - D U,D - - - - - - -,D - D U D - D U,D=abajo; U=arriba; -=silencio/no golpe; x=apagado si aparece,D,-,D,U,D,-,D,U,G [D - D U D - D U],C [D - D U D - D U],D [D - D U D - D U],G [D - D U D - D U],G [D - D - D U D U],C [D - D - D U D U],D [D - D - D U D U],D [D - - - - - - -],,,,,,,,,G G G G G G G G,C C C C C C C C,D D D D D D D D,G G G G G G G G,G G G G G G G G,C C C C C C C C,D D D D D D D D,D D D D D D D D,,,,,,,,,D - D U D - D U,D - D U D - D U,D - D U D - D U,D - D U D - D U,D - D - D U D U,D - D - D U D U,D - D - D U D U,D - - - - - - -,,,,,,,,,G | C | D | G | G | C | D | D,acompanamiento_v6_musical_simplificado,"cambios reales de acordes, groove y estructura corta reconocible",V6: max 16 compases; subdivision max 8; no se rellenan compases vacios; 12/8 se trata como shuffle en 4/4 por limite tecnico,no,0,,https://musictonic.com/easy-guitar-songs-for-beginners/,"BPM, tonalidad y compases son sugerencias de practica adaptadas al limite de 12 compases y 4 subdivisiones; no es transcripcion exacta. V2 medio compas: '/' indica cambio al tiempo 3. La progresion_1acorde_compas queda como version ultra facil. V3 ritmica: 12 compases = 1-4 verso, 5-8 estribillo, 9-10 puente, 11 vuelta al estribillo, 12 final/corte. V4: CSV rehecho a 16 compases maximo y 8 subdivisiones por compas. | V6 confianza=alta. | APP_SAFE: slash chords simplificados a acorde base para evitar fallos de playback."
Si - directa,Meter ya,Nivel 1-2: acompanamiento con acordes abiertos/capo y patron simple.,125,Don't Cry,Guns N' Roses,EN,Rock / balada,2,52,78,4/4,balada 4/4,8,1 & 2 & 3 & 4 &,G,0,EADGBE,Am; Dm; G; C,8,D - - U D - D U,D - - U - U D -,D - - U D - D U,D - - - - - - -,D - - U D - D U,D=abajo; U=arriba; -=silencio/no golpe; x=apagado si aparece,D,-,-,U,D,-,D,U,Am [D - - U D - D U],Dm [D - - U D - D U],G [D - - U D - D U],C [D - - U D - D U],Am [D - - U - U D -],Dm [D - - U - U D -],G [D - - U - U D -],G [D - - - - - - -],,,,,,,,,Am Am Am Am Am Am Am Am,Dm Dm Dm Dm Dm Dm Dm Dm,G G G G G G G G,C C C C C C C C,Am Am Am Am Am Am Am Am,Dm Dm Dm Dm Dm Dm Dm Dm,G G G G G G G G,G G G G G G G G,,,,,,,,,D - - U D - D U,D - - U D - D U,D - - U D - D U,D - - U D - D U,D - - U - U D -,D - - U - U D -,D - - U - U D -,D - - - - - - -,,,,,,,,,Am | Dm | G | C | Am | Dm | G | G,acompanamiento_v6_musical_simplificado,"cambios reales de acordes, groove y estructura corta reconocible",V6: max 16 compases; subdivision max 8; no se rellenan compases vacios; 12/8 se trata como shuffle en 4/4 por limite tecnico,no,0,,https://www.laurenbateman.com/beginner-guitar-songs/,"BPM, tonalidad y compases son sugerencias de practica adaptadas al limite de 12 compases y 4 subdivisiones; no es transcripcion exacta. V2 medio compas: '/' indica cambio al tiempo 3. La progresion_1acorde_compas queda como version ultra facil. V3 ritmica: 12 compases = 1-4 verso, 5-8 estribillo, 9-10 puente, 11 vuelta al estribillo, 12 final/corte. V4: CSV rehecho a 16 compases maximo y 8 subdivisiones por compas. | V6 confianza=alta. | APP_SAFE: slash chords simplificados a acorde base para evitar fallos de playback."
Si - directa,Meter ya,Nivel 1-2: acompanamiento con acordes abiertos/capo y patron simple.,126,Used to Love Her,Guns N' Roses,EN,Rock acústico,1,54,82,4/4,country/folk,8,1 & 2 & 3 & 4 &,G,0,EADGBE,G; C; D,4,D - D - D U D U,D - D U D - D U,D - D - D U D U,D - - - - - - -,D - D - D U D U,D=abajo; U=arriba; -=silencio/no golpe; x=apagado si aparece,D,-,D,-,D,U,D,U,G [D - D - D U D U],C [D - D - D U D U],D [D - D - D U D U],G [D - D - D U D U],,,,,,,,,,,,,G G G G G G G G,C C C C C C C C,D D D D D D D D,G G G G G G G G,,,,,,,,,,,,,D - D - D U D U,D - D - D U D U,D - D - D U D U,D - D - D U D U,,,,,,,,,,,,,G | C | D | G,acompanamiento_v6_musical_simplificado,"cambios reales de acordes, groove y estructura corta reconocible",V6: max 16 compases; subdivision max 8; no se rellenan compases vacios; 12/8 se trata como shuffle en 4/4 por limite tecnico,no,0,,https://guitarmammoth.com/easy-guitar-songs/,"BPM, tonalidad y compases son sugerencias de practica adaptadas al limite de 12 compases y 4 subdivisiones; no es transcripcion exacta. V2 medio compas: '/' indica cambio al tiempo 3. La progresion_1acorde_compas queda como version ultra facil. V3 ritmica: 12 compases = 1-4 verso, 5-8 estribillo, 9-10 puente, 11 vuelta al estribillo, 12 final/corte. V4: CSV rehecho a 16 compases maximo y 8 subdivisiones por compas. | V6 confianza=alta. | APP_SAFE: slash chords simplificados a acorde base para evitar fallos de playback."
Si - directa,Meter ya,Nivel 1-2: acompanamiento con acordes abiertos/capo y patron simple.,127,Another Brick in the Wall,Pink Floyd,EN,Rock,2,58,86,4/4,rock binario,8,1 & 2 & 3 & 4 &,Em,0,EADGBE,Dm; G,4,D D - U D U - U,D D D D D D D D,D D - U D U - U,D - - - - - - -,D D - U D U - U,D=abajo; U=arriba; -=silencio/no golpe; x=apagado si aparece,D,D,-,U,D,U,-,U,Dm [D D - U D U - U],Dm [D D - U D U - U],G [D D - U D U - U],Dm [D D - U D U - U],,,,,,,,,,,,,Dm Dm Dm Dm Dm Dm Dm Dm,Dm Dm Dm Dm Dm Dm Dm Dm,G G G G G G G G,Dm Dm Dm Dm Dm Dm Dm Dm,,,,,,,,,,,,,D D - U D U - U,D D - U D U - U,D D - U D U - U,D D - U D U - U,,,,,,,,,,,,,Dm | Dm | G | Dm,acompanamiento_v6_musical_simplificado,"cambios reales de acordes, groove y estructura corta reconocible",V6: max 16 compases; subdivision max 8; no se rellenan compases vacios; 12/8 se trata como shuffle en 4/4 por limite tecnico,no,0,,https://www.guitarlobby.com/easy-acoustic-guitar-songs-for-beginners/,"BPM, tonalidad y compases son sugerencias de practica adaptadas al limite de 12 compases y 4 subdivisiones; no es transcripcion exacta. V2 medio compas: '/' indica cambio al tiempo 3. La progresion_1acorde_compas queda como version ultra facil. V3 ritmica: 12 compases = 1-4 verso, 5-8 estribillo, 9-10 puente, 11 vuelta al estribillo, 12 final/corte. V4: CSV rehecho a 16 compases maximo y 8 subdivisiones por compas. | V6 confianza=alta. | APP_SAFE: slash chords simplificados a acorde base para evitar fallos de playback."
Si - directa,Meter ya,Nivel 1-2: acompanamiento con acordes abiertos/capo y patron simple.,128,Comfortably Numb,Pink Floyd,EN,Rock / balada,2,52,76,4/4,balada 4/4,8,1 & 2 & 3 & 4 &,G,0,EADGBE,Bm; A; G; Em; D; C,8,D - - U D - D U,D - - U - U D -,D - - U D - D U,D - - - - - - -,D - - U D - D U,D=abajo; U=arriba; -=silencio/no golpe; x=apagado si aparece,D,-,-,U,D,-,D,U,Bm [D - - U D - D U],A [D - - U D - D U],G [D - - U D - D U],Em [D - - U D - D U],D [D - - U - U D -],A [D - - U - U D -],C [D - - U - U D -],G [D - - - - - - -],,,,,,,,,Bm Bm Bm Bm Bm Bm Bm Bm,A A A A A A A A,G G G G G G G G,Em Em Em Em Em Em Em Em,D D D D D D D D,A A A A A A A A,C C C C C C C C,G G G G G G G G,,,,,,,,,D - - U D - D U,D - - U D - D U,D - - U D - D U,D - - U D - D U,D - - U - U D -,D - - U - U D -,D - - U - U D -,D - - - - - - -,,,,,,,,,Bm | A | G | Em | D | A | C | G,acompanamiento_v6_musical_simplificado,"cambios reales de acordes, groove y estructura corta reconocible",V6: max 16 compases; subdivision max 8; no se rellenan compases vacios; 12/8 se trata como shuffle en 4/4 por limite tecnico,no,0,,https://acousticworld.net/100-easy-acoustic-guitar-songs-with-chords-tabs-lessons/,"BPM, tonalidad y compases son sugerencias de practica adaptadas al limite de 12 compases y 4 subdivisiones; no es transcripcion exacta. V2 medio compas: '/' indica cambio al tiempo 3. La progresion_1acorde_compas queda como version ultra facil. V3 ritmica: 12 compases = 1-4 verso, 5-8 estribillo, 9-10 puente, 11 vuelta al estribillo, 12 final/corte. V4: CSV rehecho a 16 compases maximo y 8 subdivisiones por compas. | V6 confianza=alta. | APP_SAFE: slash chords simplificados a acorde base para evitar fallos de playback."
Si - directa,Meter ya,Nivel 1-2: acompanamiento con acordes abiertos/capo y patron simple.,129,About a Girl,Nirvana,EN,Grunge acústico,2,58,92,4/4,rock binario,8,1 & 2 & 3 & 4 &,Em,0,EADGBE,Em; G; C; D,8,D D - U D U - U,D D D D D D D D,D D - U D U - U,D - - - - - - -,D D - U D U - U,D=abajo; U=arriba; -=silencio/no golpe; x=apagado si aparece,D,D,-,U,D,U,-,U,Em [D D - U D U - U],G [D D - U D U - U],Em [D D - U D U - U],G [D D - U D U - U],C [D D D D D D D D],G [D D D D D D D D],D [D D D D D D D D],D [D - - - - - - -],,,,,,,,,Em Em Em Em Em Em Em Em,G G G G G G G G,Em Em Em Em Em Em Em Em,G G G G G G G G,C C C C C C C C,G G G G G G G G,D D D D D D D D,D D D D D D D D,,,,,,,,,D D - U D U - U,D D - U D U - U,D D - U D U - U,D D - U D U - U,D D D D D D D D,D D D D D D D D,D D D D D D D D,D - - - - - - -,,,,,,,,,Em | G | Em | G | C | G | D | D,acompanamiento_v6_musical_simplificado,"cambios reales de acordes, groove y estructura corta reconocible",V6: max 16 compases; subdivision max 8; no se rellenan compases vacios; 12/8 se trata como shuffle en 4/4 por limite tecnico,no,0,,https://www.laurenbateman.com/beginner-guitar-songs/,"BPM, tonalidad y compases son sugerencias de practica adaptadas al limite de 12 compases y 4 subdivisiones; no es transcripcion exacta. V2 medio compas: '/' indica cambio al tiempo 3. La progresion_1acorde_compas queda como version ultra facil. V3 ritmica: 12 compases = 1-4 verso, 5-8 estribillo, 9-10 puente, 11 vuelta al estribillo, 12 final/corte. V4: CSV rehecho a 16 compases maximo y 8 subdivisiones por compas. | V6 confianza=alta. | APP_SAFE: slash chords simplificados a acorde base para evitar fallos de playback."
Si - directa,Meter ya,Nivel 1-2: acompanamiento con acordes abiertos/capo y patron simple.,130,Polly,Nirvana,EN,Grunge acústico,2,60,86,4/4,rock binario,8,1 & 2 & 3 & 4 &,Em,0,EADGBE,Em; G; D; C,4,D D - U D U - U,D D D D D D D D,D D - U D U - U,D - - - - - - -,D D - U D U - U,D=abajo; U=arriba; -=silencio/no golpe; x=apagado si aparece,D,D,-,U,D,U,-,U,Em [D D - U D U - U],G [D D - U D U - U],D [D D - U D U - U],C [D D - U D U - U],,,,,,,,,,,,,Em Em Em Em Em Em Em Em,G G G G G G G G,D D D D D D D D,C C C C C C C C,,,,,,,,,,,,,D D - U D U - U,D D - U D U - U,D D - U D U - U,D D - U D U - U,,,,,,,,,,,,,Em | G | D | C,acompanamiento_v6_musical_simplificado,"cambios reales de acordes, groove y estructura corta reconocible",V6: max 16 compases; subdivision max 8; no se rellenan compases vacios; 12/8 se trata como shuffle en 4/4 por limite tecnico,no,0,,https://guitarmammoth.com/easy-guitar-songs/,"BPM, tonalidad y compases son sugerencias de practica adaptadas al limite de 12 compases y 4 subdivisiones; no es transcripcion exacta. V2 medio compas: '/' indica cambio al tiempo 3. La progresion_1acorde_compas queda como version ultra facil. V3 ritmica: 12 compases = 1-4 verso, 5-8 estribillo, 9-10 puente, 11 vuelta al estribillo, 12 final/corte. V4: CSV rehecho a 16 compases maximo y 8 subdivisiones por compas. | V6 confianza=alta. | APP_SAFE: slash chords simplificados a acorde base para evitar fallos de playback."
Si - directa,Meter ya,Nivel 1-2: acompanamiento con acordes abiertos/capo y patron simple.,131,The Man Who Sold the World,David Bowie / Nirvana,EN,Rock,2,62,88,4/4,rock binario,8,1 & 2 & 3 & 4 &,Em,0,EADGBE,A; Dm; F; C,4,D D - U D U - U,D D D D D D D D,D D - U D U - U,D - - - - - - -,D D - U D U - U,D=abajo; U=arriba; -=silencio/no golpe; x=apagado si aparece,D,D,-,U,D,U,-,U,A [D D - U D U - U],Dm [D D - U D U - U],F [D D - U D U - U],C [D D - U D U - U],,,,,,,,,,,,,A A A A A A A A,Dm Dm Dm Dm Dm Dm Dm Dm,F F F F F F F F,C C C C C C C C,,,,,,,,,,,,,D D - U D U - U,D D - U D U - U,D D - U D U - U,D D - U D U - U,,,,,,,,,,,,,A | Dm | F | C,acompanamiento_v6_musical_simplificado,"cambios reales de acordes, groove y estructura corta reconocible",V6: max 16 compases; subdivision max 8; no se rellenan compases vacios; 12/8 se trata como shuffle en 4/4 por limite tecnico,no,0,,https://www.guitarlobby.com/easy-acoustic-guitar-songs-for-beginners/,"BPM, tonalidad y compases son sugerencias de practica adaptadas al limite de 12 compases y 4 subdivisiones; no es transcripcion exacta. V2 medio compas: '/' indica cambio al tiempo 3. La progresion_1acorde_compas queda como version ultra facil. V3 ritmica: 12 compases = 1-4 verso, 5-8 estribillo, 9-10 puente, 11 vuelta al estribillo, 12 final/corte. V4: CSV rehecho a 16 compases maximo y 8 subdivisiones por compas. | V6 confianza=alta. | APP_SAFE: slash chords simplificados a acorde base para evitar fallos de playback."
Si - simplificada,Rock/power chords,Nivel 3 admisible si se plantea como version de power chords con pulso estable.,132,Lithium,Nirvana,EN,Grunge,3,64,100,4/4,rock/power chords,8,1 & 2 & 3 & 4 &,Em,0,EADGBE,E5; G#5; C#5; A5,4,D D D D D D D D,D D - U D U - U,D D D D D D D D,D - - - - - - -,D D D D D D D D,D=abajo; U=arriba; -=silencio/no golpe; x=apagado si aparece,D,D,D,D,D,D,D,D,E5 [D D D D D D D D],G#5 [D D D D D D D D],C#5 [D D D D D D D D],A5 [D D D D D D D D],,,,,,,,,,,,,E5 E5 E5 E5 E5 E5 E5 E5,G#5 G#5 G#5 G#5 G#5 G#5 G#5 G#5,C#5 C#5 C#5 C#5 C#5 C#5 C#5 C#5,A5 A5 A5 A5 A5 A5 A5 A5,,,,,,,,,,,,,D D D D D D D D,D D D D D D D D,D D D D D D D D,D D D D D D D D,,,,,,,,,,,,,E5 | G#5 | C#5 | A5,acompanamiento_v6_musical_simplificado,"cambios reales de acordes, groove y estructura corta reconocible",V6: max 16 compases; subdivision max 8; no se rellenan compases vacios; 12/8 se trata como shuffle en 4/4 por limite tecnico,no,0,,https://acousticworld.net/100-easy-acoustic-guitar-songs-with-chords-tabs-lessons/,"BPM, tonalidad y compases son sugerencias de practica adaptadas al limite de 12 compases y 4 subdivisiones; no es transcripcion exacta. V2 medio compas: '/' indica cambio al tiempo 3. La progresion_1acorde_compas queda como version ultra facil. V3 ritmica: 12 compases = 1-4 verso, 5-8 estribillo, 9-10 puente, 11 vuelta al estribillo, 12 final/corte. V4: CSV rehecho a 16 compases maximo y 8 subdivisiones por compas. | V6 confianza=alta. | APP_SAFE: slash chords simplificados a acorde base para evitar fallos de playback."
Si - directa,Meter ya,Nivel 1-2: acompanamiento con acordes abiertos/capo y patron simple.,133,Dumb,Nirvana,EN,Grunge acústico,2,52,80,4/4,rock binario,8,1 & 2 & 3 & 4 &,G,0,EADGBE,E; A; G; C,4,D D - U D U - U,D D D D D D D D,D D - U D U - U,D - - - - - - -,D D - U D U - U,D=abajo; U=arriba; -=silencio/no golpe; x=apagado si aparece,D,D,-,U,D,U,-,U,E [D D - U D U - U],A [D D - U D U - U],G [D D - U D U - U],C [D D - U D U - U],,,,,,,,,,,,,E E E E E E E E,A A A A A A A A,G G G G G G G G,C C C C C C C C,,,,,,,,,,,,,D D - U D U - U,D D - U D U - U,D D - U D U - U,D D - U D U - U,,,,,,,,,,,,,E | A | G | C,acompanamiento_v6_musical_simplificado,"cambios reales de acordes, groove y estructura corta reconocible",V6: max 16 compases; subdivision max 8; no se rellenan compases vacios; 12/8 se trata como shuffle en 4/4 por limite tecnico,no,0,,https://musictonic.com/easy-guitar-songs-for-beginners/,"BPM, tonalidad y compases son sugerencias de practica adaptadas al limite de 12 compases y 4 subdivisiones; no es transcripcion exacta. V2 medio compas: '/' indica cambio al tiempo 3. La progresion_1acorde_compas queda como version ultra facil. V3 ritmica: 12 compases = 1-4 verso, 5-8 estribillo, 9-10 puente, 11 vuelta al estribillo, 12 final/corte. V4: CSV rehecho a 16 compases maximo y 8 subdivisiones por compas. | V6 confianza=alta. | APP_SAFE: slash chords simplificados a acorde base para evitar fallos de playback."
Si - directa,Meter ya,Nivel 1-2: acompanamiento con acordes abiertos/capo y patron simple.,134,Where Did You Sleep Last Night,Lead Belly / Nirvana,EN,Folk blues,2,58,82,4/4,folk/acustico,8,1 & 2 & 3 & 4 &,E,0,EADGBE,E; A; G; B,6,D - D U D - D U,D - D - D U D U,D - D U D - D U,D - - - - - - -,D - D U D - D U,D=abajo; U=arriba; -=silencio/no golpe; x=apagado si aparece,D,-,D,U,D,-,D,U,E [D - D U D - D U],A [D - D U D - D U],G [D - D U D - D U],B [D - D U D - D U],E [D - D U D - D U],E [D - D U D - D U],,,,,,,,,,,E E E E E E E E,A A A A A A A A,G G G G G G G G,B B B B B B B B,E E E E E E E E,E E E E E E E E,,,,,,,,,,,D - D U D - D U,D - D U D - D U,D - D U D - D U,D - D U D - D U,D - D U D - D U,D - D U D - D U,,,,,,,,,,,E | A | G | B | E | E,acompanamiento_v6_musical_simplificado,"cambios reales de acordes, groove y estructura corta reconocible",V6: max 16 compases; subdivision max 8; no se rellenan compases vacios; 12/8 se trata como shuffle en 4/4 por limite tecnico,no,0,,https://www.laurenbateman.com/beginner-guitar-songs/,"BPM, tonalidad y compases son sugerencias de practica adaptadas al limite de 12 compases y 4 subdivisiones; no es transcripcion exacta. V2 medio compas: '/' indica cambio al tiempo 3. La progresion_1acorde_compas queda como version ultra facil. V3 ritmica: 12 compases = 1-4 verso, 5-8 estribillo, 9-10 puente, 11 vuelta al estribillo, 12 final/corte. V4: CSV rehecho a 16 compases maximo y 8 subdivisiones por compas. | V6 confianza=alta. | APP_SAFE: slash chords simplificados a acorde base para evitar fallos de playback."
Si - simplificada,Rock/power chords,Nivel 3 admisible si se plantea como version de power chords con pulso estable.,135,Brain Stew,Green Day,EN,Punk rock,3,68,110,4/4,rock/power chords,8,1 & 2 & 3 & 4 &,A,0,EADGBE,A5; G5; F#5; F5,4,D D D D D D D D,D D - U D U - U,D D D D D D D D,D - - - - - - -,D D D D D D D D,D=abajo; U=arriba; -=silencio/no golpe; x=apagado si aparece,D,D,D,D,D,D,D,D,A5 [D D D D D D D D],G5 [D D D D D D D D],F#5 [D D D D D D D D],F5 [D D D D D D D D],,,,,,,,,,,,,A5 A5 A5 A5 A5 A5 A5 A5,G5 G5 G5 G5 G5 G5 G5 G5,F#5 F#5 F#5 F#5 F#5 F#5 F#5 F#5,F5 F5 F5 F5 F5 F5 F5 F5,,,,,,,,,,,,,D D D D D D D D,D D D D D D D D,D D D D D D D D,D D D D D D D D,,,,,,,,,,,,,A5 | G5 | F#5 | F5,acompanamiento_v6_musical_simplificado,"cambios reales de acordes, groove y estructura corta reconocible",V6: max 16 compases; subdivision max 8; no se rellenan compases vacios; 12/8 se trata como shuffle en 4/4 por limite tecnico,no,0,,https://guitarmammoth.com/easy-guitar-songs/,"BPM, tonalidad y compases son sugerencias de practica adaptadas al limite de 12 compases y 4 subdivisiones; no es transcripcion exacta. V2 medio compas: '/' indica cambio al tiempo 3. La progresion_1acorde_compas queda como version ultra facil. V3 ritmica: 12 compases = 1-4 verso, 5-8 estribillo, 9-10 puente, 11 vuelta al estribillo, 12 final/corte. V4: CSV rehecho a 16 compases maximo y 8 subdivisiones por compas. | V6 confianza=alta. | APP_SAFE: slash chords simplificados a acorde base para evitar fallos de playback."
Si - simplificada,Rock/power chords,Nivel 3 admisible si se plantea como version de power chords con pulso estable.,136,When I Come Around,Green Day,EN,Punk rock,3,70,112,4/4,rock/power chords,8,1 & 2 & 3 & 4 &,A,0,EADGBE,G5; D5; Em; C5,4,D D D D D D D D,D D - U D U - U,D D D D D D D D,D - - - - - - -,D D D D D D D D,D=abajo; U=arriba; -=silencio/no golpe; x=apagado si aparece,D,D,D,D,D,D,D,D,G5 [D D D D D D D D],D5 [D D D D D D D D],Em [D D D D D D D D],C5 [D D D D D D D D],,,,,,,,,,,,,G5 G5 G5 G5 G5 G5 G5 G5,D5 D5 D5 D5 D5 D5 D5 D5,Em Em Em Em Em Em Em Em,C5 C5 C5 C5 C5 C5 C5 C5,,,,,,,,,,,,,D D D D D D D D,D D D D D D D D,D D D D D D D D,D D D D D D D D,,,,,,,,,,,,,G5 | D5 | Em | C5,acompanamiento_v6_musical_simplificado,"cambios reales de acordes, groove y estructura corta reconocible",V6: max 16 compases; subdivision max 8; no se rellenan compases vacios; 12/8 se trata como shuffle en 4/4 por limite tecnico,no,0,,https://www.guitarlobby.com/easy-acoustic-guitar-songs-for-beginners/,"BPM, tonalidad y compases son sugerencias de practica adaptadas al limite de 12 compases y 4 subdivisiones; no es transcripcion exacta. V2 medio compas: '/' indica cambio al tiempo 3. La progresion_1acorde_compas queda como version ultra facil. V3 ritmica: 12 compases = 1-4 verso, 5-8 estribillo, 9-10 puente, 11 vuelta al estribillo, 12 final/corte. V4: CSV rehecho a 16 compases maximo y 8 subdivisiones por compas. | V6 confianza=alta. | APP_SAFE: slash chords simplificados a acorde base para evitar fallos de playback."
Si - directa,Meter ya,Nivel 1-2: acompanamiento con acordes abiertos/capo y patron simple.,137,21 Guns,Green Day,EN,Rock / balada,2,54,80,4/4,rock binario,8,1 & 2 & 3 & 4 &,G,0,EADGBE,Dm; Bb; F; C,4,D D - U D U - U,D D D D D D D D,D D - U D U - U,D - - - - - - -,D D - U D U - U,D=abajo; U=arriba; -=silencio/no golpe; x=apagado si aparece,D,D,-,U,D,U,-,U,Dm [D D - U D U - U],Bb [D D - U D U - U],F [D D - U D U - U],C [D D - U D U - U],,,,,,,,,,,,,Dm Dm Dm Dm Dm Dm Dm Dm,Bb Bb Bb Bb Bb Bb Bb Bb,F F F F F F F F,C C C C C C C C,,,,,,,,,,,,,D D - U D U - U,D D - U D U - U,D D - U D U - U,D D - U D U - U,,,,,,,,,,,,,Dm | Bb | F | C,acompanamiento_v6_musical_simplificado,"cambios reales de acordes, groove y estructura corta reconocible",V6: max 16 compases; subdivision max 8; no se rellenan compases vacios; 12/8 se trata como shuffle en 4/4 por limite tecnico,no,0,,https://acousticworld.net/100-easy-acoustic-guitar-songs-with-chords-tabs-lessons/,"BPM, tonalidad y compases son sugerencias de practica adaptadas al limite de 12 compases y 4 subdivisiones; no es transcripcion exacta. V2 medio compas: '/' indica cambio al tiempo 3. La progresion_1acorde_compas queda como version ultra facil. V3 ritmica: 12 compases = 1-4 verso, 5-8 estribillo, 9-10 puente, 11 vuelta al estribillo, 12 final/corte. V4: CSV rehecho a 16 compases maximo y 8 subdivisiones por compas. | V6 confianza=alta. | APP_SAFE: slash chords simplificados a acorde base para evitar fallos de playback."
Si - simplificada,Version facil,"Nivel 3, pero funciona como acompanamiento si se evita transcripcion exacta.",138,Wake Me Up When September Ends,Green Day,EN,Rock / balada,3,46,68,4/4,balada 4/4,8,1 & 2 & 3 & 4 &,G,0,EADGBE,G; D; Em; C,4,D - - U D - D U,D - - U - U D -,D - - U D - D U,D - - - - - - -,D - - U D - D U,D=abajo; U=arriba; -=silencio/no golpe; x=apagado si aparece,D,-,-,U,D,-,D,U,G [D - - U D - D U],D [D - - U D - D U],Em [D - - U D - D U],C [D - - U D - D U],,,,,,,,,,,,,G G G G G G G G,D D D D D D D D,Em Em Em Em Em Em Em Em,C C C C C C C C,,,,,,,,,,,,,D - - U D - D U,D - - U D - D U,D - - U D - D U,D - - U D - D U,,,,,,,,,,,,,G | D | Em | C,acompanamiento_v6_musical_simplificado,"cambios reales de acordes, groove y estructura corta reconocible",V6: max 16 compases; subdivision max 8; no se rellenan compases vacios; 12/8 se trata como shuffle en 4/4 por limite tecnico,no,0,,https://musictonic.com/easy-guitar-songs-for-beginners/,"BPM, tonalidad y compases son sugerencias de practica adaptadas al limite de 12 compases y 4 subdivisiones; no es transcripcion exacta. V2 medio compas: '/' indica cambio al tiempo 3. La progresion_1acorde_compas queda como version ultra facil. V3 ritmica: 12 compases = 1-4 verso, 5-8 estribillo, 9-10 puente, 11 vuelta al estribillo, 12 final/corte. V4: CSV rehecho a 16 compases maximo y 8 subdivisiones por compas. | V6 confianza=alta. | APP_SAFE: slash chords simplificados a acorde base para evitar fallos de playback."
Si - simplificada,Rock/power chords,Nivel 3 admisible si se plantea como version de power chords con pulso estable.,139,Basket Case,Green Day,EN,Punk rock,3,70,110,4/4,rock/power chords,8,1 & 2 & 3 & 4 &,A,0,EADGBE,E; B; C#m; G#m; A,8,D D D D D D D D,D D - U D U - U,D D D D D D D D,D - - - - - - -,D D D D D D D D,D=abajo; U=arriba; -=silencio/no golpe; x=apagado si aparece,D,D,D,D,D,D,D,D,E [D D D D D D D D],B [D D D D D D D D],C#m [D D D D D D D D],G#m [D D D D D D D D],A [D D - U D U - U],E [D D - U D U - U],B [D D - U D U - U],B [D - - - - - - -],,,,,,,,,E E E E E E E E,B B B B B B B B,C#m C#m C#m C#m C#m C#m C#m C#m,G#m G#m G#m G#m G#m G#m G#m G#m,A A A A A A A A,E E E E E E E E,B B B B B B B B,B B B B B B B B,,,,,,,,,D D D D D D D D,D D D D D D D D,D D D D D D D D,D D D D D D D D,D D - U D U - U,D D - U D U - U,D D - U D U - U,D - - - - - - -,,,,,,,,,E | B | C#m | G#m | A | E | B | B,acompanamiento_v6_musical_simplificado,"cambios reales de acordes, groove y estructura corta reconocible",V6: max 16 compases; subdivision max 8; no se rellenan compases vacios; 12/8 se trata como shuffle en 4/4 por limite tecnico,no,0,,https://www.laurenbateman.com/beginner-guitar-songs/,"BPM, tonalidad y compases son sugerencias de practica adaptadas al limite de 12 compases y 4 subdivisiones; no es transcripcion exacta. V2 medio compas: '/' indica cambio al tiempo 3. La progresion_1acorde_compas queda como version ultra facil. V3 ritmica: 12 compases = 1-4 verso, 5-8 estribillo, 9-10 puente, 11 vuelta al estribillo, 12 final/corte. V4: CSV rehecho a 16 compases maximo y 8 subdivisiones por compas. | V6 confianza=alta. | APP_SAFE: slash chords simplificados a acorde base para evitar fallos de playback."
Si - simplificada,Rock/power chords,Nivel 3 admisible si se plantea como version de power chords con pulso estable.,140,American Idiot,Green Day,EN,Punk rock,3,72,112,4/4,rock/power chords,8,1 & 2 & 3 & 4 &,A,0,EADGBE,Ab5; Db5; Gb5,4,D D D D D D D D,D D - U D U - U,D D D D D D D D,D - - - - - - -,D D D D D D D D,D=abajo; U=arriba; -=silencio/no golpe; x=apagado si aparece,D,D,D,D,D,D,D,D,Ab5 [D D D D D D D D],Db5 [D D D D D D D D],Gb5 [D D D D D D D D],Db5 [D D D D D D D D],,,,,,,,,,,,,Ab5 Ab5 Ab5 Ab5 Ab5 Ab5 Ab5 Ab5,Db5 Db5 Db5 Db5 Db5 Db5 Db5 Db5,Gb5 Gb5 Gb5 Gb5 Gb5 Gb5 Gb5 Gb5,Db5 Db5 Db5 Db5 Db5 Db5 Db5 Db5,,,,,,,,,,,,,D D D D D D D D,D D D D D D D D,D D D D D D D D,D D D D D D D D,,,,,,,,,,,,,Ab5 | Db5 | Gb5 | Db5,acompanamiento_v6_musical_simplificado,"cambios reales de acordes, groove y estructura corta reconocible",V6: max 16 compases; subdivision max 8; no se rellenan compases vacios; 12/8 se trata como shuffle en 4/4 por limite tecnico,no,0,,https://guitarmammoth.com/easy-guitar-songs/,"BPM, tonalidad y compases son sugerencias de practica adaptadas al limite de 12 compases y 4 subdivisiones; no es transcripcion exacta. V2 medio compas: '/' indica cambio al tiempo 3. La progresion_1acorde_compas queda como version ultra facil. V3 ritmica: 12 compases = 1-4 verso, 5-8 estribillo, 9-10 puente, 11 vuelta al estribillo, 12 final/corte. V4: CSV rehecho a 16 compases maximo y 8 subdivisiones por compas. | V6 confianza=alta. | APP_SAFE: slash chords simplificados a acorde base para evitar fallos de playback."
Si - directa,Meter ya,Nivel 1-2: acompanamiento con acordes abiertos/capo y patron simple.,141,Californication,Red Hot Chili Peppers,EN,Rock alternativo,2,58,92,4/4,rock binario,8,1 & 2 & 3 & 4 &,Em,0,EADGBE,Am; F; C; G,4,D D - U D U - U,D D D D D D D D,D D - U D U - U,D - - - - - - -,D D - U D U - U,D=abajo; U=arriba; -=silencio/no golpe; x=apagado si aparece,D,D,-,U,D,U,-,U,Am [D D - U D U - U],F [D D - U D U - U],C [D D - U D U - U],G [D D - U D U - U],,,,,,,,,,,,,Am Am Am Am Am Am Am Am,F F F F F F F F,C C C C C C C C,G G G G G G G G,,,,,,,,,,,,,D D - U D U - U,D D - U D U - U,D D - U D U - U,D D - U D U - U,,,,,,,,,,,,,Am | F | C | G,acompanamiento_v6_musical_simplificado,"cambios reales de acordes, groove y estructura corta reconocible",V6: max 16 compases; subdivision max 8; no se rellenan compases vacios; 12/8 se trata como shuffle en 4/4 por limite tecnico,no,0,,https://www.guitarlobby.com/easy-acoustic-guitar-songs-for-beginners/,"BPM, tonalidad y compases son sugerencias de practica adaptadas al limite de 12 compases y 4 subdivisiones; no es transcripcion exacta. V2 medio compas: '/' indica cambio al tiempo 3. La progresion_1acorde_compas queda como version ultra facil. V3 ritmica: 12 compases = 1-4 verso, 5-8 estribillo, 9-10 puente, 11 vuelta al estribillo, 12 final/corte. V4: CSV rehecho a 16 compases maximo y 8 subdivisiones por compas. | V6 confianza=alta. | APP_SAFE: slash chords simplificados a acorde base para evitar fallos de playback."
Si - directa,Meter ya,Nivel 1-2: acompanamiento con acordes abiertos/capo y patron simple.,142,Otherside,Red Hot Chili Peppers,EN,Rock alternativo,2,60,86,4/4,rock binario,8,1 & 2 & 3 & 4 &,Em,0,EADGBE,Am; F; C; G,4,D D - U D U - U,D D D D D D D D,D D - U D U - U,D - - - - - - -,D D - U D U - U,D=abajo; U=arriba; -=silencio/no golpe; x=apagado si aparece,D,D,-,U,D,U,-,U,Am [D D - U D U - U],F [D D - U D U - U],C [D D - U D U - U],G [D D - U D U - U],,,,,,,,,,,,,Am Am Am Am Am Am Am Am,F F F F F F F F,C C C C C C C C,G G G G G G G G,,,,,,,,,,,,,D D - U D U - U,D D - U D U - U,D D - U D U - U,D D - U D U - U,,,,,,,,,,,,,Am | F | C | G,acompanamiento_v6_musical_simplificado,"cambios reales de acordes, groove y estructura corta reconocible",V6: max 16 compases; subdivision max 8; no se rellenan compases vacios; 12/8 se trata como shuffle en 4/4 por limite tecnico,no,0,,https://acousticworld.net/100-easy-acoustic-guitar-songs-with-chords-tabs-lessons/,"BPM, tonalidad y compases son sugerencias de practica adaptadas al limite de 12 compases y 4 subdivisiones; no es transcripcion exacta. V2 medio compas: '/' indica cambio al tiempo 3. La progresion_1acorde_compas queda como version ultra facil. V3 ritmica: 12 compases = 1-4 verso, 5-8 estribillo, 9-10 puente, 11 vuelta al estribillo, 12 final/corte. V4: CSV rehecho a 16 compases maximo y 8 subdivisiones por compas. | V6 confianza=alta. | APP_SAFE: slash chords simplificados a acorde base para evitar fallos de playback."
Si - directa,Meter ya,Nivel 1-2: acompanamiento con acordes abiertos/capo y patron simple.,143,Scar Tissue,Red Hot Chili Peppers,EN,Rock alternativo,2,58,82,4/4,rock binario,8,1 & 2 & 3 & 4 &,G,0,EADGBE,F; C; Dm,4,D D - U D U - U,D D D D D D D D,D D - U D U - U,D - - - - - - -,D D - U D U - U,D=abajo; U=arriba; -=silencio/no golpe; x=apagado si aparece,D,D,-,U,D,U,-,U,F [D D - U D U - U],C [D D - U D U - U],Dm [D D - U D U - U],C [D D - U D U - U],,,,,,,,,,,,,F F F F F F F F,C C C C C C C C,Dm Dm Dm Dm Dm Dm Dm Dm,C C C C C C C C,,,,,,,,,,,,,D D - U D U - U,D D - U D U - U,D D - U D U - U,D D - U D U - U,,,,,,,,,,,,,F | C | Dm | C,acompanamiento_v6_musical_simplificado,"cambios reales de acordes, groove y estructura corta reconocible",V6: max 16 compases; subdivision max 8; no se rellenan compases vacios; 12/8 se trata como shuffle en 4/4 por limite tecnico,no,0,,https://musictonic.com/easy-guitar-songs-for-beginners/,"BPM, tonalidad y compases son sugerencias de practica adaptadas al limite de 12 compases y 4 subdivisiones; no es transcripcion exacta. V2 medio compas: '/' indica cambio al tiempo 3. La progresion_1acorde_compas queda como version ultra facil. V3 ritmica: 12 compases = 1-4 verso, 5-8 estribillo, 9-10 puente, 11 vuelta al estribillo, 12 final/corte. V4: CSV rehecho a 16 compases maximo y 8 subdivisiones por compas. | V6 confianza=alta. | APP_SAFE: slash chords simplificados a acorde base para evitar fallos de playback."
Si - directa,Meter ya,Nivel 1-2: acompanamiento con acordes abiertos/capo y patron simple.,144,Dani California,Red Hot Chili Peppers,EN,Rock alternativo,2,60,92,4/4,rock binario,8,1 & 2 & 3 & 4 &,Em,0,EADGBE,Am; G; Dm,4,D D - U D U - U,D D D D D D D D,D D - U D U - U,D - - - - - - -,D D - U D U - U,D=abajo; U=arriba; -=silencio/no golpe; x=apagado si aparece,D,D,-,U,D,U,-,U,Am [D D - U D U - U],G [D D - U D U - U],Dm [D D - U D U - U],Am [D D - U D U - U],,,,,,,,,,,,,Am Am Am Am Am Am Am Am,G G G G G G G G,Dm Dm Dm Dm Dm Dm Dm Dm,Am Am Am Am Am Am Am Am,,,,,,,,,,,,,D D - U D U - U,D D - U D U - U,D D - U D U - U,D D - U D U - U,,,,,,,,,,,,,Am | G | Dm | Am,acompanamiento_v6_musical_simplificado,"cambios reales de acordes, groove y estructura corta reconocible",V6: max 16 compases; subdivision max 8; no se rellenan compases vacios; 12/8 se trata como shuffle en 4/4 por limite tecnico,no,0,,https://guitarmammoth.com/easy-guitar-songs/,"BPM, tonalidad y compases son sugerencias de practica adaptadas al limite de 12 compases y 4 subdivisiones; no es transcripcion exacta. V2 medio compas: '/' indica cambio al tiempo 3. La progresion_1acorde_compas queda como version ultra facil. V3 ritmica: 12 compases = 1-4 verso, 5-8 estribillo, 9-10 puente, 11 vuelta al estribillo, 12 final/corte. V4: CSV rehecho a 16 compases maximo y 8 subdivisiones por compas. | V6 confianza=alta. | APP_SAFE: slash chords simplificados a acorde base para evitar fallos de playback."
Si - simplificada,F reducido,Muy reconocible; usar Fmaj7/mini-F y priorizar continuidad del pulso.,145,Losing My Religion,R.E.M.,EN,Folk rock,3,58,82,4/4,folk/acustico,8,1 & 2 & 3 & 4 &,Am,0,EADGBE,Am; Em; F; G,8,D - D U D - D U,D - D - D U D U,D - D U D - D U,D - - - - - - -,D - D U D - D U,D=abajo; U=arriba; -=silencio/no golpe; x=apagado si aparece,D,-,D,U,D,-,D,U,Am [D - D U D - D U],Em [D - D U D - D U],Am [D - D U D - D U],Em [D - D U D - D U],F [D - D - D U D U],G [D - D - D U D U],Am [D - D - D U D U],Am [D - - - - - - -],,,,,,,,,Am Am Am Am Am Am Am Am,Em Em Em Em Em Em Em Em,Am Am Am Am Am Am Am Am,Em Em Em Em Em Em Em Em,F F F F F F F F,G G G G G G G G,Am Am Am Am Am Am Am Am,Am Am Am Am Am Am Am Am,,,,,,,,,D - D U D - D U,D - D U D - D U,D - D U D - D U,D - D U D - D U,D - D - D U D U,D - D - D U D U,D - D - D U D U,D - - - - - - -,,,,,,,,,Am | Em | Am | Em | F | G | Am | Am,acompanamiento_v6_musical_simplificado,"cambios reales de acordes, groove y estructura corta reconocible",V6: max 16 compases; subdivision max 8; no se rellenan compases vacios; 12/8 se trata como shuffle en 4/4 por limite tecnico,no,0,,https://www.guitarlobby.com/easy-acoustic-guitar-songs-for-beginners/,"BPM, tonalidad y compases son sugerencias de practica adaptadas al limite de 12 compases y 4 subdivisiones; no es transcripcion exacta. V2 medio compas: '/' indica cambio al tiempo 3. La progresion_1acorde_compas queda como version ultra facil. V3 ritmica: 12 compases = 1-4 verso, 5-8 estribillo, 9-10 puente, 11 vuelta al estribillo, 12 final/corte. V4: CSV rehecho a 16 compases maximo y 8 subdivisiones por compas. | V6 confianza=alta. | APP_SAFE: slash chords simplificados a acorde base para evitar fallos de playback."
Si - directa,Meter ya,Nivel 1-2: acompanamiento con acordes abiertos/capo y patron simple.,146,Everybody Hurts,R.E.M.,EN,Rock / balada,2,50,76,6/8,balada/arpegio 6/8,6,1 2 3 4 5 6,G,0,EADGBE,D; G; Em; A,8,D - U D - U,D - - D - U,D - U D - U,D - - - - -,D - U D - U,D=abajo; U=arriba; -=silencio/no golpe; x=apagado si aparece,D,-,U,D,-,U,,,D [D - U D - U],G [D - U D - U],D [D - U D - U],G [D - U D - U],Em [D - - D - U],A [D - - D - U],Em [D - - D - U],A [D - - - - -],,,,,,,,,D D D D D D,G G G G G G,D D D D D D,G G G G G G,Em Em Em Em Em Em,A A A A A A,Em Em Em Em Em Em,A A A A A A,,,,,,,,,D - U D - U,D - U D - U,D - U D - U,D - U D - U,D - - D - U,D - - D - U,D - - D - U,D - - - - -,,,,,,,,,D | G | D | G | Em | A | Em | A,acompanamiento_v6_musical_simplificado,"cambios reales de acordes, groove y estructura corta reconocible",V6: max 16 compases; subdivision max 8; no se rellenan compases vacios; 12/8 se trata como shuffle en 4/4 por limite tecnico,no,0,,https://acousticworld.net/100-easy-acoustic-guitar-songs-with-chords-tabs-lessons/,"BPM, tonalidad y compases son sugerencias de practica adaptadas al limite de 12 compases y 4 subdivisiones; no es transcripcion exacta. V2 medio compas: '/' indica cambio al tiempo 3. La progresion_1acorde_compas queda como version ultra facil. V3 ritmica: 12 compases = 1-4 verso, 5-8 estribillo, 9-10 puente, 11 vuelta al estribillo, 12 final/corte. V4: CSV rehecho a 16 compases maximo y 8 subdivisiones por compas. | V6 confianza=alta. | APP_SAFE: slash chords simplificados a acorde base para evitar fallos de playback."
Si - directa,Meter ya,Nivel 1-2: acompanamiento con acordes abiertos/capo y patron simple.,147,Man on the Moon,R.E.M.,EN,Rock alternativo,1,50,76,4/4,folk/acustico,8,1 & 2 & 3 & 4 &,G,0,EADGBE,C; D; G,4,D - D U D - D U,D - D - D U D U,D - D U D - D U,D - - - - - - -,D - D U D - D U,D=abajo; U=arriba; -=silencio/no golpe; x=apagado si aparece,D,-,D,U,D,-,D,U,C [D - D U D - D U],D [D - D U D - D U],G [D - D U D - D U],G [D - D U D - D U],,,,,,,,,,,,,C C C C C C C C,D D D D D D D D,G G G G G G G G,G G G G G G G G,,,,,,,,,,,,,D - D U D - D U,D - D U D - D U,D - D U D - D U,D - D U D - D U,,,,,,,,,,,,,C | D | G | G,acompanamiento_v6_musical_simplificado,"cambios reales de acordes, groove y estructura corta reconocible",V6: max 16 compases; subdivision max 8; no se rellenan compases vacios; 12/8 se trata como shuffle en 4/4 por limite tecnico,no,0,,https://musictonic.com/easy-guitar-songs-for-beginners/,"BPM, tonalidad y compases son sugerencias de practica adaptadas al limite de 12 compases y 4 subdivisiones; no es transcripcion exacta. V2 medio compas: '/' indica cambio al tiempo 3. La progresion_1acorde_compas queda como version ultra facil. V3 ritmica: 12 compases = 1-4 verso, 5-8 estribillo, 9-10 puente, 11 vuelta al estribillo, 12 final/corte. V4: CSV rehecho a 16 compases maximo y 8 subdivisiones por compas. | V6 confianza=alta. | APP_SAFE: slash chords simplificados a acorde base para evitar fallos de playback."
Si - directa,Meter ya,Nivel 1-2: acompanamiento con acordes abiertos/capo y patron simple.,148,The One I Love,R.E.M.,EN,Rock alternativo,2,62,92,4/4,rock binario,8,1 & 2 & 3 & 4 &,Em,0,EADGBE,Em; D; G,4,D D - U D U - U,D D D D D D D D,D D - U D U - U,D - - - - - - -,D D - U D U - U,D=abajo; U=arriba; -=silencio/no golpe; x=apagado si aparece,D,D,-,U,D,U,-,U,Em [D D - U D U - U],D [D D - U D U - U],G [D D - U D U - U],D [D D - U D U - U],,,,,,,,,,,,,Em Em Em Em Em Em Em Em,D D D D D D D D,G G G G G G G G,D D D D D D D D,,,,,,,,,,,,,D D - U D U - U,D D - U D U - U,D D - U D U - U,D D - U D U - U,,,,,,,,,,,,,Em | D | G | D,acompanamiento_v6_musical_simplificado,"cambios reales de acordes, groove y estructura corta reconocible",V6: max 16 compases; subdivision max 8; no se rellenan compases vacios; 12/8 se trata como shuffle en 4/4 por limite tecnico,no,0,,https://www.laurenbateman.com/beginner-guitar-songs/,"BPM, tonalidad y compases son sugerencias de practica adaptadas al limite de 12 compases y 4 subdivisiones; no es transcripcion exacta. V2 medio compas: '/' indica cambio al tiempo 3. La progresion_1acorde_compas queda como version ultra facil. V3 ritmica: 12 compases = 1-4 verso, 5-8 estribillo, 9-10 puente, 11 vuelta al estribillo, 12 final/corte. V4: CSV rehecho a 16 compases maximo y 8 subdivisiones por compas. | V6 confianza=alta. | APP_SAFE: slash chords simplificados a acorde base para evitar fallos de playback."
Si - simplificada,Version facil,"Nivel 3, pero funciona como acompanamiento si se evita transcripcion exacta.",149,Simple Man,Lynyrd Skynyrd,EN,Southern rock,3,46,68,4/4,rock binario,8,1 & 2 & 3 & 4 &,G,0,EADGBE,C; G; Am,4,D D - U D U - U,D D D D D D D D,D D - U D U - U,D - - - - - - -,D D - U D U - U,D=abajo; U=arriba; -=silencio/no golpe; x=apagado si aparece,D,D,-,U,D,U,-,U,C [D D - U D U - U],G [D D - U D U - U],Am [D D - U D U - U],Am [D D - U D U - U],,,,,,,,,,,,,C C C C C C C C,G G G G G G G G,Am Am Am Am Am Am Am Am,Am Am Am Am Am Am Am Am,,,,,,,,,,,,,D D - U D U - U,D D - U D U - U,D D - U D U - U,D D - U D U - U,,,,,,,,,,,,,C | G | Am | Am,acompanamiento_v6_musical_simplificado,"cambios reales de acordes, groove y estructura corta reconocible",V6: max 16 compases; subdivision max 8; no se rellenan compases vacios; 12/8 se trata como shuffle en 4/4 por limite tecnico,no,0,,https://guitarmammoth.com/easy-guitar-songs/,"BPM, tonalidad y compases son sugerencias de practica adaptadas al limite de 12 compases y 4 subdivisiones; no es transcripcion exacta. V2 medio compas: '/' indica cambio al tiempo 3. La progresion_1acorde_compas queda como version ultra facil. V3 ritmica: 12 compases = 1-4 verso, 5-8 estribillo, 9-10 puente, 11 vuelta al estribillo, 12 final/corte. V4: CSV rehecho a 16 compases maximo y 8 subdivisiones por compas. | V6 confianza=alta. | APP_SAFE: slash chords simplificados a acorde base para evitar fallos de playback."
Si - directa,Meter ya,Nivel 1-2: acompanamiento con acordes abiertos/capo y patron simple.,150,Tuesday's Gone,Lynyrd Skynyrd,EN,Southern rock / balada,2,50,74,4/4,balada 4/4,8,1 & 2 & 3 & 4 &,C,0,EADGBE,A; E; F#m; D,4,D - - U D - D U,D - - U - U D -,D - - U D - D U,D - - - - - - -,D - - U D - D U,D=abajo; U=arriba; -=silencio/no golpe; x=apagado si aparece,D,-,-,U,D,-,D,U,A [D - - U D - D U],E [D - - U D - D U],F#m [D - - U D - D U],D [D - - U D - D U],,,,,,,,,,,,,A A A A A A A A,E E E E E E E E,F#m F#m F#m F#m F#m F#m F#m F#m,D D D D D D D D,,,,,,,,,,,,,D - - U D - D U,D - - U D - D U,D - - U D - D U,D - - U D - D U,,,,,,,,,,,,,A | E | F#m | D,acompanamiento_v6_musical_simplificado,"cambios reales de acordes, groove y estructura corta reconocible",V6: max 16 compases; subdivision max 8; no se rellenan compases vacios; 12/8 se trata como shuffle en 4/4 por limite tecnico,no,0,,https://www.guitarlobby.com/easy-acoustic-guitar-songs-for-beginners/,"BPM, tonalidad y compases son sugerencias de practica adaptadas al limite de 12 compases y 4 subdivisiones; no es transcripcion exacta. V2 medio compas: '/' indica cambio al tiempo 3. La progresion_1acorde_compas queda como version ultra facil. V3 ritmica: 12 compases = 1-4 verso, 5-8 estribillo, 9-10 puente, 11 vuelta al estribillo, 12 final/corte. V4: CSV rehecho a 16 compases maximo y 8 subdivisiones por compas. | V6 confianza=alta. | APP_SAFE: slash chords simplificados a acorde base para evitar fallos de playback."
Si - directa,Meter ya,Nivel 1-2: acompanamiento con acordes abiertos/capo y patron simple.,151,Free Bird (simplified),Lynyrd Skynyrd,EN,Southern rock,2,54,78,4/4,balada 4/4,8,1 & 2 & 3 & 4 &,G,0,EADGBE,G; D; Em; F; C; D,8,D - - U D - D U,D - - U - U D -,D - - U D - D U,D - - - - - - -,D - - U D - D U,D=abajo; U=arriba; -=silencio/no golpe; x=apagado si aparece,D,-,-,U,D,-,D,U,G [D - - U D - D U],D [D - - U D - D U],Em [D - - U D - D U],F [D - - U D - D U],C [D - - U - U D -],D [D - - U - U D -],G [D - - U - U D -],G [D - - - - - - -],,,,,,,,,G G G G G G G G,D D D D D D D D,Em Em Em Em Em Em Em Em,F F F F F F F F,C C C C C C C C,D D D D D D D D,G G G G G G G G,G G G G G G G G,,,,,,,,,D - - U D - D U,D - - U D - D U,D - - U D - D U,D - - U D - D U,D - - U - U D -,D - - U - U D -,D - - U - U D -,D - - - - - - -,,,,,,,,,G | D | Em | F | C | D | G | G,acompanamiento_v6_musical_simplificado,"cambios reales de acordes, groove y estructura corta reconocible",V6: max 16 compases; subdivision max 8; no se rellenan compases vacios; 12/8 se trata como shuffle en 4/4 por limite tecnico,no,0,,https://acousticworld.net/100-easy-acoustic-guitar-songs-with-chords-tabs-lessons/,"BPM, tonalidad y compases son sugerencias de practica adaptadas al limite de 12 compases y 4 subdivisiones; no es transcripcion exacta. V2 medio compas: '/' indica cambio al tiempo 3. La progresion_1acorde_compas queda como version ultra facil. V3 ritmica: 12 compases = 1-4 verso, 5-8 estribillo, 9-10 puente, 11 vuelta al estribillo, 12 final/corte. V4: CSV rehecho a 16 compases maximo y 8 subdivisiones por compas. | V6 confianza=alta. | APP_SAFE: slash chords simplificados a acorde base para evitar fallos de playback."
Si - directa,Meter ya,Nivel 1-2: acompanamiento con acordes abiertos/capo y patron simple.,152,Gimme Three Steps,Lynyrd Skynyrd,EN,Southern rock,1,50,82,4/4,country/folk,8,1 & 2 & 3 & 4 &,G,0,EADGBE,D; G; A,4,D - D - D U D U,D - D U D - D U,D - D - D U D U,D - - - - - - -,D - D - D U D U,D=abajo; U=arriba; -=silencio/no golpe; x=apagado si aparece,D,-,D,-,D,U,D,U,D [D - D - D U D U],G [D - D - D U D U],A [D - D - D U D U],D [D - D - D U D U],,,,,,,,,,,,,D D D D D D D D,G G G G G G G G,A A A A A A A A,D D D D D D D D,,,,,,,,,,,,,D - D - D U D U,D - D - D U D U,D - D - D U D U,D - D - D U D U,,,,,,,,,,,,,D | G | A | D,acompanamiento_v6_musical_simplificado,"cambios reales de acordes, groove y estructura corta reconocible",V6: max 16 compases; subdivision max 8; no se rellenan compases vacios; 12/8 se trata como shuffle en 4/4 por limite tecnico,no,0,,https://musictonic.com/easy-guitar-songs-for-beginners/,"BPM, tonalidad y compases son sugerencias de practica adaptadas al limite de 12 compases y 4 subdivisiones; no es transcripcion exacta. V2 medio compas: '/' indica cambio al tiempo 3. La progresion_1acorde_compas queda como version ultra facil. V3 ritmica: 12 compases = 1-4 verso, 5-8 estribillo, 9-10 puente, 11 vuelta al estribillo, 12 final/corte. V4: CSV rehecho a 16 compases maximo y 8 subdivisiones por compas. | V6 confianza=alta. | APP_SAFE: slash chords simplificados a acorde base para evitar fallos de playback."
Si - directa,Meter ya,Nivel 1-2: acompanamiento con acordes abiertos/capo y patron simple.,153,Mary Jane's Last Dance,Tom Petty and the Heartbreakers,EN,Heartland rock,2,60,86,4/4,rock binario,8,1 & 2 & 3 & 4 &,Em,0,EADGBE,Am; G; D,4,D D - U D U - U,D D D D D D D D,D D - U D U - U,D - - - - - - -,D D - U D U - U,D=abajo; U=arriba; -=silencio/no golpe; x=apagado si aparece,D,D,-,U,D,U,-,U,Am [D D - U D U - U],G [D D - U D U - U],D [D D - U D U - U],Am [D D - U D U - U],,,,,,,,,,,,,Am Am Am Am Am Am Am Am,G G G G G G G G,D D D D D D D D,Am Am Am Am Am Am Am Am,,,,,,,,,,,,,D D - U D U - U,D D - U D U - U,D D - U D U - U,D D - U D U - U,,,,,,,,,,,,,Am | G | D | Am,acompanamiento_v6_musical_simplificado,"cambios reales de acordes, groove y estructura corta reconocible",V6: max 16 compases; subdivision max 8; no se rellenan compases vacios; 12/8 se trata como shuffle en 4/4 por limite tecnico,no,0,,https://www.laurenbateman.com/beginner-guitar-songs/,"BPM, tonalidad y compases son sugerencias de practica adaptadas al limite de 12 compases y 4 subdivisiones; no es transcripcion exacta. V2 medio compas: '/' indica cambio al tiempo 3. La progresion_1acorde_compas queda como version ultra facil. V3 ritmica: 12 compases = 1-4 verso, 5-8 estribillo, 9-10 puente, 11 vuelta al estribillo, 12 final/corte. V4: CSV rehecho a 16 compases maximo y 8 subdivisiones por compas. | V6 confianza=alta. | APP_SAFE: slash chords simplificados a acorde base para evitar fallos de playback."
Si - directa,Meter ya,Nivel 1-2: acompanamiento con acordes abiertos/capo y patron simple.,154,Learning to Fly,Tom Petty and the Heartbreakers,EN,Heartland rock,2,58,82,4/4,country/folk,8,1 & 2 & 3 & 4 &,G,0,EADGBE,F; C; Am; G,4,D - D - D U D U,D - D U D - D U,D - D - D U D U,D - - - - - - -,D - D - D U D U,D=abajo; U=arriba; -=silencio/no golpe; x=apagado si aparece,D,-,D,-,D,U,D,U,F [D - D - D U D U],C [D - D - D U D U],Am [D - D - D U D U],G [D - D - D U D U],,,,,,,,,,,,,F F F F F F F F,C C C C C C C C,Am Am Am Am Am Am Am Am,G G G G G G G G,,,,,,,,,,,,,D - D - D U D U,D - D - D U D U,D - D - D U D U,D - D - D U D U,,,,,,,,,,,,,F | C | Am | G,acompanamiento_v6_musical_simplificado,"cambios reales de acordes, groove y estructura corta reconocible",V6: max 16 compases; subdivision max 8; no se rellenan compases vacios; 12/8 se trata como shuffle en 4/4 por limite tecnico,no,0,,https://guitarmammoth.com/easy-guitar-songs/,"BPM, tonalidad y compases son sugerencias de practica adaptadas al limite de 12 compases y 4 subdivisiones; no es transcripcion exacta. V2 medio compas: '/' indica cambio al tiempo 3. La progresion_1acorde_compas queda como version ultra facil. V3 ritmica: 12 compases = 1-4 verso, 5-8 estribillo, 9-10 puente, 11 vuelta al estribillo, 12 final/corte. V4: CSV rehecho a 16 compases maximo y 8 subdivisiones por compas. | V6 confianza=alta. | APP_SAFE: slash chords simplificados a acorde base para evitar fallos de playback."
Si - directa,Meter ya,Nivel 1-2: acompanamiento con acordes abiertos/capo y patron simple.,155,Wildflowers,Tom Petty,EN,Folk rock,1,48,76,4/4,folk/acustico,8,1 & 2 & 3 & 4 &,G,0,EADGBE,F; C; G,4,D - D U D - D U,D - D - D U D U,D - D U D - D U,D - - - - - - -,D - D U D - D U,D=abajo; U=arriba; -=silencio/no golpe; x=apagado si aparece,D,-,D,U,D,-,D,U,F [D - D U D - D U],C [D - D U D - D U],G [D - D U D - D U],C [D - D U D - D U],,,,,,,,,,,,,F F F F F F F F,C C C C C C C C,G G G G G G G G,C C C C C C C C,,,,,,,,,,,,,D - D U D - D U,D - D U D - D U,D - D U D - D U,D - D U D - D U,,,,,,,,,,,,,F | C | G | C,acompanamiento_v6_musical_simplificado,"cambios reales de acordes, groove y estructura corta reconocible",V6: max 16 compases; subdivision max 8; no se rellenan compases vacios; 12/8 se trata como shuffle en 4/4 por limite tecnico,no,0,,https://www.guitarlobby.com/easy-acoustic-guitar-songs-for-beginners/,"BPM, tonalidad y compases son sugerencias de practica adaptadas al limite de 12 compases y 4 subdivisiones; no es transcripcion exacta. V2 medio compas: '/' indica cambio al tiempo 3. La progresion_1acorde_compas queda como version ultra facil. V3 ritmica: 12 compases = 1-4 verso, 5-8 estribillo, 9-10 puente, 11 vuelta al estribillo, 12 final/corte. V4: CSV rehecho a 16 compases maximo y 8 subdivisiones por compas. | V6 confianza=alta. | APP_SAFE: slash chords simplificados a acorde base para evitar fallos de playback."
Si - directa,Meter ya,Nivel 1-2: acompanamiento con acordes abiertos/capo y patron simple.,156,American Girl,Tom Petty and the Heartbreakers,EN,Heartland rock,2,60,94,4/4,rock binario,8,1 & 2 & 3 & 4 &,A,0,EADGBE,D; E; G; A,4,D D - U D U - U,D D D D D D D D,D D - U D U - U,D - - - - - - -,D D - U D U - U,D=abajo; U=arriba; -=silencio/no golpe; x=apagado si aparece,D,D,-,U,D,U,-,U,D [D D - U D U - U],E [D D - U D U - U],G [D D - U D U - U],A [D D - U D U - U],,,,,,,,,,,,,D D D D D D D D,E E E E E E E E,G G G G G G G G,A A A A A A A A,,,,,,,,,,,,,D D - U D U - U,D D - U D U - U,D D - U D U - U,D D - U D U - U,,,,,,,,,,,,,D | E | G | A,acompanamiento_v6_musical_simplificado,"cambios reales de acordes, groove y estructura corta reconocible",V6: max 16 compases; subdivision max 8; no se rellenan compases vacios; 12/8 se trata como shuffle en 4/4 por limite tecnico,no,0,,https://acousticworld.net/100-easy-acoustic-guitar-songs-with-chords-tabs-lessons/,"BPM, tonalidad y compases son sugerencias de practica adaptadas al limite de 12 compases y 4 subdivisiones; no es transcripcion exacta. V2 medio compas: '/' indica cambio al tiempo 3. La progresion_1acorde_compas queda como version ultra facil. V3 ritmica: 12 compases = 1-4 verso, 5-8 estribillo, 9-10 puente, 11 vuelta al estribillo, 12 final/corte. V4: CSV rehecho a 16 compases maximo y 8 subdivisiones por compas. | V6 confianza=alta. | APP_SAFE: slash chords simplificados a acorde base para evitar fallos de playback."
Si - directa,Meter ya,Nivel 1-2: acompanamiento con acordes abiertos/capo y patron simple.,157,Into the Great Wide Open,Tom Petty and the Heartbreakers,EN,Heartland rock,2,58,80,4/4,country/folk,8,1 & 2 & 3 & 4 &,G,0,EADGBE,Em; G; A,4,D - D - D U D U,D - D U D - D U,D - D - D U D U,D - - - - - - -,D - D - D U D U,D=abajo; U=arriba; -=silencio/no golpe; x=apagado si aparece,D,-,D,-,D,U,D,U,Em [D - D - D U D U],G [D - D - D U D U],A [D - D - D U D U],Em [D - D - D U D U],,,,,,,,,,,,,Em Em Em Em Em Em Em Em,G G G G G G G G,A A A A A A A A,Em Em Em Em Em Em Em Em,,,,,,,,,,,,,D - D - D U D U,D - D - D U D U,D - D - D U D U,D - D - D U D U,,,,,,,,,,,,,Em | G | A | Em,acompanamiento_v6_musical_simplificado,"cambios reales de acordes, groove y estructura corta reconocible",V6: max 16 compases; subdivision max 8; no se rellenan compases vacios; 12/8 se trata como shuffle en 4/4 por limite tecnico,no,0,,https://musictonic.com/easy-guitar-songs-for-beginners/,"BPM, tonalidad y compases son sugerencias de practica adaptadas al limite de 12 compases y 4 subdivisiones; no es transcripcion exacta. V2 medio compas: '/' indica cambio al tiempo 3. La progresion_1acorde_compas queda como version ultra facil. V3 ritmica: 12 compases = 1-4 verso, 5-8 estribillo, 9-10 puente, 11 vuelta al estribillo, 12 final/corte. V4: CSV rehecho a 16 compases maximo y 8 subdivisiones por compas. | V6 confianza=alta. | APP_SAFE: slash chords simplificados a acorde base para evitar fallos de playback."
Si - directa,Meter ya,Nivel 1-2: acompanamiento con acordes abiertos/capo y patron simple.,158,Heart of Gold,Neil Young,EN,Folk rock,1,48,74,4/4,folk/acustico,8,1 & 2 & 3 & 4 &,G,0,EADGBE,Em; C; D; G,8,D - D U D - D U,D - D - D U D U,D - D U D - D U,D - - - - - - -,D - D U D - D U,D=abajo; U=arriba; -=silencio/no golpe; x=apagado si aparece,D,-,D,U,D,-,D,U,Em [D - D U D - D U],C [D - D U D - D U],D [D - D U D - D U],G [D - D U D - D U],Em [D - D - D U D U],C [D - D - D U D U],D [D - D - D U D U],G [D - - - - - - -],,,,,,,,,Em Em Em Em Em Em Em Em,C C C C C C C C,D D D D D D D D,G G G G G G G G,Em Em Em Em Em Em Em Em,C C C C C C C C,D D D D D D D D,G G G G G G G G,,,,,,,,,D - D U D - D U,D - D U D - D U,D - D U D - D U,D - D U D - D U,D - D - D U D U,D - D - D U D U,D - D - D U D U,D - - - - - - -,,,,,,,,,Em | C | D | G | Em | C | D | G,acompanamiento_v6_musical_simplificado,"cambios reales de acordes, groove y estructura corta reconocible",V6: max 16 compases; subdivision max 8; no se rellenan compases vacios; 12/8 se trata como shuffle en 4/4 por limite tecnico,no,0,,https://www.laurenbateman.com/beginner-guitar-songs/,"BPM, tonalidad y compases son sugerencias de practica adaptadas al limite de 12 compases y 4 subdivisiones; no es transcripcion exacta. V2 medio compas: '/' indica cambio al tiempo 3. La progresion_1acorde_compas queda como version ultra facil. V3 ritmica: 12 compases = 1-4 verso, 5-8 estribillo, 9-10 puente, 11 vuelta al estribillo, 12 final/corte. V4: CSV rehecho a 16 compases maximo y 8 subdivisiones por compas. | V6 confianza=alta. | APP_SAFE: slash chords simplificados a acorde base para evitar fallos de playback."
Si - directa,Meter ya,Nivel 1-2: acompanamiento con acordes abiertos/capo y patron simple.,159,Rockin' in the Free World,Neil Young,EN,Rock,2,60,90,4/4,rock binario,8,1 & 2 & 3 & 4 &,Em,0,EADGBE,Em; D; C,4,D D - U D U - U,D D D D D D D D,D D - U D U - U,D - - - - - - -,D D - U D U - U,D=abajo; U=arriba; -=silencio/no golpe; x=apagado si aparece,D,D,-,U,D,U,-,U,Em [D D - U D U - U],D [D D - U D U - U],C [D D - U D U - U],D [D D - U D U - U],,,,,,,,,,,,,Em Em Em Em Em Em Em Em,D D D D D D D D,C C C C C C C C,D D D D D D D D,,,,,,,,,,,,,D D - U D U - U,D D - U D U - U,D D - U D U - U,D D - U D U - U,,,,,,,,,,,,,Em | D | C | D,acompanamiento_v6_musical_simplificado,"cambios reales de acordes, groove y estructura corta reconocible",V6: max 16 compases; subdivision max 8; no se rellenan compases vacios; 12/8 se trata como shuffle en 4/4 por limite tecnico,no,0,,https://guitarmammoth.com/easy-guitar-songs/,"BPM, tonalidad y compases son sugerencias de practica adaptadas al limite de 12 compases y 4 subdivisiones; no es transcripcion exacta. V2 medio compas: '/' indica cambio al tiempo 3. La progresion_1acorde_compas queda como version ultra facil. V3 ritmica: 12 compases = 1-4 verso, 5-8 estribillo, 9-10 puente, 11 vuelta al estribillo, 12 final/corte. V4: CSV rehecho a 16 compases maximo y 8 subdivisiones por compas. | V6 confianza=alta. | APP_SAFE: slash chords simplificados a acorde base para evitar fallos de playback."
Si - directa,Meter ya,Nivel 1-2: acompanamiento con acordes abiertos/capo y patron simple.,160,"Hey Hey, My My",Neil Young,EN,Folk rock,2,62,92,4/4,rock binario,8,1 & 2 & 3 & 4 &,Em,0,EADGBE,Em; D; C,4,D D - U D U - U,D D D D D D D D,D D - U D U - U,D - - - - - - -,D D - U D U - U,D=abajo; U=arriba; -=silencio/no golpe; x=apagado si aparece,D,D,-,U,D,U,-,U,Em [D D - U D U - U],D [D D - U D U - U],C [D D - U D U - U],D [D D - U D U - U],,,,,,,,,,,,,Em Em Em Em Em Em Em Em,D D D D D D D D,C C C C C C C C,D D D D D D D D,,,,,,,,,,,,,D D - U D U - U,D D - U D U - U,D D - U D U - U,D D - U D U - U,,,,,,,,,,,,,Em | D | C | D,acompanamiento_v6_musical_simplificado,"cambios reales de acordes, groove y estructura corta reconocible",V6: max 16 compases; subdivision max 8; no se rellenan compases vacios; 12/8 se trata como shuffle en 4/4 por limite tecnico,no,0,,https://www.guitarlobby.com/easy-acoustic-guitar-songs-for-beginners/,"BPM, tonalidad y compases son sugerencias de practica adaptadas al limite de 12 compases y 4 subdivisiones; no es transcripcion exacta. V2 medio compas: '/' indica cambio al tiempo 3. La progresion_1acorde_compas queda como version ultra facil. V3 ritmica: 12 compases = 1-4 verso, 5-8 estribillo, 9-10 puente, 11 vuelta al estribillo, 12 final/corte. V4: CSV rehecho a 16 compases maximo y 8 subdivisiones por compas. | V6 confianza=alta. | APP_SAFE: slash chords simplificados a acorde base para evitar fallos de playback."
Si - directa,Meter ya,Nivel 1-2: acompanamiento con acordes abiertos/capo y patron simple.,161,Ohio,"Crosby, Stills, Nash & Young",EN,Folk rock,2,62,90,4/4,rock binario,8,1 & 2 & 3 & 4 &,Em,0,EADGBE,Dm; F; C,4,D D - U D U - U,D D D D D D D D,D D - U D U - U,D - - - - - - -,D D - U D U - U,D=abajo; U=arriba; -=silencio/no golpe; x=apagado si aparece,D,D,-,U,D,U,-,U,Dm [D D - U D U - U],F [D D - U D U - U],C [D D - U D U - U],Dm [D D - U D U - U],,,,,,,,,,,,,Dm Dm Dm Dm Dm Dm Dm Dm,F F F F F F F F,C C C C C C C C,Dm Dm Dm Dm Dm Dm Dm Dm,,,,,,,,,,,,,D D - U D U - U,D D - U D U - U,D D - U D U - U,D D - U D U - U,,,,,,,,,,,,,Dm | F | C | Dm,acompanamiento_v6_musical_simplificado,"cambios reales de acordes, groove y estructura corta reconocible",V6: max 16 compases; subdivision max 8; no se rellenan compases vacios; 12/8 se trata como shuffle en 4/4 por limite tecnico,no,0,,https://www.laurenbateman.com/beginner-guitar-songs/,"BPM, tonalidad y compases son sugerencias de practica adaptadas al limite de 12 compases y 4 subdivisiones; no es transcripcion exacta. V2 medio compas: '/' indica cambio al tiempo 3. La progresion_1acorde_compas queda como version ultra facil. V3 ritmica: 12 compases = 1-4 verso, 5-8 estribillo, 9-10 puente, 11 vuelta al estribillo, 12 final/corte. V4: CSV rehecho a 16 compases maximo y 8 subdivisiones por compas. | V6 confianza=alta. | APP_SAFE: slash chords simplificados a acorde base para evitar fallos de playback."
Si - directa,Meter ya,Nivel 1-2: acompanamiento con acordes abiertos/capo y patron simple.,162,Dreams,Fleetwood Mac,EN,Pop rock,2,54,86,4/4,pop/rock binario,8,1 & 2 & 3 & 4 &,G,0,EADGBE,F; G,4,D - - U - U D -,D - D U - U D U,D - - U D - D U,D - - - - - - -,D - - U - U D -,D=abajo; U=arriba; -=silencio/no golpe; x=apagado si aparece,D,-,-,U,-,U,D,-,F [D - - U - U D -],G [D - - U - U D -],F [D - - U - U D -],G [D - - U - U D -],,,,,,,,,,,,,F F F F F F F F,G G G G G G G G,F F F F F F F F,G G G G G G G G,,,,,,,,,,,,,D - - U - U D -,D - - U - U D -,D - - U - U D -,D - - U - U D -,,,,,,,,,,,,,F | G | F | G,acompanamiento_v6_musical_simplificado,"cambios reales de acordes, groove y estructura corta reconocible",V6: max 16 compases; subdivision max 8; no se rellenan compases vacios; 12/8 se trata como shuffle en 4/4 por limite tecnico,no,0,,https://guitarmammoth.com/easy-guitar-songs/,"BPM, tonalidad y compases son sugerencias de practica adaptadas al limite de 12 compases y 4 subdivisiones; no es transcripcion exacta. V2 medio compas: '/' indica cambio al tiempo 3. La progresion_1acorde_compas queda como version ultra facil. V3 ritmica: 12 compases = 1-4 verso, 5-8 estribillo, 9-10 puente, 11 vuelta al estribillo, 12 final/corte. V4: CSV rehecho a 16 compases maximo y 8 subdivisiones por compas. | V6 confianza=alta. | APP_SAFE: slash chords simplificados a acorde base para evitar fallos de playback."
Si - simplificada,Version facil,"Nivel 3, pero funciona como acompanamiento si se evita transcripcion exacta.",163,Landslide,Fleetwood Mac,EN,Folk rock,3,48,68,4/4,folk/acustico,8,1 & 2 & 3 & 4 &,G,0,EADGBE,C; G; Am7,4,D - D U D - D U,D - D - D U D U,D - D U D - D U,D - - - - - - -,D - D U D - D U,D=abajo; U=arriba; -=silencio/no golpe; x=apagado si aparece,D,-,D,U,D,-,D,U,C [D - D U D - D U],G [D - D U D - D U],Am7 [D - D U D - D U],G [D - D U D - D U],,,,,,,,,,,,,C C C C C C C C,G G G G G G G G,Am7 Am7 Am7 Am7 Am7 Am7 Am7 Am7,G G G G G G G G,,,,,,,,,,,,,D - D U D - D U,D - D U D - D U,D - D U D - D U,D - D U D - D U,,,,,,,,,,,,,C | G | Am7 | G,acompanamiento_v6_musical_simplificado,"cambios reales de acordes, groove y estructura corta reconocible",V6: max 16 compases; subdivision max 8; no se rellenan compases vacios; 12/8 se trata como shuffle en 4/4 por limite tecnico,no,0,,https://www.guitarlobby.com/easy-acoustic-guitar-songs-for-beginners/,"BPM, tonalidad y compases son sugerencias de practica adaptadas al limite de 12 compases y 4 subdivisiones; no es transcripcion exacta. V2 medio compas: '/' indica cambio al tiempo 3. La progresion_1acorde_compas queda como version ultra facil. V3 ritmica: 12 compases = 1-4 verso, 5-8 estribillo, 9-10 puente, 11 vuelta al estribillo, 12 final/corte. V4: CSV rehecho a 16 compases maximo y 8 subdivisiones por compas. | V6 confianza=alta. | APP_SAFE: slash chords simplificados a acorde base para evitar fallos de playback."
Si - directa,Meter ya,Nivel 1-2: acompanamiento con acordes abiertos/capo y patron simple.,164,Go Your Own Way,Fleetwood Mac,EN,Pop rock,2,62,90,4/4,rock binario,8,1 & 2 & 3 & 4 &,A,0,EADGBE,F; C; Bb,4,D D - U D U - U,D D D D D D D D,D D - U D U - U,D - - - - - - -,D D - U D U - U,D=abajo; U=arriba; -=silencio/no golpe; x=apagado si aparece,D,D,-,U,D,U,-,U,F [D D - U D U - U],C [D D - U D U - U],Bb [D D - U D U - U],F [D D - U D U - U],,,,,,,,,,,,,F F F F F F F F,C C C C C C C C,Bb Bb Bb Bb Bb Bb Bb Bb,F F F F F F F F,,,,,,,,,,,,,D D - U D U - U,D D - U D U - U,D D - U D U - U,D D - U D U - U,,,,,,,,,,,,,F | C | Bb | F,acompanamiento_v6_musical_simplificado,"cambios reales de acordes, groove y estructura corta reconocible",V6: max 16 compases; subdivision max 8; no se rellenan compases vacios; 12/8 se trata como shuffle en 4/4 por limite tecnico,no,0,,https://acousticworld.net/100-easy-acoustic-guitar-songs-with-chords-tabs-lessons/,"BPM, tonalidad y compases son sugerencias de practica adaptadas al limite de 12 compases y 4 subdivisiones; no es transcripcion exacta. V2 medio compas: '/' indica cambio al tiempo 3. La progresion_1acorde_compas queda como version ultra facil. V3 ritmica: 12 compases = 1-4 verso, 5-8 estribillo, 9-10 puente, 11 vuelta al estribillo, 12 final/corte. V4: CSV rehecho a 16 compases maximo y 8 subdivisiones por compas. | V6 confianza=alta. | APP_SAFE: slash chords simplificados a acorde base para evitar fallos de playback."
Si - directa,Meter ya,Nivel 1-2: acompanamiento con acordes abiertos/capo y patron simple.,165,Rhiannon,Fleetwood Mac,EN,Pop rock,2,58,90,4/4,rock binario,8,1 & 2 & 3 & 4 &,Em,0,EADGBE,Am; F,4,D D - U D U - U,D D D D D D D D,D D - U D U - U,D - - - - - - -,D D - U D U - U,D=abajo; U=arriba; -=silencio/no golpe; x=apagado si aparece,D,D,-,U,D,U,-,U,Am [D D - U D U - U],F [D D - U D U - U],Am [D D - U D U - U],F [D D - U D U - U],,,,,,,,,,,,,Am Am Am Am Am Am Am Am,F F F F F F F F,Am Am Am Am Am Am Am Am,F F F F F F F F,,,,,,,,,,,,,D D - U D U - U,D D - U D U - U,D D - U D U - U,D D - U D U - U,,,,,,,,,,,,,Am | F | Am | F,acompanamiento_v6_musical_simplificado,"cambios reales de acordes, groove y estructura corta reconocible",V6: max 16 compases; subdivision max 8; no se rellenan compases vacios; 12/8 se trata como shuffle en 4/4 por limite tecnico,no,0,,https://musictonic.com/easy-guitar-songs-for-beginners/,"BPM, tonalidad y compases son sugerencias de practica adaptadas al limite de 12 compases y 4 subdivisiones; no es transcripcion exacta. V2 medio compas: '/' indica cambio al tiempo 3. La progresion_1acorde_compas queda como version ultra facil. V3 ritmica: 12 compases = 1-4 verso, 5-8 estribillo, 9-10 puente, 11 vuelta al estribillo, 12 final/corte. V4: CSV rehecho a 16 compases maximo y 8 subdivisiones por compas. | V6 confianza=alta. | APP_SAFE: slash chords simplificados a acorde base para evitar fallos de playback."
Si - directa,Meter ya,Nivel 1-2: acompanamiento con acordes abiertos/capo y patron simple.,166,The Chain,Fleetwood Mac,EN,Rock,2,60,92,4/4,rock binario,8,1 & 2 & 3 & 4 &,Em,0,EADGBE,Em; C; D,4,D D - U D U - U,D D D D D D D D,D D - U D U - U,D - - - - - - -,D D - U D U - U,D=abajo; U=arriba; -=silencio/no golpe; x=apagado si aparece,D,D,-,U,D,U,-,U,Em [D D - U D U - U],C [D D - U D U - U],D [D D - U D U - U],Em [D D - U D U - U],,,,,,,,,,,,,Em Em Em Em Em Em Em Em,C C C C C C C C,D D D D D D D D,Em Em Em Em Em Em Em Em,,,,,,,,,,,,,D D - U D U - U,D D - U D U - U,D D - U D U - U,D D - U D U - U,,,,,,,,,,,,,Em | C | D | Em,acompanamiento_v6_musical_simplificado,"cambios reales de acordes, groove y estructura corta reconocible",V6: max 16 compases; subdivision max 8; no se rellenan compases vacios; 12/8 se trata como shuffle en 4/4 por limite tecnico,no,0,,https://www.laurenbateman.com/beginner-guitar-songs/,"BPM, tonalidad y compases son sugerencias de practica adaptadas al limite de 12 compases y 4 subdivisiones; no es transcripcion exacta. V2 medio compas: '/' indica cambio al tiempo 3. La progresion_1acorde_compas queda como version ultra facil. V3 ritmica: 12 compases = 1-4 verso, 5-8 estribillo, 9-10 puente, 11 vuelta al estribillo, 12 final/corte. V4: CSV rehecho a 16 compases maximo y 8 subdivisiones por compas. | V6 confianza=alta. | APP_SAFE: slash chords simplificados a acorde base para evitar fallos de playback."
Si - directa,Meter ya,Nivel 1-2: acompanamiento con acordes abiertos/capo y patron simple.,167,Don't Stop,Fleetwood Mac,EN,Pop rock,2,58,80,4/4,pop/rock binario,8,1 & 2 & 3 & 4 &,G,0,EADGBE,E; A; B,4,D - D U - U D U,D D - U D U - U,D - D - D U D U,D - - - - - - -,D - D U - U D U,D=abajo; U=arriba; -=silencio/no golpe; x=apagado si aparece,D,-,D,U,-,U,D,U,E [D - D U - U D U],A [D - D U - U D U],B [D - D U - U D U],A [D - D U - U D U],,,,,,,,,,,,,E E E E E E E E,A A A A A A A A,B B B B B B B B,A A A A A A A A,,,,,,,,,,,,,D - D U - U D U,D - D U - U D U,D - D U - U D U,D - D U - U D U,,,,,,,,,,,,,E | A | B | A,acompanamiento_v6_musical_simplificado,"cambios reales de acordes, groove y estructura corta reconocible",V6: max 16 compases; subdivision max 8; no se rellenan compases vacios; 12/8 se trata como shuffle en 4/4 por limite tecnico,no,0,,https://guitarmammoth.com/easy-guitar-songs/,"BPM, tonalidad y compases son sugerencias de practica adaptadas al limite de 12 compases y 4 subdivisiones; no es transcripcion exacta. V2 medio compas: '/' indica cambio al tiempo 3. La progresion_1acorde_compas queda como version ultra facil. V3 ritmica: 12 compases = 1-4 verso, 5-8 estribillo, 9-10 puente, 11 vuelta al estribillo, 12 final/corte. V4: CSV rehecho a 16 compases maximo y 8 subdivisiones por compas. | V6 confianza=alta. | APP_SAFE: slash chords simplificados a acorde base para evitar fallos de playback."
Si - simplificada,F reducido,Muy reconocible; usar Fmaj7/mini-F y priorizar continuidad del pulso.,168,Hotel California,Eagles,EN,Rock acústico,3,46,70,4/4,rock binario,8,1 & 2 & 3 & 4 &,C,0,EADGBE,Bm; F#; A; E; G; D; Em,8,D D - U D U - U,D D D D D D D D,D D - U D U - U,D - - - - - - -,D D - U D U - U,D=abajo; U=arriba; -=silencio/no golpe; x=apagado si aparece,D,D,-,U,D,U,-,U,Bm [D D - U D U - U],F# [D D - U D U - U],A [D D - U D U - U],E [D D - U D U - U],G [D D D D D D D D],D [D D D D D D D D],Em [D D D D D D D D],F# [D - - - - - - -],,,,,,,,,Bm Bm Bm Bm Bm Bm Bm Bm,F# F# F# F# F# F# F# F#,A A A A A A A A,E E E E E E E E,G G G G G G G G,D D D D D D D D,Em Em Em Em Em Em Em Em,F# F# F# F# F# F# F# F#,,,,,,,,,D D - U D U - U,D D - U D U - U,D D - U D U - U,D D - U D U - U,D D D D D D D D,D D D D D D D D,D D D D D D D D,D - - - - - - -,,,,,,,,,Bm | F# | A | E | G | D | Em | F#,acompanamiento_v6_musical_simplificado,"cambios reales de acordes, groove y estructura corta reconocible",V6: max 16 compases; subdivision max 8; no se rellenan compases vacios; 12/8 se trata como shuffle en 4/4 por limite tecnico,no,0,,https://www.guitarlobby.com/easy-acoustic-guitar-songs-for-beginners/,"BPM, tonalidad y compases son sugerencias de practica adaptadas al limite de 12 compases y 4 subdivisiones; no es transcripcion exacta. V2 medio compas: '/' indica cambio al tiempo 3. La progresion_1acorde_compas queda como version ultra facil. V3 ritmica: 12 compases = 1-4 verso, 5-8 estribillo, 9-10 puente, 11 vuelta al estribillo, 12 final/corte. V4: CSV rehecho a 16 compases maximo y 8 subdivisiones por compas. | V6 confianza=alta. | APP_SAFE: slash chords simplificados a acorde base para evitar fallos de playback."
Si - directa,Meter ya,Nivel 1-2: acompanamiento con acordes abiertos/capo y patron simple.,169,Take It Easy,Eagles,EN,Country rock,1,52,80,4/4,country/folk,8,1 & 2 & 3 & 4 &,G,0,EADGBE,G; D; C,4,D - D - D U D U,D - D U D - D U,D - D - D U D U,D - - - - - - -,D - D - D U D U,D=abajo; U=arriba; -=silencio/no golpe; x=apagado si aparece,D,-,D,-,D,U,D,U,G [D - D - D U D U],D [D - D - D U D U],C [D - D - D U D U],G [D - D - D U D U],,,,,,,,,,,,,G G G G G G G G,D D D D D D D D,C C C C C C C C,G G G G G G G G,,,,,,,,,,,,,D - D - D U D U,D - D - D U D U,D - D - D U D U,D - D - D U D U,,,,,,,,,,,,,G | D | C | G,acompanamiento_v6_musical_simplificado,"cambios reales de acordes, groove y estructura corta reconocible",V6: max 16 compases; subdivision max 8; no se rellenan compases vacios; 12/8 se trata como shuffle en 4/4 por limite tecnico,no,0,,https://acousticworld.net/100-easy-acoustic-guitar-songs-with-chords-tabs-lessons/,"BPM, tonalidad y compases son sugerencias de practica adaptadas al limite de 12 compases y 4 subdivisiones; no es transcripcion exacta. V2 medio compas: '/' indica cambio al tiempo 3. La progresion_1acorde_compas queda como version ultra facil. V3 ritmica: 12 compases = 1-4 verso, 5-8 estribillo, 9-10 puente, 11 vuelta al estribillo, 12 final/corte. V4: CSV rehecho a 16 compases maximo y 8 subdivisiones por compas. | V6 confianza=alta. | APP_SAFE: slash chords simplificados a acorde base para evitar fallos de playback."
Si - directa,Meter ya,Nivel 1-2: acompanamiento con acordes abiertos/capo y patron simple.,170,Peaceful Easy Feeling,Eagles,EN,Country rock,1,54,82,4/4,country/folk,8,1 & 2 & 3 & 4 &,G,0,EADGBE,E; A; B7,4,D - D - D U D U,D - D U D - D U,D - D - D U D U,D - - - - - - -,D - D - D U D U,D=abajo; U=arriba; -=silencio/no golpe; x=apagado si aparece,D,-,D,-,D,U,D,U,E [D - D - D U D U],A [D - D - D U D U],E [D - D - D U D U],B7 [D - D - D U D U],,,,,,,,,,,,,E E E E E E E E,A A A A A A A A,E E E E E E E E,B7 B7 B7 B7 B7 B7 B7 B7,,,,,,,,,,,,,D - D - D U D U,D - D - D U D U,D - D - D U D U,D - D - D U D U,,,,,,,,,,,,,E | A | E | B7,acompanamiento_v6_musical_simplificado,"cambios reales de acordes, groove y estructura corta reconocible",V6: max 16 compases; subdivision max 8; no se rellenan compases vacios; 12/8 se trata como shuffle en 4/4 por limite tecnico,no,0,,https://musictonic.com/easy-guitar-songs-for-beginners/,"BPM, tonalidad y compases son sugerencias de practica adaptadas al limite de 12 compases y 4 subdivisiones; no es transcripcion exacta. V2 medio compas: '/' indica cambio al tiempo 3. La progresion_1acorde_compas queda como version ultra facil. V3 ritmica: 12 compases = 1-4 verso, 5-8 estribillo, 9-10 puente, 11 vuelta al estribillo, 12 final/corte. V4: CSV rehecho a 16 compases maximo y 8 subdivisiones por compas. | V6 confianza=alta. | APP_SAFE: slash chords simplificados a acorde base para evitar fallos de playback."
Si - directa,Meter ya,Nivel 1-2: acompanamiento con acordes abiertos/capo y patron simple.,171,Lyin' Eyes,Eagles,EN,Country rock,2,50,74,4/4,country/folk,8,1 & 2 & 3 & 4 &,G,0,EADGBE,G; D; C; Em,8,D - D - D U D U,D - D U D - D U,D - D - D U D U,D - - - - - - -,D - D - D U D U,D=abajo; U=arriba; -=silencio/no golpe; x=apagado si aparece,D,-,D,-,D,U,D,U,G [D - D - D U D U],D [D - D - D U D U],C [D - D - D U D U],G [D - D - D U D U],Em [D - D U D - D U],D [D - D U D - D U],C [D - D U D - D U],G [D - - - - - - -],,,,,,,,,G G G G G G G G,D D D D D D D D,C C C C C C C C,G G G G G G G G,Em Em Em Em Em Em Em Em,D D D D D D D D,C C C C C C C C,G G G G G G G G,,,,,,,,,D - D - D U D U,D - D - D U D U,D - D - D U D U,D - D - D U D U,D - D U D - D U,D - D U D - D U,D - D U D - D U,D - - - - - - -,,,,,,,,,G | D | C | G | Em | D | C | G,acompanamiento_v6_musical_simplificado,"cambios reales de acordes, groove y estructura corta reconocible",V6: max 16 compases; subdivision max 8; no se rellenan compases vacios; 12/8 se trata como shuffle en 4/4 por limite tecnico,no,0,,https://www.laurenbateman.com/beginner-guitar-songs/,"BPM, tonalidad y compases son sugerencias de practica adaptadas al limite de 12 compases y 4 subdivisiones; no es transcripcion exacta. V2 medio compas: '/' indica cambio al tiempo 3. La progresion_1acorde_compas queda como version ultra facil. V3 ritmica: 12 compases = 1-4 verso, 5-8 estribillo, 9-10 puente, 11 vuelta al estribillo, 12 final/corte. V4: CSV rehecho a 16 compases maximo y 8 subdivisiones por compas. | V6 confianza=alta. | APP_SAFE: slash chords simplificados a acorde base para evitar fallos de playback."
Si - directa,Meter ya,Nivel 1-2: acompanamiento con acordes abiertos/capo y patron simple.,172,Tequila Sunrise,Eagles,EN,Country rock,1,52,78,4/4,country/folk,8,1 & 2 & 3 & 4 &,G,0,EADGBE,G; Am; D,4,D - D - D U D U,D - D U D - D U,D - D - D U D U,D - - - - - - -,D - D - D U D U,D=abajo; U=arriba; -=silencio/no golpe; x=apagado si aparece,D,-,D,-,D,U,D,U,G [D - D - D U D U],Am [D - D - D U D U],D [D - D - D U D U],G [D - D - D U D U],,,,,,,,,,,,,G G G G G G G G,Am Am Am Am Am Am Am Am,D D D D D D D D,G G G G G G G G,,,,,,,,,,,,,D - D - D U D U,D - D - D U D U,D - D - D U D U,D - D - D U D U,,,,,,,,,,,,,G | Am | D | G,acompanamiento_v6_musical_simplificado,"cambios reales de acordes, groove y estructura corta reconocible",V6: max 16 compases; subdivision max 8; no se rellenan compases vacios; 12/8 se trata como shuffle en 4/4 por limite tecnico,no,0,,https://guitarmammoth.com/easy-guitar-songs/,"BPM, tonalidad y compases son sugerencias de practica adaptadas al limite de 12 compases y 4 subdivisiones; no es transcripcion exacta. V2 medio compas: '/' indica cambio al tiempo 3. La progresion_1acorde_compas queda como version ultra facil. V3 ritmica: 12 compases = 1-4 verso, 5-8 estribillo, 9-10 puente, 11 vuelta al estribillo, 12 final/corte. V4: CSV rehecho a 16 compases maximo y 8 subdivisiones por compas. | V6 confianza=alta. | APP_SAFE: slash chords simplificados a acorde base para evitar fallos de playback."
Si - directa,Meter ya,Nivel 1-2: acompanamiento con acordes abiertos/capo y patron simple.,173,Desperado,Eagles,EN,Rock / balada,2,52,76,4/4,balada 4/4,8,1 & 2 & 3 & 4 &,C,0,EADGBE,G; G7; C; Cm; Em; A7; D7,8,D - - U D - D U,D - - U - U D -,D - - U D - D U,D - - - - - - -,D - - U D - D U,D=abajo; U=arriba; -=silencio/no golpe; x=apagado si aparece,D,-,-,U,D,-,D,U,G [D - - U D - D U],G7 [D - - U D - D U],C [D - - U D - D U],Cm [D - - U D - D U],G [D - - U - U D -],Em [D - - U - U D -],A7 [D - - U - U D -],D7 [D - - - - - - -],,,,,,,,,G G G G G G G G,G7 G7 G7 G7 G7 G7 G7 G7,C C C C C C C C,Cm Cm Cm Cm Cm Cm Cm Cm,G G G G G G G G,Em Em Em Em Em Em Em Em,A7 A7 A7 A7 A7 A7 A7 A7,D7 D7 D7 D7 D7 D7 D7 D7,,,,,,,,,D - - U D - D U,D - - U D - D U,D - - U D - D U,D - - U D - D U,D - - U - U D -,D - - U - U D -,D - - U - U D -,D - - - - - - -,,,,,,,,,G | G7 | C | Cm | G | Em | A7 | D7,acompanamiento_v6_musical_simplificado,"cambios reales de acordes, groove y estructura corta reconocible",V6: max 16 compases; subdivision max 8; no se rellenan compases vacios; 12/8 se trata como shuffle en 4/4 por limite tecnico,no,0,,https://www.guitarlobby.com/easy-acoustic-guitar-songs-for-beginners/,"BPM, tonalidad y compases son sugerencias de practica adaptadas al limite de 12 compases y 4 subdivisiones; no es transcripcion exacta. V2 medio compas: '/' indica cambio al tiempo 3. La progresion_1acorde_compas queda como version ultra facil. V3 ritmica: 12 compases = 1-4 verso, 5-8 estribillo, 9-10 puente, 11 vuelta al estribillo, 12 final/corte. V4: CSV rehecho a 16 compases maximo y 8 subdivisiones por compas. | V6 confianza=alta. | APP_SAFE: slash chords simplificados a acorde base para evitar fallos de playback."
Si - directa,Meter ya,Nivel 1-2: acompanamiento con acordes abiertos/capo y patron simple.,174,You've Got a Friend,Carole King / James Taylor,EN,Folk pop,2,52,74,4/4,balada 4/4,8,1 & 2 & 3 & 4 &,C,0,EADGBE,C; G; Am; F,8,D - - U D - D U,D - - U - U D -,D - - U D - D U,D - - - - - - -,D - - U D - D U,D=abajo; U=arriba; -=silencio/no golpe; x=apagado si aparece,D,-,-,U,D,-,D,U,C [D - - U D - D U],G [D - - U D - D U],Am [D - - U D - D U],F [D - - U D - D U],C [D - - U - U D -],G [D - - U - U D -],F [D - - U - U D -],C [D - - - - - - -],,,,,,,,,C C C C C C C C,G G G G G G G G,Am Am Am Am Am Am Am Am,F F F F F F F F,C C C C C C C C,G G G G G G G G,F F F F F F F F,C C C C C C C C,,,,,,,,,D - - U D - D U,D - - U D - D U,D - - U D - D U,D - - U D - D U,D - - U - U D -,D - - U - U D -,D - - U - U D -,D - - - - - - -,,,,,,,,,C | G | Am | F | C | G | F | C,acompanamiento_v6_musical_simplificado,"cambios reales de acordes, groove y estructura corta reconocible",V6: max 16 compases; subdivision max 8; no se rellenan compases vacios; 12/8 se trata como shuffle en 4/4 por limite tecnico,no,0,,https://www.laurenbateman.com/beginner-guitar-songs/,"BPM, tonalidad y compases son sugerencias de practica adaptadas al limite de 12 compases y 4 subdivisiones; no es transcripcion exacta. V2 medio compas: '/' indica cambio al tiempo 3. La progresion_1acorde_compas queda como version ultra facil. V3 ritmica: 12 compases = 1-4 verso, 5-8 estribillo, 9-10 puente, 11 vuelta al estribillo, 12 final/corte. V4: CSV rehecho a 16 compases maximo y 8 subdivisiones por compas. | V6 confianza=alta. | APP_SAFE: slash chords simplificados a acorde base para evitar fallos de playback."
Si - simplificada,Version facil,"Nivel 3, pero funciona como acompanamiento si se evita transcripcion exacta.",175,Father and Son,Cat Stevens,EN,Folk,3,46,72,4/4,folk/acustico,8,1 & 2 & 3 & 4 &,G,0,EADGBE,G; D; C; Am,8,D - D U D - D U,D - D - D U D U,D - D U D - D U,D - - - - - - -,D - D U D - D U,D=abajo; U=arriba; -=silencio/no golpe; x=apagado si aparece,D,-,D,U,D,-,D,U,G [D - D U D - D U],D [D - D U D - D U],C [D - D U D - D U],Am [D - D U D - D U],G [D - D - D U D U],D [D - D - D U D U],C [D - D - D U D U],G [D - - - - - - -],,,,,,,,,G G G G G G G G,D D D D D D D D,C C C C C C C C,Am Am Am Am Am Am Am Am,G G G G G G G G,D D D D D D D D,C C C C C C C C,G G G G G G G G,,,,,,,,,D - D U D - D U,D - D U D - D U,D - D U D - D U,D - D U D - D U,D - D - D U D U,D - D - D U D U,D - D - D U D U,D - - - - - - -,,,,,,,,,G | D | C | Am | G | D | C | G,acompanamiento_v6_musical_simplificado,"cambios reales de acordes, groove y estructura corta reconocible",V6: max 16 compases; subdivision max 8; no se rellenan compases vacios; 12/8 se trata como shuffle en 4/4 por limite tecnico,no,0,,https://guitarmammoth.com/easy-guitar-songs/,"BPM, tonalidad y compases son sugerencias de practica adaptadas al limite de 12 compases y 4 subdivisiones; no es transcripcion exacta. V2 medio compas: '/' indica cambio al tiempo 3. La progresion_1acorde_compas queda como version ultra facil. V3 ritmica: 12 compases = 1-4 verso, 5-8 estribillo, 9-10 puente, 11 vuelta al estribillo, 12 final/corte. V4: CSV rehecho a 16 compases maximo y 8 subdivisiones por compas. | V6 confianza=alta. | APP_SAFE: slash chords simplificados a acorde base para evitar fallos de playback."
Si - directa,Meter ya,Nivel 1-2: acompanamiento con acordes abiertos/capo y patron simple.,176,Wild World,Cat Stevens,EN,Folk pop,2,52,82,4/4,folk/acustico,8,1 & 2 & 3 & 4 &,C,0,EADGBE,Am; D7; G; C; F; Dm; E,8,D - D U D - D U,D - D - D U D U,D - D U D - D U,D - - - - - - -,D - D U D - D U,D=abajo; U=arriba; -=silencio/no golpe; x=apagado si aparece,D,-,D,U,D,-,D,U,Am [D - D U D - D U],D7 [D - D U D - D U],G [D - D U D - D U],C [D - D U D - D U],F [D - D - D U D U],Dm [D - D - D U D U],E [D - D - D U D U],E [D - - - - - - -],,,,,,,,,Am Am Am Am Am Am Am Am,D7 D7 D7 D7 D7 D7 D7 D7,G G G G G G G G,C C C C C C C C,F F F F F F F F,Dm Dm Dm Dm Dm Dm Dm Dm,E E E E E E E E,E E E E E E E E,,,,,,,,,D - D U D - D U,D - D U D - D U,D - D U D - D U,D - D U D - D U,D - D - D U D U,D - D - D U D U,D - D - D U D U,D - - - - - - -,,,,,,,,,Am | D7 | G | C | F | Dm | E | E,acompanamiento_v6_musical_simplificado,"cambios reales de acordes, groove y estructura corta reconocible",V6: max 16 compases; subdivision max 8; no se rellenan compases vacios; 12/8 se trata como shuffle en 4/4 por limite tecnico,no,0,,https://www.guitarlobby.com/easy-acoustic-guitar-songs-for-beginners/,"BPM, tonalidad y compases son sugerencias de practica adaptadas al limite de 12 compases y 4 subdivisiones; no es transcripcion exacta. V2 medio compas: '/' indica cambio al tiempo 3. La progresion_1acorde_compas queda como version ultra facil. V3 ritmica: 12 compases = 1-4 verso, 5-8 estribillo, 9-10 puente, 11 vuelta al estribillo, 12 final/corte. V4: CSV rehecho a 16 compases maximo y 8 subdivisiones por compas. | V6 confianza=alta. | APP_SAFE: slash chords simplificados a acorde base para evitar fallos de playback."
Si - directa,Meter ya,Nivel 1-2: acompanamiento con acordes abiertos/capo y patron simple.,177,Moonshadow,Cat Stevens,EN,Folk pop,1,52,72,4/4,folk/acustico,8,1 & 2 & 3 & 4 &,G,0,EADGBE,G; C,4,D - D U D - D U,D - D - D U D U,D - D U D - D U,D - - - - - - -,D - D U D - D U,D=abajo; U=arriba; -=silencio/no golpe; x=apagado si aparece,D,-,D,U,D,-,D,U,G [D - D U D - D U],C [D - D U D - D U],G [D - D U D - D U],C [D - D U D - D U],,,,,,,,,,,,,G G G G G G G G,C C C C C C C C,G G G G G G G G,C C C C C C C C,,,,,,,,,,,,,D - D U D - D U,D - D U D - D U,D - D U D - D U,D - D U D - D U,,,,,,,,,,,,,G | C | G | C,acompanamiento_v6_musical_simplificado,"cambios reales de acordes, groove y estructura corta reconocible",V6: max 16 compases; subdivision max 8; no se rellenan compases vacios; 12/8 se trata como shuffle en 4/4 por limite tecnico,no,0,,https://acousticworld.net/100-easy-acoustic-guitar-songs-with-chords-tabs-lessons/,"BPM, tonalidad y compases son sugerencias de practica adaptadas al limite de 12 compases y 4 subdivisiones; no es transcripcion exacta. V2 medio compas: '/' indica cambio al tiempo 3. La progresion_1acorde_compas queda como version ultra facil. V3 ritmica: 12 compases = 1-4 verso, 5-8 estribillo, 9-10 puente, 11 vuelta al estribillo, 12 final/corte. V4: CSV rehecho a 16 compases maximo y 8 subdivisiones por compas. | V6 confianza=alta. | APP_SAFE: slash chords simplificados a acorde base para evitar fallos de playback."
Si - directa,Meter ya,Nivel 1-2: acompanamiento con acordes abiertos/capo y patron simple.,178,Peace Train,Cat Stevens,EN,Folk pop,2,54,82,4/4,folk/acustico,8,1 & 2 & 3 & 4 &,G,0,EADGBE,C; G,4,D - D U D - D U,D - D - D U D U,D - D U D - D U,D - - - - - - -,D - D U D - D U,D=abajo; U=arriba; -=silencio/no golpe; x=apagado si aparece,D,-,D,U,D,-,D,U,C [D - D U D - D U],G [D - D U D - D U],C [D - D U D - D U],G [D - D U D - D U],,,,,,,,,,,,,C C C C C C C C,G G G G G G G G,C C C C C C C C,G G G G G G G G,,,,,,,,,,,,,D - D U D - D U,D - D U D - D U,D - D U D - D U,D - D U D - D U,,,,,,,,,,,,,C | G | C | G,acompanamiento_v6_musical_simplificado,"cambios reales de acordes, groove y estructura corta reconocible",V6: max 16 compases; subdivision max 8; no se rellenan compases vacios; 12/8 se trata como shuffle en 4/4 por limite tecnico,no,0,,https://musictonic.com/easy-guitar-songs-for-beginners/,"BPM, tonalidad y compases son sugerencias de practica adaptadas al limite de 12 compases y 4 subdivisiones; no es transcripcion exacta. V2 medio compas: '/' indica cambio al tiempo 3. La progresion_1acorde_compas queda como version ultra facil. V3 ritmica: 12 compases = 1-4 verso, 5-8 estribillo, 9-10 puente, 11 vuelta al estribillo, 12 final/corte. V4: CSV rehecho a 16 compases maximo y 8 subdivisiones por compas. | V6 confianza=alta. | APP_SAFE: slash chords simplificados a acorde base para evitar fallos de playback."
Si - directa,Meter ya,Nivel 1-2: acompanamiento con acordes abiertos/capo y patron simple.,179,The A Team,Ed Sheeran,EN,Pop acústico,2,56,86,4/4,folk/acustico,8,1 & 2 & 3 & 4 &,G formas; suena A,2,EADGBE,G; D; Em; C,4,D - D U D - D U,D - D - D U D U,D - D U D - D U,D - - - - - - -,D - D U D - D U,D=abajo; U=arriba; -=silencio/no golpe; x=apagado si aparece,D,-,D,U,D,-,D,U,G [D - D U D - D U],D [D - D U D - D U],Em [D - D U D - D U],C [D - D U D - D U],,,,,,,,,,,,,G G G G G G G G,D D D D D D D D,Em Em Em Em Em Em Em Em,C C C C C C C C,,,,,,,,,,,,,D - D U D - D U,D - D U D - D U,D - D U D - D U,D - D U D - D U,,,,,,,,,,,,,G | D | Em | C,acompanamiento_v6_musical_simplificado,"cambios reales de acordes, groove y estructura corta reconocible",V6: max 16 compases; subdivision max 8; no se rellenan compases vacios; 12/8 se trata como shuffle en 4/4 por limite tecnico,no,0,,https://www.laurenbateman.com/beginner-guitar-songs/,"BPM, tonalidad y compases son sugerencias de practica adaptadas al limite de 12 compases y 4 subdivisiones; no es transcripcion exacta. V2 medio compas: '/' indica cambio al tiempo 3. La progresion_1acorde_compas queda como version ultra facil. V3 ritmica: 12 compases = 1-4 verso, 5-8 estribillo, 9-10 puente, 11 vuelta al estribillo, 12 final/corte. V4: CSV rehecho a 16 compases maximo y 8 subdivisiones por compas. | V6 confianza=alta. | APP_SAFE: slash chords simplificados a acorde base para evitar fallos de playback."
Si - directa,Meter ya,Nivel 1-2: acompanamiento con acordes abiertos/capo y patron simple.,180,Photograph,Ed Sheeran,EN,Pop acústico,2,58,88,4/4,pop/rock binario,8,1 & 2 & 3 & 4 &,G formas; suena A,2,EADGBE,G; D; Em; C,4,D - - U - U D -,D - D U - U D U,D - - U D - D U,D - - - - - - -,D - - U - U D -,D=abajo; U=arriba; -=silencio/no golpe; x=apagado si aparece,D,-,-,U,-,U,D,-,G [D - - U - U D -],D [D - - U - U D -],Em [D - - U - U D -],C [D - - U - U D -],,,,,,,,,,,,,G G G G G G G G,D D D D D D D D,Em Em Em Em Em Em Em Em,C C C C C C C C,,,,,,,,,,,,,D - - U - U D -,D - - U - U D -,D - - U - U D -,D - - U - U D -,,,,,,,,,,,,,G | D | Em | C,acompanamiento_v6_musical_simplificado,"cambios reales de acordes, groove y estructura corta reconocible",V6: max 16 compases; subdivision max 8; no se rellenan compases vacios; 12/8 se trata como shuffle en 4/4 por limite tecnico,no,0,,https://guitarmammoth.com/easy-guitar-songs/,"BPM, tonalidad y compases son sugerencias de practica adaptadas al limite de 12 compases y 4 subdivisiones; no es transcripcion exacta. V2 medio compas: '/' indica cambio al tiempo 3. La progresion_1acorde_compas queda como version ultra facil. V3 ritmica: 12 compases = 1-4 verso, 5-8 estribillo, 9-10 puente, 11 vuelta al estribillo, 12 final/corte. V4: CSV rehecho a 16 compases maximo y 8 subdivisiones por compas. | V6 confianza=alta. | APP_SAFE: slash chords simplificados a acorde base para evitar fallos de playback."
Si - directa,Meter ya,Nivel 1-2: acompanamiento con acordes abiertos/capo y patron simple.,181,Castle on the Hill,Ed Sheeran,EN,Pop rock,2,54,82,4/4,rock binario,8,1 & 2 & 3 & 4 &,G formas; suena A,2,EADGBE,D; G; Bm; A,4,D D - U D U - U,D D D D D D D D,D D - U D U - U,D - - - - - - -,D D - U D U - U,D=abajo; U=arriba; -=silencio/no golpe; x=apagado si aparece,D,D,-,U,D,U,-,U,D [D D - U D U - U],G [D D - U D U - U],Bm [D D - U D U - U],A [D D - U D U - U],,,,,,,,,,,,,D D D D D D D D,G G G G G G G G,Bm Bm Bm Bm Bm Bm Bm Bm,A A A A A A A A,,,,,,,,,,,,,D D - U D U - U,D D - U D U - U,D D - U D U - U,D D - U D U - U,,,,,,,,,,,,,D | G | Bm | A,acompanamiento_v6_musical_simplificado,"cambios reales de acordes, groove y estructura corta reconocible",V6: max 16 compases; subdivision max 8; no se rellenan compases vacios; 12/8 se trata como shuffle en 4/4 por limite tecnico,no,0,,https://www.guitarlobby.com/easy-acoustic-guitar-songs-for-beginners/,"BPM, tonalidad y compases son sugerencias de practica adaptadas al limite de 12 compases y 4 subdivisiones; no es transcripcion exacta. V2 medio compas: '/' indica cambio al tiempo 3. La progresion_1acorde_compas queda como version ultra facil. V3 ritmica: 12 compases = 1-4 verso, 5-8 estribillo, 9-10 puente, 11 vuelta al estribillo, 12 final/corte. V4: CSV rehecho a 16 compases maximo y 8 subdivisiones por compas. | V6 confianza=alta. | APP_SAFE: slash chords simplificados a acorde base para evitar fallos de playback."
Si - directa,Meter ya,Nivel 1-2: acompanamiento con acordes abiertos/capo y patron simple.,182,Shape of You,Ed Sheeran,EN,Pop,2,56,84,4/4,pop/rock binario,8,1 & 2 & 3 & 4 &,G formas; suena A,2,EADGBE,C#m; F#m; A; B,4,D - D U - U D U,D D - U D U - U,D - D - D U D U,D - - - - - - -,D - D U - U D U,D=abajo; U=arriba; -=silencio/no golpe; x=apagado si aparece,D,-,D,U,-,U,D,U,C#m [D - D U - U D U],F#m [D - D U - U D U],A [D - D U - U D U],B [D - D U - U D U],,,,,,,,,,,,,C#m C#m C#m C#m C#m C#m C#m C#m,F#m F#m F#m F#m F#m F#m F#m F#m,A A A A A A A A,B B B B B B B B,,,,,,,,,,,,,D - D U - U D U,D - D U - U D U,D - D U - U D U,D - D U - U D U,,,,,,,,,,,,,C#m | F#m | A | B,acompanamiento_v6_musical_simplificado,"cambios reales de acordes, groove y estructura corta reconocible",V6: max 16 compases; subdivision max 8; no se rellenan compases vacios; 12/8 se trata como shuffle en 4/4 por limite tecnico,no,0,,https://acousticworld.net/100-easy-acoustic-guitar-songs-with-chords-tabs-lessons/,"BPM, tonalidad y compases son sugerencias de practica adaptadas al limite de 12 compases y 4 subdivisiones; no es transcripcion exacta. V2 medio compas: '/' indica cambio al tiempo 3. La progresion_1acorde_compas queda como version ultra facil. V3 ritmica: 12 compases = 1-4 verso, 5-8 estribillo, 9-10 puente, 11 vuelta al estribillo, 12 final/corte. V4: CSV rehecho a 16 compases maximo y 8 subdivisiones por compas. | V6 confianza=alta. | APP_SAFE: slash chords simplificados a acorde base para evitar fallos de playback."
Si - directa,Meter ya,Nivel 1-2: acompanamiento con acordes abiertos/capo y patron simple.,183,Lego House,Ed Sheeran,EN,Pop acústico,2,58,86,4/4,pop/rock binario,8,1 & 2 & 3 & 4 &,G formas; suena B,4,EADGBE,G; D; Em; C,4,D - D U - U D U,D D - U D U - U,D - D - D U D U,D - - - - - - -,D - D U - U D U,D=abajo; U=arriba; -=silencio/no golpe; x=apagado si aparece,D,-,D,U,-,U,D,U,G [D - D U - U D U],D [D - D U - U D U],Em [D - D U - U D U],C [D - D U - U D U],,,,,,,,,,,,,G G G G G G G G,D D D D D D D D,Em Em Em Em Em Em Em Em,C C C C C C C C,,,,,,,,,,,,,D - D U - U D U,D - D U - U D U,D - D U - U D U,D - D U - U D U,,,,,,,,,,,,,G | D | Em | C,acompanamiento_v6_musical_simplificado,"cambios reales de acordes, groove y estructura corta reconocible",V6: max 16 compases; subdivision max 8; no se rellenan compases vacios; 12/8 se trata como shuffle en 4/4 por limite tecnico,no,0,,https://musictonic.com/easy-guitar-songs-for-beginners/,"BPM, tonalidad y compases son sugerencias de practica adaptadas al limite de 12 compases y 4 subdivisiones; no es transcripcion exacta. V2 medio compas: '/' indica cambio al tiempo 3. La progresion_1acorde_compas queda como version ultra facil. V3 ritmica: 12 compases = 1-4 verso, 5-8 estribillo, 9-10 puente, 11 vuelta al estribillo, 12 final/corte. V4: CSV rehecho a 16 compases maximo y 8 subdivisiones por compas. | V6 confianza=alta. | APP_SAFE: slash chords simplificados a acorde base para evitar fallos de playback."
Si - directa,Meter ya,Nivel 1-2: acompanamiento con acordes abiertos/capo y patron simple.,184,Someone Like You,Adele,EN,Pop / balada,2,48,78,6/8,balada/arpegio 6/8,6,1 2 3 4 5 6,C,0,EADGBE,A; E; F#m; D,4,D - - D - U,D - U D - U,D - - D - U,D - - - - -,D - - D - U,D=abajo; U=arriba; -=silencio/no golpe; x=apagado si aparece,D,-,-,D,-,U,,,A [D - - D - U],E [D - - D - U],F#m [D - - D - U],D [D - - D - U],,,,,,,,,,,,,A A A A A A,E E E E E E,F#m F#m F#m F#m F#m F#m,D D D D D D,,,,,,,,,,,,,D - - D - U,D - - D - U,D - - D - U,D - - D - U,,,,,,,,,,,,,A | E | F#m | D,acompanamiento_v6_musical_simplificado,"cambios reales de acordes, groove y estructura corta reconocible",V6: max 16 compases; subdivision max 8; no se rellenan compases vacios; 12/8 se trata como shuffle en 4/4 por limite tecnico,no,0,,https://www.laurenbateman.com/beginner-guitar-songs/,"BPM, tonalidad y compases son sugerencias de practica adaptadas al limite de 12 compases y 4 subdivisiones; no es transcripcion exacta. V2 medio compas: '/' indica cambio al tiempo 3. La progresion_1acorde_compas queda como version ultra facil. V3 ritmica: 12 compases = 1-4 verso, 5-8 estribillo, 9-10 puente, 11 vuelta al estribillo, 12 final/corte. V4: CSV rehecho a 16 compases maximo y 8 subdivisiones por compas. | V6 confianza=alta. | APP_SAFE: slash chords simplificados a acorde base para evitar fallos de playback."
Si - directa,Meter ya,Nivel 1-2: acompanamiento con acordes abiertos/capo y patron simple.,185,Persiana Americana,Soda Stereo,ES,Rock en espanol,2,60,86,4/4,rock binario,8,1 & 2 & 3 & 4 &,Em,0,EADGBE,Em; C; G; D,4,D D - U D U - U,D D D D D D D D,D D - U D U - U,D - - - - - - -,D D - U D U - U,D=abajo; U=arriba; -=silencio/no golpe; x=apagado si aparece,D,D,-,U,D,U,-,U,Em [D D - U D U - U],C [D D - U D U - U],G [D D - U D U - U],D [D D - U D U - U],,,,,,,,,,,,,Em Em Em Em Em Em Em Em,C C C C C C C C,G G G G G G G G,D D D D D D D D,,,,,,,,,,,,,D D - U D U - U,D D - U D U - U,D D - U D U - U,D D - U D U - U,,,,,,,,,,,,,Em | C | G | D,acompanamiento_v6_musical_simplificado,"cambios reales de acordes, groove y estructura corta reconocible",V6: max 16 compases; subdivision max 8; no se rellenan compases vacios; 12/8 se trata como shuffle en 4/4 por limite tecnico,no,0,,https://guitarraviva.com/canciones-faciles-en-guitarra/,"BPM, tonalidad y compases son sugerencias de practica adaptadas al limite de 12 compases y 4 subdivisiones; no es transcripcion exacta. V2 medio compas: '/' indica cambio al tiempo 3. La progresion_1acorde_compas queda como version ultra facil. V3 ritmica: 12 compases = 1-4 verso, 5-8 estribillo, 9-10 puente, 11 vuelta al estribillo, 12 final/corte. V4: CSV rehecho a 16 compases maximo y 8 subdivisiones por compas. | V6 confianza=alta. | APP_SAFE: slash chords simplificados a acorde base para evitar fallos de playback."
Si - directa,Meter ya,Nivel 1-2: acompanamiento con acordes abiertos/capo y patron simple.,186,Trátame suavemente,Soda Stereo,ES,Rock en espanol,2,56,80,4/4,pop/rock binario,8,1 & 2 & 3 & 4 &,G,0,EADGBE,G; D; Em; C,4,D - - U - U D -,D - D U - U D U,D - - U D - D U,D - - - - - - -,D - - U - U D -,D=abajo; U=arriba; -=silencio/no golpe; x=apagado si aparece,D,-,-,U,-,U,D,-,G [D - - U - U D -],D [D - - U - U D -],Em [D - - U - U D -],C [D - - U - U D -],,,,,,,,,,,,,G G G G G G G G,D D D D D D D D,Em Em Em Em Em Em Em Em,C C C C C C C C,,,,,,,,,,,,,D - - U - U D -,D - - U - U D -,D - - U - U D -,D - - U - U D -,,,,,,,,,,,,,G | D | Em | C,acompanamiento_v6_musical_simplificado,"cambios reales de acordes, groove y estructura corta reconocible",V6: max 16 compases; subdivision max 8; no se rellenan compases vacios; 12/8 se trata como shuffle en 4/4 por limite tecnico,no,0,,https://guitarrasinlimites.com/acordes/40-canciones-faciles-para-tocar-en-guitarra/,"BPM, tonalidad y compases son sugerencias de practica adaptadas al limite de 12 compases y 4 subdivisiones; no es transcripcion exacta. V2 medio compas: '/' indica cambio al tiempo 3. La progresion_1acorde_compas queda como version ultra facil. V3 ritmica: 12 compases = 1-4 verso, 5-8 estribillo, 9-10 puente, 11 vuelta al estribillo, 12 final/corte. V4: CSV rehecho a 16 compases maximo y 8 subdivisiones por compas. | V6 confianza=alta. | APP_SAFE: slash chords simplificados a acorde base para evitar fallos de playback."
Si - simplificada,F reducido,Muy reconocible; usar Fmaj7/mini-F y priorizar continuidad del pulso.,187,Cuando pase el temblor,Soda Stereo,ES,Rock en espanol,3,54,86,4/4,latin/rumba pop,8,1 & 2 & 3 & 4 &,Am,0,EADGBE,Am; G; F; E,4,D - U - D U - U,D - D U - U D U,D - U - D U - U,D - - - - - - -,D - U - D U - U,D=abajo; U=arriba; -=silencio/no golpe; x=apagado si aparece,D,-,U,-,D,U,-,U,Am [D - U - D U - U],G [D - U - D U - U],F [D - U - D U - U],E [D - U - D U - U],,,,,,,,,,,,,Am Am Am Am Am Am Am Am,G G G G G G G G,F F F F F F F F,E E E E E E E E,,,,,,,,,,,,,D - U - D U - U,D - U - D U - U,D - U - D U - U,D - U - D U - U,,,,,,,,,,,,,Am | G | F | E,acompanamiento_v6_musical_simplificado,"cambios reales de acordes, groove y estructura corta reconocible",V6: max 16 compases; subdivision max 8; no se rellenan compases vacios; 12/8 se trata como shuffle en 4/4 por limite tecnico,no,0,,https://creatumusica.art/canciones-faciles-en-guitarra/,"BPM, tonalidad y compases son sugerencias de practica adaptadas al limite de 12 compases y 4 subdivisiones; no es transcripcion exacta. V2 medio compas: '/' indica cambio al tiempo 3. La progresion_1acorde_compas queda como version ultra facil. V3 ritmica: 12 compases = 1-4 verso, 5-8 estribillo, 9-10 puente, 11 vuelta al estribillo, 12 final/corte. V4: CSV rehecho a 16 compases maximo y 8 subdivisiones por compas. | V6 confianza=alta. | APP_SAFE: slash chords simplificados a acorde base para evitar fallos de playback."
Si - directa,Meter ya,Nivel 1-2: acompanamiento con acordes abiertos/capo y patron simple.,188,Signos,Soda Stereo,ES,Rock en espanol,2,60,92,4/4,rock binario,8,1 & 2 & 3 & 4 &,Em,0,EADGBE,Em; C; G; D,4,D D - U D U - U,D D D D D D D D,D D - U D U - U,D - - - - - - -,D D - U D U - U,D=abajo; U=arriba; -=silencio/no golpe; x=apagado si aparece,D,D,-,U,D,U,-,U,Em [D D - U D U - U],C [D D - U D U - U],G [D D - U D U - U],D [D D - U D U - U],,,,,,,,,,,,,Em Em Em Em Em Em Em Em,C C C C C C C C,G G G G G G G G,D D D D D D D D,,,,,,,,,,,,,D D - U D U - U,D D - U D U - U,D D - U D U - U,D D - U D U - U,,,,,,,,,,,,,Em | C | G | D,acompanamiento_v6_musical_simplificado,"cambios reales de acordes, groove y estructura corta reconocible",V6: max 16 compases; subdivision max 8; no se rellenan compases vacios; 12/8 se trata como shuffle en 4/4 por limite tecnico,no,0,,https://www.enchufalaguitarra.com/2019/01/30-canciones-faciles-guitarra-espanola-acustica.html,"BPM, tonalidad y compases son sugerencias de practica adaptadas al limite de 12 compases y 4 subdivisiones; no es transcripcion exacta. V2 medio compas: '/' indica cambio al tiempo 3. La progresion_1acorde_compas queda como version ultra facil. V3 ritmica: 12 compases = 1-4 verso, 5-8 estribillo, 9-10 puente, 11 vuelta al estribillo, 12 final/corte. V4: CSV rehecho a 16 compases maximo y 8 subdivisiones por compas. | V6 confianza=alta. | APP_SAFE: slash chords simplificados a acorde base para evitar fallos de playback."
Si - simplificada,Version facil,"Nivel 3, pero funciona como acompanamiento si se evita transcripcion exacta.",189,Té para tres,Soda Stereo,ES,Rock acústico,3,50,68,4/4,balada 4/4,8,1 & 2 & 3 & 4 &,G,0,EADGBE,G; D; Em; C,4,D - - U D - D U,D - - U - U D -,D - - U D - D U,D - - - - - - -,D - - U D - D U,D=abajo; U=arriba; -=silencio/no golpe; x=apagado si aparece,D,-,-,U,D,-,D,U,G [D - - U D - D U],D [D - - U D - D U],Em [D - - U D - D U],C [D - - U D - D U],,,,,,,,,,,,,G G G G G G G G,D D D D D D D D,Em Em Em Em Em Em Em Em,C C C C C C C C,,,,,,,,,,,,,D - - U D - D U,D - - U D - D U,D - - U D - D U,D - - U D - D U,,,,,,,,,,,,,G | D | Em | C,acompanamiento_v6_musical_simplificado,"cambios reales de acordes, groove y estructura corta reconocible",V6: max 16 compases; subdivision max 8; no se rellenan compases vacios; 12/8 se trata como shuffle en 4/4 por limite tecnico,no,0,,https://musictonic.com/es/canciones-faciles-de-guitarra-para-principiantes/,"BPM, tonalidad y compases son sugerencias de practica adaptadas al limite de 12 compases y 4 subdivisiones; no es transcripcion exacta. V2 medio compas: '/' indica cambio al tiempo 3. La progresion_1acorde_compas queda como version ultra facil. V3 ritmica: 12 compases = 1-4 verso, 5-8 estribillo, 9-10 puente, 11 vuelta al estribillo, 12 final/corte. V4: CSV rehecho a 16 compases maximo y 8 subdivisiones por compas. | V6 confianza=alta. | APP_SAFE: slash chords simplificados a acorde base para evitar fallos de playback."
Si - directa,Meter ya,Nivel 1-2: acompanamiento con acordes abiertos/capo y patron simple.,190,Nada personal,Soda Stereo,ES,Rock en espanol,2,58,88,4/4,rock binario,8,1 & 2 & 3 & 4 &,Em,0,EADGBE,Em; C; G; D,4,D D - U D U - U,D D D D D D D D,D D - U D U - U,D - - - - - - -,D D - U D U - U,D=abajo; U=arriba; -=silencio/no golpe; x=apagado si aparece,D,D,-,U,D,U,-,U,Em [D D - U D U - U],C [D D - U D U - U],G [D D - U D U - U],D [D D - U D U - U],,,,,,,,,,,,,Em Em Em Em Em Em Em Em,C C C C C C C C,G G G G G G G G,D D D D D D D D,,,,,,,,,,,,,D D - U D U - U,D D - U D U - U,D D - U D U - U,D D - U D U - U,,,,,,,,,,,,,Em | C | G | D,acompanamiento_v6_musical_simplificado,"cambios reales de acordes, groove y estructura corta reconocible",V6: max 16 compases; subdivision max 8; no se rellenan compases vacios; 12/8 se trata como shuffle en 4/4 por limite tecnico,no,0,,https://guitarraviva.com/canciones-faciles-en-guitarra/,"BPM, tonalidad y compases son sugerencias de practica adaptadas al limite de 12 compases y 4 subdivisiones; no es transcripcion exacta. V2 medio compas: '/' indica cambio al tiempo 3. La progresion_1acorde_compas queda como version ultra facil. V3 ritmica: 12 compases = 1-4 verso, 5-8 estribillo, 9-10 puente, 11 vuelta al estribillo, 12 final/corte. V4: CSV rehecho a 16 compases maximo y 8 subdivisiones por compas. | V6 confianza=alta. | APP_SAFE: slash chords simplificados a acorde base para evitar fallos de playback."
Si - directa,Meter ya,Nivel 1-2: acompanamiento con acordes abiertos/capo y patron simple.,191,Crimen,Gustavo Cerati,ES,Rock / balada,2,52,78,4/4,balada 4/4,8,1 & 2 & 3 & 4 &,G,0,EADGBE,Am; F; C; G,4,D - - U D - D U,D - - U - U D -,D - - U D - D U,D - - - - - - -,D - - U D - D U,D=abajo; U=arriba; -=silencio/no golpe; x=apagado si aparece,D,-,-,U,D,-,D,U,Am [D - - U D - D U],F [D - - U D - D U],C [D - - U D - D U],G [D - - U D - D U],,,,,,,,,,,,,Am Am Am Am Am Am Am Am,F F F F F F F F,C C C C C C C C,G G G G G G G G,,,,,,,,,,,,,D - - U D - D U,D - - U D - D U,D - - U D - D U,D - - U D - D U,,,,,,,,,,,,,Am | F | C | G,acompanamiento_v6_musical_simplificado,"cambios reales de acordes, groove y estructura corta reconocible",V6: max 16 compases; subdivision max 8; no se rellenan compases vacios; 12/8 se trata como shuffle en 4/4 por limite tecnico,no,0,,https://guitarrasinlimites.com/acordes/40-canciones-faciles-para-tocar-en-guitarra/,"BPM, tonalidad y compases son sugerencias de practica adaptadas al limite de 12 compases y 4 subdivisiones; no es transcripcion exacta. V2 medio compas: '/' indica cambio al tiempo 3. La progresion_1acorde_compas queda como version ultra facil. V3 ritmica: 12 compases = 1-4 verso, 5-8 estribillo, 9-10 puente, 11 vuelta al estribillo, 12 final/corte. V4: CSV rehecho a 16 compases maximo y 8 subdivisiones por compas. | V6 confianza=alta. | APP_SAFE: slash chords simplificados a acorde base para evitar fallos de playback."
Si - directa,Meter ya,Nivel 1-2: acompanamiento con acordes abiertos/capo y patron simple.,192,Puente,Gustavo Cerati,ES,Pop rock,2,56,84,4/4,pop/rock binario,8,1 & 2 & 3 & 4 &,G,0,EADGBE,G; D; Em; C,4,D - D U - U D U,D D - U D U - U,D - D - D U D U,D - - - - - - -,D - D U - U D U,D=abajo; U=arriba; -=silencio/no golpe; x=apagado si aparece,D,-,D,U,-,U,D,U,G [D - D U - U D U],D [D - D U - U D U],Em [D - D U - U D U],C [D - D U - U D U],,,,,,,,,,,,,G G G G G G G G,D D D D D D D D,Em Em Em Em Em Em Em Em,C C C C C C C C,,,,,,,,,,,,,D - D U - U D U,D - D U - U D U,D - D U - U D U,D - D U - U D U,,,,,,,,,,,,,G | D | Em | C,acompanamiento_v6_musical_simplificado,"cambios reales de acordes, groove y estructura corta reconocible",V6: max 16 compases; subdivision max 8; no se rellenan compases vacios; 12/8 se trata como shuffle en 4/4 por limite tecnico,no,0,,https://creatumusica.art/canciones-faciles-en-guitarra/,"BPM, tonalidad y compases son sugerencias de practica adaptadas al limite de 12 compases y 4 subdivisiones; no es transcripcion exacta. V2 medio compas: '/' indica cambio al tiempo 3. La progresion_1acorde_compas queda como version ultra facil. V3 ritmica: 12 compases = 1-4 verso, 5-8 estribillo, 9-10 puente, 11 vuelta al estribillo, 12 final/corte. V4: CSV rehecho a 16 compases maximo y 8 subdivisiones por compas. | V6 confianza=alta. | APP_SAFE: slash chords simplificados a acorde base para evitar fallos de playback."
Si - directa,Meter ya,Nivel 1-2: acompanamiento con acordes abiertos/capo y patron simple.,193,Lago en el cielo,Gustavo Cerati,ES,Pop rock,2,50,76,4/4,pop/rock binario,8,1 & 2 & 3 & 4 &,C,0,EADGBE,C; G; Am; F,4,D - - U - U D -,D - D U - U D U,D - - U D - D U,D - - - - - - -,D - - U - U D -,D=abajo; U=arriba; -=silencio/no golpe; x=apagado si aparece,D,-,-,U,-,U,D,-,C [D - - U - U D -],G [D - - U - U D -],Am [D - - U - U D -],F [D - - U - U D -],,,,,,,,,,,,,C C C C C C C C,G G G G G G G G,Am Am Am Am Am Am Am Am,F F F F F F F F,,,,,,,,,,,,,D - - U - U D -,D - - U - U D -,D - - U - U D -,D - - U - U D -,,,,,,,,,,,,,C | G | Am | F,acompanamiento_v6_musical_simplificado,"cambios reales de acordes, groove y estructura corta reconocible",V6: max 16 compases; subdivision max 8; no se rellenan compases vacios; 12/8 se trata como shuffle en 4/4 por limite tecnico,no,0,,https://www.enchufalaguitarra.com/2019/01/30-canciones-faciles-guitarra-espanola-acustica.html,"BPM, tonalidad y compases son sugerencias de practica adaptadas al limite de 12 compases y 4 subdivisiones; no es transcripcion exacta. V2 medio compas: '/' indica cambio al tiempo 3. La progresion_1acorde_compas queda como version ultra facil. V3 ritmica: 12 compases = 1-4 verso, 5-8 estribillo, 9-10 puente, 11 vuelta al estribillo, 12 final/corte. V4: CSV rehecho a 16 compases maximo y 8 subdivisiones por compas. | V6 confianza=alta. | APP_SAFE: slash chords simplificados a acorde base para evitar fallos de playback."
Si - directa,Meter ya,Nivel 1-2: acompanamiento con acordes abiertos/capo y patron simple.,194,Adiós,Gustavo Cerati,ES,Pop rock,2,54,80,4/4,rock binario,8,1 & 2 & 3 & 4 &,G,0,EADGBE,G; D; Em; C,4,D D - U D U - U,D D D D D D D D,D D - U D U - U,D - - - - - - -,D D - U D U - U,D=abajo; U=arriba; -=silencio/no golpe; x=apagado si aparece,D,D,-,U,D,U,-,U,G [D D - U D U - U],D [D D - U D U - U],Em [D D - U D U - U],C [D D - U D U - U],,,,,,,,,,,,,G G G G G G G G,D D D D D D D D,Em Em Em Em Em Em Em Em,C C C C C C C C,,,,,,,,,,,,,D D - U D U - U,D D - U D U - U,D D - U D U - U,D D - U D U - U,,,,,,,,,,,,,G | D | Em | C,acompanamiento_v6_musical_simplificado,"cambios reales de acordes, groove y estructura corta reconocible",V6: max 16 compases; subdivision max 8; no se rellenan compases vacios; 12/8 se trata como shuffle en 4/4 por limite tecnico,no,0,,https://musictonic.com/es/canciones-faciles-de-guitarra-para-principiantes/,"BPM, tonalidad y compases son sugerencias de practica adaptadas al limite de 12 compases y 4 subdivisiones; no es transcripcion exacta. V2 medio compas: '/' indica cambio al tiempo 3. La progresion_1acorde_compas queda como version ultra facil. V3 ritmica: 12 compases = 1-4 verso, 5-8 estribillo, 9-10 puente, 11 vuelta al estribillo, 12 final/corte. V4: CSV rehecho a 16 compases maximo y 8 subdivisiones por compas. | V6 confianza=alta. | APP_SAFE: slash chords simplificados a acorde base para evitar fallos de playback."
Si - directa,Meter ya,Nivel 1-2: acompanamiento con acordes abiertos/capo y patron simple.,195,Seguir viviendo sin tu amor,Luis Alberto Spinetta,ES,Rock / balada,2,54,80,4/4,pop/rock binario,8,1 & 2 & 3 & 4 &,C,0,EADGBE,C; G; Am; F,4,D - D U - U D U,D D - U D U - U,D - D - D U D U,D - - - - - - -,D - D U - U D U,D=abajo; U=arriba; -=silencio/no golpe; x=apagado si aparece,D,-,D,U,-,U,D,U,C [D - D U - U D U],G [D - D U - U D U],Am [D - D U - U D U],F [D - D U - U D U],,,,,,,,,,,,,C C C C C C C C,G G G G G G G G,Am Am Am Am Am Am Am Am,F F F F F F F F,,,,,,,,,,,,,D - D U - U D U,D - D U - U D U,D - D U - U D U,D - D U - U D U,,,,,,,,,,,,,C | G | Am | F,acompanamiento_v6_musical_simplificado,"cambios reales de acordes, groove y estructura corta reconocible",V6: max 16 compases; subdivision max 8; no se rellenan compases vacios; 12/8 se trata como shuffle en 4/4 por limite tecnico,no,0,,https://guitarraviva.com/canciones-faciles-en-guitarra/,"BPM, tonalidad y compases son sugerencias de practica adaptadas al limite de 12 compases y 4 subdivisiones; no es transcripcion exacta. V2 medio compas: '/' indica cambio al tiempo 3. La progresion_1acorde_compas queda como version ultra facil. V3 ritmica: 12 compases = 1-4 verso, 5-8 estribillo, 9-10 puente, 11 vuelta al estribillo, 12 final/corte. V4: CSV rehecho a 16 compases maximo y 8 subdivisiones por compas. | V6 confianza=alta. | APP_SAFE: slash chords simplificados a acorde base para evitar fallos de playback."
Si - simplificada,F reducido,Muy reconocible; usar Fmaj7/mini-F y priorizar continuidad del pulso.,196,Muchacha (ojos de papel),Almendra,ES,Folk rock,3,46,74,4/4,balada 4/4,8,1 & 2 & 3 & 4 &,C,0,EADGBE,C; G; Am; F,4,D - - U D - D U,D - - U - U D -,D - - U D - D U,D - - - - - - -,D - - U D - D U,D=abajo; U=arriba; -=silencio/no golpe; x=apagado si aparece,D,-,-,U,D,-,D,U,C [D - - U D - D U],G [D - - U D - D U],Am [D - - U D - D U],F [D - - U D - D U],,,,,,,,,,,,,C C C C C C C C,G G G G G G G G,Am Am Am Am Am Am Am Am,F F F F F F F F,,,,,,,,,,,,,D - - U D - D U,D - - U D - D U,D - - U D - D U,D - - U D - D U,,,,,,,,,,,,,C | G | Am | F,acompanamiento_v6_musical_simplificado,"cambios reales de acordes, groove y estructura corta reconocible",V6: max 16 compases; subdivision max 8; no se rellenan compases vacios; 12/8 se trata como shuffle en 4/4 por limite tecnico,no,0,,https://guitarrasinlimites.com/acordes/40-canciones-faciles-para-tocar-en-guitarra/,"BPM, tonalidad y compases son sugerencias de practica adaptadas al limite de 12 compases y 4 subdivisiones; no es transcripcion exacta. V2 medio compas: '/' indica cambio al tiempo 3. La progresion_1acorde_compas queda como version ultra facil. V3 ritmica: 12 compases = 1-4 verso, 5-8 estribillo, 9-10 puente, 11 vuelta al estribillo, 12 final/corte. V4: CSV rehecho a 16 compases maximo y 8 subdivisiones por compas. | V6 confianza=alta. | APP_SAFE: slash chords simplificados a acorde base para evitar fallos de playback."
Si - directa,Meter ya,Nivel 1-2: acompanamiento con acordes abiertos/capo y patron simple.,197,Rezo por vos,Charly García / Luis Alberto Spinetta,ES,Rock en espanol,2,60,86,4/4,rock binario,8,1 & 2 & 3 & 4 &,Em,0,EADGBE,Em; C; G; D,4,D D - U D U - U,D D D D D D D D,D D - U D U - U,D - - - - - - -,D D - U D U - U,D=abajo; U=arriba; -=silencio/no golpe; x=apagado si aparece,D,D,-,U,D,U,-,U,Em [D D - U D U - U],C [D D - U D U - U],G [D D - U D U - U],D [D D - U D U - U],,,,,,,,,,,,,Em Em Em Em Em Em Em Em,C C C C C C C C,G G G G G G G G,D D D D D D D D,,,,,,,,,,,,,D D - U D U - U,D D - U D U - U,D D - U D U - U,D D - U D U - U,,,,,,,,,,,,,Em | C | G | D,acompanamiento_v6_musical_simplificado,"cambios reales de acordes, groove y estructura corta reconocible",V6: max 16 compases; subdivision max 8; no se rellenan compases vacios; 12/8 se trata como shuffle en 4/4 por limite tecnico,no,0,,https://creatumusica.art/canciones-faciles-en-guitarra/,"BPM, tonalidad y compases son sugerencias de practica adaptadas al limite de 12 compases y 4 subdivisiones; no es transcripcion exacta. V2 medio compas: '/' indica cambio al tiempo 3. La progresion_1acorde_compas queda como version ultra facil. V3 ritmica: 12 compases = 1-4 verso, 5-8 estribillo, 9-10 puente, 11 vuelta al estribillo, 12 final/corte. V4: CSV rehecho a 16 compases maximo y 8 subdivisiones por compas. | V6 confianza=alta. | APP_SAFE: slash chords simplificados a acorde base para evitar fallos de playback."
Si - directa,Meter ya,Nivel 1-2: acompanamiento con acordes abiertos/capo y patron simple.,198,Mil horas,Los Abuelos de la Nada,ES,Pop rock,2,56,80,4/4,rock binario,8,1 & 2 & 3 & 4 &,G,0,EADGBE,G; D; Em; C,4,D D - U D U - U,D D D D D D D D,D D - U D U - U,D - - - - - - -,D D - U D U - U,D=abajo; U=arriba; -=silencio/no golpe; x=apagado si aparece,D,D,-,U,D,U,-,U,G [D D - U D U - U],D [D D - U D U - U],Em [D D - U D U - U],C [D D - U D U - U],,,,,,,,,,,,,G G G G G G G G,D D D D D D D D,Em Em Em Em Em Em Em Em,C C C C C C C C,,,,,,,,,,,,,D D - U D U - U,D D - U D U - U,D D - U D U - U,D D - U D U - U,,,,,,,,,,,,,G | D | Em | C,acompanamiento_v6_musical_simplificado,"cambios reales de acordes, groove y estructura corta reconocible",V6: max 16 compases; subdivision max 8; no se rellenan compases vacios; 12/8 se trata como shuffle en 4/4 por limite tecnico,no,0,,https://www.enchufalaguitarra.com/2019/01/30-canciones-faciles-guitarra-espanola-acustica.html,"BPM, tonalidad y compases son sugerencias de practica adaptadas al limite de 12 compases y 4 subdivisiones; no es transcripcion exacta. V2 medio compas: '/' indica cambio al tiempo 3. La progresion_1acorde_compas queda como version ultra facil. V3 ritmica: 12 compases = 1-4 verso, 5-8 estribillo, 9-10 puente, 11 vuelta al estribillo, 12 final/corte. V4: CSV rehecho a 16 compases maximo y 8 subdivisiones por compas. | V6 confianza=alta. | APP_SAFE: slash chords simplificados a acorde base para evitar fallos de playback."
Si - directa,Meter ya,Nivel 1-2: acompanamiento con acordes abiertos/capo y patron simple.,199,Costumbres argentinas,Los Abuelos de la Nada,ES,Pop rock,2,50,80,4/4,pop/rock binario,8,1 & 2 & 3 & 4 &,C,0,EADGBE,C; G; Am; F,4,D - D U - U D U,D D - U D U - U,D - D - D U D U,D - - - - - - -,D - D U - U D U,D=abajo; U=arriba; -=silencio/no golpe; x=apagado si aparece,D,-,D,U,-,U,D,U,C [D - D U - U D U],G [D - D U - U D U],Am [D - D U - U D U],F [D - D U - U D U],,,,,,,,,,,,,C C C C C C C C,G G G G G G G G,Am Am Am Am Am Am Am Am,F F F F F F F F,,,,,,,,,,,,,D - D U - U D U,D - D U - U D U,D - D U - U D U,D - D U - U D U,,,,,,,,,,,,,C | G | Am | F,acompanamiento_v6_musical_simplificado,"cambios reales de acordes, groove y estructura corta reconocible",V6: max 16 compases; subdivision max 8; no se rellenan compases vacios; 12/8 se trata como shuffle en 4/4 por limite tecnico,no,0,,https://musictonic.com/es/canciones-faciles-de-guitarra-para-principiantes/,"BPM, tonalidad y compases son sugerencias de practica adaptadas al limite de 12 compases y 4 subdivisiones; no es transcripcion exacta. V2 medio compas: '/' indica cambio al tiempo 3. La progresion_1acorde_compas queda como version ultra facil. V3 ritmica: 12 compases = 1-4 verso, 5-8 estribillo, 9-10 puente, 11 vuelta al estribillo, 12 final/corte. V4: CSV rehecho a 16 compases maximo y 8 subdivisiones por compas. | V6 confianza=alta. | APP_SAFE: slash chords simplificados a acorde base para evitar fallos de playback."
Si - directa,Meter ya,Nivel 1-2: acompanamiento con acordes abiertos/capo y patron simple.,200,Himno de mi corazón,Los Abuelos de la Nada,ES,Pop rock,2,54,84,4/4,rock binario,8,1 & 2 & 3 & 4 &,G,0,EADGBE,G; D; Em; C,4,D D - U D U - U,D D D D D D D D,D D - U D U - U,D - - - - - - -,D D - U D U - U,D=abajo; U=arriba; -=silencio/no golpe; x=apagado si aparece,D,D,-,U,D,U,-,U,G [D D - U D U - U],D [D D - U D U - U],Em [D D - U D U - U],C [D D - U D U - U],,,,,,,,,,,,,G G G G G G G G,D D D D D D D D,Em Em Em Em Em Em Em Em,C C C C C C C C,,,,,,,,,,,,,D D - U D U - U,D D - U D U - U,D D - U D U - U,D D - U D U - U,,,,,,,,,,,,,G | D | Em | C,acompanamiento_v6_musical_simplificado,"cambios reales de acordes, groove y estructura corta reconocible",V6: max 16 compases; subdivision max 8; no se rellenan compases vacios; 12/8 se trata como shuffle en 4/4 por limite tecnico,no,0,,https://guitarraviva.com/canciones-faciles-en-guitarra/,"BPM, tonalidad y compases son sugerencias de practica adaptadas al limite de 12 compases y 4 subdivisiones; no es transcripcion exacta. V2 medio compas: '/' indica cambio al tiempo 3. La progresion_1acorde_compas queda como version ultra facil. V3 ritmica: 12 compases = 1-4 verso, 5-8 estribillo, 9-10 puente, 11 vuelta al estribillo, 12 final/corte. V4: CSV rehecho a 16 compases maximo y 8 subdivisiones por compas. | V6 confianza=alta. | APP_SAFE: slash chords simplificados a acorde base para evitar fallos de playback."
Si - directa,Meter ya,Nivel 1-2: acompanamiento con acordes abiertos/capo y patron simple.,201,Sin documentos,Los Rodríguez,ES,Rock en espanol,2,62,88,4/4,rumba pop,8,1 & 2 & 3 & 4 &,A,0,EADGBE,A; D; E,4,D - D U - U D U,D - U - D U - U,D - D U - U D U,D - - - - - - -,D - D U - U D U,D=abajo; U=arriba; -=silencio/no golpe; x=apagado si aparece,D,-,D,U,-,U,D,U,A [D - D U - U D U],D [D - D U - U D U],E [D - D U - U D U],A [D - D U - U D U],,,,,,,,,,,,,A A A A A A A A,D D D D D D D D,E E E E E E E E,A A A A A A A A,,,,,,,,,,,,,D - D U - U D U,D - D U - U D U,D - D U - U D U,D - D U - U D U,,,,,,,,,,,,,A | D | E | A,acompanamiento_v6_musical_simplificado,"cambios reales de acordes, groove y estructura corta reconocible",V6: max 16 compases; subdivision max 8; no se rellenan compases vacios; 12/8 se trata como shuffle en 4/4 por limite tecnico,no,0,,https://guitarrasinlimites.com/acordes/40-canciones-faciles-para-tocar-en-guitarra/,"BPM, tonalidad y compases son sugerencias de practica adaptadas al limite de 12 compases y 4 subdivisiones; no es transcripcion exacta. V2 medio compas: '/' indica cambio al tiempo 3. La progresion_1acorde_compas queda como version ultra facil. V3 ritmica: 12 compases = 1-4 verso, 5-8 estribillo, 9-10 puente, 11 vuelta al estribillo, 12 final/corte. V4: CSV rehecho a 16 compases maximo y 8 subdivisiones por compas. | V6 confianza=alta. | APP_SAFE: slash chords simplificados a acorde base para evitar fallos de playback."
Si - directa,Meter ya,Nivel 1-2: acompanamiento con acordes abiertos/capo y patron simple.,202,Dulce condena,Los Rodríguez,ES,Rock en espanol,2,52,80,4/4,rumba pop,8,1 & 2 & 3 & 4 &,G,0,EADGBE,G; D; Em; C,4,D - D U - U D U,D - U - D U - U,D - D U - U D U,D - - - - - - -,D - D U - U D U,D=abajo; U=arriba; -=silencio/no golpe; x=apagado si aparece,D,-,D,U,-,U,D,U,G [D - D U - U D U],D [D - D U - U D U],Em [D - D U - U D U],C [D - D U - U D U],,,,,,,,,,,,,G G G G G G G G,D D D D D D D D,Em Em Em Em Em Em Em Em,C C C C C C C C,,,,,,,,,,,,,D - D U - U D U,D - D U - U D U,D - D U - U D U,D - D U - U D U,,,,,,,,,,,,,G | D | Em | C,acompanamiento_v6_musical_simplificado,"cambios reales de acordes, groove y estructura corta reconocible",V6: max 16 compases; subdivision max 8; no se rellenan compases vacios; 12/8 se trata como shuffle en 4/4 por limite tecnico,no,0,,https://creatumusica.art/canciones-faciles-en-guitarra/,"BPM, tonalidad y compases son sugerencias de practica adaptadas al limite de 12 compases y 4 subdivisiones; no es transcripcion exacta. V2 medio compas: '/' indica cambio al tiempo 3. La progresion_1acorde_compas queda como version ultra facil. V3 ritmica: 12 compases = 1-4 verso, 5-8 estribillo, 9-10 puente, 11 vuelta al estribillo, 12 final/corte. V4: CSV rehecho a 16 compases maximo y 8 subdivisiones por compas. | V6 confianza=alta. | APP_SAFE: slash chords simplificados a acorde base para evitar fallos de playback."
Si - directa,Meter ya,Nivel 1-2: acompanamiento con acordes abiertos/capo y patron simple.,203,Para no olvidar,Los Rodríguez,ES,Rock en espanol,2,52,80,4/4,rumba pop,8,1 & 2 & 3 & 4 &,C,0,EADGBE,C; G; Am; F,4,D - D U - U D U,D - U - D U - U,D - D U - U D U,D - - - - - - -,D - D U - U D U,D=abajo; U=arriba; -=silencio/no golpe; x=apagado si aparece,D,-,D,U,-,U,D,U,C [D - D U - U D U],G [D - D U - U D U],Am [D - D U - U D U],F [D - D U - U D U],,,,,,,,,,,,,C C C C C C C C,G G G G G G G G,Am Am Am Am Am Am Am Am,F F F F F F F F,,,,,,,,,,,,,D - D U - U D U,D - D U - U D U,D - D U - U D U,D - D U - U D U,,,,,,,,,,,,,C | G | Am | F,acompanamiento_v6_musical_simplificado,"cambios reales de acordes, groove y estructura corta reconocible",V6: max 16 compases; subdivision max 8; no se rellenan compases vacios; 12/8 se trata como shuffle en 4/4 por limite tecnico,no,0,,https://www.enchufalaguitarra.com/2019/01/30-canciones-faciles-guitarra-espanola-acustica.html,"BPM, tonalidad y compases son sugerencias de practica adaptadas al limite de 12 compases y 4 subdivisiones; no es transcripcion exacta. V2 medio compas: '/' indica cambio al tiempo 3. La progresion_1acorde_compas queda como version ultra facil. V3 ritmica: 12 compases = 1-4 verso, 5-8 estribillo, 9-10 puente, 11 vuelta al estribillo, 12 final/corte. V4: CSV rehecho a 16 compases maximo y 8 subdivisiones por compas. | V6 confianza=alta. | APP_SAFE: slash chords simplificados a acorde base para evitar fallos de playback."
Si - directa,Meter ya,Nivel 1-2: acompanamiento con acordes abiertos/capo y patron simple.,204,Mi enfermedad,Los Rodríguez,ES,Rock en espanol,2,62,92,4/4,rock binario,8,1 & 2 & 3 & 4 &,Em,0,EADGBE,Em; C; G; D,4,D D - U D U - U,D D D D D D D D,D D - U D U - U,D - - - - - - -,D D - U D U - U,D=abajo; U=arriba; -=silencio/no golpe; x=apagado si aparece,D,D,-,U,D,U,-,U,Em [D D - U D U - U],C [D D - U D U - U],G [D D - U D U - U],D [D D - U D U - U],,,,,,,,,,,,,Em Em Em Em Em Em Em Em,C C C C C C C C,G G G G G G G G,D D D D D D D D,,,,,,,,,,,,,D D - U D U - U,D D - U D U - U,D D - U D U - U,D D - U D U - U,,,,,,,,,,,,,Em | C | G | D,acompanamiento_v6_musical_simplificado,"cambios reales de acordes, groove y estructura corta reconocible",V6: max 16 compases; subdivision max 8; no se rellenan compases vacios; 12/8 se trata como shuffle en 4/4 por limite tecnico,no,0,,https://musictonic.com/es/canciones-faciles-de-guitarra-para-principiantes/,"BPM, tonalidad y compases son sugerencias de practica adaptadas al limite de 12 compases y 4 subdivisiones; no es transcripcion exacta. V2 medio compas: '/' indica cambio al tiempo 3. La progresion_1acorde_compas queda como version ultra facil. V3 ritmica: 12 compases = 1-4 verso, 5-8 estribillo, 9-10 puente, 11 vuelta al estribillo, 12 final/corte. V4: CSV rehecho a 16 compases maximo y 8 subdivisiones por compas. | V6 confianza=alta. | APP_SAFE: slash chords simplificados a acorde base para evitar fallos de playback."
Si - directa,Meter ya,Nivel 1-2: acompanamiento con acordes abiertos/capo y patron simple.,205,Mariposa tecknicolor,Fito Páez,ES,Pop rock,2,52,78,4/4,pop/rock binario,8,1 & 2 & 3 & 4 &,G,0,EADGBE,G; D; Em; C,4,D - D U - U D U,D D - U D U - U,D - D - D U D U,D - - - - - - -,D - D U - U D U,D=abajo; U=arriba; -=silencio/no golpe; x=apagado si aparece,D,-,D,U,-,U,D,U,G [D - D U - U D U],D [D - D U - U D U],Em [D - D U - U D U],C [D - D U - U D U],,,,,,,,,,,,,G G G G G G G G,D D D D D D D D,Em Em Em Em Em Em Em Em,C C C C C C C C,,,,,,,,,,,,,D - D U - U D U,D - D U - U D U,D - D U - U D U,D - D U - U D U,,,,,,,,,,,,,G | D | Em | C,acompanamiento_v6_musical_simplificado,"cambios reales de acordes, groove y estructura corta reconocible",V6: max 16 compases; subdivision max 8; no se rellenan compases vacios; 12/8 se trata como shuffle en 4/4 por limite tecnico,no,0,,https://guitarraviva.com/canciones-faciles-en-guitarra/,"BPM, tonalidad y compases son sugerencias de practica adaptadas al limite de 12 compases y 4 subdivisiones; no es transcripcion exacta. V2 medio compas: '/' indica cambio al tiempo 3. La progresion_1acorde_compas queda como version ultra facil. V3 ritmica: 12 compases = 1-4 verso, 5-8 estribillo, 9-10 puente, 11 vuelta al estribillo, 12 final/corte. V4: CSV rehecho a 16 compases maximo y 8 subdivisiones por compas. | V6 confianza=alta. | APP_SAFE: slash chords simplificados a acorde base para evitar fallos de playback."
Si - directa,Meter ya,Nivel 1-2: acompanamiento con acordes abiertos/capo y patron simple.,206,Yo vengo a ofrecer mi corazón,Fito Páez,ES,Canción de autor,2,50,74,4/4,folk/acustico,8,1 & 2 & 3 & 4 &,C,0,EADGBE,C; G; Am; F,4,D - D U D - D U,D - D - D U D U,D - D U D - D U,D - - - - - - -,D - D U D - D U,D=abajo; U=arriba; -=silencio/no golpe; x=apagado si aparece,D,-,D,U,D,-,D,U,C [D - D U D - D U],G [D - D U D - D U],Am [D - D U D - D U],F [D - D U D - D U],,,,,,,,,,,,,C C C C C C C C,G G G G G G G G,Am Am Am Am Am Am Am Am,F F F F F F F F,,,,,,,,,,,,,D - D U D - D U,D - D U D - D U,D - D U D - D U,D - D U D - D U,,,,,,,,,,,,,C | G | Am | F,acompanamiento_v6_musical_simplificado,"cambios reales de acordes, groove y estructura corta reconocible",V6: max 16 compases; subdivision max 8; no se rellenan compases vacios; 12/8 se trata como shuffle en 4/4 por limite tecnico,no,0,,https://guitarrasinlimites.com/acordes/40-canciones-faciles-para-tocar-en-guitarra/,"BPM, tonalidad y compases son sugerencias de practica adaptadas al limite de 12 compases y 4 subdivisiones; no es transcripcion exacta. V2 medio compas: '/' indica cambio al tiempo 3. La progresion_1acorde_compas queda como version ultra facil. V3 ritmica: 12 compases = 1-4 verso, 5-8 estribillo, 9-10 puente, 11 vuelta al estribillo, 12 final/corte. V4: CSV rehecho a 16 compases maximo y 8 subdivisiones por compas. | V6 confianza=alta. | APP_SAFE: slash chords simplificados a acorde base para evitar fallos de playback."
Si - directa,Meter ya,Nivel 1-2: acompanamiento con acordes abiertos/capo y patron simple.,207,Dar es dar,Fito Páez,ES,Pop rock,2,56,82,4/4,pop/rock binario,8,1 & 2 & 3 & 4 &,G,0,EADGBE,G; D; Em; C,4,D - D U - U D U,D D - U D U - U,D - D - D U D U,D - - - - - - -,D - D U - U D U,D=abajo; U=arriba; -=silencio/no golpe; x=apagado si aparece,D,-,D,U,-,U,D,U,G [D - D U - U D U],D [D - D U - U D U],Em [D - D U - U D U],C [D - D U - U D U],,,,,,,,,,,,,G G G G G G G G,D D D D D D D D,Em Em Em Em Em Em Em Em,C C C C C C C C,,,,,,,,,,,,,D - D U - U D U,D - D U - U D U,D - D U - U D U,D - D U - U D U,,,,,,,,,,,,,G | D | Em | C,acompanamiento_v6_musical_simplificado,"cambios reales de acordes, groove y estructura corta reconocible",V6: max 16 compases; subdivision max 8; no se rellenan compases vacios; 12/8 se trata como shuffle en 4/4 por limite tecnico,no,0,,https://creatumusica.art/canciones-faciles-en-guitarra/,"BPM, tonalidad y compases son sugerencias de practica adaptadas al limite de 12 compases y 4 subdivisiones; no es transcripcion exacta. V2 medio compas: '/' indica cambio al tiempo 3. La progresion_1acorde_compas queda como version ultra facil. V3 ritmica: 12 compases = 1-4 verso, 5-8 estribillo, 9-10 puente, 11 vuelta al estribillo, 12 final/corte. V4: CSV rehecho a 16 compases maximo y 8 subdivisiones por compas. | V6 confianza=alta. | APP_SAFE: slash chords simplificados a acorde base para evitar fallos de playback."
Si - directa,Meter ya,Nivel 1-2: acompanamiento con acordes abiertos/capo y patron simple.,208,11 y 6,Fito Páez,ES,Pop / balada,2,48,78,4/4,balada 4/4,8,1 & 2 & 3 & 4 &,C,0,EADGBE,C; G; Am; F,4,D - - U D - D U,D - - U - U D -,D - - U D - D U,D - - - - - - -,D - - U D - D U,D=abajo; U=arriba; -=silencio/no golpe; x=apagado si aparece,D,-,-,U,D,-,D,U,C [D - - U D - D U],G [D - - U D - D U],Am [D - - U D - D U],F [D - - U D - D U],,,,,,,,,,,,,C C C C C C C C,G G G G G G G G,Am Am Am Am Am Am Am Am,F F F F F F F F,,,,,,,,,,,,,D - - U D - D U,D - - U D - D U,D - - U D - D U,D - - U D - D U,,,,,,,,,,,,,C | G | Am | F,acompanamiento_v6_musical_simplificado,"cambios reales de acordes, groove y estructura corta reconocible",V6: max 16 compases; subdivision max 8; no se rellenan compases vacios; 12/8 se trata como shuffle en 4/4 por limite tecnico,no,0,,https://www.enchufalaguitarra.com/2019/01/30-canciones-faciles-guitarra-espanola-acustica.html,"BPM, tonalidad y compases son sugerencias de practica adaptadas al limite de 12 compases y 4 subdivisiones; no es transcripcion exacta. V2 medio compas: '/' indica cambio al tiempo 3. La progresion_1acorde_compas queda como version ultra facil. V3 ritmica: 12 compases = 1-4 verso, 5-8 estribillo, 9-10 puente, 11 vuelta al estribillo, 12 final/corte. V4: CSV rehecho a 16 compases maximo y 8 subdivisiones por compas. | V6 confianza=alta. | APP_SAFE: slash chords simplificados a acorde base para evitar fallos de playback."
Si - directa,Meter ya,Nivel 1-2: acompanamiento con acordes abiertos/capo y patron simple.,209,El amor después del amor,Fito Páez,ES,Pop rock,2,54,78,4/4,pop/rock binario,8,1 & 2 & 3 & 4 &,G,0,EADGBE,G; D; Em; C,4,D - D U - U D U,D D - U D U - U,D - D - D U D U,D - - - - - - -,D - D U - U D U,D=abajo; U=arriba; -=silencio/no golpe; x=apagado si aparece,D,-,D,U,-,U,D,U,G [D - D U - U D U],D [D - D U - U D U],Em [D - D U - U D U],C [D - D U - U D U],,,,,,,,,,,,,G G G G G G G G,D D D D D D D D,Em Em Em Em Em Em Em Em,C C C C C C C C,,,,,,,,,,,,,D - D U - U D U,D - D U - U D U,D - D U - U D U,D - D U - U D U,,,,,,,,,,,,,G | D | Em | C,acompanamiento_v6_musical_simplificado,"cambios reales de acordes, groove y estructura corta reconocible",V6: max 16 compases; subdivision max 8; no se rellenan compases vacios; 12/8 se trata como shuffle en 4/4 por limite tecnico,no,0,,https://musictonic.com/es/canciones-faciles-de-guitarra-para-principiantes/,"BPM, tonalidad y compases son sugerencias de practica adaptadas al limite de 12 compases y 4 subdivisiones; no es transcripcion exacta. V2 medio compas: '/' indica cambio al tiempo 3. La progresion_1acorde_compas queda como version ultra facil. V3 ritmica: 12 compases = 1-4 verso, 5-8 estribillo, 9-10 puente, 11 vuelta al estribillo, 12 final/corte. V4: CSV rehecho a 16 compases maximo y 8 subdivisiones por compas. | V6 confianza=alta. | APP_SAFE: slash chords simplificados a acorde base para evitar fallos de playback."
Si - directa,Meter ya,Nivel 1-2: acompanamiento con acordes abiertos/capo y patron simple.,210,Los dinosaurios,Charly García,ES,Canción de autor,2,52,74,4/4,balada 4/4,8,1 & 2 & 3 & 4 &,C,0,EADGBE,C; G; Am; F,4,D - - U D - D U,D - - U - U D -,D - - U D - D U,D - - - - - - -,D - - U D - D U,D=abajo; U=arriba; -=silencio/no golpe; x=apagado si aparece,D,-,-,U,D,-,D,U,C [D - - U D - D U],G [D - - U D - D U],Am [D - - U D - D U],F [D - - U D - D U],,,,,,,,,,,,,C C C C C C C C,G G G G G G G G,Am Am Am Am Am Am Am Am,F F F F F F F F,,,,,,,,,,,,,D - - U D - D U,D - - U D - D U,D - - U D - D U,D - - U D - D U,,,,,,,,,,,,,C | G | Am | F,acompanamiento_v6_musical_simplificado,"cambios reales de acordes, groove y estructura corta reconocible",V6: max 16 compases; subdivision max 8; no se rellenan compases vacios; 12/8 se trata como shuffle en 4/4 por limite tecnico,no,0,,https://guitarraviva.com/canciones-faciles-en-guitarra/,"BPM, tonalidad y compases son sugerencias de practica adaptadas al limite de 12 compases y 4 subdivisiones; no es transcripcion exacta. V2 medio compas: '/' indica cambio al tiempo 3. La progresion_1acorde_compas queda como version ultra facil. V3 ritmica: 12 compases = 1-4 verso, 5-8 estribillo, 9-10 puente, 11 vuelta al estribillo, 12 final/corte. V4: CSV rehecho a 16 compases maximo y 8 subdivisiones por compas. | V6 confianza=alta. | APP_SAFE: slash chords simplificados a acorde base para evitar fallos de playback."
Si - directa,Meter ya,Nivel 1-2: acompanamiento con acordes abiertos/capo y patron simple.,211,Promesas sobre el bidet,Charly García,ES,Pop rock,2,50,80,4/4,balada 4/4,8,1 & 2 & 3 & 4 &,C,0,EADGBE,C; G; Am; F,4,D - - U D - D U,D - - U - U D -,D - - U D - D U,D - - - - - - -,D - - U D - D U,D=abajo; U=arriba; -=silencio/no golpe; x=apagado si aparece,D,-,-,U,D,-,D,U,C [D - - U D - D U],G [D - - U D - D U],Am [D - - U D - D U],F [D - - U D - D U],,,,,,,,,,,,,C C C C C C C C,G G G G G G G G,Am Am Am Am Am Am Am Am,F F F F F F F F,,,,,,,,,,,,,D - - U D - D U,D - - U D - D U,D - - U D - D U,D - - U D - D U,,,,,,,,,,,,,C | G | Am | F,acompanamiento_v6_musical_simplificado,"cambios reales de acordes, groove y estructura corta reconocible",V6: max 16 compases; subdivision max 8; no se rellenan compases vacios; 12/8 se trata como shuffle en 4/4 por limite tecnico,no,0,,https://guitarrasinlimites.com/acordes/40-canciones-faciles-para-tocar-en-guitarra/,"BPM, tonalidad y compases son sugerencias de practica adaptadas al limite de 12 compases y 4 subdivisiones; no es transcripcion exacta. V2 medio compas: '/' indica cambio al tiempo 3. La progresion_1acorde_compas queda como version ultra facil. V3 ritmica: 12 compases = 1-4 verso, 5-8 estribillo, 9-10 puente, 11 vuelta al estribillo, 12 final/corte. V4: CSV rehecho a 16 compases maximo y 8 subdivisiones por compas. | V6 confianza=alta. | APP_SAFE: slash chords simplificados a acorde base para evitar fallos de playback."
Si - directa,Meter ya,Nivel 1-2: acompanamiento con acordes abiertos/capo y patron simple.,212,Cerca de la revolución,Charly García,ES,Rock en espanol,2,60,92,4/4,rock binario,8,1 & 2 & 3 & 4 &,Em,0,EADGBE,Em; C; G; D,4,D D - U D U - U,D D D D D D D D,D D - U D U - U,D - - - - - - -,D D - U D U - U,D=abajo; U=arriba; -=silencio/no golpe; x=apagado si aparece,D,D,-,U,D,U,-,U,Em [D D - U D U - U],C [D D - U D U - U],G [D D - U D U - U],D [D D - U D U - U],,,,,,,,,,,,,Em Em Em Em Em Em Em Em,C C C C C C C C,G G G G G G G G,D D D D D D D D,,,,,,,,,,,,,D D - U D U - U,D D - U D U - U,D D - U D U - U,D D - U D U - U,,,,,,,,,,,,,Em | C | G | D,acompanamiento_v6_musical_simplificado,"cambios reales de acordes, groove y estructura corta reconocible",V6: max 16 compases; subdivision max 8; no se rellenan compases vacios; 12/8 se trata como shuffle en 4/4 por limite tecnico,no,0,,https://creatumusica.art/canciones-faciles-en-guitarra/,"BPM, tonalidad y compases son sugerencias de practica adaptadas al limite de 12 compases y 4 subdivisiones; no es transcripcion exacta. V2 medio compas: '/' indica cambio al tiempo 3. La progresion_1acorde_compas queda como version ultra facil. V3 ritmica: 12 compases = 1-4 verso, 5-8 estribillo, 9-10 puente, 11 vuelta al estribillo, 12 final/corte. V4: CSV rehecho a 16 compases maximo y 8 subdivisiones por compas. | V6 confianza=alta. | APP_SAFE: slash chords simplificados a acorde base para evitar fallos de playback."
Si - directa,Meter ya,Nivel 1-2: acompanamiento con acordes abiertos/capo y patron simple.,213,Inconsciente colectivo,Charly García,ES,Canción de autor,2,54,74,4/4,balada 4/4,8,1 & 2 & 3 & 4 &,G,0,EADGBE,G; D; Em; C,4,D - - U D - D U,D - - U - U D -,D - - U D - D U,D - - - - - - -,D - - U D - D U,D=abajo; U=arriba; -=silencio/no golpe; x=apagado si aparece,D,-,-,U,D,-,D,U,G [D - - U D - D U],D [D - - U D - D U],Em [D - - U D - D U],C [D - - U D - D U],,,,,,,,,,,,,G G G G G G G G,D D D D D D D D,Em Em Em Em Em Em Em Em,C C C C C C C C,,,,,,,,,,,,,D - - U D - D U,D - - U D - D U,D - - U D - D U,D - - U D - D U,,,,,,,,,,,,,G | D | Em | C,acompanamiento_v6_musical_simplificado,"cambios reales de acordes, groove y estructura corta reconocible",V6: max 16 compases; subdivision max 8; no se rellenan compases vacios; 12/8 se trata como shuffle en 4/4 por limite tecnico,no,0,,https://www.enchufalaguitarra.com/2019/01/30-canciones-faciles-guitarra-espanola-acustica.html,"BPM, tonalidad y compases son sugerencias de practica adaptadas al limite de 12 compases y 4 subdivisiones; no es transcripcion exacta. V2 medio compas: '/' indica cambio al tiempo 3. La progresion_1acorde_compas queda como version ultra facil. V3 ritmica: 12 compases = 1-4 verso, 5-8 estribillo, 9-10 puente, 11 vuelta al estribillo, 12 final/corte. V4: CSV rehecho a 16 compases maximo y 8 subdivisiones por compas. | V6 confianza=alta. | APP_SAFE: slash chords simplificados a acorde base para evitar fallos de playback."
Si - directa,Meter ya,Nivel 1-2: acompanamiento con acordes abiertos/capo y patron simple.,214,Canción para mi muerte,Sui Generis,ES,Folk rock,1,48,74,4/4,folk/acustico,8,1 & 2 & 3 & 4 &,G,0,EADGBE,G; C; D; Em,4,D - D U D - D U,D - D - D U D U,D - D U D - D U,D - - - - - - -,D - D U D - D U,D=abajo; U=arriba; -=silencio/no golpe; x=apagado si aparece,D,-,D,U,D,-,D,U,G [D - D U D - D U],C [D - D U D - D U],D [D - D U D - D U],Em [D - D U D - D U],,,,,,,,,,,,,G G G G G G G G,C C C C C C C C,D D D D D D D D,Em Em Em Em Em Em Em Em,,,,,,,,,,,,,D - D U D - D U,D - D U D - D U,D - D U D - D U,D - D U D - D U,,,,,,,,,,,,,G | C | D | Em,acompanamiento_v6_musical_simplificado,"cambios reales de acordes, groove y estructura corta reconocible",V6: max 16 compases; subdivision max 8; no se rellenan compases vacios; 12/8 se trata como shuffle en 4/4 por limite tecnico,no,0,,https://musictonic.com/es/canciones-faciles-de-guitarra-para-principiantes/,"BPM, tonalidad y compases son sugerencias de practica adaptadas al limite de 12 compases y 4 subdivisiones; no es transcripcion exacta. V2 medio compas: '/' indica cambio al tiempo 3. La progresion_1acorde_compas queda como version ultra facil. V3 ritmica: 12 compases = 1-4 verso, 5-8 estribillo, 9-10 puente, 11 vuelta al estribillo, 12 final/corte. V4: CSV rehecho a 16 compases maximo y 8 subdivisiones por compas. | V6 confianza=alta. | APP_SAFE: slash chords simplificados a acorde base para evitar fallos de playback."
Si - directa,Meter ya,Nivel 1-2: acompanamiento con acordes abiertos/capo y patron simple.,215,Rasguña las piedras,Sui Generis,ES,Rock / balada,2,52,78,4/4,balada 4/4,8,1 & 2 & 3 & 4 &,G,0,EADGBE,G; D; Em; C,4,D - - U D - D U,D - - U - U D -,D - - U D - D U,D - - - - - - -,D - - U D - D U,D=abajo; U=arriba; -=silencio/no golpe; x=apagado si aparece,D,-,-,U,D,-,D,U,G [D - - U D - D U],D [D - - U D - D U],Em [D - - U D - D U],C [D - - U D - D U],,,,,,,,,,,,,G G G G G G G G,D D D D D D D D,Em Em Em Em Em Em Em Em,C C C C C C C C,,,,,,,,,,,,,D - - U D - D U,D - - U D - D U,D - - U D - D U,D - - U D - D U,,,,,,,,,,,,,G | D | Em | C,acompanamiento_v6_musical_simplificado,"cambios reales de acordes, groove y estructura corta reconocible",V6: max 16 compases; subdivision max 8; no se rellenan compases vacios; 12/8 se trata como shuffle en 4/4 por limite tecnico,no,0,,https://guitarraviva.com/canciones-faciles-en-guitarra/,"BPM, tonalidad y compases son sugerencias de practica adaptadas al limite de 12 compases y 4 subdivisiones; no es transcripcion exacta. V2 medio compas: '/' indica cambio al tiempo 3. La progresion_1acorde_compas queda como version ultra facil. V3 ritmica: 12 compases = 1-4 verso, 5-8 estribillo, 9-10 puente, 11 vuelta al estribillo, 12 final/corte. V4: CSV rehecho a 16 compases maximo y 8 subdivisiones por compas. | V6 confianza=alta. | APP_SAFE: slash chords simplificados a acorde base para evitar fallos de playback."
Si - directa,Meter ya,Nivel 1-2: acompanamiento con acordes abiertos/capo y patron simple.,216,Aprendizaje,Sui Generis,ES,Folk rock,1,52,78,4/4,folk/acustico,8,1 & 2 & 3 & 4 &,G,0,EADGBE,G; C; D; Em,4,D - D U D - D U,D - D - D U D U,D - D U D - D U,D - - - - - - -,D - D U D - D U,D=abajo; U=arriba; -=silencio/no golpe; x=apagado si aparece,D,-,D,U,D,-,D,U,G [D - D U D - D U],C [D - D U D - D U],D [D - D U D - D U],Em [D - D U D - D U],,,,,,,,,,,,,G G G G G G G G,C C C C C C C C,D D D D D D D D,Em Em Em Em Em Em Em Em,,,,,,,,,,,,,D - D U D - D U,D - D U D - D U,D - D U D - D U,D - D U D - D U,,,,,,,,,,,,,G | C | D | Em,acompanamiento_v6_musical_simplificado,"cambios reales de acordes, groove y estructura corta reconocible",V6: max 16 compases; subdivision max 8; no se rellenan compases vacios; 12/8 se trata como shuffle en 4/4 por limite tecnico,no,0,,https://guitarrasinlimites.com/acordes/40-canciones-faciles-para-tocar-en-guitarra/,"BPM, tonalidad y compases son sugerencias de practica adaptadas al limite de 12 compases y 4 subdivisiones; no es transcripcion exacta. V2 medio compas: '/' indica cambio al tiempo 3. La progresion_1acorde_compas queda como version ultra facil. V3 ritmica: 12 compases = 1-4 verso, 5-8 estribillo, 9-10 puente, 11 vuelta al estribillo, 12 final/corte. V4: CSV rehecho a 16 compases maximo y 8 subdivisiones por compas. | V6 confianza=alta. | APP_SAFE: slash chords simplificados a acorde base para evitar fallos de playback."
Si - directa,Meter ya,Nivel 1-2: acompanamiento con acordes abiertos/capo y patron simple.,217,El fantasma de Canterville,León Gieco,ES,Folk rock,1,48,72,4/4,folk/acustico,8,1 & 2 & 3 & 4 &,G,0,EADGBE,G; C; D; Em,4,D - D U D - D U,D - D - D U D U,D - D U D - D U,D - - - - - - -,D - D U D - D U,D=abajo; U=arriba; -=silencio/no golpe; x=apagado si aparece,D,-,D,U,D,-,D,U,G [D - D U D - D U],C [D - D U D - D U],D [D - D U D - D U],Em [D - D U D - D U],,,,,,,,,,,,,G G G G G G G G,C C C C C C C C,D D D D D D D D,Em Em Em Em Em Em Em Em,,,,,,,,,,,,,D - D U D - D U,D - D U D - D U,D - D U D - D U,D - D U D - D U,,,,,,,,,,,,,G | C | D | Em,acompanamiento_v6_musical_simplificado,"cambios reales de acordes, groove y estructura corta reconocible",V6: max 16 compases; subdivision max 8; no se rellenan compases vacios; 12/8 se trata como shuffle en 4/4 por limite tecnico,no,0,,https://creatumusica.art/canciones-faciles-en-guitarra/,"BPM, tonalidad y compases son sugerencias de practica adaptadas al limite de 12 compases y 4 subdivisiones; no es transcripcion exacta. V2 medio compas: '/' indica cambio al tiempo 3. La progresion_1acorde_compas queda como version ultra facil. V3 ritmica: 12 compases = 1-4 verso, 5-8 estribillo, 9-10 puente, 11 vuelta al estribillo, 12 final/corte. V4: CSV rehecho a 16 compases maximo y 8 subdivisiones por compas. | V6 confianza=alta. | APP_SAFE: slash chords simplificados a acorde base para evitar fallos de playback."
Si - directa,Meter ya,Nivel 1-2: acompanamiento con acordes abiertos/capo y patron simple.,218,Sólo le pido a Dios,León Gieco,ES,Canción de autor,2,50,74,4/4,folk/acustico,8,1 & 2 & 3 & 4 &,C,0,EADGBE,C; G; Am; F,4,D - D U D - D U,D - D - D U D U,D - D U D - D U,D - - - - - - -,D - D U D - D U,D=abajo; U=arriba; -=silencio/no golpe; x=apagado si aparece,D,-,D,U,D,-,D,U,C [D - D U D - D U],G [D - D U D - D U],Am [D - D U D - D U],F [D - D U D - D U],,,,,,,,,,,,,C C C C C C C C,G G G G G G G G,Am Am Am Am Am Am Am Am,F F F F F F F F,,,,,,,,,,,,,D - D U D - D U,D - D U D - D U,D - D U D - D U,D - D U D - D U,,,,,,,,,,,,,C | G | Am | F,acompanamiento_v6_musical_simplificado,"cambios reales de acordes, groove y estructura corta reconocible",V6: max 16 compases; subdivision max 8; no se rellenan compases vacios; 12/8 se trata como shuffle en 4/4 por limite tecnico,no,0,,https://www.enchufalaguitarra.com/2019/01/30-canciones-faciles-guitarra-espanola-acustica.html,"BPM, tonalidad y compases son sugerencias de practica adaptadas al limite de 12 compases y 4 subdivisiones; no es transcripcion exacta. V2 medio compas: '/' indica cambio al tiempo 3. La progresion_1acorde_compas queda como version ultra facil. V3 ritmica: 12 compases = 1-4 verso, 5-8 estribillo, 9-10 puente, 11 vuelta al estribillo, 12 final/corte. V4: CSV rehecho a 16 compases maximo y 8 subdivisiones por compas. | V6 confianza=alta. | APP_SAFE: slash chords simplificados a acorde base para evitar fallos de playback."
Si - directa,Meter ya,Nivel 1-2: acompanamiento con acordes abiertos/capo y patron simple.,219,La memoria,León Gieco,ES,Canción de autor,2,54,78,4/4,folk/acustico,8,1 & 2 & 3 & 4 &,G,0,EADGBE,G; D; Em; C,4,D - D U D - D U,D - D - D U D U,D - D U D - D U,D - - - - - - -,D - D U D - D U,D=abajo; U=arriba; -=silencio/no golpe; x=apagado si aparece,D,-,D,U,D,-,D,U,G [D - D U D - D U],D [D - D U D - D U],Em [D - D U D - D U],C [D - D U D - D U],,,,,,,,,,,,,G G G G G G G G,D D D D D D D D,Em Em Em Em Em Em Em Em,C C C C C C C C,,,,,,,,,,,,,D - D U D - D U,D - D U D - D U,D - D U D - D U,D - D U D - D U,,,,,,,,,,,,,G | D | Em | C,acompanamiento_v6_musical_simplificado,"cambios reales de acordes, groove y estructura corta reconocible",V6: max 16 compases; subdivision max 8; no se rellenan compases vacios; 12/8 se trata como shuffle en 4/4 por limite tecnico,no,0,,https://musictonic.com/es/canciones-faciles-de-guitarra-para-principiantes/,"BPM, tonalidad y compases son sugerencias de practica adaptadas al limite de 12 compases y 4 subdivisiones; no es transcripcion exacta. V2 medio compas: '/' indica cambio al tiempo 3. La progresion_1acorde_compas queda como version ultra facil. V3 ritmica: 12 compases = 1-4 verso, 5-8 estribillo, 9-10 puente, 11 vuelta al estribillo, 12 final/corte. V4: CSV rehecho a 16 compases maximo y 8 subdivisiones por compas. | V6 confianza=alta. | APP_SAFE: slash chords simplificados a acorde base para evitar fallos de playback."
Si - directa,Meter ya,Nivel 1-2: acompanamiento con acordes abiertos/capo y patron simple.,220,Color esperanza,Diego Torres,ES,Pop latino,2,52,84,4/4,latin/rumba pop,8,1 & 2 & 3 & 4 &,G,0,EADGBE,G; D; Em; C,4,D - U - D U - U,D - D U - U D U,D - U - D U - U,D - - - - - - -,D - U - D U - U,D=abajo; U=arriba; -=silencio/no golpe; x=apagado si aparece,D,-,U,-,D,U,-,U,G [D - U - D U - U],D [D - U - D U - U],Em [D - U - D U - U],C [D - U - D U - U],,,,,,,,,,,,,G G G G G G G G,D D D D D D D D,Em Em Em Em Em Em Em Em,C C C C C C C C,,,,,,,,,,,,,D - U - D U - U,D - U - D U - U,D - U - D U - U,D - U - D U - U,,,,,,,,,,,,,G | D | Em | C,acompanamiento_v6_musical_simplificado,"cambios reales de acordes, groove y estructura corta reconocible",V6: max 16 compases; subdivision max 8; no se rellenan compases vacios; 12/8 se trata como shuffle en 4/4 por limite tecnico,no,0,,https://guitarraviva.com/canciones-faciles-en-guitarra/,"BPM, tonalidad y compases son sugerencias de practica adaptadas al limite de 12 compases y 4 subdivisiones; no es transcripcion exacta. V2 medio compas: '/' indica cambio al tiempo 3. La progresion_1acorde_compas queda como version ultra facil. V3 ritmica: 12 compases = 1-4 verso, 5-8 estribillo, 9-10 puente, 11 vuelta al estribillo, 12 final/corte. V4: CSV rehecho a 16 compases maximo y 8 subdivisiones por compas. | V6 confianza=alta. | APP_SAFE: slash chords simplificados a acorde base para evitar fallos de playback."
Si - directa,Meter ya,Nivel 1-2: acompanamiento con acordes abiertos/capo y patron simple.,221,Tratar de estar mejor,Diego Torres,ES,Pop latino,2,52,76,4/4,latin/rumba pop,8,1 & 2 & 3 & 4 &,C,0,EADGBE,C; G; Am; F,4,D - U - D U - U,D - D U - U D U,D - U - D U - U,D - - - - - - -,D - U - D U - U,D=abajo; U=arriba; -=silencio/no golpe; x=apagado si aparece,D,-,U,-,D,U,-,U,C [D - U - D U - U],G [D - U - D U - U],Am [D - U - D U - U],F [D - U - D U - U],,,,,,,,,,,,,C C C C C C C C,G G G G G G G G,Am Am Am Am Am Am Am Am,F F F F F F F F,,,,,,,,,,,,,D - U - D U - U,D - U - D U - U,D - U - D U - U,D - U - D U - U,,,,,,,,,,,,,C | G | Am | F,acompanamiento_v6_musical_simplificado,"cambios reales de acordes, groove y estructura corta reconocible",V6: max 16 compases; subdivision max 8; no se rellenan compases vacios; 12/8 se trata como shuffle en 4/4 por limite tecnico,no,0,,https://guitarrasinlimites.com/acordes/40-canciones-faciles-para-tocar-en-guitarra/,"BPM, tonalidad y compases son sugerencias de practica adaptadas al limite de 12 compases y 4 subdivisiones; no es transcripcion exacta. V2 medio compas: '/' indica cambio al tiempo 3. La progresion_1acorde_compas queda como version ultra facil. V3 ritmica: 12 compases = 1-4 verso, 5-8 estribillo, 9-10 puente, 11 vuelta al estribillo, 12 final/corte. V4: CSV rehecho a 16 compases maximo y 8 subdivisiones por compas. | V6 confianza=alta. | APP_SAFE: slash chords simplificados a acorde base para evitar fallos de playback."
Si - directa,Meter ya,Nivel 1-2: acompanamiento con acordes abiertos/capo y patron simple.,222,Mediterráneo,Joan Manuel Serrat,ES,Canción de autor,2,52,74,4/4,folk/acustico,8,1 & 2 & 3 & 4 &,C,0,EADGBE,C; G; Am; F,4,D - D U D - D U,D - D - D U D U,D - D U D - D U,D - - - - - - -,D - D U D - D U,D=abajo; U=arriba; -=silencio/no golpe; x=apagado si aparece,D,-,D,U,D,-,D,U,C [D - D U D - D U],G [D - D U D - D U],Am [D - D U D - D U],F [D - D U D - D U],,,,,,,,,,,,,C C C C C C C C,G G G G G G G G,Am Am Am Am Am Am Am Am,F F F F F F F F,,,,,,,,,,,,,D - D U D - D U,D - D U D - D U,D - D U D - D U,D - D U D - D U,,,,,,,,,,,,,C | G | Am | F,acompanamiento_v6_musical_simplificado,"cambios reales de acordes, groove y estructura corta reconocible",V6: max 16 compases; subdivision max 8; no se rellenan compases vacios; 12/8 se trata como shuffle en 4/4 por limite tecnico,no,0,,https://creatumusica.art/canciones-faciles-en-guitarra/,"BPM, tonalidad y compases son sugerencias de practica adaptadas al limite de 12 compases y 4 subdivisiones; no es transcripcion exacta. V2 medio compas: '/' indica cambio al tiempo 3. La progresion_1acorde_compas queda como version ultra facil. V3 ritmica: 12 compases = 1-4 verso, 5-8 estribillo, 9-10 puente, 11 vuelta al estribillo, 12 final/corte. V4: CSV rehecho a 16 compases maximo y 8 subdivisiones por compas. | V6 confianza=alta. | APP_SAFE: slash chords simplificados a acorde base para evitar fallos de playback."
Si - directa,Meter ya,Nivel 1-2: acompanamiento con acordes abiertos/capo y patron simple.,223,Penélope,Joan Manuel Serrat,ES,Canción de autor,2,50,78,4/4,balada 4/4,8,1 & 2 & 3 & 4 &,G,0,EADGBE,G; D; Em; C,4,D - - U D - D U,D - - U - U D -,D - - U D - D U,D - - - - - - -,D - - U D - D U,D=abajo; U=arriba; -=silencio/no golpe; x=apagado si aparece,D,-,-,U,D,-,D,U,G [D - - U D - D U],D [D - - U D - D U],Em [D - - U D - D U],C [D - - U D - D U],,,,,,,,,,,,,G G G G G G G G,D D D D D D D D,Em Em Em Em Em Em Em Em,C C C C C C C C,,,,,,,,,,,,,D - - U D - D U,D - - U D - D U,D - - U D - D U,D - - U D - D U,,,,,,,,,,,,,G | D | Em | C,acompanamiento_v6_musical_simplificado,"cambios reales de acordes, groove y estructura corta reconocible",V6: max 16 compases; subdivision max 8; no se rellenan compases vacios; 12/8 se trata como shuffle en 4/4 por limite tecnico,no,0,,https://www.enchufalaguitarra.com/2019/01/30-canciones-faciles-guitarra-espanola-acustica.html,"BPM, tonalidad y compases son sugerencias de practica adaptadas al limite de 12 compases y 4 subdivisiones; no es transcripcion exacta. V2 medio compas: '/' indica cambio al tiempo 3. La progresion_1acorde_compas queda como version ultra facil. V3 ritmica: 12 compases = 1-4 verso, 5-8 estribillo, 9-10 puente, 11 vuelta al estribillo, 12 final/corte. V4: CSV rehecho a 16 compases maximo y 8 subdivisiones por compas. | V6 confianza=alta. | APP_SAFE: slash chords simplificados a acorde base para evitar fallos de playback."
Si - directa,Meter ya,Nivel 1-2: acompanamiento con acordes abiertos/capo y patron simple.,224,Cantares,Joan Manuel Serrat,ES,Canción de autor,1,50,78,4/4,folk/acustico,8,1 & 2 & 3 & 4 &,G,0,EADGBE,G; C; D; Em,4,D - D U D - D U,D - D - D U D U,D - D U D - D U,D - - - - - - -,D - D U D - D U,D=abajo; U=arriba; -=silencio/no golpe; x=apagado si aparece,D,-,D,U,D,-,D,U,G [D - D U D - D U],C [D - D U D - D U],D [D - D U D - D U],Em [D - D U D - D U],,,,,,,,,,,,,G G G G G G G G,C C C C C C C C,D D D D D D D D,Em Em Em Em Em Em Em Em,,,,,,,,,,,,,D - D U D - D U,D - D U D - D U,D - D U D - D U,D - D U D - D U,,,,,,,,,,,,,G | C | D | Em,acompanamiento_v6_musical_simplificado,"cambios reales de acordes, groove y estructura corta reconocible",V6: max 16 compases; subdivision max 8; no se rellenan compases vacios; 12/8 se trata como shuffle en 4/4 por limite tecnico,no,0,,https://musictonic.com/es/canciones-faciles-de-guitarra-para-principiantes/,"BPM, tonalidad y compases son sugerencias de practica adaptadas al limite de 12 compases y 4 subdivisiones; no es transcripcion exacta. V2 medio compas: '/' indica cambio al tiempo 3. La progresion_1acorde_compas queda como version ultra facil. V3 ritmica: 12 compases = 1-4 verso, 5-8 estribillo, 9-10 puente, 11 vuelta al estribillo, 12 final/corte. V4: CSV rehecho a 16 compases maximo y 8 subdivisiones por compas. | V6 confianza=alta. | APP_SAFE: slash chords simplificados a acorde base para evitar fallos de playback."
Si - directa,Meter ya,Nivel 1-2: acompanamiento con acordes abiertos/capo y patron simple.,225,Lucía,Joan Manuel Serrat,ES,Canción de autor,2,52,72,4/4,balada 4/4,8,1 & 2 & 3 & 4 &,C,0,EADGBE,C; G; Am; F,4,D - - U D - D U,D - - U - U D -,D - - U D - D U,D - - - - - - -,D - - U D - D U,D=abajo; U=arriba; -=silencio/no golpe; x=apagado si aparece,D,-,-,U,D,-,D,U,C [D - - U D - D U],G [D - - U D - D U],Am [D - - U D - D U],F [D - - U D - D U],,,,,,,,,,,,,C C C C C C C C,G G G G G G G G,Am Am Am Am Am Am Am Am,F F F F F F F F,,,,,,,,,,,,,D - - U D - D U,D - - U D - D U,D - - U D - D U,D - - U D - D U,,,,,,,,,,,,,C | G | Am | F,acompanamiento_v6_musical_simplificado,"cambios reales de acordes, groove y estructura corta reconocible",V6: max 16 compases; subdivision max 8; no se rellenan compases vacios; 12/8 se trata como shuffle en 4/4 por limite tecnico,no,0,,https://guitarraviva.com/canciones-faciles-en-guitarra/,"BPM, tonalidad y compases son sugerencias de practica adaptadas al limite de 12 compases y 4 subdivisiones; no es transcripcion exacta. V2 medio compas: '/' indica cambio al tiempo 3. La progresion_1acorde_compas queda como version ultra facil. V3 ritmica: 12 compases = 1-4 verso, 5-8 estribillo, 9-10 puente, 11 vuelta al estribillo, 12 final/corte. V4: CSV rehecho a 16 compases maximo y 8 subdivisiones por compas. | V6 confianza=alta. | APP_SAFE: slash chords simplificados a acorde base para evitar fallos de playback."
Si - directa,Meter ya,Nivel 1-2: acompanamiento con acordes abiertos/capo y patron simple.,226,Y nos dieron las diez,Joaquín Sabina,ES,Canción de autor,2,52,80,4/4,rumba pop,8,1 & 2 & 3 & 4 &,G,0,EADGBE,G; D; Em; C,4,D - D U - U D U,D - U - D U - U,D - D U - U D U,D - - - - - - -,D - D U - U D U,D=abajo; U=arriba; -=silencio/no golpe; x=apagado si aparece,D,-,D,U,-,U,D,U,G [D - D U - U D U],D [D - D U - U D U],Em [D - D U - U D U],C [D - D U - U D U],,,,,,,,,,,,,G G G G G G G G,D D D D D D D D,Em Em Em Em Em Em Em Em,C C C C C C C C,,,,,,,,,,,,,D - D U - U D U,D - D U - U D U,D - D U - U D U,D - D U - U D U,,,,,,,,,,,,,G | D | Em | C,acompanamiento_v6_musical_simplificado,"cambios reales de acordes, groove y estructura corta reconocible",V6: max 16 compases; subdivision max 8; no se rellenan compases vacios; 12/8 se trata como shuffle en 4/4 por limite tecnico,no,0,,https://guitarrasinlimites.com/acordes/40-canciones-faciles-para-tocar-en-guitarra/,"BPM, tonalidad y compases son sugerencias de practica adaptadas al limite de 12 compases y 4 subdivisiones; no es transcripcion exacta. V2 medio compas: '/' indica cambio al tiempo 3. La progresion_1acorde_compas queda como version ultra facil. V3 ritmica: 12 compases = 1-4 verso, 5-8 estribillo, 9-10 puente, 11 vuelta al estribillo, 12 final/corte. V4: CSV rehecho a 16 compases maximo y 8 subdivisiones por compas. | V6 confianza=alta. | APP_SAFE: slash chords simplificados a acorde base para evitar fallos de playback."
Si - simplificada,F reducido,Muy reconocible; usar Fmaj7/mini-F y priorizar continuidad del pulso.,227,19 días y 500 noches,Joaquín Sabina,ES,Canción de autor / rumba,3,56,86,4/4,rumba pop,8,1 & 2 & 3 & 4 &,Am,0,EADGBE,Am; E; Dm; G; C; F,8,D - D U - U D U,D - U - D U - U,D - D U - U D U,D - - - - - - -,D - D U - U D U,D=abajo; U=arriba; -=silencio/no golpe; x=apagado si aparece,D,-,D,U,-,U,D,U,Am [D - D U - U D U],E [D - D U - U D U],Dm [D - D U - U D U],G [D - D U - U D U],C [D - U - D U - U],F [D - U - D U - U],E [D - U - D U - U],E [D - - - - - - -],,,,,,,,,Am Am Am Am Am Am Am Am,E E E E E E E E,Dm Dm Dm Dm Dm Dm Dm Dm,G G G G G G G G,C C C C C C C C,F F F F F F F F,E E E E E E E E,E E E E E E E E,,,,,,,,,D - D U - U D U,D - D U - U D U,D - D U - U D U,D - D U - U D U,D - U - D U - U,D - U - D U - U,D - U - D U - U,D - - - - - - -,,,,,,,,,Am | E | Dm | G | C | F | E | E,acompanamiento_v6_musical_simplificado,"cambios reales de acordes, groove y estructura corta reconocible",V6: max 16 compases; subdivision max 8; no se rellenan compases vacios; 12/8 se trata como shuffle en 4/4 por limite tecnico,no,0,,https://creatumusica.art/canciones-faciles-en-guitarra/,"BPM, tonalidad y compases son sugerencias de practica adaptadas al limite de 12 compases y 4 subdivisiones; no es transcripcion exacta. V2 medio compas: '/' indica cambio al tiempo 3. La progresion_1acorde_compas queda como version ultra facil. V3 ritmica: 12 compases = 1-4 verso, 5-8 estribillo, 9-10 puente, 11 vuelta al estribillo, 12 final/corte. V4: CSV rehecho a 16 compases maximo y 8 subdivisiones por compas. | V6 confianza=alta. | APP_SAFE: slash chords simplificados a acorde base para evitar fallos de playback."
Si - directa,Meter ya,Nivel 1-2: acompanamiento con acordes abiertos/capo y patron simple.,228,Contigo,Joaquín Sabina,ES,Canción de autor,2,52,78,4/4,balada 4/4,8,1 & 2 & 3 & 4 &,C,0,EADGBE,C; G; Am; F,4,D - - U D - D U,D - - U - U D -,D - - U D - D U,D - - - - - - -,D - - U D - D U,D=abajo; U=arriba; -=silencio/no golpe; x=apagado si aparece,D,-,-,U,D,-,D,U,C [D - - U D - D U],G [D - - U D - D U],Am [D - - U D - D U],F [D - - U D - D U],,,,,,,,,,,,,C C C C C C C C,G G G G G G G G,Am Am Am Am Am Am Am Am,F F F F F F F F,,,,,,,,,,,,,D - - U D - D U,D - - U D - D U,D - - U D - D U,D - - U D - D U,,,,,,,,,,,,,C | G | Am | F,acompanamiento_v6_musical_simplificado,"cambios reales de acordes, groove y estructura corta reconocible",V6: max 16 compases; subdivision max 8; no se rellenan compases vacios; 12/8 se trata como shuffle en 4/4 por limite tecnico,no,0,,https://www.enchufalaguitarra.com/2019/01/30-canciones-faciles-guitarra-espanola-acustica.html,"BPM, tonalidad y compases son sugerencias de practica adaptadas al limite de 12 compases y 4 subdivisiones; no es transcripcion exacta. V2 medio compas: '/' indica cambio al tiempo 3. La progresion_1acorde_compas queda como version ultra facil. V3 ritmica: 12 compases = 1-4 verso, 5-8 estribillo, 9-10 puente, 11 vuelta al estribillo, 12 final/corte. V4: CSV rehecho a 16 compases maximo y 8 subdivisiones por compas. | V6 confianza=alta. | APP_SAFE: slash chords simplificados a acorde base para evitar fallos de playback."
Si - directa,Meter ya,Nivel 1-2: acompanamiento con acordes abiertos/capo y patron simple.,229,Princesa,Joaquín Sabina,ES,Canción de autor,2,52,78,4/4,rumba pop,8,1 & 2 & 3 & 4 &,G,0,EADGBE,G; D; Em; C,4,D - D U - U D U,D - U - D U - U,D - D U - U D U,D - - - - - - -,D - D U - U D U,D=abajo; U=arriba; -=silencio/no golpe; x=apagado si aparece,D,-,D,U,-,U,D,U,G [D - D U - U D U],D [D - D U - U D U],Em [D - D U - U D U],C [D - D U - U D U],,,,,,,,,,,,,G G G G G G G G,D D D D D D D D,Em Em Em Em Em Em Em Em,C C C C C C C C,,,,,,,,,,,,,D - D U - U D U,D - D U - U D U,D - D U - U D U,D - D U - U D U,,,,,,,,,,,,,G | D | Em | C,acompanamiento_v6_musical_simplificado,"cambios reales de acordes, groove y estructura corta reconocible",V6: max 16 compases; subdivision max 8; no se rellenan compases vacios; 12/8 se trata como shuffle en 4/4 por limite tecnico,no,0,,https://musictonic.com/es/canciones-faciles-de-guitarra-para-principiantes/,"BPM, tonalidad y compases son sugerencias de practica adaptadas al limite de 12 compases y 4 subdivisiones; no es transcripcion exacta. V2 medio compas: '/' indica cambio al tiempo 3. La progresion_1acorde_compas queda como version ultra facil. V3 ritmica: 12 compases = 1-4 verso, 5-8 estribillo, 9-10 puente, 11 vuelta al estribillo, 12 final/corte. V4: CSV rehecho a 16 compases maximo y 8 subdivisiones por compas. | V6 confianza=alta. | APP_SAFE: slash chords simplificados a acorde base para evitar fallos de playback."
Si - directa,Meter ya,Nivel 1-2: acompanamiento con acordes abiertos/capo y patron simple.,230,Pongamos que hablo de Madrid,Joaquín Sabina,ES,Canción de autor,1,50,74,4/4,folk/acustico,8,1 & 2 & 3 & 4 &,G,0,EADGBE,G; C; D; Em,4,D - D U D - D U,D - D - D U D U,D - D U D - D U,D - - - - - - -,D - D U D - D U,D=abajo; U=arriba; -=silencio/no golpe; x=apagado si aparece,D,-,D,U,D,-,D,U,G [D - D U D - D U],C [D - D U D - D U],D [D - D U D - D U],Em [D - D U D - D U],,,,,,,,,,,,,G G G G G G G G,C C C C C C C C,D D D D D D D D,Em Em Em Em Em Em Em Em,,,,,,,,,,,,,D - D U D - D U,D - D U D - D U,D - D U D - D U,D - D U D - D U,,,,,,,,,,,,,G | C | D | Em,acompanamiento_v6_musical_simplificado,"cambios reales de acordes, groove y estructura corta reconocible",V6: max 16 compases; subdivision max 8; no se rellenan compases vacios; 12/8 se trata como shuffle en 4/4 por limite tecnico,no,0,,https://guitarraviva.com/canciones-faciles-en-guitarra/,"BPM, tonalidad y compases son sugerencias de practica adaptadas al limite de 12 compases y 4 subdivisiones; no es transcripcion exacta. V2 medio compas: '/' indica cambio al tiempo 3. La progresion_1acorde_compas queda como version ultra facil. V3 ritmica: 12 compases = 1-4 verso, 5-8 estribillo, 9-10 puente, 11 vuelta al estribillo, 12 final/corte. V4: CSV rehecho a 16 compases maximo y 8 subdivisiones por compas. | V6 confianza=alta. | APP_SAFE: slash chords simplificados a acorde base para evitar fallos de playback."
Si - directa,Meter ya,Nivel 1-2: acompanamiento con acordes abiertos/capo y patron simple.,231,Libre,Nino Bravo,ES,Pop / balada,2,52,76,4/4,pop/rock binario,8,1 & 2 & 3 & 4 &,C,0,EADGBE,C; G; Am; F,4,D - D U - U D U,D D - U D U - U,D - D - D U D U,D - - - - - - -,D - D U - U D U,D=abajo; U=arriba; -=silencio/no golpe; x=apagado si aparece,D,-,D,U,-,U,D,U,C [D - D U - U D U],G [D - D U - U D U],Am [D - D U - U D U],F [D - D U - U D U],,,,,,,,,,,,,C C C C C C C C,G G G G G G G G,Am Am Am Am Am Am Am Am,F F F F F F F F,,,,,,,,,,,,,D - D U - U D U,D - D U - U D U,D - D U - U D U,D - D U - U D U,,,,,,,,,,,,,C | G | Am | F,acompanamiento_v6_musical_simplificado,"cambios reales de acordes, groove y estructura corta reconocible",V6: max 16 compases; subdivision max 8; no se rellenan compases vacios; 12/8 se trata como shuffle en 4/4 por limite tecnico,no,0,,https://guitarrasinlimites.com/acordes/40-canciones-faciles-para-tocar-en-guitarra/,"BPM, tonalidad y compases son sugerencias de practica adaptadas al limite de 12 compases y 4 subdivisiones; no es transcripcion exacta. V2 medio compas: '/' indica cambio al tiempo 3. La progresion_1acorde_compas queda como version ultra facil. V3 ritmica: 12 compases = 1-4 verso, 5-8 estribillo, 9-10 puente, 11 vuelta al estribillo, 12 final/corte. V4: CSV rehecho a 16 compases maximo y 8 subdivisiones por compas. | V6 confianza=alta. | APP_SAFE: slash chords simplificados a acorde base para evitar fallos de playback."
Si - directa,Meter ya,Nivel 1-2: acompanamiento con acordes abiertos/capo y patron simple.,232,Un beso y una flor,Nino Bravo,ES,Pop / balada,2,50,80,4/4,pop/rock binario,8,1 & 2 & 3 & 4 &,G,0,EADGBE,G; D; Em; C,4,D - D U - U D U,D D - U D U - U,D - D - D U D U,D - - - - - - -,D - D U - U D U,D=abajo; U=arriba; -=silencio/no golpe; x=apagado si aparece,D,-,D,U,-,U,D,U,G [D - D U - U D U],D [D - D U - U D U],Em [D - D U - U D U],C [D - D U - U D U],,,,,,,,,,,,,G G G G G G G G,D D D D D D D D,Em Em Em Em Em Em Em Em,C C C C C C C C,,,,,,,,,,,,,D - D U - U D U,D - D U - U D U,D - D U - U D U,D - D U - U D U,,,,,,,,,,,,,G | D | Em | C,acompanamiento_v6_musical_simplificado,"cambios reales de acordes, groove y estructura corta reconocible",V6: max 16 compases; subdivision max 8; no se rellenan compases vacios; 12/8 se trata como shuffle en 4/4 por limite tecnico,no,0,,https://creatumusica.art/canciones-faciles-en-guitarra/,"BPM, tonalidad y compases son sugerencias de practica adaptadas al limite de 12 compases y 4 subdivisiones; no es transcripcion exacta. V2 medio compas: '/' indica cambio al tiempo 3. La progresion_1acorde_compas queda como version ultra facil. V3 ritmica: 12 compases = 1-4 verso, 5-8 estribillo, 9-10 puente, 11 vuelta al estribillo, 12 final/corte. V4: CSV rehecho a 16 compases maximo y 8 subdivisiones por compas. | V6 confianza=alta. | APP_SAFE: slash chords simplificados a acorde base para evitar fallos de playback."
Si - directa,Meter ya,Nivel 1-2: acompanamiento con acordes abiertos/capo y patron simple.,233,Resistiré,Dúo Dinámico,ES,Pop clásico,2,52,76,4/4,pop/rock binario,8,1 & 2 & 3 & 4 &,C,0,EADGBE,C; Am; F; G,4,D - D U - U D U,D D - U D U - U,D - D - D U D U,D - - - - - - -,D - D U - U D U,D=abajo; U=arriba; -=silencio/no golpe; x=apagado si aparece,D,-,D,U,-,U,D,U,C [D - D U - U D U],Am [D - D U - U D U],F [D - D U - U D U],G [D - D U - U D U],,,,,,,,,,,,,C C C C C C C C,Am Am Am Am Am Am Am Am,F F F F F F F F,G G G G G G G G,,,,,,,,,,,,,D - D U - U D U,D - D U - U D U,D - D U - U D U,D - D U - U D U,,,,,,,,,,,,,C | Am | F | G,acompanamiento_v6_musical_simplificado,"cambios reales de acordes, groove y estructura corta reconocible",V6: max 16 compases; subdivision max 8; no se rellenan compases vacios; 12/8 se trata como shuffle en 4/4 por limite tecnico,no,0,,https://www.enchufalaguitarra.com/2019/01/30-canciones-faciles-guitarra-espanola-acustica.html,"BPM, tonalidad y compases son sugerencias de practica adaptadas al limite de 12 compases y 4 subdivisiones; no es transcripcion exacta. V2 medio compas: '/' indica cambio al tiempo 3. La progresion_1acorde_compas queda como version ultra facil. V3 ritmica: 12 compases = 1-4 verso, 5-8 estribillo, 9-10 puente, 11 vuelta al estribillo, 12 final/corte. V4: CSV rehecho a 16 compases maximo y 8 subdivisiones por compas. | V6 confianza=alta. | APP_SAFE: slash chords simplificados a acorde base para evitar fallos de playback."
Si - directa,Meter ya,Nivel 1-2: acompanamiento con acordes abiertos/capo y patron simple.,234,Vivir así es morir de amor,Camilo Sesto,ES,Pop / balada,2,54,78,4/4,pop/rock binario,8,1 & 2 & 3 & 4 &,C,0,EADGBE,C; G; Am; F,4,D - D U - U D U,D D - U D U - U,D - D - D U D U,D - - - - - - -,D - D U - U D U,D=abajo; U=arriba; -=silencio/no golpe; x=apagado si aparece,D,-,D,U,-,U,D,U,C [D - D U - U D U],G [D - D U - U D U],Am [D - D U - U D U],F [D - D U - U D U],,,,,,,,,,,,,C C C C C C C C,G G G G G G G G,Am Am Am Am Am Am Am Am,F F F F F F F F,,,,,,,,,,,,,D - D U - U D U,D - D U - U D U,D - D U - U D U,D - D U - U D U,,,,,,,,,,,,,C | G | Am | F,acompanamiento_v6_musical_simplificado,"cambios reales de acordes, groove y estructura corta reconocible",V6: max 16 compases; subdivision max 8; no se rellenan compases vacios; 12/8 se trata como shuffle en 4/4 por limite tecnico,no,0,,https://musictonic.com/es/canciones-faciles-de-guitarra-para-principiantes/,"BPM, tonalidad y compases son sugerencias de practica adaptadas al limite de 12 compases y 4 subdivisiones; no es transcripcion exacta. V2 medio compas: '/' indica cambio al tiempo 3. La progresion_1acorde_compas queda como version ultra facil. V3 ritmica: 12 compases = 1-4 verso, 5-8 estribillo, 9-10 puente, 11 vuelta al estribillo, 12 final/corte. V4: CSV rehecho a 16 compases maximo y 8 subdivisiones por compas. | V6 confianza=alta. | APP_SAFE: slash chords simplificados a acorde base para evitar fallos de playback."
Si - directa,Meter ya,Nivel 1-2: acompanamiento con acordes abiertos/capo y patron simple.,235,Bailar pegados,Sergio Dalma,ES,Pop / balada,2,48,76,4/4,balada 4/4,8,1 & 2 & 3 & 4 &,C,0,EADGBE,C; G; Am; F,4,D - - U D - D U,D - - U - U D -,D - - U D - D U,D - - - - - - -,D - - U D - D U,D=abajo; U=arriba; -=silencio/no golpe; x=apagado si aparece,D,-,-,U,D,-,D,U,C [D - - U D - D U],G [D - - U D - D U],Am [D - - U D - D U],F [D - - U D - D U],,,,,,,,,,,,,C C C C C C C C,G G G G G G G G,Am Am Am Am Am Am Am Am,F F F F F F F F,,,,,,,,,,,,,D - - U D - D U,D - - U D - D U,D - - U D - D U,D - - U D - D U,,,,,,,,,,,,,C | G | Am | F,acompanamiento_v6_musical_simplificado,"cambios reales de acordes, groove y estructura corta reconocible",V6: max 16 compases; subdivision max 8; no se rellenan compases vacios; 12/8 se trata como shuffle en 4/4 por limite tecnico,no,0,,https://guitarraviva.com/canciones-faciles-en-guitarra/,"BPM, tonalidad y compases son sugerencias de practica adaptadas al limite de 12 compases y 4 subdivisiones; no es transcripcion exacta. V2 medio compas: '/' indica cambio al tiempo 3. La progresion_1acorde_compas queda como version ultra facil. V3 ritmica: 12 compases = 1-4 verso, 5-8 estribillo, 9-10 puente, 11 vuelta al estribillo, 12 final/corte. V4: CSV rehecho a 16 compases maximo y 8 subdivisiones por compas. | V6 confianza=alta. | APP_SAFE: slash chords simplificados a acorde base para evitar fallos de playback."
Si - directa,Meter ya,Nivel 1-2: acompanamiento con acordes abiertos/capo y patron simple.,236,El sitio de mi recreo,Antonio Vega,ES,Pop rock,2,54,84,4/4,balada 4/4,8,1 & 2 & 3 & 4 &,G,0,EADGBE,G; D; Em; C,4,D - - U D - D U,D - - U - U D -,D - - U D - D U,D - - - - - - -,D - - U D - D U,D=abajo; U=arriba; -=silencio/no golpe; x=apagado si aparece,D,-,-,U,D,-,D,U,G [D - - U D - D U],D [D - - U D - D U],Em [D - - U D - D U],C [D - - U D - D U],,,,,,,,,,,,,G G G G G G G G,D D D D D D D D,Em Em Em Em Em Em Em Em,C C C C C C C C,,,,,,,,,,,,,D - - U D - D U,D - - U D - D U,D - - U D - D U,D - - U D - D U,,,,,,,,,,,,,G | D | Em | C,acompanamiento_v6_musical_simplificado,"cambios reales de acordes, groove y estructura corta reconocible",V6: max 16 compases; subdivision max 8; no se rellenan compases vacios; 12/8 se trata como shuffle en 4/4 por limite tecnico,no,0,,https://guitarrasinlimites.com/acordes/40-canciones-faciles-para-tocar-en-guitarra/,"BPM, tonalidad y compases son sugerencias de practica adaptadas al limite de 12 compases y 4 subdivisiones; no es transcripcion exacta. V2 medio compas: '/' indica cambio al tiempo 3. La progresion_1acorde_compas queda como version ultra facil. V3 ritmica: 12 compases = 1-4 verso, 5-8 estribillo, 9-10 puente, 11 vuelta al estribillo, 12 final/corte. V4: CSV rehecho a 16 compases maximo y 8 subdivisiones por compas. | V6 confianza=alta. | APP_SAFE: slash chords simplificados a acorde base para evitar fallos de playback."
Si - directa,Meter ya,Nivel 1-2: acompanamiento con acordes abiertos/capo y patron simple.,237,Déjame,Los Secretos,ES,Pop rock español,2,62,88,4/4,rock binario,8,1 & 2 & 3 & 4 &,A,0,EADGBE,A; D; E,4,D D - U D U - U,D D D D D D D D,D D - U D U - U,D - - - - - - -,D D - U D U - U,D=abajo; U=arriba; -=silencio/no golpe; x=apagado si aparece,D,D,-,U,D,U,-,U,A [D D - U D U - U],D [D D - U D U - U],E [D D - U D U - U],A [D D - U D U - U],,,,,,,,,,,,,A A A A A A A A,D D D D D D D D,E E E E E E E E,A A A A A A A A,,,,,,,,,,,,,D D - U D U - U,D D - U D U - U,D D - U D U - U,D D - U D U - U,,,,,,,,,,,,,A | D | E | A,acompanamiento_v6_musical_simplificado,"cambios reales de acordes, groove y estructura corta reconocible",V6: max 16 compases; subdivision max 8; no se rellenan compases vacios; 12/8 se trata como shuffle en 4/4 por limite tecnico,no,0,,https://creatumusica.art/canciones-faciles-en-guitarra/,"BPM, tonalidad y compases son sugerencias de practica adaptadas al limite de 12 compases y 4 subdivisiones; no es transcripcion exacta. V2 medio compas: '/' indica cambio al tiempo 3. La progresion_1acorde_compas queda como version ultra facil. V3 ritmica: 12 compases = 1-4 verso, 5-8 estribillo, 9-10 puente, 11 vuelta al estribillo, 12 final/corte. V4: CSV rehecho a 16 compases maximo y 8 subdivisiones por compas. | V6 confianza=alta. | APP_SAFE: slash chords simplificados a acorde base para evitar fallos de playback."
Si - directa,Meter ya,Nivel 1-2: acompanamiento con acordes abiertos/capo y patron simple.,238,Pero a tu lado,Los Secretos,ES,Pop rock español,2,52,80,4/4,pop/rock binario,8,1 & 2 & 3 & 4 &,G,0,EADGBE,G; D; Em; C,4,D - D U - U D U,D D - U D U - U,D - D - D U D U,D - - - - - - -,D - D U - U D U,D=abajo; U=arriba; -=silencio/no golpe; x=apagado si aparece,D,-,D,U,-,U,D,U,G [D - D U - U D U],D [D - D U - U D U],Em [D - D U - U D U],C [D - D U - U D U],,,,,,,,,,,,,G G G G G G G G,D D D D D D D D,Em Em Em Em Em Em Em Em,C C C C C C C C,,,,,,,,,,,,,D - D U - U D U,D - D U - U D U,D - D U - U D U,D - D U - U D U,,,,,,,,,,,,,G | D | Em | C,acompanamiento_v6_musical_simplificado,"cambios reales de acordes, groove y estructura corta reconocible",V6: max 16 compases; subdivision max 8; no se rellenan compases vacios; 12/8 se trata como shuffle en 4/4 por limite tecnico,no,0,,https://www.enchufalaguitarra.com/2019/01/30-canciones-faciles-guitarra-espanola-acustica.html,"BPM, tonalidad y compases son sugerencias de practica adaptadas al limite de 12 compases y 4 subdivisiones; no es transcripcion exacta. V2 medio compas: '/' indica cambio al tiempo 3. La progresion_1acorde_compas queda como version ultra facil. V3 ritmica: 12 compases = 1-4 verso, 5-8 estribillo, 9-10 puente, 11 vuelta al estribillo, 12 final/corte. V4: CSV rehecho a 16 compases maximo y 8 subdivisiones por compas. | V6 confianza=alta. | APP_SAFE: slash chords simplificados a acorde base para evitar fallos de playback."
Si - directa,Meter ya,Nivel 1-2: acompanamiento con acordes abiertos/capo y patron simple.,239,20 de abril,Celtas Cortos,ES,Folk rock español,1,50,76,4/4,folk/acustico,8,1 & 2 & 3 & 4 &,G,0,EADGBE,G; C; D; Em,4,D - D U D - D U,D - D - D U D U,D - D U D - D U,D - - - - - - -,D - D U D - D U,D=abajo; U=arriba; -=silencio/no golpe; x=apagado si aparece,D,-,D,U,D,-,D,U,G [D - D U D - D U],C [D - D U D - D U],D [D - D U D - D U],Em [D - D U D - D U],,,,,,,,,,,,,G G G G G G G G,C C C C C C C C,D D D D D D D D,Em Em Em Em Em Em Em Em,,,,,,,,,,,,,D - D U D - D U,D - D U D - D U,D - D U D - D U,D - D U D - D U,,,,,,,,,,,,,G | C | D | Em,acompanamiento_v6_musical_simplificado,"cambios reales de acordes, groove y estructura corta reconocible",V6: max 16 compases; subdivision max 8; no se rellenan compases vacios; 12/8 se trata como shuffle en 4/4 por limite tecnico,no,0,,https://musictonic.com/es/canciones-faciles-de-guitarra-para-principiantes/,"BPM, tonalidad y compases son sugerencias de practica adaptadas al limite de 12 compases y 4 subdivisiones; no es transcripcion exacta. V2 medio compas: '/' indica cambio al tiempo 3. La progresion_1acorde_compas queda como version ultra facil. V3 ritmica: 12 compases = 1-4 verso, 5-8 estribillo, 9-10 puente, 11 vuelta al estribillo, 12 final/corte. V4: CSV rehecho a 16 compases maximo y 8 subdivisiones por compas. | V6 confianza=alta. | APP_SAFE: slash chords simplificados a acorde base para evitar fallos de playback."
Si - directa,Meter ya,Nivel 1-2: acompanamiento con acordes abiertos/capo y patron simple.,240,Cuéntame un cuento,Celtas Cortos,ES,Folk rock español,1,52,78,4/4,folk/acustico,8,1 & 2 & 3 & 4 &,G,0,EADGBE,G; C; D; Em,4,D - D U D - D U,D - D - D U D U,D - D U D - D U,D - - - - - - -,D - D U D - D U,D=abajo; U=arriba; -=silencio/no golpe; x=apagado si aparece,D,-,D,U,D,-,D,U,G [D - D U D - D U],C [D - D U D - D U],D [D - D U D - D U],Em [D - D U D - D U],,,,,,,,,,,,,G G G G G G G G,C C C C C C C C,D D D D D D D D,Em Em Em Em Em Em Em Em,,,,,,,,,,,,,D - D U D - D U,D - D U D - D U,D - D U D - D U,D - D U D - D U,,,,,,,,,,,,,G | C | D | Em,acompanamiento_v6_musical_simplificado,"cambios reales de acordes, groove y estructura corta reconocible",V6: max 16 compases; subdivision max 8; no se rellenan compases vacios; 12/8 se trata como shuffle en 4/4 por limite tecnico,no,0,,https://guitarraviva.com/canciones-faciles-en-guitarra/,"BPM, tonalidad y compases son sugerencias de practica adaptadas al limite de 12 compases y 4 subdivisiones; no es transcripcion exacta. V2 medio compas: '/' indica cambio al tiempo 3. La progresion_1acorde_compas queda como version ultra facil. V3 ritmica: 12 compases = 1-4 verso, 5-8 estribillo, 9-10 puente, 11 vuelta al estribillo, 12 final/corte. V4: CSV rehecho a 16 compases maximo y 8 subdivisiones por compas. | V6 confianza=alta. | APP_SAFE: slash chords simplificados a acorde base para evitar fallos de playback."
Si - directa,Meter ya,Nivel 1-2: acompanamiento con acordes abiertos/capo y patron simple.,241,En algún lugar,Duncan Dhu,ES,Pop rock español,2,52,78,4/4,pop/rock binario,8,1 & 2 & 3 & 4 &,G,0,EADGBE,G; D; Em; C,4,D - D U - U D U,D D - U D U - U,D - D - D U D U,D - - - - - - -,D - D U - U D U,D=abajo; U=arriba; -=silencio/no golpe; x=apagado si aparece,D,-,D,U,-,U,D,U,G [D - D U - U D U],D [D - D U - U D U],Em [D - D U - U D U],C [D - D U - U D U],,,,,,,,,,,,,G G G G G G G G,D D D D D D D D,Em Em Em Em Em Em Em Em,C C C C C C C C,,,,,,,,,,,,,D - D U - U D U,D - D U - U D U,D - D U - U D U,D - D U - U D U,,,,,,,,,,,,,G | D | Em | C,acompanamiento_v6_musical_simplificado,"cambios reales de acordes, groove y estructura corta reconocible",V6: max 16 compases; subdivision max 8; no se rellenan compases vacios; 12/8 se trata como shuffle en 4/4 por limite tecnico,no,0,,https://guitarrasinlimites.com/acordes/40-canciones-faciles-para-tocar-en-guitarra/,"BPM, tonalidad y compases son sugerencias de practica adaptadas al limite de 12 compases y 4 subdivisiones; no es transcripcion exacta. V2 medio compas: '/' indica cambio al tiempo 3. La progresion_1acorde_compas queda como version ultra facil. V3 ritmica: 12 compases = 1-4 verso, 5-8 estribillo, 9-10 puente, 11 vuelta al estribillo, 12 final/corte. V4: CSV rehecho a 16 compases maximo y 8 subdivisiones por compas. | V6 confianza=alta. | APP_SAFE: slash chords simplificados a acorde base para evitar fallos de playback."
Si - directa,Meter ya,Nivel 1-2: acompanamiento con acordes abiertos/capo y patron simple.,242,Cien gaviotas,Duncan Dhu,ES,Pop rock español,2,54,80,4/4,pop/rock binario,8,1 & 2 & 3 & 4 &,G,0,EADGBE,G; D; Em; C,4,D - D U - U D U,D D - U D U - U,D - D - D U D U,D - - - - - - -,D - D U - U D U,D=abajo; U=arriba; -=silencio/no golpe; x=apagado si aparece,D,-,D,U,-,U,D,U,G [D - D U - U D U],D [D - D U - U D U],Em [D - D U - U D U],C [D - D U - U D U],,,,,,,,,,,,,G G G G G G G G,D D D D D D D D,Em Em Em Em Em Em Em Em,C C C C C C C C,,,,,,,,,,,,,D - D U - U D U,D - D U - U D U,D - D U - U D U,D - D U - U D U,,,,,,,,,,,,,G | D | Em | C,acompanamiento_v6_musical_simplificado,"cambios reales de acordes, groove y estructura corta reconocible",V6: max 16 compases; subdivision max 8; no se rellenan compases vacios; 12/8 se trata como shuffle en 4/4 por limite tecnico,no,0,,https://creatumusica.art/canciones-faciles-en-guitarra/,"BPM, tonalidad y compases son sugerencias de practica adaptadas al limite de 12 compases y 4 subdivisiones; no es transcripcion exacta. V2 medio compas: '/' indica cambio al tiempo 3. La progresion_1acorde_compas queda como version ultra facil. V3 ritmica: 12 compases = 1-4 verso, 5-8 estribillo, 9-10 puente, 11 vuelta al estribillo, 12 final/corte. V4: CSV rehecho a 16 compases maximo y 8 subdivisiones por compas. | V6 confianza=alta. | APP_SAFE: slash chords simplificados a acorde base para evitar fallos de playback."
Si - directa,Meter ya,Nivel 1-2: acompanamiento con acordes abiertos/capo y patron simple.,243,A quién le importa,Alaska y Dinarama,ES,Pop español,2,58,84,4/4,pop/rock binario,8,1 & 2 & 3 & 4 &,G,0,EADGBE,G; D; Em; C,4,D - D U - U D U,D D - U D U - U,D - D - D U D U,D - - - - - - -,D - D U - U D U,D=abajo; U=arriba; -=silencio/no golpe; x=apagado si aparece,D,-,D,U,-,U,D,U,G [D - D U - U D U],D [D - D U - U D U],Em [D - D U - U D U],C [D - D U - U D U],,,,,,,,,,,,,G G G G G G G G,D D D D D D D D,Em Em Em Em Em Em Em Em,C C C C C C C C,,,,,,,,,,,,,D - D U - U D U,D - D U - U D U,D - D U - U D U,D - D U - U D U,,,,,,,,,,,,,G | D | Em | C,acompanamiento_v6_musical_simplificado,"cambios reales de acordes, groove y estructura corta reconocible",V6: max 16 compases; subdivision max 8; no se rellenan compases vacios; 12/8 se trata como shuffle en 4/4 por limite tecnico,no,0,,https://www.enchufalaguitarra.com/2019/01/30-canciones-faciles-guitarra-espanola-acustica.html,"BPM, tonalidad y compases son sugerencias de practica adaptadas al limite de 12 compases y 4 subdivisiones; no es transcripcion exacta. V2 medio compas: '/' indica cambio al tiempo 3. La progresion_1acorde_compas queda como version ultra facil. V3 ritmica: 12 compases = 1-4 verso, 5-8 estribillo, 9-10 puente, 11 vuelta al estribillo, 12 final/corte. V4: CSV rehecho a 16 compases maximo y 8 subdivisiones por compas. | V6 confianza=alta. | APP_SAFE: slash chords simplificados a acorde base para evitar fallos de playback."
Si - directa,Meter ya,Nivel 1-2: acompanamiento con acordes abiertos/capo y patron simple.,244,Ni tú ni nadie,Alaska y Dinarama,ES,Pop español,2,58,94,4/4,pop/rock binario,8,1 & 2 & 3 & 4 &,A,0,EADGBE,A; D; E,4,D - D U - U D U,D D - U D U - U,D - D - D U D U,D - - - - - - -,D - D U - U D U,D=abajo; U=arriba; -=silencio/no golpe; x=apagado si aparece,D,-,D,U,-,U,D,U,A [D - D U - U D U],D [D - D U - U D U],E [D - D U - U D U],A [D - D U - U D U],,,,,,,,,,,,,A A A A A A A A,D D D D D D D D,E E E E E E E E,A A A A A A A A,,,,,,,,,,,,,D - D U - U D U,D - D U - U D U,D - D U - U D U,D - D U - U D U,,,,,,,,,,,,,A | D | E | A,acompanamiento_v6_musical_simplificado,"cambios reales de acordes, groove y estructura corta reconocible",V6: max 16 compases; subdivision max 8; no se rellenan compases vacios; 12/8 se trata como shuffle en 4/4 por limite tecnico,no,0,,https://musictonic.com/es/canciones-faciles-de-guitarra-para-principiantes/,"BPM, tonalidad y compases son sugerencias de practica adaptadas al limite de 12 compases y 4 subdivisiones; no es transcripcion exacta. V2 medio compas: '/' indica cambio al tiempo 3. La progresion_1acorde_compas queda como version ultra facil. V3 ritmica: 12 compases = 1-4 verso, 5-8 estribillo, 9-10 puente, 11 vuelta al estribillo, 12 final/corte. V4: CSV rehecho a 16 compases maximo y 8 subdivisiones por compas. | V6 confianza=alta. | APP_SAFE: slash chords simplificados a acorde base para evitar fallos de playback."
Si - directa,Meter ya,Nivel 1-2: acompanamiento con acordes abiertos/capo y patron simple.,245,Escuela de calor,Radio Futura,ES,Rock español,2,60,88,4/4,rock binario,8,1 & 2 & 3 & 4 &,A,0,EADGBE,A; D; E,4,D D - U D U - U,D D D D D D D D,D D - U D U - U,D - - - - - - -,D D - U D U - U,D=abajo; U=arriba; -=silencio/no golpe; x=apagado si aparece,D,D,-,U,D,U,-,U,A [D D - U D U - U],D [D D - U D U - U],E [D D - U D U - U],A [D D - U D U - U],,,,,,,,,,,,,A A A A A A A A,D D D D D D D D,E E E E E E E E,A A A A A A A A,,,,,,,,,,,,,D D - U D U - U,D D - U D U - U,D D - U D U - U,D D - U D U - U,,,,,,,,,,,,,A | D | E | A,acompanamiento_v6_musical_simplificado,"cambios reales de acordes, groove y estructura corta reconocible",V6: max 16 compases; subdivision max 8; no se rellenan compases vacios; 12/8 se trata como shuffle en 4/4 por limite tecnico,no,0,,https://guitarraviva.com/canciones-faciles-en-guitarra/,"BPM, tonalidad y compases son sugerencias de practica adaptadas al limite de 12 compases y 4 subdivisiones; no es transcripcion exacta. V2 medio compas: '/' indica cambio al tiempo 3. La progresion_1acorde_compas queda como version ultra facil. V3 ritmica: 12 compases = 1-4 verso, 5-8 estribillo, 9-10 puente, 11 vuelta al estribillo, 12 final/corte. V4: CSV rehecho a 16 compases maximo y 8 subdivisiones por compas. | V6 confianza=alta. | APP_SAFE: slash chords simplificados a acorde base para evitar fallos de playback."
Si - directa,Meter ya,Nivel 1-2: acompanamiento con acordes abiertos/capo y patron simple.,246,Veneno en la piel,Radio Futura,ES,Rock español,2,56,80,4/4,rock binario,8,1 & 2 & 3 & 4 &,G,0,EADGBE,G; D; Em; C,4,D D - U D U - U,D D D D D D D D,D D - U D U - U,D - - - - - - -,D D - U D U - U,D=abajo; U=arriba; -=silencio/no golpe; x=apagado si aparece,D,D,-,U,D,U,-,U,G [D D - U D U - U],D [D D - U D U - U],Em [D D - U D U - U],C [D D - U D U - U],,,,,,,,,,,,,G G G G G G G G,D D D D D D D D,Em Em Em Em Em Em Em Em,C C C C C C C C,,,,,,,,,,,,,D D - U D U - U,D D - U D U - U,D D - U D U - U,D D - U D U - U,,,,,,,,,,,,,G | D | Em | C,acompanamiento_v6_musical_simplificado,"cambios reales de acordes, groove y estructura corta reconocible",V6: max 16 compases; subdivision max 8; no se rellenan compases vacios; 12/8 se trata como shuffle en 4/4 por limite tecnico,no,0,,https://guitarrasinlimites.com/acordes/40-canciones-faciles-para-tocar-en-guitarra/,"BPM, tonalidad y compases son sugerencias de practica adaptadas al limite de 12 compases y 4 subdivisiones; no es transcripcion exacta. V2 medio compas: '/' indica cambio al tiempo 3. La progresion_1acorde_compas queda como version ultra facil. V3 ritmica: 12 compases = 1-4 verso, 5-8 estribillo, 9-10 puente, 11 vuelta al estribillo, 12 final/corte. V4: CSV rehecho a 16 compases maximo y 8 subdivisiones por compas. | V6 confianza=alta. | APP_SAFE: slash chords simplificados a acorde base para evitar fallos de playback."
Si - directa,Meter ya,Nivel 1-2: acompanamiento con acordes abiertos/capo y patron simple.,247,Pájaros de barro,Manolo García,ES,Pop rock español,2,50,80,4/4,folk/acustico,8,1 & 2 & 3 & 4 &,C,0,EADGBE,C; G; Am; F,4,D - D U D - D U,D - D - D U D U,D - D U D - D U,D - - - - - - -,D - D U D - D U,D=abajo; U=arriba; -=silencio/no golpe; x=apagado si aparece,D,-,D,U,D,-,D,U,C [D - D U D - D U],G [D - D U D - D U],Am [D - D U D - D U],F [D - D U D - D U],,,,,,,,,,,,,C C C C C C C C,G G G G G G G G,Am Am Am Am Am Am Am Am,F F F F F F F F,,,,,,,,,,,,,D - D U D - D U,D - D U D - D U,D - D U D - D U,D - D U D - D U,,,,,,,,,,,,,C | G | Am | F,acompanamiento_v6_musical_simplificado,"cambios reales de acordes, groove y estructura corta reconocible",V6: max 16 compases; subdivision max 8; no se rellenan compases vacios; 12/8 se trata como shuffle en 4/4 por limite tecnico,no,0,,https://creatumusica.art/canciones-faciles-en-guitarra/,"BPM, tonalidad y compases son sugerencias de practica adaptadas al limite de 12 compases y 4 subdivisiones; no es transcripcion exacta. V2 medio compas: '/' indica cambio al tiempo 3. La progresion_1acorde_compas queda como version ultra facil. V3 ritmica: 12 compases = 1-4 verso, 5-8 estribillo, 9-10 puente, 11 vuelta al estribillo, 12 final/corte. V4: CSV rehecho a 16 compases maximo y 8 subdivisiones por compas. | V6 confianza=alta. | APP_SAFE: slash chords simplificados a acorde base para evitar fallos de playback."
Si - directa,Meter ya,Nivel 1-2: acompanamiento con acordes abiertos/capo y patron simple.,248,Insurrección,El Último de la Fila,ES,Pop rock español,2,60,92,4/4,rock binario,8,1 & 2 & 3 & 4 &,Em,0,EADGBE,Em; C; G; D,4,D D - U D U - U,D D D D D D D D,D D - U D U - U,D - - - - - - -,D D - U D U - U,D=abajo; U=arriba; -=silencio/no golpe; x=apagado si aparece,D,D,-,U,D,U,-,U,Em [D D - U D U - U],C [D D - U D U - U],G [D D - U D U - U],D [D D - U D U - U],,,,,,,,,,,,,Em Em Em Em Em Em Em Em,C C C C C C C C,G G G G G G G G,D D D D D D D D,,,,,,,,,,,,,D D - U D U - U,D D - U D U - U,D D - U D U - U,D D - U D U - U,,,,,,,,,,,,,Em | C | G | D,acompanamiento_v6_musical_simplificado,"cambios reales de acordes, groove y estructura corta reconocible",V6: max 16 compases; subdivision max 8; no se rellenan compases vacios; 12/8 se trata como shuffle en 4/4 por limite tecnico,no,0,,https://www.enchufalaguitarra.com/2019/01/30-canciones-faciles-guitarra-espanola-acustica.html,"BPM, tonalidad y compases son sugerencias de practica adaptadas al limite de 12 compases y 4 subdivisiones; no es transcripcion exacta. V2 medio compas: '/' indica cambio al tiempo 3. La progresion_1acorde_compas queda como version ultra facil. V3 ritmica: 12 compases = 1-4 verso, 5-8 estribillo, 9-10 puente, 11 vuelta al estribillo, 12 final/corte. V4: CSV rehecho a 16 compases maximo y 8 subdivisiones por compas. | V6 confianza=alta. | APP_SAFE: slash chords simplificados a acorde base para evitar fallos de playback."
Si - directa,Meter ya,Nivel 1-2: acompanamiento con acordes abiertos/capo y patron simple.,249,Maneras de vivir,Leño,ES,Rock español,2,62,88,4/4,rock binario,8,1 & 2 & 3 & 4 &,A,0,EADGBE,A; D; E,4,D D - U D U - U,D D D D D D D D,D D - U D U - U,D - - - - - - -,D D - U D U - U,D=abajo; U=arriba; -=silencio/no golpe; x=apagado si aparece,D,D,-,U,D,U,-,U,A [D D - U D U - U],D [D D - U D U - U],E [D D - U D U - U],A [D D - U D U - U],,,,,,,,,,,,,A A A A A A A A,D D D D D D D D,E E E E E E E E,A A A A A A A A,,,,,,,,,,,,,D D - U D U - U,D D - U D U - U,D D - U D U - U,D D - U D U - U,,,,,,,,,,,,,A | D | E | A,acompanamiento_v6_musical_simplificado,"cambios reales de acordes, groove y estructura corta reconocible",V6: max 16 compases; subdivision max 8; no se rellenan compases vacios; 12/8 se trata como shuffle en 4/4 por limite tecnico,no,0,,https://musictonic.com/es/canciones-faciles-de-guitarra-para-principiantes/,"BPM, tonalidad y compases son sugerencias de practica adaptadas al limite de 12 compases y 4 subdivisiones; no es transcripcion exacta. V2 medio compas: '/' indica cambio al tiempo 3. La progresion_1acorde_compas queda como version ultra facil. V3 ritmica: 12 compases = 1-4 verso, 5-8 estribillo, 9-10 puente, 11 vuelta al estribillo, 12 final/corte. V4: CSV rehecho a 16 compases maximo y 8 subdivisiones por compas. | V6 confianza=alta. | APP_SAFE: slash chords simplificados a acorde base para evitar fallos de playback."
Si - directa,Meter ya,Nivel 1-2: acompanamiento con acordes abiertos/capo y patron simple.,250,Miedo,M-Clan,ES,Pop rock español,2,52,80,4/4,balada 4/4,8,1 & 2 & 3 & 4 &,G,0,EADGBE,G; D; Em; C,4,D - - U D - D U,D - - U - U D -,D - - U D - D U,D - - - - - - -,D - - U D - D U,D=abajo; U=arriba; -=silencio/no golpe; x=apagado si aparece,D,-,-,U,D,-,D,U,G [D - - U D - D U],D [D - - U D - D U],Em [D - - U D - D U],C [D - - U D - D U],,,,,,,,,,,,,G G G G G G G G,D D D D D D D D,Em Em Em Em Em Em Em Em,C C C C C C C C,,,,,,,,,,,,,D - - U D - D U,D - - U D - D U,D - - U D - D U,D - - U D - D U,,,,,,,,,,,,,G | D | Em | C,acompanamiento_v6_musical_simplificado,"cambios reales de acordes, groove y estructura corta reconocible",V6: max 16 compases; subdivision max 8; no se rellenan compases vacios; 12/8 se trata como shuffle en 4/4 por limite tecnico,no,0,,https://guitarraviva.com/canciones-faciles-en-guitarra/,"BPM, tonalidad y compases son sugerencias de practica adaptadas al limite de 12 compases y 4 subdivisiones; no es transcripcion exacta. V2 medio compas: '/' indica cambio al tiempo 3. La progresion_1acorde_compas queda como version ultra facil. V3 ritmica: 12 compases = 1-4 verso, 5-8 estribillo, 9-10 puente, 11 vuelta al estribillo, 12 final/corte. V4: CSV rehecho a 16 compases maximo y 8 subdivisiones por compas. | V6 confianza=alta. | APP_SAFE: slash chords simplificados a acorde base para evitar fallos de playback."
Si - directa,Meter ya,Nivel 1-2: acompanamiento con acordes abiertos/capo y patron simple.,251,Llamando a la Tierra,M-Clan,ES,Rock / balada,2,52,78,4/4,rock binario,8,1 & 2 & 3 & 4 &,G,0,EADGBE,G; D; Em; C,4,D D - U D U - U,D D D D D D D D,D D - U D U - U,D - - - - - - -,D D - U D U - U,D=abajo; U=arriba; -=silencio/no golpe; x=apagado si aparece,D,D,-,U,D,U,-,U,G [D D - U D U - U],D [D D - U D U - U],Em [D D - U D U - U],C [D D - U D U - U],,,,,,,,,,,,,G G G G G G G G,D D D D D D D D,Em Em Em Em Em Em Em Em,C C C C C C C C,,,,,,,,,,,,,D D - U D U - U,D D - U D U - U,D D - U D U - U,D D - U D U - U,,,,,,,,,,,,,G | D | Em | C,acompanamiento_v6_musical_simplificado,"cambios reales de acordes, groove y estructura corta reconocible",V6: max 16 compases; subdivision max 8; no se rellenan compases vacios; 12/8 se trata como shuffle en 4/4 por limite tecnico,no,0,,https://guitarrasinlimites.com/acordes/40-canciones-faciles-para-tocar-en-guitarra/,"BPM, tonalidad y compases son sugerencias de practica adaptadas al limite de 12 compases y 4 subdivisiones; no es transcripcion exacta. V2 medio compas: '/' indica cambio al tiempo 3. La progresion_1acorde_compas queda como version ultra facil. V3 ritmica: 12 compases = 1-4 verso, 5-8 estribillo, 9-10 puente, 11 vuelta al estribillo, 12 final/corte. V4: CSV rehecho a 16 compases maximo y 8 subdivisiones por compas. | V6 confianza=alta. | APP_SAFE: slash chords simplificados a acorde base para evitar fallos de playback."
Si - directa,Meter ya,Nivel 1-2: acompanamiento con acordes abiertos/capo y patron simple.,252,Cadillac solitario,Loquillo y Trogloditas,ES,Rock español,2,56,84,4/4,rock binario,8,1 & 2 & 3 & 4 &,G,0,EADGBE,G; D; Em; C,4,D D - U D U - U,D D D D D D D D,D D - U D U - U,D - - - - - - -,D D - U D U - U,D=abajo; U=arriba; -=silencio/no golpe; x=apagado si aparece,D,D,-,U,D,U,-,U,G [D D - U D U - U],D [D D - U D U - U],Em [D D - U D U - U],C [D D - U D U - U],,,,,,,,,,,,,G G G G G G G G,D D D D D D D D,Em Em Em Em Em Em Em Em,C C C C C C C C,,,,,,,,,,,,,D D - U D U - U,D D - U D U - U,D D - U D U - U,D D - U D U - U,,,,,,,,,,,,,G | D | Em | C,acompanamiento_v6_musical_simplificado,"cambios reales de acordes, groove y estructura corta reconocible",V6: max 16 compases; subdivision max 8; no se rellenan compases vacios; 12/8 se trata como shuffle en 4/4 por limite tecnico,no,0,,https://creatumusica.art/canciones-faciles-en-guitarra/,"BPM, tonalidad y compases son sugerencias de practica adaptadas al limite de 12 compases y 4 subdivisiones; no es transcripcion exacta. V2 medio compas: '/' indica cambio al tiempo 3. La progresion_1acorde_compas queda como version ultra facil. V3 ritmica: 12 compases = 1-4 verso, 5-8 estribillo, 9-10 puente, 11 vuelta al estribillo, 12 final/corte. V4: CSV rehecho a 16 compases maximo y 8 subdivisiones por compas. | V6 confianza=alta. | APP_SAFE: slash chords simplificados a acorde base para evitar fallos de playback."
Si - directa,Meter ya,Nivel 1-2: acompanamiento con acordes abiertos/capo y patron simple.,253,Me cuesta tanto olvidarte,Mecano,ES,Pop español,2,48,72,4/4,balada 4/4,8,1 & 2 & 3 & 4 &,C,0,EADGBE,C; G; Am; F,4,D - - U D - D U,D - - U - U D -,D - - U D - D U,D - - - - - - -,D - - U D - D U,D=abajo; U=arriba; -=silencio/no golpe; x=apagado si aparece,D,-,-,U,D,-,D,U,C [D - - U D - D U],G [D - - U D - D U],Am [D - - U D - D U],F [D - - U D - D U],,,,,,,,,,,,,C C C C C C C C,G G G G G G G G,Am Am Am Am Am Am Am Am,F F F F F F F F,,,,,,,,,,,,,D - - U D - D U,D - - U D - D U,D - - U D - D U,D - - U D - D U,,,,,,,,,,,,,C | G | Am | F,acompanamiento_v6_musical_simplificado,"cambios reales de acordes, groove y estructura corta reconocible",V6: max 16 compases; subdivision max 8; no se rellenan compases vacios; 12/8 se trata como shuffle en 4/4 por limite tecnico,no,0,,https://www.enchufalaguitarra.com/2019/01/30-canciones-faciles-guitarra-espanola-acustica.html,"BPM, tonalidad y compases son sugerencias de practica adaptadas al limite de 12 compases y 4 subdivisiones; no es transcripcion exacta. V2 medio compas: '/' indica cambio al tiempo 3. La progresion_1acorde_compas queda como version ultra facil. V3 ritmica: 12 compases = 1-4 verso, 5-8 estribillo, 9-10 puente, 11 vuelta al estribillo, 12 final/corte. V4: CSV rehecho a 16 compases maximo y 8 subdivisiones por compas. | V6 confianza=alta. | APP_SAFE: slash chords simplificados a acorde base para evitar fallos de playback."
Si - directa,Meter ya,Nivel 1-2: acompanamiento con acordes abiertos/capo y patron simple.,254,Mujer contra mujer,Mecano,ES,Pop español,2,50,74,4/4,balada 4/4,8,1 & 2 & 3 & 4 &,C,0,EADGBE,C; G; Am; F,4,D - - U D - D U,D - - U - U D -,D - - U D - D U,D - - - - - - -,D - - U D - D U,D=abajo; U=arriba; -=silencio/no golpe; x=apagado si aparece,D,-,-,U,D,-,D,U,C [D - - U D - D U],G [D - - U D - D U],Am [D - - U D - D U],F [D - - U D - D U],,,,,,,,,,,,,C C C C C C C C,G G G G G G G G,Am Am Am Am Am Am Am Am,F F F F F F F F,,,,,,,,,,,,,D - - U D - D U,D - - U D - D U,D - - U D - D U,D - - U D - D U,,,,,,,,,,,,,C | G | Am | F,acompanamiento_v6_musical_simplificado,"cambios reales de acordes, groove y estructura corta reconocible",V6: max 16 compases; subdivision max 8; no se rellenan compases vacios; 12/8 se trata como shuffle en 4/4 por limite tecnico,no,0,,https://musictonic.com/es/canciones-faciles-de-guitarra-para-principiantes/,"BPM, tonalidad y compases son sugerencias de practica adaptadas al limite de 12 compases y 4 subdivisiones; no es transcripcion exacta. V2 medio compas: '/' indica cambio al tiempo 3. La progresion_1acorde_compas queda como version ultra facil. V3 ritmica: 12 compases = 1-4 verso, 5-8 estribillo, 9-10 puente, 11 vuelta al estribillo, 12 final/corte. V4: CSV rehecho a 16 compases maximo y 8 subdivisiones por compas. | V6 confianza=alta. | APP_SAFE: slash chords simplificados a acorde base para evitar fallos de playback."
Si - simplificada,F reducido,Muy reconocible; usar Fmaj7/mini-F y priorizar continuidad del pulso.,255,Hijo de la luna,Mecano,ES,Pop español,3,50,72,4/4,balada 4/4,8,1 & 2 & 3 & 4 &,C,0,EADGBE,Am; G; F; E,4,D - - U D - D U,D - - U - U D -,D - - U D - D U,D - - - - - - -,D - - U D - D U,D=abajo; U=arriba; -=silencio/no golpe; x=apagado si aparece,D,-,-,U,D,-,D,U,Am [D - - U D - D U],G [D - - U D - D U],F [D - - U D - D U],E [D - - U D - D U],,,,,,,,,,,,,Am Am Am Am Am Am Am Am,G G G G G G G G,F F F F F F F F,E E E E E E E E,,,,,,,,,,,,,D - - U D - D U,D - - U D - D U,D - - U D - D U,D - - U D - D U,,,,,,,,,,,,,Am | G | F | E,acompanamiento_v6_musical_simplificado,"cambios reales de acordes, groove y estructura corta reconocible",V6: max 16 compases; subdivision max 8; no se rellenan compases vacios; 12/8 se trata como shuffle en 4/4 por limite tecnico,no,0,,https://guitarraviva.com/canciones-faciles-en-guitarra/,"BPM, tonalidad y compases son sugerencias de practica adaptadas al limite de 12 compases y 4 subdivisiones; no es transcripcion exacta. V2 medio compas: '/' indica cambio al tiempo 3. La progresion_1acorde_compas queda como version ultra facil. V3 ritmica: 12 compases = 1-4 verso, 5-8 estribillo, 9-10 puente, 11 vuelta al estribillo, 12 final/corte. V4: CSV rehecho a 16 compases maximo y 8 subdivisiones por compas. | V6 confianza=alta. | APP_SAFE: slash chords simplificados a acorde base para evitar fallos de playback."
Si - directa,Meter ya,Nivel 1-2: acompanamiento con acordes abiertos/capo y patron simple.,256,Eres tú,Mocedades,ES,Pop / balada,2,50,82,3/4,vals/balada ternaria,6,1 & 2 & 3 &,C,0,EADGBE,C; Am; F; G,4,D - D U D U,D - D U D U,D - D - D U,D - - - - -,D - D U D U,D=abajo; U=arriba; -=silencio/no golpe; x=apagado si aparece,D,-,D,U,D,U,,,C [D - D U D U],Am [D - D U D U],F [D - D U D U],G [D - D U D U],,,,,,,,,,,,,C C C C C C,Am Am Am Am Am Am,F F F F F F,G G G G G G,,,,,,,,,,,,,D - D U D U,D - D U D U,D - D U D U,D - D U D U,,,,,,,,,,,,,C | Am | F | G,acompanamiento_v6_musical_simplificado,"cambios reales de acordes, groove y estructura corta reconocible",V6: max 16 compases; subdivision max 8; no se rellenan compases vacios; 12/8 se trata como shuffle en 4/4 por limite tecnico,no,0,,https://guitarrasinlimites.com/acordes/40-canciones-faciles-para-tocar-en-guitarra/,"BPM, tonalidad y compases son sugerencias de practica adaptadas al limite de 12 compases y 4 subdivisiones; no es transcripcion exacta. V2 medio compas: '/' indica cambio al tiempo 3. La progresion_1acorde_compas queda como version ultra facil. V3 ritmica: 12 compases = 1-4 verso, 5-8 estribillo, 9-10 puente, 11 vuelta al estribillo, 12 final/corte. V4: CSV rehecho a 16 compases maximo y 8 subdivisiones por compas. | V6 confianza=alta. | APP_SAFE: slash chords simplificados a acorde base para evitar fallos de playback."
Si - directa,Meter ya,Nivel 1-2: acompanamiento con acordes abiertos/capo y patron simple.,257,Entre dos tierras,Héroes del Silencio,ES,Rock español,2,60,86,4/4,rock binario,8,1 & 2 & 3 & 4 &,Em,0,EADGBE,Em; C; G; D,4,D D - U D U - U,D D D D D D D D,D D - U D U - U,D - - - - - - -,D D - U D U - U,D=abajo; U=arriba; -=silencio/no golpe; x=apagado si aparece,D,D,-,U,D,U,-,U,Em [D D - U D U - U],C [D D - U D U - U],G [D D - U D U - U],D [D D - U D U - U],,,,,,,,,,,,,Em Em Em Em Em Em Em Em,C C C C C C C C,G G G G G G G G,D D D D D D D D,,,,,,,,,,,,,D D - U D U - U,D D - U D U - U,D D - U D U - U,D D - U D U - U,,,,,,,,,,,,,Em | C | G | D,acompanamiento_v6_musical_simplificado,"cambios reales de acordes, groove y estructura corta reconocible",V6: max 16 compases; subdivision max 8; no se rellenan compases vacios; 12/8 se trata como shuffle en 4/4 por limite tecnico,no,0,,https://creatumusica.art/canciones-faciles-en-guitarra/,"BPM, tonalidad y compases son sugerencias de practica adaptadas al limite de 12 compases y 4 subdivisiones; no es transcripcion exacta. V2 medio compas: '/' indica cambio al tiempo 3. La progresion_1acorde_compas queda como version ultra facil. V3 ritmica: 12 compases = 1-4 verso, 5-8 estribillo, 9-10 puente, 11 vuelta al estribillo, 12 final/corte. V4: CSV rehecho a 16 compases maximo y 8 subdivisiones por compas. | V6 confianza=alta. | APP_SAFE: slash chords simplificados a acorde base para evitar fallos de playback."
Si - directa,Meter ya,Nivel 1-2: acompanamiento con acordes abiertos/capo y patron simple.,258,Maldito duende,Héroes del Silencio,ES,Rock español,2,62,88,4/4,rock binario,8,1 & 2 & 3 & 4 &,Em,0,EADGBE,Em; C; G; D,4,D D - U D U - U,D D D D D D D D,D D - U D U - U,D - - - - - - -,D D - U D U - U,D=abajo; U=arriba; -=silencio/no golpe; x=apagado si aparece,D,D,-,U,D,U,-,U,Em [D D - U D U - U],C [D D - U D U - U],G [D D - U D U - U],D [D D - U D U - U],,,,,,,,,,,,,Em Em Em Em Em Em Em Em,C C C C C C C C,G G G G G G G G,D D D D D D D D,,,,,,,,,,,,,D D - U D U - U,D D - U D U - U,D D - U D U - U,D D - U D U - U,,,,,,,,,,,,,Em | C | G | D,acompanamiento_v6_musical_simplificado,"cambios reales de acordes, groove y estructura corta reconocible",V6: max 16 compases; subdivision max 8; no se rellenan compases vacios; 12/8 se trata como shuffle en 4/4 por limite tecnico,no,0,,https://www.enchufalaguitarra.com/2019/01/30-canciones-faciles-guitarra-espanola-acustica.html,"BPM, tonalidad y compases son sugerencias de practica adaptadas al limite de 12 compases y 4 subdivisiones; no es transcripcion exacta. V2 medio compas: '/' indica cambio al tiempo 3. La progresion_1acorde_compas queda como version ultra facil. V3 ritmica: 12 compases = 1-4 verso, 5-8 estribillo, 9-10 puente, 11 vuelta al estribillo, 12 final/corte. V4: CSV rehecho a 16 compases maximo y 8 subdivisiones por compas. | V6 confianza=alta. | APP_SAFE: slash chords simplificados a acorde base para evitar fallos de playback."
Si - directa,Meter ya,Nivel 1-2: acompanamiento con acordes abiertos/capo y patron simple.,259,La chispa adecuada,Héroes del Silencio,ES,Rock / balada,2,50,78,4/4,balada 4/4,8,1 & 2 & 3 & 4 &,G,0,EADGBE,G; D; Em; C,4,D - - U D - D U,D - - U - U D -,D - - U D - D U,D - - - - - - -,D - - U D - D U,D=abajo; U=arriba; -=silencio/no golpe; x=apagado si aparece,D,-,-,U,D,-,D,U,G [D - - U D - D U],D [D - - U D - D U],Em [D - - U D - D U],C [D - - U D - D U],,,,,,,,,,,,,G G G G G G G G,D D D D D D D D,Em Em Em Em Em Em Em Em,C C C C C C C C,,,,,,,,,,,,,D - - U D - D U,D - - U D - D U,D - - U D - D U,D - - U D - D U,,,,,,,,,,,,,G | D | Em | C,acompanamiento_v6_musical_simplificado,"cambios reales de acordes, groove y estructura corta reconocible",V6: max 16 compases; subdivision max 8; no se rellenan compases vacios; 12/8 se trata como shuffle en 4/4 por limite tecnico,no,0,,https://musictonic.com/es/canciones-faciles-de-guitarra-para-principiantes/,"BPM, tonalidad y compases son sugerencias de practica adaptadas al limite de 12 compases y 4 subdivisiones; no es transcripcion exacta. V2 medio compas: '/' indica cambio al tiempo 3. La progresion_1acorde_compas queda como version ultra facil. V3 ritmica: 12 compases = 1-4 verso, 5-8 estribillo, 9-10 puente, 11 vuelta al estribillo, 12 final/corte. V4: CSV rehecho a 16 compases maximo y 8 subdivisiones por compas. | V6 confianza=alta. | APP_SAFE: slash chords simplificados a acorde base para evitar fallos de playback."
Si - directa,Meter ya,Nivel 1-2: acompanamiento con acordes abiertos/capo y patron simple.,260,Sirena varada,Héroes del Silencio,ES,Rock español,2,60,92,4/4,rock binario,8,1 & 2 & 3 & 4 &,Em,0,EADGBE,Em; C; G; D,4,D D - U D U - U,D D D D D D D D,D D - U D U - U,D - - - - - - -,D D - U D U - U,D=abajo; U=arriba; -=silencio/no golpe; x=apagado si aparece,D,D,-,U,D,U,-,U,Em [D D - U D U - U],C [D D - U D U - U],G [D D - U D U - U],D [D D - U D U - U],,,,,,,,,,,,,Em Em Em Em Em Em Em Em,C C C C C C C C,G G G G G G G G,D D D D D D D D,,,,,,,,,,,,,D D - U D U - U,D D - U D U - U,D D - U D U - U,D D - U D U - U,,,,,,,,,,,,,Em | C | G | D,acompanamiento_v6_musical_simplificado,"cambios reales de acordes, groove y estructura corta reconocible",V6: max 16 compases; subdivision max 8; no se rellenan compases vacios; 12/8 se trata como shuffle en 4/4 por limite tecnico,no,0,,https://guitarraviva.com/canciones-faciles-en-guitarra/,"BPM, tonalidad y compases son sugerencias de practica adaptadas al limite de 12 compases y 4 subdivisiones; no es transcripcion exacta. V2 medio compas: '/' indica cambio al tiempo 3. La progresion_1acorde_compas queda como version ultra facil. V3 ritmica: 12 compases = 1-4 verso, 5-8 estribillo, 9-10 puente, 11 vuelta al estribillo, 12 final/corte. V4: CSV rehecho a 16 compases maximo y 8 subdivisiones por compas. | V6 confianza=alta. | APP_SAFE: slash chords simplificados a acorde base para evitar fallos de playback."
Si - simplificada,Rock/power chords,Nivel 3 admisible si se plantea como version de power chords con pulso estable.,261,Molinos de viento,Mägo de Oz,ES,Folk metal simplificado,3,68,96,4/4,rock/power chords,8,1 & 2 & 3 & 4 &,Em,0,EADGBE,E5; G5; A5; D5,4,D D D D D D D D,D D - U D U - U,D D D D D D D D,D - - - - - - -,D D D D D D D D,D=abajo; U=arriba; -=silencio/no golpe; x=apagado si aparece,D,D,D,D,D,D,D,D,E5 [D D D D D D D D],G5 [D D D D D D D D],A5 [D D D D D D D D],D5 [D D D D D D D D],,,,,,,,,,,,,E5 E5 E5 E5 E5 E5 E5 E5,G5 G5 G5 G5 G5 G5 G5 G5,A5 A5 A5 A5 A5 A5 A5 A5,D5 D5 D5 D5 D5 D5 D5 D5,,,,,,,,,,,,,D D D D D D D D,D D D D D D D D,D D D D D D D D,D D D D D D D D,,,,,,,,,,,,,E5 | G5 | A5 | D5,acompanamiento_v6_musical_simplificado,"cambios reales de acordes, groove y estructura corta reconocible",V6: max 16 compases; subdivision max 8; no se rellenan compases vacios; 12/8 se trata como shuffle en 4/4 por limite tecnico,no,0,,https://guitarrasinlimites.com/acordes/40-canciones-faciles-para-tocar-en-guitarra/,"BPM, tonalidad y compases son sugerencias de practica adaptadas al limite de 12 compases y 4 subdivisiones; no es transcripcion exacta. V2 medio compas: '/' indica cambio al tiempo 3. La progresion_1acorde_compas queda como version ultra facil. V3 ritmica: 12 compases = 1-4 verso, 5-8 estribillo, 9-10 puente, 11 vuelta al estribillo, 12 final/corte. V4: CSV rehecho a 16 compases maximo y 8 subdivisiones por compas. | V6 confianza=alta. | APP_SAFE: slash chords simplificados a acorde base para evitar fallos de playback."
Si - simplificada,F reducido,Muy reconocible; usar Fmaj7/mini-F y priorizar continuidad del pulso.,262,Caminando por la vida,Melendi,ES,Pop / rumba,3,54,84,4/4,rumba pop,8,1 & 2 & 3 & 4 &,Am,0,EADGBE,Am; G; F; E,4,D - D U - U D U,D - U - D U - U,D - D U - U D U,D - - - - - - -,D - D U - U D U,D=abajo; U=arriba; -=silencio/no golpe; x=apagado si aparece,D,-,D,U,-,U,D,U,Am [D - D U - U D U],G [D - D U - U D U],F [D - D U - U D U],E [D - D U - U D U],,,,,,,,,,,,,Am Am Am Am Am Am Am Am,G G G G G G G G,F F F F F F F F,E E E E E E E E,,,,,,,,,,,,,D - D U - U D U,D - D U - U D U,D - D U - U D U,D - D U - U D U,,,,,,,,,,,,,Am | G | F | E,acompanamiento_v6_musical_simplificado,"cambios reales de acordes, groove y estructura corta reconocible",V6: max 16 compases; subdivision max 8; no se rellenan compases vacios; 12/8 se trata como shuffle en 4/4 por limite tecnico,no,0,,https://creatumusica.art/canciones-faciles-en-guitarra/,"BPM, tonalidad y compases son sugerencias de practica adaptadas al limite de 12 compases y 4 subdivisiones; no es transcripcion exacta. V2 medio compas: '/' indica cambio al tiempo 3. La progresion_1acorde_compas queda como version ultra facil. V3 ritmica: 12 compases = 1-4 verso, 5-8 estribillo, 9-10 puente, 11 vuelta al estribillo, 12 final/corte. V4: CSV rehecho a 16 compases maximo y 8 subdivisiones por compas. | V6 confianza=alta. | APP_SAFE: slash chords simplificados a acorde base para evitar fallos de playback."
Si - directa,Meter ya,Nivel 1-2: acompanamiento con acordes abiertos/capo y patron simple.,263,Lágrimas desordenadas,Melendi,ES,Pop español,2,52,80,4/4,rumba pop,8,1 & 2 & 3 & 4 &,C,0,EADGBE,C; G; Am; F,4,D - D U - U D U,D - U - D U - U,D - D U - U D U,D - - - - - - -,D - D U - U D U,D=abajo; U=arriba; -=silencio/no golpe; x=apagado si aparece,D,-,D,U,-,U,D,U,C [D - D U - U D U],G [D - D U - U D U],Am [D - D U - U D U],F [D - D U - U D U],,,,,,,,,,,,,C C C C C C C C,G G G G G G G G,Am Am Am Am Am Am Am Am,F F F F F F F F,,,,,,,,,,,,,D - D U - U D U,D - D U - U D U,D - D U - U D U,D - D U - U D U,,,,,,,,,,,,,C | G | Am | F,acompanamiento_v6_musical_simplificado,"cambios reales de acordes, groove y estructura corta reconocible",V6: max 16 compases; subdivision max 8; no se rellenan compases vacios; 12/8 se trata como shuffle en 4/4 por limite tecnico,no,0,,https://www.enchufalaguitarra.com/2019/01/30-canciones-faciles-guitarra-espanola-acustica.html,"BPM, tonalidad y compases son sugerencias de practica adaptadas al limite de 12 compases y 4 subdivisiones; no es transcripcion exacta. V2 medio compas: '/' indica cambio al tiempo 3. La progresion_1acorde_compas queda como version ultra facil. V3 ritmica: 12 compases = 1-4 verso, 5-8 estribillo, 9-10 puente, 11 vuelta al estribillo, 12 final/corte. V4: CSV rehecho a 16 compases maximo y 8 subdivisiones por compas. | V6 confianza=alta. | APP_SAFE: slash chords simplificados a acorde base para evitar fallos de playback."
Si - directa,Meter ya,Nivel 1-2: acompanamiento con acordes abiertos/capo y patron simple.,264,Depende,Jarabe de Palo,ES,Pop latino,2,56,84,4/4,rumba pop,8,1 & 2 & 3 & 4 &,G,0,EADGBE,G; D; Em; C,4,D - D U - U D U,D - U - D U - U,D - D U - U D U,D - - - - - - -,D - D U - U D U,D=abajo; U=arriba; -=silencio/no golpe; x=apagado si aparece,D,-,D,U,-,U,D,U,G [D - D U - U D U],D [D - D U - U D U],Em [D - D U - U D U],C [D - D U - U D U],,,,,,,,,,,,,G G G G G G G G,D D D D D D D D,Em Em Em Em Em Em Em Em,C C C C C C C C,,,,,,,,,,,,,D - D U - U D U,D - D U - U D U,D - D U - U D U,D - D U - U D U,,,,,,,,,,,,,G | D | Em | C,acompanamiento_v6_musical_simplificado,"cambios reales de acordes, groove y estructura corta reconocible",V6: max 16 compases; subdivision max 8; no se rellenan compases vacios; 12/8 se trata como shuffle en 4/4 por limite tecnico,no,0,,https://musictonic.com/es/canciones-faciles-de-guitarra-para-principiantes/,"BPM, tonalidad y compases son sugerencias de practica adaptadas al limite de 12 compases y 4 subdivisiones; no es transcripcion exacta. V2 medio compas: '/' indica cambio al tiempo 3. La progresion_1acorde_compas queda como version ultra facil. V3 ritmica: 12 compases = 1-4 verso, 5-8 estribillo, 9-10 puente, 11 vuelta al estribillo, 12 final/corte. V4: CSV rehecho a 16 compases maximo y 8 subdivisiones por compas. | V6 confianza=alta. | APP_SAFE: slash chords simplificados a acorde base para evitar fallos de playback."
Si - directa,Meter ya,Nivel 1-2: acompanamiento con acordes abiertos/capo y patron simple.,265,Bonito,Jarabe de Palo,ES,Pop latino,2,52,78,4/4,rumba pop,8,1 & 2 & 3 & 4 &,G,0,EADGBE,G; D; Em; C,4,D - D U - U D U,D - U - D U - U,D - D U - U D U,D - - - - - - -,D - D U - U D U,D=abajo; U=arriba; -=silencio/no golpe; x=apagado si aparece,D,-,D,U,-,U,D,U,G [D - D U - U D U],D [D - D U - U D U],Em [D - D U - U D U],C [D - D U - U D U],,,,,,,,,,,,,G G G G G G G G,D D D D D D D D,Em Em Em Em Em Em Em Em,C C C C C C C C,,,,,,,,,,,,,D - D U - U D U,D - D U - U D U,D - D U - U D U,D - D U - U D U,,,,,,,,,,,,,G | D | Em | C,acompanamiento_v6_musical_simplificado,"cambios reales de acordes, groove y estructura corta reconocible",V6: max 16 compases; subdivision max 8; no se rellenan compases vacios; 12/8 se trata como shuffle en 4/4 por limite tecnico,no,0,,https://guitarraviva.com/canciones-faciles-en-guitarra/,"BPM, tonalidad y compases son sugerencias de practica adaptadas al limite de 12 compases y 4 subdivisiones; no es transcripcion exacta. V2 medio compas: '/' indica cambio al tiempo 3. La progresion_1acorde_compas queda como version ultra facil. V3 ritmica: 12 compases = 1-4 verso, 5-8 estribillo, 9-10 puente, 11 vuelta al estribillo, 12 final/corte. V4: CSV rehecho a 16 compases maximo y 8 subdivisiones por compas. | V6 confianza=alta. | APP_SAFE: slash chords simplificados a acorde base para evitar fallos de playback."
Si - directa,Meter ya,Nivel 1-2: acompanamiento con acordes abiertos/capo y patron simple.,266,Agua,Jarabe de Palo,ES,Pop latino,2,52,78,4/4,rumba pop,8,1 & 2 & 3 & 4 &,C,0,EADGBE,C; G; Am; F,4,D - D U - U D U,D - U - D U - U,D - D U - U D U,D - - - - - - -,D - D U - U D U,D=abajo; U=arriba; -=silencio/no golpe; x=apagado si aparece,D,-,D,U,-,U,D,U,C [D - D U - U D U],G [D - D U - U D U],Am [D - D U - U D U],F [D - D U - U D U],,,,,,,,,,,,,C C C C C C C C,G G G G G G G G,Am Am Am Am Am Am Am Am,F F F F F F F F,,,,,,,,,,,,,D - D U - U D U,D - D U - U D U,D - D U - U D U,D - D U - U D U,,,,,,,,,,,,,C | G | Am | F,acompanamiento_v6_musical_simplificado,"cambios reales de acordes, groove y estructura corta reconocible",V6: max 16 compases; subdivision max 8; no se rellenan compases vacios; 12/8 se trata como shuffle en 4/4 por limite tecnico,no,0,,https://guitarrasinlimites.com/acordes/40-canciones-faciles-para-tocar-en-guitarra/,"BPM, tonalidad y compases son sugerencias de practica adaptadas al limite de 12 compases y 4 subdivisiones; no es transcripcion exacta. V2 medio compas: '/' indica cambio al tiempo 3. La progresion_1acorde_compas queda como version ultra facil. V3 ritmica: 12 compases = 1-4 verso, 5-8 estribillo, 9-10 puente, 11 vuelta al estribillo, 12 final/corte. V4: CSV rehecho a 16 compases maximo y 8 subdivisiones por compas. | V6 confianza=alta. | APP_SAFE: slash chords simplificados a acorde base para evitar fallos de playback."
Si - simplificada,F reducido,Muy reconocible; usar Fmaj7/mini-F y priorizar continuidad del pulso.,267,Mariposa traicionera,Maná,ES,Pop rock latino,3,58,86,4/4,latin/rumba pop,8,1 & 2 & 3 & 4 &,Am,0,EADGBE,Am; G; F; E,4,D - U - D U - U,D - D U - U D U,D - U - D U - U,D - - - - - - -,D - U - D U - U,D=abajo; U=arriba; -=silencio/no golpe; x=apagado si aparece,D,-,U,-,D,U,-,U,Am [D - U - D U - U],G [D - U - D U - U],F [D - U - D U - U],E [D - U - D U - U],,,,,,,,,,,,,Am Am Am Am Am Am Am Am,G G G G G G G G,F F F F F F F F,E E E E E E E E,,,,,,,,,,,,,D - U - D U - U,D - U - D U - U,D - U - D U - U,D - U - D U - U,,,,,,,,,,,,,Am | G | F | E,acompanamiento_v6_musical_simplificado,"cambios reales de acordes, groove y estructura corta reconocible",V6: max 16 compases; subdivision max 8; no se rellenan compases vacios; 12/8 se trata como shuffle en 4/4 por limite tecnico,no,0,,https://creatumusica.art/canciones-faciles-en-guitarra/,"BPM, tonalidad y compases son sugerencias de practica adaptadas al limite de 12 compases y 4 subdivisiones; no es transcripcion exacta. V2 medio compas: '/' indica cambio al tiempo 3. La progresion_1acorde_compas queda como version ultra facil. V3 ritmica: 12 compases = 1-4 verso, 5-8 estribillo, 9-10 puente, 11 vuelta al estribillo, 12 final/corte. V4: CSV rehecho a 16 compases maximo y 8 subdivisiones por compas. | V6 confianza=alta. | APP_SAFE: slash chords simplificados a acorde base para evitar fallos de playback."
Si - directa,Meter ya,Nivel 1-2: acompanamiento con acordes abiertos/capo y patron simple.,268,Clavado en un bar,Maná,ES,Pop rock latino,2,58,94,4/4,rock binario,8,1 & 2 & 3 & 4 &,A,0,EADGBE,A; D; E,4,D D - U D U - U,D D D D D D D D,D D - U D U - U,D - - - - - - -,D D - U D U - U,D=abajo; U=arriba; -=silencio/no golpe; x=apagado si aparece,D,D,-,U,D,U,-,U,A [D D - U D U - U],D [D D - U D U - U],E [D D - U D U - U],A [D D - U D U - U],,,,,,,,,,,,,A A A A A A A A,D D D D D D D D,E E E E E E E E,A A A A A A A A,,,,,,,,,,,,,D D - U D U - U,D D - U D U - U,D D - U D U - U,D D - U D U - U,,,,,,,,,,,,,A | D | E | A,acompanamiento_v6_musical_simplificado,"cambios reales de acordes, groove y estructura corta reconocible",V6: max 16 compases; subdivision max 8; no se rellenan compases vacios; 12/8 se trata como shuffle en 4/4 por limite tecnico,no,0,,https://www.enchufalaguitarra.com/2019/01/30-canciones-faciles-guitarra-espanola-acustica.html,"BPM, tonalidad y compases son sugerencias de practica adaptadas al limite de 12 compases y 4 subdivisiones; no es transcripcion exacta. V2 medio compas: '/' indica cambio al tiempo 3. La progresion_1acorde_compas queda como version ultra facil. V3 ritmica: 12 compases = 1-4 verso, 5-8 estribillo, 9-10 puente, 11 vuelta al estribillo, 12 final/corte. V4: CSV rehecho a 16 compases maximo y 8 subdivisiones por compas. | V6 confianza=alta. | APP_SAFE: slash chords simplificados a acorde base para evitar fallos de playback."
Si - directa,Meter ya,Nivel 1-2: acompanamiento con acordes abiertos/capo y patron simple.,269,En el muelle de San Blas,Maná,ES,Pop rock latino,2,52,74,4/4,latin/rumba pop,8,1 & 2 & 3 & 4 &,G,0,EADGBE,G; D; Em; C,4,D - U - D U - U,D - D U - U D U,D - U - D U - U,D - - - - - - -,D - U - D U - U,D=abajo; U=arriba; -=silencio/no golpe; x=apagado si aparece,D,-,U,-,D,U,-,U,G [D - U - D U - U],D [D - U - D U - U],Em [D - U - D U - U],C [D - U - D U - U],,,,,,,,,,,,,G G G G G G G G,D D D D D D D D,Em Em Em Em Em Em Em Em,C C C C C C C C,,,,,,,,,,,,,D - U - D U - U,D - U - D U - U,D - U - D U - U,D - U - D U - U,,,,,,,,,,,,,G | D | Em | C,acompanamiento_v6_musical_simplificado,"cambios reales de acordes, groove y estructura corta reconocible",V6: max 16 compases; subdivision max 8; no se rellenan compases vacios; 12/8 se trata como shuffle en 4/4 por limite tecnico,no,0,,https://musictonic.com/es/canciones-faciles-de-guitarra-para-principiantes/,"BPM, tonalidad y compases son sugerencias de practica adaptadas al limite de 12 compases y 4 subdivisiones; no es transcripcion exacta. V2 medio compas: '/' indica cambio al tiempo 3. La progresion_1acorde_compas queda como version ultra facil. V3 ritmica: 12 compases = 1-4 verso, 5-8 estribillo, 9-10 puente, 11 vuelta al estribillo, 12 final/corte. V4: CSV rehecho a 16 compases maximo y 8 subdivisiones por compas. | V6 confianza=alta. | APP_SAFE: slash chords simplificados a acorde base para evitar fallos de playback."
Si - directa,Meter ya,Nivel 1-2: acompanamiento con acordes abiertos/capo y patron simple.,270,Bendita tu luz,Maná,ES,Pop latino,2,56,80,4/4,latin/rumba pop,8,1 & 2 & 3 & 4 &,G,0,EADGBE,G; D; Em; C,4,D - U - D U - U,D - D U - U D U,D - U - D U - U,D - - - - - - -,D - U - D U - U,D=abajo; U=arriba; -=silencio/no golpe; x=apagado si aparece,D,-,U,-,D,U,-,U,G [D - U - D U - U],D [D - U - D U - U],Em [D - U - D U - U],C [D - U - D U - U],,,,,,,,,,,,,G G G G G G G G,D D D D D D D D,Em Em Em Em Em Em Em Em,C C C C C C C C,,,,,,,,,,,,,D - U - D U - U,D - U - D U - U,D - U - D U - U,D - U - D U - U,,,,,,,,,,,,,G | D | Em | C,acompanamiento_v6_musical_simplificado,"cambios reales de acordes, groove y estructura corta reconocible",V6: max 16 compases; subdivision max 8; no se rellenan compases vacios; 12/8 se trata como shuffle en 4/4 por limite tecnico,no,0,,https://guitarraviva.com/canciones-faciles-en-guitarra/,"BPM, tonalidad y compases son sugerencias de practica adaptadas al limite de 12 compases y 4 subdivisiones; no es transcripcion exacta. V2 medio compas: '/' indica cambio al tiempo 3. La progresion_1acorde_compas queda como version ultra facil. V3 ritmica: 12 compases = 1-4 verso, 5-8 estribillo, 9-10 puente, 11 vuelta al estribillo, 12 final/corte. V4: CSV rehecho a 16 compases maximo y 8 subdivisiones por compas. | V6 confianza=alta. | APP_SAFE: slash chords simplificados a acorde base para evitar fallos de playback."
Si - directa,Meter ya,Nivel 1-2: acompanamiento con acordes abiertos/capo y patron simple.,271,Oye mi amor,Maná,ES,Pop rock latino,2,58,92,4/4,rock binario,8,1 & 2 & 3 & 4 &,A,0,EADGBE,A; D; E,4,D D - U D U - U,D D D D D D D D,D D - U D U - U,D - - - - - - -,D D - U D U - U,D=abajo; U=arriba; -=silencio/no golpe; x=apagado si aparece,D,D,-,U,D,U,-,U,A [D D - U D U - U],D [D D - U D U - U],E [D D - U D U - U],A [D D - U D U - U],,,,,,,,,,,,,A A A A A A A A,D D D D D D D D,E E E E E E E E,A A A A A A A A,,,,,,,,,,,,,D D - U D U - U,D D - U D U - U,D D - U D U - U,D D - U D U - U,,,,,,,,,,,,,A | D | E | A,acompanamiento_v6_musical_simplificado,"cambios reales de acordes, groove y estructura corta reconocible",V6: max 16 compases; subdivision max 8; no se rellenan compases vacios; 12/8 se trata como shuffle en 4/4 por limite tecnico,no,0,,https://guitarrasinlimites.com/acordes/40-canciones-faciles-para-tocar-en-guitarra/,"BPM, tonalidad y compases son sugerencias de practica adaptadas al limite de 12 compases y 4 subdivisiones; no es transcripcion exacta. V2 medio compas: '/' indica cambio al tiempo 3. La progresion_1acorde_compas queda como version ultra facil. V3 ritmica: 12 compases = 1-4 verso, 5-8 estribillo, 9-10 puente, 11 vuelta al estribillo, 12 final/corte. V4: CSV rehecho a 16 compases maximo y 8 subdivisiones por compas. | V6 confianza=alta. | APP_SAFE: slash chords simplificados a acorde base para evitar fallos de playback."
Si - directa,Meter ya,Nivel 1-2: acompanamiento con acordes abiertos/capo y patron simple.,272,Antología,Shakira,ES,Pop latino / balada,2,50,78,4/4,balada 4/4,8,1 & 2 & 3 & 4 &,C,0,EADGBE,C; G; Am; F,4,D - - U D - D U,D - - U - U D -,D - - U D - D U,D - - - - - - -,D - - U D - D U,D=abajo; U=arriba; -=silencio/no golpe; x=apagado si aparece,D,-,-,U,D,-,D,U,C [D - - U D - D U],G [D - - U D - D U],Am [D - - U D - D U],F [D - - U D - D U],,,,,,,,,,,,,C C C C C C C C,G G G G G G G G,Am Am Am Am Am Am Am Am,F F F F F F F F,,,,,,,,,,,,,D - - U D - D U,D - - U D - D U,D - - U D - D U,D - - U D - D U,,,,,,,,,,,,,C | G | Am | F,acompanamiento_v6_musical_simplificado,"cambios reales de acordes, groove y estructura corta reconocible",V6: max 16 compases; subdivision max 8; no se rellenan compases vacios; 12/8 se trata como shuffle en 4/4 por limite tecnico,no,0,,https://creatumusica.art/canciones-faciles-en-guitarra/,"BPM, tonalidad y compases son sugerencias de practica adaptadas al limite de 12 compases y 4 subdivisiones; no es transcripcion exacta. V2 medio compas: '/' indica cambio al tiempo 3. La progresion_1acorde_compas queda como version ultra facil. V3 ritmica: 12 compases = 1-4 verso, 5-8 estribillo, 9-10 puente, 11 vuelta al estribillo, 12 final/corte. V4: CSV rehecho a 16 compases maximo y 8 subdivisiones por compas. | V6 confianza=alta. | APP_SAFE: slash chords simplificados a acorde base para evitar fallos de playback."
Si - directa,Meter ya,Nivel 1-2: acompanamiento con acordes abiertos/capo y patron simple.,273,Inevitable,Shakira,ES,Pop rock latino,2,62,86,4/4,rock binario,8,1 & 2 & 3 & 4 &,Em,0,EADGBE,Em; C; G; D,4,D D - U D U - U,D D D D D D D D,D D - U D U - U,D - - - - - - -,D D - U D U - U,D=abajo; U=arriba; -=silencio/no golpe; x=apagado si aparece,D,D,-,U,D,U,-,U,Em [D D - U D U - U],C [D D - U D U - U],G [D D - U D U - U],D [D D - U D U - U],,,,,,,,,,,,,Em Em Em Em Em Em Em Em,C C C C C C C C,G G G G G G G G,D D D D D D D D,,,,,,,,,,,,,D D - U D U - U,D D - U D U - U,D D - U D U - U,D D - U D U - U,,,,,,,,,,,,,Em | C | G | D,acompanamiento_v6_musical_simplificado,"cambios reales de acordes, groove y estructura corta reconocible",V6: max 16 compases; subdivision max 8; no se rellenan compases vacios; 12/8 se trata como shuffle en 4/4 por limite tecnico,no,0,,https://www.enchufalaguitarra.com/2019/01/30-canciones-faciles-guitarra-espanola-acustica.html,"BPM, tonalidad y compases son sugerencias de practica adaptadas al limite de 12 compases y 4 subdivisiones; no es transcripcion exacta. V2 medio compas: '/' indica cambio al tiempo 3. La progresion_1acorde_compas queda como version ultra facil. V3 ritmica: 12 compases = 1-4 verso, 5-8 estribillo, 9-10 puente, 11 vuelta al estribillo, 12 final/corte. V4: CSV rehecho a 16 compases maximo y 8 subdivisiones por compas. | V6 confianza=alta. | APP_SAFE: slash chords simplificados a acorde base para evitar fallos de playback."
Si - directa,Meter ya,Nivel 1-2: acompanamiento con acordes abiertos/capo y patron simple.,274,Tú,Shakira,ES,Pop latino / balada,2,48,74,4/4,balada 4/4,8,1 & 2 & 3 & 4 &,C,0,EADGBE,C; G; Am; F,4,D - - U D - D U,D - - U - U D -,D - - U D - D U,D - - - - - - -,D - - U D - D U,D=abajo; U=arriba; -=silencio/no golpe; x=apagado si aparece,D,-,-,U,D,-,D,U,C [D - - U D - D U],G [D - - U D - D U],Am [D - - U D - D U],F [D - - U D - D U],,,,,,,,,,,,,C C C C C C C C,G G G G G G G G,Am Am Am Am Am Am Am Am,F F F F F F F F,,,,,,,,,,,,,D - - U D - D U,D - - U D - D U,D - - U D - D U,D - - U D - D U,,,,,,,,,,,,,C | G | Am | F,acompanamiento_v6_musical_simplificado,"cambios reales de acordes, groove y estructura corta reconocible",V6: max 16 compases; subdivision max 8; no se rellenan compases vacios; 12/8 se trata como shuffle en 4/4 por limite tecnico,no,0,,https://musictonic.com/es/canciones-faciles-de-guitarra-para-principiantes/,"BPM, tonalidad y compases son sugerencias de practica adaptadas al limite de 12 compases y 4 subdivisiones; no es transcripcion exacta. V2 medio compas: '/' indica cambio al tiempo 3. La progresion_1acorde_compas queda como version ultra facil. V3 ritmica: 12 compases = 1-4 verso, 5-8 estribillo, 9-10 puente, 11 vuelta al estribillo, 12 final/corte. V4: CSV rehecho a 16 compases maximo y 8 subdivisiones por compas. | V6 confianza=alta. | APP_SAFE: slash chords simplificados a acorde base para evitar fallos de playback."
Si - directa,Meter ya,Nivel 1-2: acompanamiento con acordes abiertos/capo y patron simple.,275,Día de enero,Shakira,ES,Pop latino,2,54,82,4/4,pop/rock binario,8,1 & 2 & 3 & 4 &,G,0,EADGBE,G; D; Em; C,4,D - D U - U D U,D D - U D U - U,D - D - D U D U,D - - - - - - -,D - D U - U D U,D=abajo; U=arriba; -=silencio/no golpe; x=apagado si aparece,D,-,D,U,-,U,D,U,G [D - D U - U D U],D [D - D U - U D U],Em [D - D U - U D U],C [D - D U - U D U],,,,,,,,,,,,,G G G G G G G G,D D D D D D D D,Em Em Em Em Em Em Em Em,C C C C C C C C,,,,,,,,,,,,,D - D U - U D U,D - D U - U D U,D - D U - U D U,D - D U - U D U,,,,,,,,,,,,,G | D | Em | C,acompanamiento_v6_musical_simplificado,"cambios reales de acordes, groove y estructura corta reconocible",V6: max 16 compases; subdivision max 8; no se rellenan compases vacios; 12/8 se trata como shuffle en 4/4 por limite tecnico,no,0,,https://guitarraviva.com/canciones-faciles-en-guitarra/,"BPM, tonalidad y compases son sugerencias de practica adaptadas al limite de 12 compases y 4 subdivisiones; no es transcripcion exacta. V2 medio compas: '/' indica cambio al tiempo 3. La progresion_1acorde_compas queda como version ultra facil. V3 ritmica: 12 compases = 1-4 verso, 5-8 estribillo, 9-10 puente, 11 vuelta al estribillo, 12 final/corte. V4: CSV rehecho a 16 compases maximo y 8 subdivisiones por compas. | V6 confianza=alta. | APP_SAFE: slash chords simplificados a acorde base para evitar fallos de playback."
Si - directa,Meter ya,Nivel 1-2: acompanamiento con acordes abiertos/capo y patron simple.,276,A Dios le pido,Juanes,ES,Pop rock latino,2,56,84,4/4,latin/rumba pop,8,1 & 2 & 3 & 4 &,G,0,EADGBE,G; D; Em; C,4,D - U - D U - U,D - D U - U D U,D - U - D U - U,D - - - - - - -,D - U - D U - U,D=abajo; U=arriba; -=silencio/no golpe; x=apagado si aparece,D,-,U,-,D,U,-,U,G [D - U - D U - U],D [D - U - D U - U],Em [D - U - D U - U],C [D - U - D U - U],,,,,,,,,,,,,G G G G G G G G,D D D D D D D D,Em Em Em Em Em Em Em Em,C C C C C C C C,,,,,,,,,,,,,D - U - D U - U,D - U - D U - U,D - U - D U - U,D - U - D U - U,,,,,,,,,,,,,G | D | Em | C,acompanamiento_v6_musical_simplificado,"cambios reales de acordes, groove y estructura corta reconocible",V6: max 16 compases; subdivision max 8; no se rellenan compases vacios; 12/8 se trata como shuffle en 4/4 por limite tecnico,no,0,,https://guitarrasinlimites.com/acordes/40-canciones-faciles-para-tocar-en-guitarra/,"BPM, tonalidad y compases son sugerencias de practica adaptadas al limite de 12 compases y 4 subdivisiones; no es transcripcion exacta. V2 medio compas: '/' indica cambio al tiempo 3. La progresion_1acorde_compas queda como version ultra facil. V3 ritmica: 12 compases = 1-4 verso, 5-8 estribillo, 9-10 puente, 11 vuelta al estribillo, 12 final/corte. V4: CSV rehecho a 16 compases maximo y 8 subdivisiones por compas. | V6 confianza=alta. | APP_SAFE: slash chords simplificados a acorde base para evitar fallos de playback."
Si - simplificada,F reducido,Muy reconocible; usar Fmaj7/mini-F y priorizar continuidad del pulso.,277,La camisa negra,Juanes,ES,Pop rock latino,3,54,82,4/4,latin/rumba pop,8,1 & 2 & 3 & 4 &,Am,0,EADGBE,Am; G; F; E,4,D - U - D U - U,D - D U - U D U,D - U - D U - U,D - - - - - - -,D - U - D U - U,D=abajo; U=arriba; -=silencio/no golpe; x=apagado si aparece,D,-,U,-,D,U,-,U,Am [D - U - D U - U],G [D - U - D U - U],F [D - U - D U - U],E [D - U - D U - U],,,,,,,,,,,,,Am Am Am Am Am Am Am Am,G G G G G G G G,F F F F F F F F,E E E E E E E E,,,,,,,,,,,,,D - U - D U - U,D - U - D U - U,D - U - D U - U,D - U - D U - U,,,,,,,,,,,,,Am | G | F | E,acompanamiento_v6_musical_simplificado,"cambios reales de acordes, groove y estructura corta reconocible",V6: max 16 compases; subdivision max 8; no se rellenan compases vacios; 12/8 se trata como shuffle en 4/4 por limite tecnico,no,0,,https://creatumusica.art/canciones-faciles-en-guitarra/,"BPM, tonalidad y compases son sugerencias de practica adaptadas al limite de 12 compases y 4 subdivisiones; no es transcripcion exacta. V2 medio compas: '/' indica cambio al tiempo 3. La progresion_1acorde_compas queda como version ultra facil. V3 ritmica: 12 compases = 1-4 verso, 5-8 estribillo, 9-10 puente, 11 vuelta al estribillo, 12 final/corte. V4: CSV rehecho a 16 compases maximo y 8 subdivisiones por compas. | V6 confianza=alta. | APP_SAFE: slash chords simplificados a acorde base para evitar fallos de playback."
Si - directa,Meter ya,Nivel 1-2: acompanamiento con acordes abiertos/capo y patron simple.,278,Es por ti,Juanes,ES,Pop latino,2,52,78,4/4,latin/rumba pop,8,1 & 2 & 3 & 4 &,C,0,EADGBE,C; G; Am; F,4,D - U - D U - U,D - D U - U D U,D - U - D U - U,D - - - - - - -,D - U - D U - U,D=abajo; U=arriba; -=silencio/no golpe; x=apagado si aparece,D,-,U,-,D,U,-,U,C [D - U - D U - U],G [D - U - D U - U],Am [D - U - D U - U],F [D - U - D U - U],,,,,,,,,,,,,C C C C C C C C,G G G G G G G G,Am Am Am Am Am Am Am Am,F F F F F F F F,,,,,,,,,,,,,D - U - D U - U,D - U - D U - U,D - U - D U - U,D - U - D U - U,,,,,,,,,,,,,C | G | Am | F,acompanamiento_v6_musical_simplificado,"cambios reales de acordes, groove y estructura corta reconocible",V6: max 16 compases; subdivision max 8; no se rellenan compases vacios; 12/8 se trata como shuffle en 4/4 por limite tecnico,no,0,,https://www.enchufalaguitarra.com/2019/01/30-canciones-faciles-guitarra-espanola-acustica.html,"BPM, tonalidad y compases son sugerencias de practica adaptadas al limite de 12 compases y 4 subdivisiones; no es transcripcion exacta. V2 medio compas: '/' indica cambio al tiempo 3. La progresion_1acorde_compas queda como version ultra facil. V3 ritmica: 12 compases = 1-4 verso, 5-8 estribillo, 9-10 puente, 11 vuelta al estribillo, 12 final/corte. V4: CSV rehecho a 16 compases maximo y 8 subdivisiones por compas. | V6 confianza=alta. | APP_SAFE: slash chords simplificados a acorde base para evitar fallos de playback."
Si - directa,Meter ya,Nivel 1-2: acompanamiento con acordes abiertos/capo y patron simple.,279,Me enamora,Juanes,ES,Pop rock latino,2,62,92,4/4,latin/rumba pop,8,1 & 2 & 3 & 4 &,A,0,EADGBE,A; D; E,4,D - U - D U - U,D - D U - U D U,D - U - D U - U,D - - - - - - -,D - U - D U - U,D=abajo; U=arriba; -=silencio/no golpe; x=apagado si aparece,D,-,U,-,D,U,-,U,A [D - U - D U - U],D [D - U - D U - U],E [D - U - D U - U],A [D - U - D U - U],,,,,,,,,,,,,A A A A A A A A,D D D D D D D D,E E E E E E E E,A A A A A A A A,,,,,,,,,,,,,D - U - D U - U,D - U - D U - U,D - U - D U - U,D - U - D U - U,,,,,,,,,,,,,A | D | E | A,acompanamiento_v6_musical_simplificado,"cambios reales de acordes, groove y estructura corta reconocible",V6: max 16 compases; subdivision max 8; no se rellenan compases vacios; 12/8 se trata como shuffle en 4/4 por limite tecnico,no,0,,https://musictonic.com/es/canciones-faciles-de-guitarra-para-principiantes/,"BPM, tonalidad y compases son sugerencias de practica adaptadas al limite de 12 compases y 4 subdivisiones; no es transcripcion exacta. V2 medio compas: '/' indica cambio al tiempo 3. La progresion_1acorde_compas queda como version ultra facil. V3 ritmica: 12 compases = 1-4 verso, 5-8 estribillo, 9-10 puente, 11 vuelta al estribillo, 12 final/corte. V4: CSV rehecho a 16 compases maximo y 8 subdivisiones por compas. | V6 confianza=alta. | APP_SAFE: slash chords simplificados a acorde base para evitar fallos de playback."
Si - directa,Meter ya,Nivel 1-2: acompanamiento con acordes abiertos/capo y patron simple.,280,Me voy,Julieta Venegas,ES,Pop latino,2,52,84,4/4,latin/rumba pop,8,1 & 2 & 3 & 4 &,G,0,EADGBE,G; D; Em; C,4,D - U - D U - U,D - D U - U D U,D - U - D U - U,D - - - - - - -,D - U - D U - U,D=abajo; U=arriba; -=silencio/no golpe; x=apagado si aparece,D,-,U,-,D,U,-,U,G [D - U - D U - U],D [D - U - D U - U],Em [D - U - D U - U],C [D - U - D U - U],,,,,,,,,,,,,G G G G G G G G,D D D D D D D D,Em Em Em Em Em Em Em Em,C C C C C C C C,,,,,,,,,,,,,D - U - D U - U,D - U - D U - U,D - U - D U - U,D - U - D U - U,,,,,,,,,,,,,G | D | Em | C,acompanamiento_v6_musical_simplificado,"cambios reales de acordes, groove y estructura corta reconocible",V6: max 16 compases; subdivision max 8; no se rellenan compases vacios; 12/8 se trata como shuffle en 4/4 por limite tecnico,no,0,,https://guitarraviva.com/canciones-faciles-en-guitarra/,"BPM, tonalidad y compases son sugerencias de practica adaptadas al limite de 12 compases y 4 subdivisiones; no es transcripcion exacta. V2 medio compas: '/' indica cambio al tiempo 3. La progresion_1acorde_compas queda como version ultra facil. V3 ritmica: 12 compases = 1-4 verso, 5-8 estribillo, 9-10 puente, 11 vuelta al estribillo, 12 final/corte. V4: CSV rehecho a 16 compases maximo y 8 subdivisiones por compas. | V6 confianza=alta. | APP_SAFE: slash chords simplificados a acorde base para evitar fallos de playback."
Si - directa,Meter ya,Nivel 1-2: acompanamiento con acordes abiertos/capo y patron simple.,281,Limón y sal,Julieta Venegas,ES,Pop latino,2,52,76,4/4,latin/rumba pop,8,1 & 2 & 3 & 4 &,C,0,EADGBE,C; G; Am; F,4,D - U - D U - U,D - D U - U D U,D - U - D U - U,D - - - - - - -,D - U - D U - U,D=abajo; U=arriba; -=silencio/no golpe; x=apagado si aparece,D,-,U,-,D,U,-,U,C [D - U - D U - U],G [D - U - D U - U],Am [D - U - D U - U],F [D - U - D U - U],,,,,,,,,,,,,C C C C C C C C,G G G G G G G G,Am Am Am Am Am Am Am Am,F F F F F F F F,,,,,,,,,,,,,D - U - D U - U,D - U - D U - U,D - U - D U - U,D - U - D U - U,,,,,,,,,,,,,C | G | Am | F,acompanamiento_v6_musical_simplificado,"cambios reales de acordes, groove y estructura corta reconocible",V6: max 16 compases; subdivision max 8; no se rellenan compases vacios; 12/8 se trata como shuffle en 4/4 por limite tecnico,no,0,,https://guitarrasinlimites.com/acordes/40-canciones-faciles-para-tocar-en-guitarra/,"BPM, tonalidad y compases son sugerencias de practica adaptadas al limite de 12 compases y 4 subdivisiones; no es transcripcion exacta. V2 medio compas: '/' indica cambio al tiempo 3. La progresion_1acorde_compas queda como version ultra facil. V3 ritmica: 12 compases = 1-4 verso, 5-8 estribillo, 9-10 puente, 11 vuelta al estribillo, 12 final/corte. V4: CSV rehecho a 16 compases maximo y 8 subdivisiones por compas. | V6 confianza=alta. | APP_SAFE: slash chords simplificados a acorde base para evitar fallos de playback."
Si - directa,Meter ya,Nivel 1-2: acompanamiento con acordes abiertos/capo y patron simple.,282,Andar conmigo,Julieta Venegas,ES,Pop latino,2,56,80,4/4,latin/rumba pop,8,1 & 2 & 3 & 4 &,G,0,EADGBE,G; D; Em; C,4,D - U - D U - U,D - D U - U D U,D - U - D U - U,D - - - - - - -,D - U - D U - U,D=abajo; U=arriba; -=silencio/no golpe; x=apagado si aparece,D,-,U,-,D,U,-,U,G [D - U - D U - U],D [D - U - D U - U],Em [D - U - D U - U],C [D - U - D U - U],,,,,,,,,,,,,G G G G G G G G,D D D D D D D D,Em Em Em Em Em Em Em Em,C C C C C C C C,,,,,,,,,,,,,D - U - D U - U,D - U - D U - U,D - U - D U - U,D - U - D U - U,,,,,,,,,,,,,G | D | Em | C,acompanamiento_v6_musical_simplificado,"cambios reales de acordes, groove y estructura corta reconocible",V6: max 16 compases; subdivision max 8; no se rellenan compases vacios; 12/8 se trata como shuffle en 4/4 por limite tecnico,no,0,,https://creatumusica.art/canciones-faciles-en-guitarra/,"BPM, tonalidad y compases son sugerencias de practica adaptadas al limite de 12 compases y 4 subdivisiones; no es transcripcion exacta. V2 medio compas: '/' indica cambio al tiempo 3. La progresion_1acorde_compas queda como version ultra facil. V3 ritmica: 12 compases = 1-4 verso, 5-8 estribillo, 9-10 puente, 11 vuelta al estribillo, 12 final/corte. V4: CSV rehecho a 16 compases maximo y 8 subdivisiones por compas. | V6 confianza=alta. | APP_SAFE: slash chords simplificados a acorde base para evitar fallos de playback."
Si - directa,Meter ya,Nivel 1-2: acompanamiento con acordes abiertos/capo y patron simple.,283,Eres,Café Tacvba,ES,Pop rock latino,2,50,78,4/4,pop/rock binario,8,1 & 2 & 3 & 4 &,G,0,EADGBE,G; D; Em; C,4,D - - U - U D -,D - D U - U D U,D - - U D - D U,D - - - - - - -,D - - U - U D -,D=abajo; U=arriba; -=silencio/no golpe; x=apagado si aparece,D,-,-,U,-,U,D,-,G [D - - U - U D -],D [D - - U - U D -],Em [D - - U - U D -],C [D - - U - U D -],,,,,,,,,,,,,G G G G G G G G,D D D D D D D D,Em Em Em Em Em Em Em Em,C C C C C C C C,,,,,,,,,,,,,D - - U - U D -,D - - U - U D -,D - - U - U D -,D - - U - U D -,,,,,,,,,,,,,G | D | Em | C,acompanamiento_v6_musical_simplificado,"cambios reales de acordes, groove y estructura corta reconocible",V6: max 16 compases; subdivision max 8; no se rellenan compases vacios; 12/8 se trata como shuffle en 4/4 por limite tecnico,no,0,,https://www.enchufalaguitarra.com/2019/01/30-canciones-faciles-guitarra-espanola-acustica.html,"BPM, tonalidad y compases son sugerencias de practica adaptadas al limite de 12 compases y 4 subdivisiones; no es transcripcion exacta. V2 medio compas: '/' indica cambio al tiempo 3. La progresion_1acorde_compas queda como version ultra facil. V3 ritmica: 12 compases = 1-4 verso, 5-8 estribillo, 9-10 puente, 11 vuelta al estribillo, 12 final/corte. V4: CSV rehecho a 16 compases maximo y 8 subdivisiones por compas. | V6 confianza=alta. | APP_SAFE: slash chords simplificados a acorde base para evitar fallos de playback."
Si - directa,Meter ya,Nivel 1-2: acompanamiento con acordes abiertos/capo y patron simple.,284,Guantanamera,Traditional / Cuba,ES,Tradicional latino,1,48,76,4/4,latin/rumba pop,8,1 & 2 & 3 & 4 &,C,0,EADGBE,C; F; G,4,D - U - D U - U,D - D U - U D U,D - U - D U - U,D - - - - - - -,D - U - D U - U,D=abajo; U=arriba; -=silencio/no golpe; x=apagado si aparece,D,-,U,-,D,U,-,U,C [D - U - D U - U],F [D - U - D U - U],G [D - U - D U - U],F [D - U - D U - U],,,,,,,,,,,,,C C C C C C C C,F F F F F F F F,G G G G G G G G,F F F F F F F F,,,,,,,,,,,,,D - U - D U - U,D - U - D U - U,D - U - D U - U,D - U - D U - U,,,,,,,,,,,,,C | F | G | F,acompanamiento_v6_musical_simplificado,"cambios reales de acordes, groove y estructura corta reconocible",V6: max 16 compases; subdivision max 8; no se rellenan compases vacios; 12/8 se trata como shuffle en 4/4 por limite tecnico,no,0,,https://musictonic.com/es/canciones-faciles-de-guitarra-para-principiantes/,"BPM, tonalidad y compases son sugerencias de practica adaptadas al limite de 12 compases y 4 subdivisiones; no es transcripcion exacta. V2 medio compas: '/' indica cambio al tiempo 3. La progresion_1acorde_compas queda como version ultra facil. V3 ritmica: 12 compases = 1-4 verso, 5-8 estribillo, 9-10 puente, 11 vuelta al estribillo, 12 final/corte. V4: CSV rehecho a 16 compases maximo y 8 subdivisiones por compas. | V6 confianza=alta. | APP_SAFE: slash chords simplificados a acorde base para evitar fallos de playback."
Si - nueva V5,Nueva incorporacion,Cancion tipica/deseable para acompanar en guitarra con arreglo principiante.,285,Hey Soul Sister,Train,EN,pop,2,60,92,4/4,pop/rock binario,8,1 & 2 & 3 & 4 &,C/G/Am segun voz,0-3 opcional,EADGBE,C; G; Am; F,4,D - D U - U D U,D D - U D U - U,D - D - D U D U,D - - - - - - -,D - D U - U D U,D=abajo; U=arriba; -=silencio/no golpe; x=apagado si aparece,D,-,D,U,-,U,D,U,C [D - D U - U D U],G [D - D U - U D U],Am [D - D U - U D U],F [D - D U - U D U],,,,,,,,,,,,,C C C C C C C C,G G G G G G G G,Am Am Am Am Am Am Am Am,F F F F F F F F,,,,,,,,,,,,,D - D U - U D U,D - D U - U D U,D - D U - U D U,D - D U - U D U,,,,,,,,,,,,,C | G | Am | F,acompanamiento_v6_musical_simplificado,"cambios reales de acordes, groove y estructura corta reconocible",V6: max 16 compases; subdivision max 8; no se rellenan compases vacios; 12/8 se trata como shuffle en 4/4 por limite tecnico,no,0,,,Alta utilidad pedagogica; version simplificada. | V6 confianza=alta. | APP_SAFE: slash chords simplificados a acorde base para evitar fallos de playback.
Si - nueva V5,Nueva incorporacion,Cancion tipica/deseable para acompanar en guitarra con arreglo principiante.,286,Save Tonight,Eagle-Eye Cherry,EN,pop rock,2,60,92,4/4,pop/rock binario,8,1 & 2 & 3 & 4 &,C/G/Am segun voz,0-3 opcional,EADGBE,Am; F; C; G,4,D - D U - U D U,D D - U D U - U,D - D - D U D U,D - - - - - - -,D - D U - U D U,D=abajo; U=arriba; -=silencio/no golpe; x=apagado si aparece,D,-,D,U,-,U,D,U,Am [D - D U - U D U],F [D - D U - U D U],C [D - D U - U D U],G [D - D U - U D U],,,,,,,,,,,,,Am Am Am Am Am Am Am Am,F F F F F F F F,C C C C C C C C,G G G G G G G G,,,,,,,,,,,,,D - D U - U D U,D - D U - U D U,D - D U - U D U,D - D U - U D U,,,,,,,,,,,,,Am | F | C | G,acompanamiento_v6_musical_simplificado,"cambios reales de acordes, groove y estructura corta reconocible",V6: max 16 compases; subdivision max 8; no se rellenan compases vacios; 12/8 se trata como shuffle en 4/4 por limite tecnico,no,0,,,Alta utilidad pedagogica; version simplificada. | V6 confianza=alta. | APP_SAFE: slash chords simplificados a acorde base para evitar fallos de playback.
Si - nueva V5,Nueva incorporacion,Cancion tipica/deseable para acompanar en guitarra con arreglo principiante.,287,Dakota,Stereophonics,EN,rock,2,60,92,4/4,rock binario,8,1 & 2 & 3 & 4 &,C/G/Am segun voz,0-3 opcional,EADGBE,C; G; Am; F,4,D D - U D U - U,D D D D D D D D,D D - U D U - U,D - - - - - - -,D D - U D U - U,D=abajo; U=arriba; -=silencio/no golpe; x=apagado si aparece,D,D,-,U,D,U,-,U,C [D D - U D U - U],G [D D - U D U - U],Am [D D - U D U - U],F [D D - U D U - U],,,,,,,,,,,,,C C C C C C C C,G G G G G G G G,Am Am Am Am Am Am Am Am,F F F F F F F F,,,,,,,,,,,,,D D - U D U - U,D D - U D U - U,D D - U D U - U,D D - U D U - U,,,,,,,,,,,,,C | G | Am | F,acompanamiento_v6_musical_simplificado,"cambios reales de acordes, groove y estructura corta reconocible",V6: max 16 compases; subdivision max 8; no se rellenan compases vacios; 12/8 se trata como shuffle en 4/4 por limite tecnico,no,0,,,Alta utilidad pedagogica; version simplificada. | V6 confianza=alta. | APP_SAFE: slash chords simplificados a acorde base para evitar fallos de playback.
Si - nueva V5,Nueva incorporacion,Cancion tipica/deseable para acompanar en guitarra con arreglo principiante.,288,Mr. Jones,Counting Crows,EN,folk rock,2,60,92,4/4,rock binario,8,1 & 2 & 3 & 4 &,C/G/Am segun voz,0-3 opcional,EADGBE,Am; F; C; G,4,D D - U D U - U,D D D D D D D D,D D - U D U - U,D - - - - - - -,D D - U D U - U,D=abajo; U=arriba; -=silencio/no golpe; x=apagado si aparece,D,D,-,U,D,U,-,U,Am [D D - U D U - U],F [D D - U D U - U],C [D D - U D U - U],G [D D - U D U - U],,,,,,,,,,,,,Am Am Am Am Am Am Am Am,F F F F F F F F,C C C C C C C C,G G G G G G G G,,,,,,,,,,,,,D D - U D U - U,D D - U D U - U,D D - U D U - U,D D - U D U - U,,,,,,,,,,,,,Am | F | C | G,acompanamiento_v6_musical_simplificado,"cambios reales de acordes, groove y estructura corta reconocible",V6: max 16 compases; subdivision max 8; no se rellenan compases vacios; 12/8 se trata como shuffle en 4/4 por limite tecnico,no,0,,,Alta utilidad pedagogica; version simplificada. | V6 confianza=alta. | APP_SAFE: slash chords simplificados a acorde base para evitar fallos de playback.
Si - nueva V5,Nueva incorporacion,Cancion tipica/deseable para acompanar en guitarra con arreglo principiante.,289,The Scientist,Coldplay,EN,pop,2,60,92,4/4,balada 4/4,8,1 & 2 & 3 & 4 &,C/G/Am segun voz,0-3 opcional,EADGBE,Am; F; C; G,4,D - - U D - D U,D - - U - U D -,D - - U D - D U,D - - - - - - -,D - - U D - D U,D=abajo; U=arriba; -=silencio/no golpe; x=apagado si aparece,D,-,-,U,D,-,D,U,Am [D - - U D - D U],F [D - - U D - D U],C [D - - U D - D U],G [D - - U D - D U],,,,,,,,,,,,,Am Am Am Am Am Am Am Am,F F F F F F F F,C C C C C C C C,G G G G G G G G,,,,,,,,,,,,,D - - U D - D U,D - - U D - D U,D - - U D - D U,D - - U D - D U,,,,,,,,,,,,,Am | F | C | G,acompanamiento_v6_musical_simplificado,"cambios reales de acordes, groove y estructura corta reconocible",V6: max 16 compases; subdivision max 8; no se rellenan compases vacios; 12/8 se trata como shuffle en 4/4 por limite tecnico,no,0,,,Alta utilidad pedagogica; version simplificada. | V6 confianza=alta. | APP_SAFE: slash chords simplificados a acorde base para evitar fallos de playback.
Si - nueva V5,Nueva incorporacion,Cancion tipica/deseable para acompanar en guitarra con arreglo principiante.,290,Fix You,Coldplay,EN,pop,2,60,92,4/4,balada 4/4,8,1 & 2 & 3 & 4 &,C/G/Am segun voz,0-3 opcional,EADGBE,C; Em; Am; G; F,8,D - - U D - D U,D - - U - U D -,D - - U D - D U,D - - - - - - -,D - - U D - D U,D=abajo; U=arriba; -=silencio/no golpe; x=apagado si aparece,D,-,-,U,D,-,D,U,C [D - - U D - D U],Em [D - - U D - D U],Am [D - - U D - D U],G [D - - U D - D U],F [D - - U - U D -],G [D - - U - U D -],C [D - - U - U D -],C [D - - - - - - -],,,,,,,,,C C C C C C C C,Em Em Em Em Em Em Em Em,Am Am Am Am Am Am Am Am,G G G G G G G G,F F F F F F F F,G G G G G G G G,C C C C C C C C,C C C C C C C C,,,,,,,,,D - - U D - D U,D - - U D - D U,D - - U D - D U,D - - U D - D U,D - - U - U D -,D - - U - U D -,D - - U - U D -,D - - - - - - -,,,,,,,,,C | Em | Am | G | F | G | C | C,acompanamiento_v6_musical_simplificado,"cambios reales de acordes, groove y estructura corta reconocible",V6: max 16 compases; subdivision max 8; no se rellenan compases vacios; 12/8 se trata como shuffle en 4/4 por limite tecnico,no,0,,,Alta utilidad pedagogica; version simplificada. | V6 confianza=alta. | APP_SAFE: slash chords simplificados a acorde base para evitar fallos de playback.
Si - nueva V5,Nueva incorporacion,Cancion tipica/deseable para acompanar en guitarra con arreglo principiante.,291,Viva la Vida,Coldplay,EN,pop,2,60,92,4/4,pop/rock binario,8,1 & 2 & 3 & 4 &,C/G/Am segun voz,0-3 opcional,EADGBE,C; D; G; Em,4,D - D U - U D U,D D - U D U - U,D - D - D U D U,D - - - - - - -,D - D U - U D U,D=abajo; U=arriba; -=silencio/no golpe; x=apagado si aparece,D,-,D,U,-,U,D,U,C [D - D U - U D U],D [D - D U - U D U],G [D - D U - U D U],Em [D - D U - U D U],,,,,,,,,,,,,C C C C C C C C,D D D D D D D D,G G G G G G G G,Em Em Em Em Em Em Em Em,,,,,,,,,,,,,D - D U - U D U,D - D U - U D U,D - D U - U D U,D - D U - U D U,,,,,,,,,,,,,C | D | G | Em,acompanamiento_v6_musical_simplificado,"cambios reales de acordes, groove y estructura corta reconocible",V6: max 16 compases; subdivision max 8; no se rellenan compases vacios; 12/8 se trata como shuffle en 4/4 por limite tecnico,no,0,,,Alta utilidad pedagogica; version simplificada. | V6 confianza=alta. | APP_SAFE: slash chords simplificados a acorde base para evitar fallos de playback.
Si - nueva V5,Nueva incorporacion,Cancion tipica/deseable para acompanar en guitarra con arreglo principiante.,292,Budapest,George Ezra,EN,folk pop,2,60,92,4/4,folk/acustico,8,1 & 2 & 3 & 4 &,C/G/Am segun voz,0-3 opcional,EADGBE,C; F; Am; G,4,D - D U D - D U,D - D - D U D U,D - D U D - D U,D - - - - - - -,D - D U D - D U,D=abajo; U=arriba; -=silencio/no golpe; x=apagado si aparece,D,-,D,U,D,-,D,U,C [D - D U D - D U],F [D - D U D - D U],Am [D - D U D - D U],G [D - D U D - D U],,,,,,,,,,,,,C C C C C C C C,F F F F F F F F,Am Am Am Am Am Am Am Am,G G G G G G G G,,,,,,,,,,,,,D - D U D - D U,D - D U D - D U,D - D U D - D U,D - D U D - D U,,,,,,,,,,,,,C | F | Am | G,acompanamiento_v6_musical_simplificado,"cambios reales de acordes, groove y estructura corta reconocible",V6: max 16 compases; subdivision max 8; no se rellenan compases vacios; 12/8 se trata como shuffle en 4/4 por limite tecnico,no,0,,,Alta utilidad pedagogica; version simplificada. | V6 confianza=alta. | APP_SAFE: slash chords simplificados a acorde base para evitar fallos de playback.
Si - nueva V5,Nueva incorporacion,Cancion tipica/deseable para acompanar en guitarra con arreglo principiante.,293,Pompeii,Bastille,EN,pop,2,60,92,4/4,pop/rock binario,8,1 & 2 & 3 & 4 &,C/G/Am segun voz,0-3 opcional,EADGBE,C; G; Em; D,4,D - D U - U D U,D D - U D U - U,D - D - D U D U,D - - - - - - -,D - D U - U D U,D=abajo; U=arriba; -=silencio/no golpe; x=apagado si aparece,D,-,D,U,-,U,D,U,C [D - D U - U D U],G [D - D U - U D U],Em [D - D U - U D U],D [D - D U - U D U],,,,,,,,,,,,,C C C C C C C C,G G G G G G G G,Em Em Em Em Em Em Em Em,D D D D D D D D,,,,,,,,,,,,,D - D U - U D U,D - D U - U D U,D - D U - U D U,D - D U - U D U,,,,,,,,,,,,,C | G | Em | D,acompanamiento_v6_musical_simplificado,"cambios reales de acordes, groove y estructura corta reconocible",V6: max 16 compases; subdivision max 8; no se rellenan compases vacios; 12/8 se trata como shuffle en 4/4 por limite tecnico,no,0,,,Alta utilidad pedagogica; version simplificada. | V6 confianza=alta. | APP_SAFE: slash chords simplificados a acorde base para evitar fallos de playback.
Si - nueva V5,Nueva incorporacion,Cancion tipica/deseable para acompanar en guitarra con arreglo principiante.,294,Radioactive,Imagine Dragons,EN,pop rock,2,60,92,4/4,rock binario,8,1 & 2 & 3 & 4 &,C/G/Am segun voz,0-3 opcional,EADGBE,Am; C; G; D,4,D D - U D U - U,D D D D D D D D,D D - U D U - U,D - - - - - - -,D D - U D U - U,D=abajo; U=arriba; -=silencio/no golpe; x=apagado si aparece,D,D,-,U,D,U,-,U,Am [D D - U D U - U],C [D D - U D U - U],G [D D - U D U - U],D [D D - U D U - U],,,,,,,,,,,,,Am Am Am Am Am Am Am Am,C C C C C C C C,G G G G G G G G,D D D D D D D D,,,,,,,,,,,,,D D - U D U - U,D D - U D U - U,D D - U D U - U,D D - U D U - U,,,,,,,,,,,,,Am | C | G | D,acompanamiento_v6_musical_simplificado,"cambios reales de acordes, groove y estructura corta reconocible",V6: max 16 compases; subdivision max 8; no se rellenan compases vacios; 12/8 se trata como shuffle en 4/4 por limite tecnico,no,0,,,Alta utilidad pedagogica; version simplificada. | V6 confianza=alta. | APP_SAFE: slash chords simplificados a acorde base para evitar fallos de playback.
Si - nueva V5,Nueva incorporacion,Cancion tipica/deseable para acompanar en guitarra con arreglo principiante.,295,Demons,Imagine Dragons,EN,pop rock,2,60,92,4/4,pop/rock binario,8,1 & 2 & 3 & 4 &,C/G/Am segun voz,0-3 opcional,EADGBE,C; G; Am; F,4,D - D U - U D U,D D - U D U - U,D - D - D U D U,D - - - - - - -,D - D U - U D U,D=abajo; U=arriba; -=silencio/no golpe; x=apagado si aparece,D,-,D,U,-,U,D,U,C [D - D U - U D U],G [D - D U - U D U],Am [D - D U - U D U],F [D - D U - U D U],,,,,,,,,,,,,C C C C C C C C,G G G G G G G G,Am Am Am Am Am Am Am Am,F F F F F F F F,,,,,,,,,,,,,D - D U - U D U,D - D U - U D U,D - D U - U D U,D - D U - U D U,,,,,,,,,,,,,C | G | Am | F,acompanamiento_v6_musical_simplificado,"cambios reales de acordes, groove y estructura corta reconocible",V6: max 16 compases; subdivision max 8; no se rellenan compases vacios; 12/8 se trata como shuffle en 4/4 por limite tecnico,no,0,,,Alta utilidad pedagogica; version simplificada. | V6 confianza=alta. | APP_SAFE: slash chords simplificados a acorde base para evitar fallos de playback.
Si - nueva V5,Nueva incorporacion,Cancion tipica/deseable para acompanar en guitarra con arreglo principiante.,296,Ophelia,The Lumineers,EN,folk,2,60,92,4/4,folk/acustico,8,1 & 2 & 3 & 4 &,C/G/Am segun voz,0-3 opcional,EADGBE,C; F; G; Am,4,D - D U D - D U,D - D - D U D U,D - D U D - D U,D - - - - - - -,D - D U D - D U,D=abajo; U=arriba; -=silencio/no golpe; x=apagado si aparece,D,-,D,U,D,-,D,U,C [D - D U D - D U],F [D - D U D - D U],G [D - D U D - D U],Am [D - D U D - D U],,,,,,,,,,,,,C C C C C C C C,F F F F F F F F,G G G G G G G G,Am Am Am Am Am Am Am Am,,,,,,,,,,,,,D - D U D - D U,D - D U D - D U,D - D U D - D U,D - D U D - D U,,,,,,,,,,,,,C | F | G | Am,acompanamiento_v6_musical_simplificado,"cambios reales de acordes, groove y estructura corta reconocible",V6: max 16 compases; subdivision max 8; no se rellenan compases vacios; 12/8 se trata como shuffle en 4/4 por limite tecnico,no,0,,,Alta utilidad pedagogica; version simplificada. | V6 confianza=alta. | APP_SAFE: slash chords simplificados a acorde base para evitar fallos de playback.
Si - nueva V5,Nueva incorporacion,Cancion tipica/deseable para acompanar en guitarra con arreglo principiante.,297,Little Talks,Of Monsters and Men,EN,indie folk,2,60,92,4/4,folk/acustico,8,1 & 2 & 3 & 4 &,C/G/Am segun voz,0-3 opcional,EADGBE,Am; F; C; G,4,D - D U D - D U,D - D - D U D U,D - D U D - D U,D - - - - - - -,D - D U D - D U,D=abajo; U=arriba; -=silencio/no golpe; x=apagado si aparece,D,-,D,U,D,-,D,U,Am [D - D U D - D U],F [D - D U D - D U],C [D - D U D - D U],G [D - D U D - D U],,,,,,,,,,,,,Am Am Am Am Am Am Am Am,F F F F F F F F,C C C C C C C C,G G G G G G G G,,,,,,,,,,,,,D - D U D - D U,D - D U D - D U,D - D U D - D U,D - D U D - D U,,,,,,,,,,,,,Am | F | C | G,acompanamiento_v6_musical_simplificado,"cambios reales de acordes, groove y estructura corta reconocible",V6: max 16 compases; subdivision max 8; no se rellenan compases vacios; 12/8 se trata como shuffle en 4/4 por limite tecnico,no,0,,,Alta utilidad pedagogica; version simplificada. | V6 confianza=alta. | APP_SAFE: slash chords simplificados a acorde base para evitar fallos de playback.
Si - nueva V5,Nueva incorporacion,Cancion tipica/deseable para acompanar en guitarra con arreglo principiante.,298,Best Day of My Life,American Authors,EN,pop,2,60,92,4/4,pop/rock binario,8,1 & 2 & 3 & 4 &,C/G/Am segun voz,0-3 opcional,EADGBE,D; G; Bm; A,4,D - D U - U D U,D D - U D U - U,D - D - D U D U,D - - - - - - -,D - D U - U D U,D=abajo; U=arriba; -=silencio/no golpe; x=apagado si aparece,D,-,D,U,-,U,D,U,D [D - D U - U D U],G [D - D U - U D U],Bm [D - D U - U D U],A [D - D U - U D U],,,,,,,,,,,,,D D D D D D D D,G G G G G G G G,Bm Bm Bm Bm Bm Bm Bm Bm,A A A A A A A A,,,,,,,,,,,,,D - D U - U D U,D - D U - U D U,D - D U - U D U,D - D U - U D U,,,,,,,,,,,,,D | G | Bm | A,acompanamiento_v6_musical_simplificado,"cambios reales de acordes, groove y estructura corta reconocible",V6: max 16 compases; subdivision max 8; no se rellenan compases vacios; 12/8 se trata como shuffle en 4/4 por limite tecnico,no,0,,,Alta utilidad pedagogica; version simplificada. | V6 confianza=alta. | APP_SAFE: slash chords simplificados a acorde base para evitar fallos de playback.
Si - nueva V5,Nueva incorporacion,Cancion tipica/deseable para acompanar en guitarra con arreglo principiante.,299,Count on Me,Bruno Mars,EN,pop,2,60,92,4/4,pop/rock binario,8,1 & 2 & 3 & 4 &,C/G/Am segun voz,0-3 opcional,EADGBE,C; Em; Am; G; F,8,D - D U - U D U,D D - U D U - U,D - D - D U D U,D - - - - - - -,D - D U - U D U,D=abajo; U=arriba; -=silencio/no golpe; x=apagado si aparece,D,-,D,U,-,U,D,U,C [D - D U - U D U],Em [D - D U - U D U],Am [D - D U - U D U],G [D - D U - U D U],F [D D - U D U - U],G [D D - U D U - U],C [D D - U D U - U],C [D - - - - - - -],,,,,,,,,C C C C C C C C,Em Em Em Em Em Em Em Em,Am Am Am Am Am Am Am Am,G G G G G G G G,F F F F F F F F,G G G G G G G G,C C C C C C C C,C C C C C C C C,,,,,,,,,D - D U - U D U,D - D U - U D U,D - D U - U D U,D - D U - U D U,D D - U D U - U,D D - U D U - U,D D - U D U - U,D - - - - - - -,,,,,,,,,C | Em | Am | G | F | G | C | C,acompanamiento_v6_musical_simplificado,"cambios reales de acordes, groove y estructura corta reconocible",V6: max 16 compases; subdivision max 8; no se rellenan compases vacios; 12/8 se trata como shuffle en 4/4 por limite tecnico,no,0,,,Alta utilidad pedagogica; version simplificada. | V6 confianza=alta. | APP_SAFE: slash chords simplificados a acorde base para evitar fallos de playback.
Si - nueva V5,Nueva incorporacion,Cancion tipica/deseable para acompanar en guitarra con arreglo principiante.,300,Marry You,Bruno Mars,EN,pop,2,60,92,4/4,pop/rock binario,8,1 & 2 & 3 & 4 &,C/G/Am segun voz,0-3 opcional,EADGBE,D; Em; G; A,4,D - D U - U D U,D D - U D U - U,D - D - D U D U,D - - - - - - -,D - D U - U D U,D=abajo; U=arriba; -=silencio/no golpe; x=apagado si aparece,D,-,D,U,-,U,D,U,D [D - D U - U D U],Em [D - D U - U D U],G [D - D U - U D U],A [D - D U - U D U],,,,,,,,,,,,,D D D D D D D D,Em Em Em Em Em Em Em Em,G G G G G G G G,A A A A A A A A,,,,,,,,,,,,,D - D U - U D U,D - D U - U D U,D - D U - U D U,D - D U - U D U,,,,,,,,,,,,,D | Em | G | A,acompanamiento_v6_musical_simplificado,"cambios reales de acordes, groove y estructura corta reconocible",V6: max 16 compases; subdivision max 8; no se rellenan compases vacios; 12/8 se trata como shuffle en 4/4 por limite tecnico,no,0,,,Alta utilidad pedagogica; version simplificada. | V6 confianza=alta. | APP_SAFE: slash chords simplificados a acorde base para evitar fallos de playback.
Si - nueva V5,Nueva incorporacion,Cancion tipica/deseable para acompanar en guitarra con arreglo principiante.,301,Just the Way You Are,Bruno Mars,EN,pop,2,60,92,4/4,pop/rock binario,8,1 & 2 & 3 & 4 &,C/G/Am segun voz,0-3 opcional,EADGBE,C; Am; F; G,4,D - D U - U D U,D D - U D U - U,D - D - D U D U,D - - - - - - -,D - D U - U D U,D=abajo; U=arriba; -=silencio/no golpe; x=apagado si aparece,D,-,D,U,-,U,D,U,C [D - D U - U D U],Am [D - D U - U D U],F [D - D U - U D U],G [D - D U - U D U],,,,,,,,,,,,,C C C C C C C C,Am Am Am Am Am Am Am Am,F F F F F F F F,G G G G G G G G,,,,,,,,,,,,,D - D U - U D U,D - D U - U D U,D - D U - U D U,D - D U - U D U,,,,,,,,,,,,,C | Am | F | G,acompanamiento_v6_musical_simplificado,"cambios reales de acordes, groove y estructura corta reconocible",V6: max 16 compases; subdivision max 8; no se rellenan compases vacios; 12/8 se trata como shuffle en 4/4 por limite tecnico,no,0,,,Alta utilidad pedagogica; version simplificada. | V6 confianza=alta. | APP_SAFE: slash chords simplificados a acorde base para evitar fallos de playback.
Si - nueva V5,Nueva incorporacion,Cancion tipica/deseable para acompanar en guitarra con arreglo principiante.,302,Galway Girl,Ed Sheeran,EN,folk pop,2,60,92,4/4,folk/acustico,8,1 & 2 & 3 & 4 &,C/G/Am segun voz,0-3 opcional,EADGBE,Em; G; D; C,4,D - D U D - D U,D - D - D U D U,D - D U D - D U,D - - - - - - -,D - D U D - D U,D=abajo; U=arriba; -=silencio/no golpe; x=apagado si aparece,D,-,D,U,D,-,D,U,Em [D - D U D - D U],G [D - D U D - D U],D [D - D U D - D U],C [D - D U D - D U],,,,,,,,,,,,,Em Em Em Em Em Em Em Em,G G G G G G G G,D D D D D D D D,C C C C C C C C,,,,,,,,,,,,,D - D U D - D U,D - D U D - D U,D - D U D - D U,D - D U D - D U,,,,,,,,,,,,,Em | G | D | C,acompanamiento_v6_musical_simplificado,"cambios reales de acordes, groove y estructura corta reconocible",V6: max 16 compases; subdivision max 8; no se rellenan compases vacios; 12/8 se trata como shuffle en 4/4 por limite tecnico,no,0,,,Alta utilidad pedagogica; version simplificada. | V6 confianza=alta. | APP_SAFE: slash chords simplificados a acorde base para evitar fallos de playback.
Si - nueva V5,Nueva incorporacion,Cancion tipica/deseable para acompanar en guitarra con arreglo principiante.,303,A Team,Ed Sheeran,EN,folk pop,2,60,92,4/4,folk/acustico,8,1 & 2 & 3 & 4 &,C/G/Am segun voz,0-3 opcional,EADGBE,G; D; Em; C,4,D - D U D - D U,D - D - D U D U,D - D U D - D U,D - - - - - - -,D - D U D - D U,D=abajo; U=arriba; -=silencio/no golpe; x=apagado si aparece,D,-,D,U,D,-,D,U,G [D - D U D - D U],D [D - D U D - D U],Em [D - D U D - D U],C [D - D U D - D U],,,,,,,,,,,,,G G G G G G G G,D D D D D D D D,Em Em Em Em Em Em Em Em,C C C C C C C C,,,,,,,,,,,,,D - D U D - D U,D - D U D - D U,D - D U D - D U,D - D U D - D U,,,,,,,,,,,,,G | D | Em | C,acompanamiento_v6_musical_simplificado,"cambios reales de acordes, groove y estructura corta reconocible",V6: max 16 compases; subdivision max 8; no se rellenan compases vacios; 12/8 se trata como shuffle en 4/4 por limite tecnico,no,0,,,Alta utilidad pedagogica; version simplificada. | V6 confianza=alta. | APP_SAFE: slash chords simplificados a acorde base para evitar fallos de playback.
Si - nueva V5,Nueva incorporacion,Cancion tipica/deseable para acompanar en guitarra con arreglo principiante.,304,Shivers,Ed Sheeran,EN,pop,2,60,92,4/4,pop/rock binario,8,1 & 2 & 3 & 4 &,C/G/Am segun voz,0-3 opcional,EADGBE,Bm; G; D; A,4,D - D U - U D U,D D - U D U - U,D - D - D U D U,D - - - - - - -,D - D U - U D U,D=abajo; U=arriba; -=silencio/no golpe; x=apagado si aparece,D,-,D,U,-,U,D,U,Bm [D - D U - U D U],G [D - D U - U D U],D [D - D U - U D U],A [D - D U - U D U],,,,,,,,,,,,,Bm Bm Bm Bm Bm Bm Bm Bm,G G G G G G G G,D D D D D D D D,A A A A A A A A,,,,,,,,,,,,,D - D U - U D U,D - D U - U D U,D - D U - U D U,D - D U - U D U,,,,,,,,,,,,,Bm | G | D | A,acompanamiento_v6_musical_simplificado,"cambios reales de acordes, groove y estructura corta reconocible",V6: max 16 compases; subdivision max 8; no se rellenan compases vacios; 12/8 se trata como shuffle en 4/4 por limite tecnico,no,0,,,Alta utilidad pedagogica; version simplificada. | V6 confianza=alta. | APP_SAFE: slash chords simplificados a acorde base para evitar fallos de playback.
Si - nueva V5,Nueva incorporacion,Cancion tipica/deseable para acompanar en guitarra con arreglo principiante.,305,I See Fire,Ed Sheeran,EN,folk,2,60,92,4/4,folk/acustico,8,1 & 2 & 3 & 4 &,C/G/Am segun voz,0-3 opcional,EADGBE,Em; C; G; D,4,D - D U D - D U,D - D - D U D U,D - D U D - D U,D - - - - - - -,D - D U D - D U,D=abajo; U=arriba; -=silencio/no golpe; x=apagado si aparece,D,-,D,U,D,-,D,U,Em [D - D U D - D U],C [D - D U D - D U],G [D - D U D - D U],D [D - D U D - D U],,,,,,,,,,,,,Em Em Em Em Em Em Em Em,C C C C C C C C,G G G G G G G G,D D D D D D D D,,,,,,,,,,,,,D - D U D - D U,D - D U D - D U,D - D U D - D U,D - D U D - D U,,,,,,,,,,,,,Em | C | G | D,acompanamiento_v6_musical_simplificado,"cambios reales de acordes, groove y estructura corta reconocible",V6: max 16 compases; subdivision max 8; no se rellenan compases vacios; 12/8 se trata como shuffle en 4/4 por limite tecnico,no,0,,,Alta utilidad pedagogica; version simplificada. | V6 confianza=alta. | APP_SAFE: slash chords simplificados a acorde base para evitar fallos de playback.
Si - nueva V5,Nueva incorporacion,Cancion tipica/deseable para acompanar en guitarra con arreglo principiante.,306,As It Was,Harry Styles,EN,pop,2,60,92,4/4,pop/rock binario,8,1 & 2 & 3 & 4 &,C/G/Am segun voz,0-3 opcional,EADGBE,D; Bm; E; A,4,D - D U - U D U,D D - U D U - U,D - D - D U D U,D - - - - - - -,D - D U - U D U,D=abajo; U=arriba; -=silencio/no golpe; x=apagado si aparece,D,-,D,U,-,U,D,U,D [D - D U - U D U],Bm [D - D U - U D U],E [D - D U - U D U],A [D - D U - U D U],,,,,,,,,,,,,D D D D D D D D,Bm Bm Bm Bm Bm Bm Bm Bm,E E E E E E E E,A A A A A A A A,,,,,,,,,,,,,D - D U - U D U,D - D U - U D U,D - D U - U D U,D - D U - U D U,,,,,,,,,,,,,D | Bm | E | A,acompanamiento_v6_musical_simplificado,"cambios reales de acordes, groove y estructura corta reconocible",V6: max 16 compases; subdivision max 8; no se rellenan compases vacios; 12/8 se trata como shuffle en 4/4 por limite tecnico,no,0,,,Alta utilidad pedagogica; version simplificada. | V6 confianza=alta. | APP_SAFE: slash chords simplificados a acorde base para evitar fallos de playback.
Si - nueva V5,Nueva incorporacion,Cancion tipica/deseable para acompanar en guitarra con arreglo principiante.,307,Watermelon Sugar,Harry Styles,EN,pop,2,60,92,4/4,pop/rock binario,8,1 & 2 & 3 & 4 &,C/G/Am segun voz,0-3 opcional,EADGBE,Dm; Am; C; G,4,D - D U - U D U,D D - U D U - U,D - D - D U D U,D - - - - - - -,D - D U - U D U,D=abajo; U=arriba; -=silencio/no golpe; x=apagado si aparece,D,-,D,U,-,U,D,U,Dm [D - D U - U D U],Am [D - D U - U D U],C [D - D U - U D U],G [D - D U - U D U],,,,,,,,,,,,,Dm Dm Dm Dm Dm Dm Dm Dm,Am Am Am Am Am Am Am Am,C C C C C C C C,G G G G G G G G,,,,,,,,,,,,,D - D U - U D U,D - D U - U D U,D - D U - U D U,D - D U - U D U,,,,,,,,,,,,,Dm | Am | C | G,acompanamiento_v6_musical_simplificado,"cambios reales de acordes, groove y estructura corta reconocible",V6: max 16 compases; subdivision max 8; no se rellenan compases vacios; 12/8 se trata como shuffle en 4/4 por limite tecnico,no,0,,,Alta utilidad pedagogica; version simplificada. | V6 confianza=alta. | APP_SAFE: slash chords simplificados a acorde base para evitar fallos de playback.
Si - nueva V5,Nueva incorporacion,Cancion tipica/deseable para acompanar en guitarra con arreglo principiante.,308,Someone You Loved,Lewis Capaldi,EN,pop,2,60,92,4/4,balada 4/4,8,1 & 2 & 3 & 4 &,C/G/Am segun voz,0-3 opcional,EADGBE,C; G; Am; F,4,D - - U D - D U,D - - U - U D -,D - - U D - D U,D - - - - - - -,D - - U D - D U,D=abajo; U=arriba; -=silencio/no golpe; x=apagado si aparece,D,-,-,U,D,-,D,U,C [D - - U D - D U],G [D - - U D - D U],Am [D - - U D - D U],F [D - - U D - D U],,,,,,,,,,,,,C C C C C C C C,G G G G G G G G,Am Am Am Am Am Am Am Am,F F F F F F F F,,,,,,,,,,,,,D - - U D - D U,D - - U D - D U,D - - U D - D U,D - - U D - D U,,,,,,,,,,,,,C | G | Am | F,acompanamiento_v6_musical_simplificado,"cambios reales de acordes, groove y estructura corta reconocible",V6: max 16 compases; subdivision max 8; no se rellenan compases vacios; 12/8 se trata como shuffle en 4/4 por limite tecnico,no,0,,,Alta utilidad pedagogica; version simplificada. | V6 confianza=alta. | APP_SAFE: slash chords simplificados a acorde base para evitar fallos de playback.
Si - nueva V5,Nueva incorporacion,Cancion tipica/deseable para acompanar en guitarra con arreglo principiante.,309,Before You Go,Lewis Capaldi,EN,pop,2,60,92,4/4,balada 4/4,8,1 & 2 & 3 & 4 &,C/G/Am segun voz,0-3 opcional,EADGBE,C; G; Am; F,4,D - - U D - D U,D - - U - U D -,D - - U D - D U,D - - - - - - -,D - - U D - D U,D=abajo; U=arriba; -=silencio/no golpe; x=apagado si aparece,D,-,-,U,D,-,D,U,C [D - - U D - D U],G [D - - U D - D U],Am [D - - U D - D U],F [D - - U D - D U],,,,,,,,,,,,,C C C C C C C C,G G G G G G G G,Am Am Am Am Am Am Am Am,F F F F F F F F,,,,,,,,,,,,,D - - U D - D U,D - - U D - D U,D - - U D - D U,D - - U D - D U,,,,,,,,,,,,,C | G | Am | F,acompanamiento_v6_musical_simplificado,"cambios reales de acordes, groove y estructura corta reconocible",V6: max 16 compases; subdivision max 8; no se rellenan compases vacios; 12/8 se trata como shuffle en 4/4 por limite tecnico,no,0,,,Alta utilidad pedagogica; version simplificada. | V6 confianza=alta. | APP_SAFE: slash chords simplificados a acorde base para evitar fallos de playback.
Si - nueva V5,Nueva incorporacion,Cancion tipica/deseable para acompanar en guitarra con arreglo principiante.,310,Stay With Me,Sam Smith,EN,pop,2,60,92,4/4,balada 4/4,8,1 & 2 & 3 & 4 &,C/G/Am segun voz,0-3 opcional,EADGBE,Am; F; C,4,D - - U D - D U,D - - U - U D -,D - - U D - D U,D - - - - - - -,D - - U D - D U,D=abajo; U=arriba; -=silencio/no golpe; x=apagado si aparece,D,-,-,U,D,-,D,U,Am [D - - U D - D U],F [D - - U D - D U],C [D - - U D - D U],C [D - - U D - D U],,,,,,,,,,,,,Am Am Am Am Am Am Am Am,F F F F F F F F,C C C C C C C C,C C C C C C C C,,,,,,,,,,,,,D - - U D - D U,D - - U D - D U,D - - U D - D U,D - - U D - D U,,,,,,,,,,,,,Am | F | C | C,acompanamiento_v6_musical_simplificado,"cambios reales de acordes, groove y estructura corta reconocible",V6: max 16 compases; subdivision max 8; no se rellenan compases vacios; 12/8 se trata como shuffle en 4/4 por limite tecnico,no,0,,,Alta utilidad pedagogica; version simplificada. | V6 confianza=alta. | APP_SAFE: slash chords simplificados a acorde base para evitar fallos de playback.
Si - nueva V5,Nueva incorporacion,Cancion tipica/deseable para acompanar en guitarra con arreglo principiante.,311,I Will Wait,Mumford & Sons,EN,folk rock,2,60,92,4/4,folk/acustico,8,1 & 2 & 3 & 4 &,C/G/Am segun voz,0-3 opcional,EADGBE,C; F; Am; G,4,D - D U D - D U,D - D - D U D U,D - D U D - D U,D - - - - - - -,D - D U D - D U,D=abajo; U=arriba; -=silencio/no golpe; x=apagado si aparece,D,-,D,U,D,-,D,U,C [D - D U D - D U],F [D - D U D - D U],Am [D - D U D - D U],G [D - D U D - D U],,,,,,,,,,,,,C C C C C C C C,F F F F F F F F,Am Am Am Am Am Am Am Am,G G G G G G G G,,,,,,,,,,,,,D - D U D - D U,D - D U D - D U,D - D U D - D U,D - D U D - D U,,,,,,,,,,,,,C | F | Am | G,acompanamiento_v6_musical_simplificado,"cambios reales de acordes, groove y estructura corta reconocible",V6: max 16 compases; subdivision max 8; no se rellenan compases vacios; 12/8 se trata como shuffle en 4/4 por limite tecnico,no,0,,,Alta utilidad pedagogica; version simplificada. | V6 confianza=alta. | APP_SAFE: slash chords simplificados a acorde base para evitar fallos de playback.
Si - nueva V5,Nueva incorporacion,Cancion tipica/deseable para acompanar en guitarra con arreglo principiante.,312,Knockin on Heavens Door - Dylan easy,Bob Dylan,EN,folk rock,2,60,92,4/4,folk/acustico,8,1 & 2 & 3 & 4 &,C/G/Am segun voz,0-3 opcional,EADGBE,G; D; Am; C,4,D - D U D - D U,D - D - D U D U,D - D U D - D U,D - - - - - - -,D - D U D - D U,D=abajo; U=arriba; -=silencio/no golpe; x=apagado si aparece,D,-,D,U,D,-,D,U,G(1-4) / D(5-8) [D - D U D - D U],Am [D - D U D - D U],G(1-4) / D(5-8) [D - D U D - D U],C [D - D U D - D U],,,,,,,,,,,,,G G G G D D D D,Am Am Am Am Am Am Am Am,G G G G D D D D,C C C C C C C C,,,,,,,,,,,,,D - D U D - D U,D - D U D - D U,D - D U D - D U,D - D U D - D U,,,,,,,,,,,,,G(1-4) / D(5-8) | Am | G(1-4) / D(5-8) | C,acompanamiento_v6_musical_simplificado,"cambios reales de acordes, groove y estructura corta reconocible",V6: max 16 compases; subdivision max 8; no se rellenan compases vacios; 12/8 se trata como shuffle en 4/4 por limite tecnico,si,2,1;3,,Alta utilidad pedagogica; version simplificada. | V6 confianza=alta. | APP_SAFE: slash chords simplificados a acorde base para evitar fallos de playback.
Si - nueva V5,Nueva incorporacion,Cancion tipica/deseable para acompanar en guitarra con arreglo principiante.,313,Bad Moon Rising - easy,Creedence Clearwater Revival,EN,rock,2,60,92,4/4,country/folk,8,1 & 2 & 3 & 4 &,C/G/Am segun voz,0-3 opcional,EADGBE,D; A; G,4,D - D - D U D U,D - D U D - D U,D - D - D U D U,D - - - - - - -,D - D - D U D U,D=abajo; U=arriba; -=silencio/no golpe; x=apagado si aparece,D,-,D,-,D,U,D,U,D(1-4) / A(5-8) [D - D - D U D U],G [D - D - D U D U],D [D - D - D U D U],D [D - D - D U D U],,,,,,,,,,,,,D D D D A A A A,G G G G G G G G,D D D D D D D D,D D D D D D D D,,,,,,,,,,,,,D - D - D U D U,D - D - D U D U,D - D - D U D U,D - D - D U D U,,,,,,,,,,,,,D(1-4) / A(5-8) | G | D | D,acompanamiento_v6_musical_simplificado,"cambios reales de acordes, groove y estructura corta reconocible",V6: max 16 compases; subdivision max 8; no se rellenan compases vacios; 12/8 se trata como shuffle en 4/4 por limite tecnico,si,1,1,,Alta utilidad pedagogica; version simplificada. | V6 confianza=alta. | APP_SAFE: slash chords simplificados a acorde base para evitar fallos de playback.
Si - nueva V5,Nueva incorporacion,Cancion tipica/deseable para acompanar en guitarra con arreglo principiante.,314,Down on the Corner,Creedence Clearwater Revival,EN,rock,2,60,92,4/4,country/folk,8,1 & 2 & 3 & 4 &,C/G/Am segun voz,0-3 opcional,EADGBE,C; G; F,4,D - D - D U D U,D - D U D - D U,D - D - D U D U,D - - - - - - -,D - D - D U D U,D=abajo; U=arriba; -=silencio/no golpe; x=apagado si aparece,D,-,D,-,D,U,D,U,C [D - D - D U D U],G [D - D - D U D U],C [D - D - D U D U],F [D - D - D U D U],,,,,,,,,,,,,C C C C C C C C,G G G G G G G G,C C C C C C C C,F F F F F F F F,,,,,,,,,,,,,D - D - D U D U,D - D - D U D U,D - D - D U D U,D - D - D U D U,,,,,,,,,,,,,C | G | C | F,acompanamiento_v6_musical_simplificado,"cambios reales de acordes, groove y estructura corta reconocible",V6: max 16 compases; subdivision max 8; no se rellenan compases vacios; 12/8 se trata como shuffle en 4/4 por limite tecnico,no,0,,,Alta utilidad pedagogica; version simplificada. | V6 confianza=alta. | APP_SAFE: slash chords simplificados a acorde base para evitar fallos de playback.
Si - nueva V5,Nueva incorporacion,Cancion tipica/deseable para acompanar en guitarra con arreglo principiante.,315,Fortunate Son,Creedence Clearwater Revival,EN,rock,2,60,92,4/4,rock binario,8,1 & 2 & 3 & 4 &,C/G/Am segun voz,0-3 opcional,EADGBE,G; F; C,4,D D - U D U - U,D D D D D D D D,D D - U D U - U,D - - - - - - -,D D - U D U - U,D=abajo; U=arriba; -=silencio/no golpe; x=apagado si aparece,D,D,-,U,D,U,-,U,G [D D - U D U - U],F [D D - U D U - U],C [D D - U D U - U],G [D D - U D U - U],,,,,,,,,,,,,G G G G G G G G,F F F F F F F F,C C C C C C C C,G G G G G G G G,,,,,,,,,,,,,D D - U D U - U,D D - U D U - U,D D - U D U - U,D D - U D U - U,,,,,,,,,,,,,G | F | C | G,acompanamiento_v6_musical_simplificado,"cambios reales de acordes, groove y estructura corta reconocible",V6: max 16 compases; subdivision max 8; no se rellenan compases vacios; 12/8 se trata como shuffle en 4/4 por limite tecnico,no,0,,,Alta utilidad pedagogica; version simplificada. | V6 confianza=alta. | APP_SAFE: slash chords simplificados a acorde base para evitar fallos de playback.
Si - nueva V5,Nueva incorporacion,Cancion tipica/deseable para acompanar en guitarra con arreglo principiante.,316,All Together Now,The Beatles,EN,pop,2,60,92,4/4,pop/rock binario,8,1 & 2 & 3 & 4 &,C/G/Am segun voz,0-3 opcional,EADGBE,G; C; D,4,D - D U - U D U,D D - U D U - U,D - D - D U D U,D - - - - - - -,D - D U - U D U,D=abajo; U=arriba; -=silencio/no golpe; x=apagado si aparece,D,-,D,U,-,U,D,U,G [D - D U - U D U],C [D - D U - U D U],D [D - D U - U D U],G [D - D U - U D U],,,,,,,,,,,,,G G G G G G G G,C C C C C C C C,D D D D D D D D,G G G G G G G G,,,,,,,,,,,,,D - D U - U D U,D - D U - U D U,D - D U - U D U,D - D U - U D U,,,,,,,,,,,,,G | C | D | G,acompanamiento_v6_musical_simplificado,"cambios reales de acordes, groove y estructura corta reconocible",V6: max 16 compases; subdivision max 8; no se rellenan compases vacios; 12/8 se trata como shuffle en 4/4 por limite tecnico,no,0,,,Alta utilidad pedagogica; version simplificada. | V6 confianza=alta. | APP_SAFE: slash chords simplificados a acorde base para evitar fallos de playback.
Si - nueva V5,Nueva incorporacion,Cancion tipica/deseable para acompanar en guitarra con arreglo principiante.,317,Octopus Garden,The Beatles,EN,pop,2,60,92,4/4,pop/rock binario,8,1 & 2 & 3 & 4 &,C/G/Am segun voz,0-3 opcional,EADGBE,C; F; G; Am,4,D - D U - U D U,D D - U D U - U,D - D - D U D U,D - - - - - - -,D - D U - U D U,D=abajo; U=arriba; -=silencio/no golpe; x=apagado si aparece,D,-,D,U,-,U,D,U,C [D - D U - U D U],F [D - D U - U D U],G [D - D U - U D U],Am [D - D U - U D U],,,,,,,,,,,,,C C C C C C C C,F F F F F F F F,G G G G G G G G,Am Am Am Am Am Am Am Am,,,,,,,,,,,,,D - D U - U D U,D - D U - U D U,D - D U - U D U,D - D U - U D U,,,,,,,,,,,,,C | F | G | Am,acompanamiento_v6_musical_simplificado,"cambios reales de acordes, groove y estructura corta reconocible",V6: max 16 compases; subdivision max 8; no se rellenan compases vacios; 12/8 se trata como shuffle en 4/4 por limite tecnico,no,0,,,Alta utilidad pedagogica; version simplificada. | V6 confianza=alta. | APP_SAFE: slash chords simplificados a acorde base para evitar fallos de playback.
Si - nueva V5,Nueva incorporacion,Cancion tipica/deseable para acompanar en guitarra con arreglo principiante.,318,Get Back,The Beatles,EN,rock,2,60,92,4/4,rock binario,8,1 & 2 & 3 & 4 &,C/G/Am segun voz,0-3 opcional,EADGBE,A; D; G,4,D D - U D U - U,D D D D D D D D,D D - U D U - U,D - - - - - - -,D D - U D U - U,D=abajo; U=arriba; -=silencio/no golpe; x=apagado si aparece,D,D,-,U,D,U,-,U,A [D D - U D U - U],D [D D - U D U - U],A [D D - U D U - U],G [D D - U D U - U],,,,,,,,,,,,,A A A A A A A A,D D D D D D D D,A A A A A A A A,G G G G G G G G,,,,,,,,,,,,,D D - U D U - U,D D - U D U - U,D D - U D U - U,D D - U D U - U,,,,,,,,,,,,,A | D | A | G,acompanamiento_v6_musical_simplificado,"cambios reales de acordes, groove y estructura corta reconocible",V6: max 16 compases; subdivision max 8; no se rellenan compases vacios; 12/8 se trata como shuffle en 4/4 por limite tecnico,no,0,,,Alta utilidad pedagogica; version simplificada. | V6 confianza=alta. | APP_SAFE: slash chords simplificados a acorde base para evitar fallos de playback.
Si - nueva V5,Nueva incorporacion,Cancion tipica/deseable para acompanar en guitarra con arreglo principiante.,319,Jealous Guy,John Lennon,EN,pop,2,60,92,4/4,balada 4/4,8,1 & 2 & 3 & 4 &,C/G/Am segun voz,0-3 opcional,EADGBE,G; Em; C; D,4,D - - U D - D U,D - - U - U D -,D - - U D - D U,D - - - - - - -,D - - U D - D U,D=abajo; U=arriba; -=silencio/no golpe; x=apagado si aparece,D,-,-,U,D,-,D,U,G [D - - U D - D U],Em [D - - U D - D U],C [D - - U D - D U],D [D - - U D - D U],,,,,,,,,,,,,G G G G G G G G,Em Em Em Em Em Em Em Em,C C C C C C C C,D D D D D D D D,,,,,,,,,,,,,D - - U D - D U,D - - U D - D U,D - - U D - D U,D - - U D - D U,,,,,,,,,,,,,G | Em | C | D,acompanamiento_v6_musical_simplificado,"cambios reales de acordes, groove y estructura corta reconocible",V6: max 16 compases; subdivision max 8; no se rellenan compases vacios; 12/8 se trata como shuffle en 4/4 por limite tecnico,no,0,,,Alta utilidad pedagogica; version simplificada. | V6 confianza=alta. | APP_SAFE: slash chords simplificados a acorde base para evitar fallos de playback.
Si - nueva V5,Nueva incorporacion,Cancion tipica/deseable para acompanar en guitarra con arreglo principiante.,320,One Love,Bob Marley,EN,reggae,2,60,92,4/4,reggae/offbeat,8,1 & 2 & 3 & 4 &,C/G/Am segun voz,0-3 opcional,EADGBE,A; E; D,4,- U - U - U - U,- U - U - U - U,- U - U - U - U,D - - - - - - -,- U - U - U - U,D=abajo; U=arriba; -=silencio/no golpe; x=apagado si aparece,-,U,-,U,-,U,-,U,A [- U - U - U - U],E [- U - U - U - U],D [- U - U - U - U],A [- U - U - U - U],,,,,,,,,,,,,A A A A A A A A,E E E E E E E E,D D D D D D D D,A A A A A A A A,,,,,,,,,,,,,- U - U - U - U,- U - U - U - U,- U - U - U - U,- U - U - U - U,,,,,,,,,,,,,A | E | D | A,acompanamiento_v6_musical_simplificado,"cambios reales de acordes, groove y estructura corta reconocible",V6: max 16 compases; subdivision max 8; no se rellenan compases vacios; 12/8 se trata como shuffle en 4/4 por limite tecnico,no,0,,,Alta utilidad pedagogica; version simplificada. | V6 confianza=alta. | APP_SAFE: slash chords simplificados a acorde base para evitar fallos de playback.
Si - nueva V5,Nueva incorporacion,Cancion tipica/deseable para acompanar en guitarra con arreglo principiante.,321,No Woman No Cry - easy,Bob Marley,EN,reggae,2,60,92,4/4,reggae/offbeat,8,1 & 2 & 3 & 4 &,C/G/Am segun voz,0-3 opcional,EADGBE,C; G; Am; F,4,- U - U - U - U,- U - U - U - U,- U - U - U - U,D - - - - - - -,- U - U - U - U,D=abajo; U=arriba; -=silencio/no golpe; x=apagado si aparece,-,U,-,U,-,U,-,U,C(1-4) / G(5-8) [- U - U - U - U],Am(1-4) / F(5-8) [- U - U - U - U],C(1-4) / G(5-8) [- U - U - U - U],F(1-4) / C(5-8) [- U - U - U - U],,,,,,,,,,,,,C C C C G G G G,Am Am Am Am F F F F,C C C C G G G G,F F F F C C C C,,,,,,,,,,,,,- U - U - U - U,- U - U - U - U,- U - U - U - U,- U - U - U - U,,,,,,,,,,,,,C(1-4) / G(5-8) | Am(1-4) / F(5-8) | C(1-4) / G(5-8) | F(1-4) / C(5-8),acompanamiento_v6_musical_simplificado,"cambios reales de acordes, groove y estructura corta reconocible",V6: max 16 compases; subdivision max 8; no se rellenan compases vacios; 12/8 se trata como shuffle en 4/4 por limite tecnico,si,4,1;2;3;4,,Alta utilidad pedagogica; version simplificada. | V6 confianza=alta. | APP_SAFE: slash chords simplificados a acorde base para evitar fallos de playback.
Si - nueva V5,Nueva incorporacion,Cancion tipica/deseable para acompanar en guitarra con arreglo principiante.,322,A Horse with No Name,America,EN,folk rock,2,60,92,4/4,folk/acustico,8,1 & 2 & 3 & 4 &,C/G/Am segun voz,0-3 opcional,EADGBE,Em; D,2,D - D U D - D U,D - D - D U D U,D - D U D - D U,D - - - - - - -,D - D U D - D U,D=abajo; U=arriba; -=silencio/no golpe; x=apagado si aparece,D,-,D,U,D,-,D,U,Em [D - D U D - D U],D [D - D U D - D U],,,,,,,,,,,,,,,Em Em Em Em Em Em Em Em,D D D D D D D D,,,,,,,,,,,,,,,D - D U D - D U,D - D U D - D U,,,,,,,,,,,,,,,Em | D,acompanamiento_v6_musical_simplificado,"cambios reales de acordes, groove y estructura corta reconocible",V6: max 16 compases; subdivision max 8; no se rellenan compases vacios; 12/8 se trata como shuffle en 4/4 por limite tecnico,no,0,,,Alta utilidad pedagogica; version simplificada. | V6 confianza=alta. Slash chord kept as one chord; not split as two chords. | APP_SAFE: slash chords simplificados a acorde base para evitar fallos de playback.
Si - nueva V5,Nueva incorporacion,Cancion tipica/deseable para acompanar en guitarra con arreglo principiante.,323,Sister Golden Hair,America,EN,folk rock,2,60,92,4/4,country/folk,8,1 & 2 & 3 & 4 &,C/G/Am segun voz,0-3 opcional,EADGBE,E; G#m; A; B,4,D - D - D U D U,D - D U D - D U,D - D - D U D U,D - - - - - - -,D - D - D U D U,D=abajo; U=arriba; -=silencio/no golpe; x=apagado si aparece,D,-,D,-,D,U,D,U,E [D - D - D U D U],G#m [D - D - D U D U],A [D - D - D U D U],B [D - D - D U D U],,,,,,,,,,,,,E E E E E E E E,G#m G#m G#m G#m G#m G#m G#m G#m,A A A A A A A A,B B B B B B B B,,,,,,,,,,,,,D - D - D U D U,D - D - D U D U,D - D - D U D U,D - D - D U D U,,,,,,,,,,,,,E | G#m | A | B,acompanamiento_v6_musical_simplificado,"cambios reales de acordes, groove y estructura corta reconocible",V6: max 16 compases; subdivision max 8; no se rellenan compases vacios; 12/8 se trata como shuffle en 4/4 por limite tecnico,no,0,,,Alta utilidad pedagogica; version simplificada. | V6 confianza=alta. | APP_SAFE: slash chords simplificados a acorde base para evitar fallos de playback.
Si - nueva V5,Nueva incorporacion,Cancion tipica/deseable para acompanar en guitarra con arreglo principiante.,324,Me and Julio Down by the Schoolyard,Paul Simon,EN,folk pop,2,60,92,4/4,latin/rumba pop,8,1 & 2 & 3 & 4 &,C/G/Am segun voz,0-3 opcional,EADGBE,G; C; D,4,D - U - D U - U,D - D U - U D U,D - U - D U - U,D - - - - - - -,D - U - D U - U,D=abajo; U=arriba; -=silencio/no golpe; x=apagado si aparece,D,-,U,-,D,U,-,U,G [D - U - D U - U],C [D - U - D U - U],D [D - U - D U - U],G [D - U - D U - U],,,,,,,,,,,,,G G G G G G G G,C C C C C C C C,D D D D D D D D,G G G G G G G G,,,,,,,,,,,,,D - U - D U - U,D - U - D U - U,D - U - D U - U,D - U - D U - U,,,,,,,,,,,,,G | C | D | G,acompanamiento_v6_musical_simplificado,"cambios reales de acordes, groove y estructura corta reconocible",V6: max 16 compases; subdivision max 8; no se rellenan compases vacios; 12/8 se trata como shuffle en 4/4 por limite tecnico,no,0,,,Alta utilidad pedagogica; version simplificada. | V6 confianza=alta. | APP_SAFE: slash chords simplificados a acorde base para evitar fallos de playback.
Si - nueva V5,Nueva incorporacion,Cancion tipica/deseable para acompanar en guitarra con arreglo principiante.,325,I’m Yours - island easy,Jason Mraz,EN,pop,2,60,92,4/4,reggae/offbeat,8,1 & 2 & 3 & 4 &,C/G/Am segun voz,0-3 opcional,EADGBE,G; D; Em; C,4,- U - U - U - U,- U - U - U - U,- U - U - U - U,D - - - - - - -,- U - U - U - U,D=abajo; U=arriba; -=silencio/no golpe; x=apagado si aparece,-,U,-,U,-,U,-,U,G [- U - U - U - U],D [- U - U - U - U],Em [- U - U - U - U],C [- U - U - U - U],,,,,,,,,,,,,G G G G G G G G,D D D D D D D D,Em Em Em Em Em Em Em Em,C C C C C C C C,,,,,,,,,,,,,- U - U - U - U,- U - U - U - U,- U - U - U - U,- U - U - U - U,,,,,,,,,,,,,G | D | Em | C,acompanamiento_v6_musical_simplificado,"cambios reales de acordes, groove y estructura corta reconocible",V6: max 16 compases; subdivision max 8; no se rellenan compases vacios; 12/8 se trata como shuffle en 4/4 por limite tecnico,no,0,,,Alta utilidad pedagogica; version simplificada. | V6 confianza=alta. | APP_SAFE: slash chords simplificados a acorde base para evitar fallos de playback.
Si - nueva V5,Nueva incorporacion,Cancion tipica/deseable para acompanar en guitarra con arreglo principiante.,326,Lucky,Jason Mraz & Colbie Caillat,EN,pop,2,60,92,4/4,pop/rock binario,8,1 & 2 & 3 & 4 &,C/G/Am segun voz,0-3 opcional,EADGBE,C; G; Am; F,4,D - - U - U D -,D - D U - U D U,D - - U D - D U,D - - - - - - -,D - - U - U D -,D=abajo; U=arriba; -=silencio/no golpe; x=apagado si aparece,D,-,-,U,-,U,D,-,C [D - - U - U D -],G [D - - U - U D -],Am [D - - U - U D -],F [D - - U - U D -],,,,,,,,,,,,,C C C C C C C C,G G G G G G G G,Am Am Am Am Am Am Am Am,F F F F F F F F,,,,,,,,,,,,,D - - U - U D -,D - - U - U D -,D - - U - U D -,D - - U - U D -,,,,,,,,,,,,,C | G | Am | F,acompanamiento_v6_musical_simplificado,"cambios reales de acordes, groove y estructura corta reconocible",V6: max 16 compases; subdivision max 8; no se rellenan compases vacios; 12/8 se trata como shuffle en 4/4 por limite tecnico,no,0,,,Alta utilidad pedagogica; version simplificada. | V6 confianza=alta. | APP_SAFE: slash chords simplificados a acorde base para evitar fallos de playback.
Si - nueva V5,Nueva incorporacion,Cancion tipica/deseable para acompanar en guitarra con arreglo principiante.,327,Bubbly,Colbie Caillat,EN,pop,2,60,92,4/4,pop/rock binario,8,1 & 2 & 3 & 4 &,C/G/Am segun voz,0-3 opcional,EADGBE,G; D; Em; C,4,D - - U - U D -,D - D U - U D U,D - - U D - D U,D - - - - - - -,D - - U - U D -,D=abajo; U=arriba; -=silencio/no golpe; x=apagado si aparece,D,-,-,U,-,U,D,-,G [D - - U - U D -],D [D - - U - U D -],Em [D - - U - U D -],C [D - - U - U D -],,,,,,,,,,,,,G G G G G G G G,D D D D D D D D,Em Em Em Em Em Em Em Em,C C C C C C C C,,,,,,,,,,,,,D - - U - U D -,D - - U - U D -,D - - U - U D -,D - - U - U D -,,,,,,,,,,,,,G | D | Em | C,acompanamiento_v6_musical_simplificado,"cambios reales de acordes, groove y estructura corta reconocible",V6: max 16 compases; subdivision max 8; no se rellenan compases vacios; 12/8 se trata como shuffle en 4/4 por limite tecnico,no,0,,,Alta utilidad pedagogica; version simplificada. | V6 confianza=alta. | APP_SAFE: slash chords simplificados a acorde base para evitar fallos de playback.
Si - nueva V5,Nueva incorporacion,Cancion tipica/deseable para acompanar en guitarra con arreglo principiante.,328,Drive,Incubus,EN,rock,2,60,92,4/4,rock binario,8,1 & 2 & 3 & 4 &,C/G/Am segun voz,0-3 opcional,EADGBE,Em; G; D; C,4,D D - U D U - U,D D D D D D D D,D D - U D U - U,D - - - - - - -,D D - U D U - U,D=abajo; U=arriba; -=silencio/no golpe; x=apagado si aparece,D,D,-,U,D,U,-,U,Em [D D - U D U - U],G [D D - U D U - U],D [D D - U D U - U],C [D D - U D U - U],,,,,,,,,,,,,Em Em Em Em Em Em Em Em,G G G G G G G G,D D D D D D D D,C C C C C C C C,,,,,,,,,,,,,D D - U D U - U,D D - U D U - U,D D - U D U - U,D D - U D U - U,,,,,,,,,,,,,Em | G | D | C,acompanamiento_v6_musical_simplificado,"cambios reales de acordes, groove y estructura corta reconocible",V6: max 16 compases; subdivision max 8; no se rellenan compases vacios; 12/8 se trata como shuffle en 4/4 por limite tecnico,no,0,,,Alta utilidad pedagogica; version simplificada. | V6 confianza=alta. | APP_SAFE: slash chords simplificados a acorde base para evitar fallos de playback.
Si - nueva V5,Nueva incorporacion,Cancion tipica/deseable para acompanar en guitarra con arreglo principiante.,329,Iris - easy,Goo Goo Dolls,EN,rock balada,2,60,92,4/4,rock binario,8,1 & 2 & 3 & 4 &,C/G/Am segun voz,0-3 opcional,EADGBE,G; D; C; Em,4,D D - U D U - U,D D D D D D D D,D D - U D U - U,D - - - - - - -,D D - U D U - U,D=abajo; U=arriba; -=silencio/no golpe; x=apagado si aparece,D,D,-,U,D,U,-,U,G [D D - U D U - U],D [D D - U D U - U],C [D D - U D U - U],Em [D D - U D U - U],,,,,,,,,,,,,G G G G G G G G,D D D D D D D D,C C C C C C C C,Em Em Em Em Em Em Em Em,,,,,,,,,,,,,D D - U D U - U,D D - U D U - U,D D - U D U - U,D D - U D U - U,,,,,,,,,,,,,G | D | C | Em,acompanamiento_v6_musical_simplificado,"cambios reales de acordes, groove y estructura corta reconocible",V6: max 16 compases; subdivision max 8; no se rellenan compases vacios; 12/8 se trata como shuffle en 4/4 por limite tecnico,no,0,,,Alta utilidad pedagogica; version simplificada. | V6 confianza=alta. | APP_SAFE: slash chords simplificados a acorde base para evitar fallos de playback.
Si - nueva V5,Nueva incorporacion,Cancion tipica/deseable para acompanar en guitarra con arreglo principiante.,330,Breakfast at Tiffanys,Deep Blue Something,EN,pop rock,2,60,92,4/4,pop/rock binario,8,1 & 2 & 3 & 4 &,C/G/Am segun voz,0-3 opcional,EADGBE,D; G; A,4,D - D U - U D U,D D - U D U - U,D - D - D U D U,D - - - - - - -,D - D U - U D U,D=abajo; U=arriba; -=silencio/no golpe; x=apagado si aparece,D,-,D,U,-,U,D,U,D [D - D U - U D U],G [D - D U - U D U],A [D - D U - U D U],D [D - D U - U D U],,,,,,,,,,,,,D D D D D D D D,G G G G G G G G,A A A A A A A A,D D D D D D D D,,,,,,,,,,,,,D - D U - U D U,D - D U - U D U,D - D U - U D U,D - D U - U D U,,,,,,,,,,,,,D | G | A | D,acompanamiento_v6_musical_simplificado,"cambios reales de acordes, groove y estructura corta reconocible",V6: max 16 compases; subdivision max 8; no se rellenan compases vacios; 12/8 se trata como shuffle en 4/4 por limite tecnico,no,0,,,Alta utilidad pedagogica; version simplificada. | V6 confianza=alta. | APP_SAFE: slash chords simplificados a acorde base para evitar fallos de playback.
Si - nueva V5,Nueva incorporacion,Cancion tipica/deseable para acompanar en guitarra con arreglo principiante.,331,Closing Time,Semisonic,EN,rock,2,60,92,4/4,pop/rock binario,8,1 & 2 & 3 & 4 &,C/G/Am segun voz,0-3 opcional,EADGBE,G; D; Am; C,4,D - D U - U D U,D D - U D U - U,D - D - D U D U,D - - - - - - -,D - D U - U D U,D=abajo; U=arriba; -=silencio/no golpe; x=apagado si aparece,D,-,D,U,-,U,D,U,G [D - D U - U D U],D [D - D U - U D U],Am [D - D U - U D U],C [D - D U - U D U],,,,,,,,,,,,,G G G G G G G G,D D D D D D D D,Am Am Am Am Am Am Am Am,C C C C C C C C,,,,,,,,,,,,,D - D U - U D U,D - D U - U D U,D - D U - U D U,D - D U - U D U,,,,,,,,,,,,,G | D | Am | C,acompanamiento_v6_musical_simplificado,"cambios reales de acordes, groove y estructura corta reconocible",V6: max 16 compases; subdivision max 8; no se rellenan compases vacios; 12/8 se trata como shuffle en 4/4 por limite tecnico,no,0,,,Alta utilidad pedagogica; version simplificada. | V6 confianza=alta. | APP_SAFE: slash chords simplificados a acorde base para evitar fallos de playback.
Si - nueva V5,Nueva incorporacion,Cancion tipica/deseable para acompanar en guitarra con arreglo principiante.,332,Two Princes,Spin Doctors,EN,rock,2,60,92,4/4,rock binario,8,1 & 2 & 3 & 4 &,C/G/Am segun voz,0-3 opcional,EADGBE,D; C; G,4,D D - U D U - U,D D D D D D D D,D D - U D U - U,D - - - - - - -,D D - U D U - U,D=abajo; U=arriba; -=silencio/no golpe; x=apagado si aparece,D,D,-,U,D,U,-,U,D [D D - U D U - U],C [D D - U D U - U],G [D D - U D U - U],D [D D - U D U - U],,,,,,,,,,,,,D D D D D D D D,C C C C C C C C,G G G G G G G G,D D D D D D D D,,,,,,,,,,,,,D D - U D U - U,D D - U D U - U,D D - U D U - U,D D - U D U - U,,,,,,,,,,,,,D | C | G | D,acompanamiento_v6_musical_simplificado,"cambios reales de acordes, groove y estructura corta reconocible",V6: max 16 compases; subdivision max 8; no se rellenan compases vacios; 12/8 se trata como shuffle en 4/4 por limite tecnico,no,0,,,Alta utilidad pedagogica; version simplificada. | V6 confianza=alta. | APP_SAFE: slash chords simplificados a acorde base para evitar fallos de playback.
Si - nueva V5,Nueva incorporacion,Cancion tipica/deseable para acompanar en guitarra con arreglo principiante.,333,What’s Up - easy,4 Non Blondes,EN,rock,2,60,92,4/4,pop/rock binario,8,1 & 2 & 3 & 4 &,C/G/Am segun voz,0-3 opcional,EADGBE,A; Bm; D,4,D - D U - U D U,D D - U D U - U,D - D - D U D U,D - - - - - - -,D - D U - U D U,D=abajo; U=arriba; -=silencio/no golpe; x=apagado si aparece,D,-,D,U,-,U,D,U,A [D - D U - U D U],Bm [D - D U - U D U],D [D - D U - U D U],A [D - D U - U D U],,,,,,,,,,,,,A A A A A A A A,Bm Bm Bm Bm Bm Bm Bm Bm,D D D D D D D D,A A A A A A A A,,,,,,,,,,,,,D - D U - U D U,D - D U - U D U,D - D U - U D U,D - D U - U D U,,,,,,,,,,,,,A | Bm | D | A,acompanamiento_v6_musical_simplificado,"cambios reales de acordes, groove y estructura corta reconocible",V6: max 16 compases; subdivision max 8; no se rellenan compases vacios; 12/8 se trata como shuffle en 4/4 por limite tecnico,no,0,,,Alta utilidad pedagogica; version simplificada. | V6 confianza=alta. | APP_SAFE: slash chords simplificados a acorde base para evitar fallos de playback.
Si - nueva V5,Nueva incorporacion,Cancion tipica/deseable para acompanar en guitarra con arreglo principiante.,334,Song 2 - acoustic easy,Blur,EN,rock,2,60,92,4/4,rock/power chords,8,1 & 2 & 3 & 4 &,C/G/Am segun voz,0-3 opcional,EADGBE,F; Eb; Ab,4,D D D D D D D D,D D - U D U - U,D D D D D D D D,D - - - - - - -,D D D D D D D D,D=abajo; U=arriba; -=silencio/no golpe; x=apagado si aparece,D,D,D,D,D,D,D,D,F [D D D D D D D D],Eb [D D D D D D D D],Ab [D D D D D D D D],F [D D D D D D D D],,,,,,,,,,,,,F F F F F F F F,Eb Eb Eb Eb Eb Eb Eb Eb,Ab Ab Ab Ab Ab Ab Ab Ab,F F F F F F F F,,,,,,,,,,,,,D D D D D D D D,D D D D D D D D,D D D D D D D D,D D D D D D D D,,,,,,,,,,,,,F | Eb | Ab | F,acompanamiento_v6_musical_simplificado,"cambios reales de acordes, groove y estructura corta reconocible",V6: max 16 compases; subdivision max 8; no se rellenan compases vacios; 12/8 se trata como shuffle en 4/4 por limite tecnico,no,0,,,Alta utilidad pedagogica; version simplificada. | V6 confianza=alta. | APP_SAFE: slash chords simplificados a acorde base para evitar fallos de playback.
Si - nueva V5,Nueva incorporacion,Cancion tipica/deseable para acompanar en guitarra con arreglo principiante.,335,Common People - easy,Pulp,EN,britpop,2,60,92,4/4,rock binario,8,1 & 2 & 3 & 4 &,C/G/Am segun voz,0-3 opcional,EADGBE,C; G; Am; F,4,D D - U D U - U,D D D D D D D D,D D - U D U - U,D - - - - - - -,D D - U D U - U,D=abajo; U=arriba; -=silencio/no golpe; x=apagado si aparece,D,D,-,U,D,U,-,U,C [D D - U D U - U],G [D D - U D U - U],Am [D D - U D U - U],F [D D - U D U - U],,,,,,,,,,,,,C C C C C C C C,G G G G G G G G,Am Am Am Am Am Am Am Am,F F F F F F F F,,,,,,,,,,,,,D D - U D U - U,D D - U D U - U,D D - U D U - U,D D - U D U - U,,,,,,,,,,,,,C | G | Am | F,acompanamiento_v6_musical_simplificado,"cambios reales de acordes, groove y estructura corta reconocible",V6: max 16 compases; subdivision max 8; no se rellenan compases vacios; 12/8 se trata como shuffle en 4/4 por limite tecnico,no,0,,,Alta utilidad pedagogica; version simplificada. | V6 confianza=alta. | APP_SAFE: slash chords simplificados a acorde base para evitar fallos de playback.
Si - nueva V5,Nueva incorporacion,Cancion tipica/deseable para acompanar en guitarra con arreglo principiante.,336,Sit Down,James,EN,britpop,2,60,92,4/4,rock binario,8,1 & 2 & 3 & 4 &,C/G/Am segun voz,0-3 opcional,EADGBE,G; D; C,4,D D - U D U - U,D D D D D D D D,D D - U D U - U,D - - - - - - -,D D - U D U - U,D=abajo; U=arriba; -=silencio/no golpe; x=apagado si aparece,D,D,-,U,D,U,-,U,G [D D - U D U - U],D [D D - U D U - U],C [D D - U D U - U],G [D D - U D U - U],,,,,,,,,,,,,G G G G G G G G,D D D D D D D D,C C C C C C C C,G G G G G G G G,,,,,,,,,,,,,D D - U D U - U,D D - U D U - U,D D - U D U - U,D D - U D U - U,,,,,,,,,,,,,G | D | C | G,acompanamiento_v6_musical_simplificado,"cambios reales de acordes, groove y estructura corta reconocible",V6: max 16 compases; subdivision max 8; no se rellenan compases vacios; 12/8 se trata como shuffle en 4/4 por limite tecnico,no,0,,,Alta utilidad pedagogica; version simplificada. | V6 confianza=alta. | APP_SAFE: slash chords simplificados a acorde base para evitar fallos de playback.
Si - nueva V5,Nueva incorporacion,Cancion tipica/deseable para acompanar en guitarra con arreglo principiante.,337,There Is a Light That Never Goes Out - easy,The Smiths,EN,indie,2,60,92,4/4,pop/rock binario,8,1 & 2 & 3 & 4 &,C/G/Am segun voz,0-3 opcional,EADGBE,G; D; C; Em,4,D - D U - U D U,D D - U D U - U,D - D - D U D U,D - - - - - - -,D - D U - U D U,D=abajo; U=arriba; -=silencio/no golpe; x=apagado si aparece,D,-,D,U,-,U,D,U,G [D - D U - U D U],D [D - D U - U D U],C [D - D U - U D U],Em [D - D U - U D U],,,,,,,,,,,,,G G G G G G G G,D D D D D D D D,C C C C C C C C,Em Em Em Em Em Em Em Em,,,,,,,,,,,,,D - D U - U D U,D - D U - U D U,D - D U - U D U,D - D U - U D U,,,,,,,,,,,,,G | D | C | Em,acompanamiento_v6_musical_simplificado,"cambios reales de acordes, groove y estructura corta reconocible",V6: max 16 compases; subdivision max 8; no se rellenan compases vacios; 12/8 se trata como shuffle en 4/4 por limite tecnico,no,0,,,Alta utilidad pedagogica; version simplificada. | V6 confianza=alta. | APP_SAFE: slash chords simplificados a acorde base para evitar fallos de playback.
Si - nueva V5,Nueva incorporacion,Cancion tipica/deseable para acompanar en guitarra con arreglo principiante.,338,Wonderwall alternative easy,Oasis,EN,britpop,2,60,92,4/4,pop/rock binario,8,1 & 2 & 3 & 4 &,C/G/Am segun voz,0-3 opcional,EADGBE,Em7; G; Dsus4; A7sus4; Cadd9,8,D - D U - U D U,D D - U D U - U,D - D - D U D U,D - - - - - - -,D - D U - U D U,D=abajo; U=arriba; -=silencio/no golpe; x=apagado si aparece,D,-,D,U,-,U,D,U,Em7 [D - D U - U D U],G [D - D U - U D U],Dsus4 [D - D U - U D U],A7sus4 [D - D U - U D U],Cadd9 [D D - U D U - U],Dsus4 [D D - U D U - U],A7sus4 [D D - U D U - U],A7sus4 [D - - - - - - -],,,,,,,,,Em7 Em7 Em7 Em7 Em7 Em7 Em7 Em7,G G G G G G G G,Dsus4 Dsus4 Dsus4 Dsus4 Dsus4 Dsus4 Dsus4 Dsus4,A7sus4 A7sus4 A7sus4 A7sus4 A7sus4 A7sus4 A7sus4 A7sus4,Cadd9 Cadd9 Cadd9 Cadd9 Cadd9 Cadd9 Cadd9 Cadd9,Dsus4 Dsus4 Dsus4 Dsus4 Dsus4 Dsus4 Dsus4 Dsus4,A7sus4 A7sus4 A7sus4 A7sus4 A7sus4 A7sus4 A7sus4 A7sus4,A7sus4 A7sus4 A7sus4 A7sus4 A7sus4 A7sus4 A7sus4 A7sus4,,,,,,,,,D - D U - U D U,D - D U - U D U,D - D U - U D U,D - D U - U D U,D D - U D U - U,D D - U D U - U,D D - U D U - U,D - - - - - - -,,,,,,,,,Em7 | G | Dsus4 | A7sus4 | Cadd9 | Dsus4 | A7sus4 | A7sus4,acompanamiento_v6_musical_simplificado,"cambios reales de acordes, groove y estructura corta reconocible",V6: max 16 compases; subdivision max 8; no se rellenan compases vacios; 12/8 se trata como shuffle en 4/4 por limite tecnico,no,0,,,Alta utilidad pedagogica; version simplificada. | V6 confianza=alta. | APP_SAFE: slash chords simplificados a acorde base para evitar fallos de playback.
Si - nueva V5,Nueva incorporacion,Cancion tipica/deseable para acompanar en guitarra con arreglo principiante.,339,Live Forever - easy,Oasis,EN,britpop,2,60,92,4/4,rock binario,8,1 & 2 & 3 & 4 &,C/G/Am segun voz,0-3 opcional,EADGBE,G; D; Am; C,4,D D - U D U - U,D D D D D D D D,D D - U D U - U,D - - - - - - -,D D - U D U - U,D=abajo; U=arriba; -=silencio/no golpe; x=apagado si aparece,D,D,-,U,D,U,-,U,G [D D - U D U - U],D [D D - U D U - U],Am [D D - U D U - U],C [D D - U D U - U],,,,,,,,,,,,,G G G G G G G G,D D D D D D D D,Am Am Am Am Am Am Am Am,C C C C C C C C,,,,,,,,,,,,,D D - U D U - U,D D - U D U - U,D D - U D U - U,D D - U D U - U,,,,,,,,,,,,,G | D | Am | C,acompanamiento_v6_musical_simplificado,"cambios reales de acordes, groove y estructura corta reconocible",V6: max 16 compases; subdivision max 8; no se rellenan compases vacios; 12/8 se trata como shuffle en 4/4 por limite tecnico,no,0,,,Alta utilidad pedagogica; version simplificada. | V6 confianza=alta. | APP_SAFE: slash chords simplificados a acorde base para evitar fallos de playback.
Si - nueva V5,Nueva incorporacion,Cancion tipica/deseable para acompanar en guitarra con arreglo principiante.,340,Half the World Away,Oasis,EN,britpop,2,60,92,4/4,pop/rock binario,8,1 & 2 & 3 & 4 &,C/G/Am segun voz,0-3 opcional,EADGBE,C; F; G; Am,4,D - - U - U D -,D - D U - U D U,D - - U D - D U,D - - - - - - -,D - - U - U D -,D=abajo; U=arriba; -=silencio/no golpe; x=apagado si aparece,D,-,-,U,-,U,D,-,C [D - - U - U D -],F [D - - U - U D -],G [D - - U - U D -],Am [D - - U - U D -],,,,,,,,,,,,,C C C C C C C C,F F F F F F F F,G G G G G G G G,Am Am Am Am Am Am Am Am,,,,,,,,,,,,,D - - U - U D -,D - - U - U D -,D - - U - U D -,D - - U - U D -,,,,,,,,,,,,,C | F | G | Am,acompanamiento_v6_musical_simplificado,"cambios reales de acordes, groove y estructura corta reconocible",V6: max 16 compases; subdivision max 8; no se rellenan compases vacios; 12/8 se trata como shuffle en 4/4 por limite tecnico,no,0,,,Alta utilidad pedagogica; version simplificada. | V6 confianza=alta. | APP_SAFE: slash chords simplificados a acorde base para evitar fallos de playback.
Si - nueva V5,Nueva incorporacion,Cancion tipica/deseable para acompanar en guitarra con arreglo principiante.,341,Use Somebody,Kings of Leon,EN,rock,2,60,92,4/4,rock binario,8,1 & 2 & 3 & 4 &,C/G/Am segun voz,0-3 opcional,EADGBE,C; Em; F; G,4,D D - U D U - U,D D D D D D D D,D D - U D U - U,D - - - - - - -,D D - U D U - U,D=abajo; U=arriba; -=silencio/no golpe; x=apagado si aparece,D,D,-,U,D,U,-,U,C [D D - U D U - U],Em [D D - U D U - U],F [D D - U D U - U],G [D D - U D U - U],,,,,,,,,,,,,C C C C C C C C,Em Em Em Em Em Em Em Em,F F F F F F F F,G G G G G G G G,,,,,,,,,,,,,D D - U D U - U,D D - U D U - U,D D - U D U - U,D D - U D U - U,,,,,,,,,,,,,C | Em | F | G,acompanamiento_v6_musical_simplificado,"cambios reales de acordes, groove y estructura corta reconocible",V6: max 16 compases; subdivision max 8; no se rellenan compases vacios; 12/8 se trata como shuffle en 4/4 por limite tecnico,no,0,,,Alta utilidad pedagogica; version simplificada. | V6 confianza=alta. | APP_SAFE: slash chords simplificados a acorde base para evitar fallos de playback.
Si - nueva V5,Nueva incorporacion,Cancion tipica/deseable para acompanar en guitarra con arreglo principiante.,342,Sex on Fire - acoustic easy,Kings of Leon,EN,rock,2,60,92,4/4,rock binario,8,1 & 2 & 3 & 4 &,C/G/Am segun voz,0-3 opcional,EADGBE,E; C#m; A,4,D D - U D U - U,D D D D D D D D,D D - U D U - U,D - - - - - - -,D D - U D U - U,D=abajo; U=arriba; -=silencio/no golpe; x=apagado si aparece,D,D,-,U,D,U,-,U,E [D D - U D U - U],C#m [D D - U D U - U],A [D D - U D U - U],A [D D - U D U - U],,,,,,,,,,,,,E E E E E E E E,C#m C#m C#m C#m C#m C#m C#m C#m,A A A A A A A A,A A A A A A A A,,,,,,,,,,,,,D D - U D U - U,D D - U D U - U,D D - U D U - U,D D - U D U - U,,,,,,,,,,,,,E | C#m | A | A,acompanamiento_v6_musical_simplificado,"cambios reales de acordes, groove y estructura corta reconocible",V6: max 16 compases; subdivision max 8; no se rellenan compases vacios; 12/8 se trata como shuffle en 4/4 por limite tecnico,no,0,,,Alta utilidad pedagogica; version simplificada. | V6 confianza=alta. | APP_SAFE: slash chords simplificados a acorde base para evitar fallos de playback.
Si - nueva V5,Nueva incorporacion,Cancion tipica/deseable para acompanar en guitarra con arreglo principiante.,343,Run,Snow Patrol,EN,pop rock,2,60,92,4/4,rock binario,8,1 & 2 & 3 & 4 &,C/G/Am segun voz,0-3 opcional,EADGBE,Am; F; C; G,4,D D - U D U - U,D D D D D D D D,D D - U D U - U,D - - - - - - -,D D - U D U - U,D=abajo; U=arriba; -=silencio/no golpe; x=apagado si aparece,D,D,-,U,D,U,-,U,Am [D D - U D U - U],F [D D - U D U - U],C [D D - U D U - U],G [D D - U D U - U],,,,,,,,,,,,,Am Am Am Am Am Am Am Am,F F F F F F F F,C C C C C C C C,G G G G G G G G,,,,,,,,,,,,,D D - U D U - U,D D - U D U - U,D D - U D U - U,D D - U D U - U,,,,,,,,,,,,,Am | F | C | G,acompanamiento_v6_musical_simplificado,"cambios reales de acordes, groove y estructura corta reconocible",V6: max 16 compases; subdivision max 8; no se rellenan compases vacios; 12/8 se trata como shuffle en 4/4 por limite tecnico,no,0,,,Alta utilidad pedagogica; version simplificada. | V6 confianza=alta. | APP_SAFE: slash chords simplificados a acorde base para evitar fallos de playback.
Si - nueva V5,Nueva incorporacion,Cancion tipica/deseable para acompanar en guitarra con arreglo principiante.,344,Dakota easy,Stereophonics,EN,rock,2,60,92,4/4,rock binario,8,1 & 2 & 3 & 4 &,C/G/Am segun voz,0-3 opcional,EADGBE,C; G; Am; F,4,D D - U D U - U,D D D D D D D D,D D - U D U - U,D - - - - - - -,D D - U D U - U,D=abajo; U=arriba; -=silencio/no golpe; x=apagado si aparece,D,D,-,U,D,U,-,U,C [D D - U D U - U],G [D D - U D U - U],Am [D D - U D U - U],F [D D - U D U - U],,,,,,,,,,,,,C C C C C C C C,G G G G G G G G,Am Am Am Am Am Am Am Am,F F F F F F F F,,,,,,,,,,,,,D D - U D U - U,D D - U D U - U,D D - U D U - U,D D - U D U - U,,,,,,,,,,,,,C | G | Am | F,acompanamiento_v6_musical_simplificado,"cambios reales de acordes, groove y estructura corta reconocible",V6: max 16 compases; subdivision max 8; no se rellenan compases vacios; 12/8 se trata como shuffle en 4/4 por limite tecnico,no,0,,,Alta utilidad pedagogica; version simplificada. | V6 confianza=alta. | APP_SAFE: slash chords simplificados a acorde base para evitar fallos de playback.
Si - nueva V5,Nueva incorporacion,Cancion tipica/deseable para acompanar en guitarra con arreglo principiante.,345,Valerie,Amy Winehouse / Zutons,EN,pop/soul,2,60,92,4/4,pop/rock binario,8,1 & 2 & 3 & 4 &,C/G/Am segun voz,0-3 opcional,EADGBE,C; Dm; G; Am,4,D - D U - U D U,D D - U D U - U,D - D - D U D U,D - - - - - - -,D - D U - U D U,D=abajo; U=arriba; -=silencio/no golpe; x=apagado si aparece,D,-,D,U,-,U,D,U,C [D - D U - U D U],Dm [D - D U - U D U],G [D - D U - U D U],Am [D - D U - U D U],,,,,,,,,,,,,C C C C C C C C,Dm Dm Dm Dm Dm Dm Dm Dm,G G G G G G G G,Am Am Am Am Am Am Am Am,,,,,,,,,,,,,D - D U - U D U,D - D U - U D U,D - D U - U D U,D - D U - U D U,,,,,,,,,,,,,C | Dm | G | Am,acompanamiento_v6_musical_simplificado,"cambios reales de acordes, groove y estructura corta reconocible",V6: max 16 compases; subdivision max 8; no se rellenan compases vacios; 12/8 se trata como shuffle en 4/4 por limite tecnico,no,0,,,Alta utilidad pedagogica; version simplificada. | V6 confianza=alta. | APP_SAFE: slash chords simplificados a acorde base para evitar fallos de playback.
Si - nueva V5,Nueva incorporacion,Cancion tipica/deseable para acompanar en guitarra con arreglo principiante.,346,Rehab - easy,Amy Winehouse,EN,soul pop,2,60,92,4/4,shuffle/blues ternario representado en 4/4,8,1 & 2 & 3 & 4 &,C/G/Am segun voz,0-3 opcional,EADGBE,C; F; G,4,D - U - D - U -,D - U - D - U -,D - U - D - U -,D - - - - - - -,D - U - D - U -,D=abajo; U=arriba; -=silencio/no golpe; x=apagado si aparece,D,-,U,-,D,-,U,-,C [D - U - D - U -],F [D - U - D - U -],G [D - U - D - U -],C [D - U - D - U -],,,,,,,,,,,,,C C C C C C C C,F F F F F F F F,G G G G G G G G,C C C C C C C C,,,,,,,,,,,,,D - U - D - U -,D - U - D - U -,D - U - D - U -,D - U - D - U -,,,,,,,,,,,,,C | F | G | C,acompanamiento_v6_musical_simplificado,"cambios reales de acordes, groove y estructura corta reconocible",V6: max 16 compases; subdivision max 8; no se rellenan compases vacios; 12/8 se trata como shuffle en 4/4 por limite tecnico,no,0,,,Alta utilidad pedagogica; version simplificada. | V6 confianza=alta. | APP_SAFE: slash chords simplificados a acorde base para evitar fallos de playback.
Si - nueva V5,Nueva incorporacion,Cancion tipica/deseable para acompanar en guitarra con arreglo principiante.,347,Rolling in the Deep,Adele,EN,pop,2,60,92,4/4,rock binario,8,1 & 2 & 3 & 4 &,C/G/Am segun voz,0-3 opcional,EADGBE,Am; Em; G; F,4,D D - U D U - U,D D D D D D D D,D D - U D U - U,D - - - - - - -,D D - U D U - U,D=abajo; U=arriba; -=silencio/no golpe; x=apagado si aparece,D,D,-,U,D,U,-,U,Am [D D - U D U - U],Em [D D - U D U - U],G [D D - U D U - U],F [D D - U D U - U],,,,,,,,,,,,,Am Am Am Am Am Am Am Am,Em Em Em Em Em Em Em Em,G G G G G G G G,F F F F F F F F,,,,,,,,,,,,,D D - U D U - U,D D - U D U - U,D D - U D U - U,D D - U D U - U,,,,,,,,,,,,,Am | Em | G | F,acompanamiento_v6_musical_simplificado,"cambios reales de acordes, groove y estructura corta reconocible",V6: max 16 compases; subdivision max 8; no se rellenan compases vacios; 12/8 se trata como shuffle en 4/4 por limite tecnico,no,0,,,Alta utilidad pedagogica; version simplificada. | V6 confianza=alta. | APP_SAFE: slash chords simplificados a acorde base para evitar fallos de playback.
Si - nueva V5,Nueva incorporacion,Cancion tipica/deseable para acompanar en guitarra con arreglo principiante.,348,Set Fire to the Rain,Adele,EN,pop,2,60,92,4/4,rock binario,8,1 & 2 & 3 & 4 &,C/G/Am segun voz,0-3 opcional,EADGBE,Dm; F; C; G,4,D D - U D U - U,D D D D D D D D,D D - U D U - U,D - - - - - - -,D D - U D U - U,D=abajo; U=arriba; -=silencio/no golpe; x=apagado si aparece,D,D,-,U,D,U,-,U,Dm [D D - U D U - U],F [D D - U D U - U],C [D D - U D U - U],G [D D - U D U - U],,,,,,,,,,,,,Dm Dm Dm Dm Dm Dm Dm Dm,F F F F F F F F,C C C C C C C C,G G G G G G G G,,,,,,,,,,,,,D D - U D U - U,D D - U D U - U,D D - U D U - U,D D - U D U - U,,,,,,,,,,,,,Dm | F | C | G,acompanamiento_v6_musical_simplificado,"cambios reales de acordes, groove y estructura corta reconocible",V6: max 16 compases; subdivision max 8; no se rellenan compases vacios; 12/8 se trata como shuffle en 4/4 por limite tecnico,no,0,,,Alta utilidad pedagogica; version simplificada. | V6 confianza=alta. | APP_SAFE: slash chords simplificados a acorde base para evitar fallos de playback.
Si - nueva V5,Nueva incorporacion,Cancion tipica/deseable para acompanar en guitarra con arreglo principiante.,349,When We Were Young,Adele,EN,pop,2,60,92,4/4,balada 4/4,8,1 & 2 & 3 & 4 &,C/G/Am segun voz,0-3 opcional,EADGBE,Am; C; F; G,4,D - - U D - D U,D - - U - U D -,D - - U D - D U,D - - - - - - -,D - - U D - D U,D=abajo; U=arriba; -=silencio/no golpe; x=apagado si aparece,D,-,-,U,D,-,D,U,Am [D - - U D - D U],C [D - - U D - D U],F [D - - U D - D U],G [D - - U D - D U],,,,,,,,,,,,,Am Am Am Am Am Am Am Am,C C C C C C C C,F F F F F F F F,G G G G G G G G,,,,,,,,,,,,,D - - U D - D U,D - - U D - D U,D - - U D - D U,D - - U D - D U,,,,,,,,,,,,,Am | C | F | G,acompanamiento_v6_musical_simplificado,"cambios reales de acordes, groove y estructura corta reconocible",V6: max 16 compases; subdivision max 8; no se rellenan compases vacios; 12/8 se trata como shuffle en 4/4 por limite tecnico,no,0,,,Alta utilidad pedagogica; version simplificada. | V6 confianza=alta. | APP_SAFE: slash chords simplificados a acorde base para evitar fallos de playback.
Si - nueva V5,Nueva incorporacion,Cancion tipica/deseable para acompanar en guitarra con arreglo principiante.,350,Royals,Lorde,EN,pop,2,60,92,4/4,pop/rock binario,8,1 & 2 & 3 & 4 &,C/G/Am segun voz,0-3 opcional,EADGBE,D; C; G,4,D - D U - U D U,D D - U D U - U,D - D - D U D U,D - - - - - - -,D - D U - U D U,D=abajo; U=arriba; -=silencio/no golpe; x=apagado si aparece,D,-,D,U,-,U,D,U,D [D - D U - U D U],C [D - D U - U D U],G [D - D U - U D U],G [D - D U - U D U],,,,,,,,,,,,,D D D D D D D D,C C C C C C C C,G G G G G G G G,G G G G G G G G,,,,,,,,,,,,,D - D U - U D U,D - D U - U D U,D - D U - U D U,D - D U - U D U,,,,,,,,,,,,,D | C | G | G,acompanamiento_v6_musical_simplificado,"cambios reales de acordes, groove y estructura corta reconocible",V6: max 16 compases; subdivision max 8; no se rellenan compases vacios; 12/8 se trata como shuffle en 4/4 por limite tecnico,no,0,,,Alta utilidad pedagogica; version simplificada. | V6 confianza=alta. | APP_SAFE: slash chords simplificados a acorde base para evitar fallos de playback.
Si - nueva V5,Nueva incorporacion,Cancion tipica/deseable para acompanar en guitarra con arreglo principiante.,351,Team,Lorde,EN,pop,2,60,92,4/4,pop/rock binario,8,1 & 2 & 3 & 4 &,C/G/Am segun voz,0-3 opcional,EADGBE,G; D; Em; C,4,D - D U - U D U,D D - U D U - U,D - D - D U D U,D - - - - - - -,D - D U - U D U,D=abajo; U=arriba; -=silencio/no golpe; x=apagado si aparece,D,-,D,U,-,U,D,U,G [D - D U - U D U],D [D - D U - U D U],Em [D - D U - U D U],C [D - D U - U D U],,,,,,,,,,,,,G G G G G G G G,D D D D D D D D,Em Em Em Em Em Em Em Em,C C C C C C C C,,,,,,,,,,,,,D - D U - U D U,D - D U - U D U,D - D U - U D U,D - D U - U D U,,,,,,,,,,,,,G | D | Em | C,acompanamiento_v6_musical_simplificado,"cambios reales de acordes, groove y estructura corta reconocible",V6: max 16 compases; subdivision max 8; no se rellenan compases vacios; 12/8 se trata como shuffle en 4/4 por limite tecnico,no,0,,,Alta utilidad pedagogica; version simplificada. | V6 confianza=alta. | APP_SAFE: slash chords simplificados a acorde base para evitar fallos de playback.
Si - nueva V5,Nueva incorporacion,Cancion tipica/deseable para acompanar en guitarra con arreglo principiante.,352,Blank Space,Taylor Swift,EN,pop,2,60,92,4/4,pop/rock binario,8,1 & 2 & 3 & 4 &,C/G/Am segun voz,0-3 opcional,EADGBE,Am; F; C; G,4,D - D U - U D U,D D - U D U - U,D - D - D U D U,D - - - - - - -,D - D U - U D U,D=abajo; U=arriba; -=silencio/no golpe; x=apagado si aparece,D,-,D,U,-,U,D,U,Am [D - D U - U D U],F [D - D U - U D U],C [D - D U - U D U],G [D - D U - U D U],,,,,,,,,,,,,Am Am Am Am Am Am Am Am,F F F F F F F F,C C C C C C C C,G G G G G G G G,,,,,,,,,,,,,D - D U - U D U,D - D U - U D U,D - D U - U D U,D - D U - U D U,,,,,,,,,,,,,Am | F | C | G,acompanamiento_v6_musical_simplificado,"cambios reales de acordes, groove y estructura corta reconocible",V6: max 16 compases; subdivision max 8; no se rellenan compases vacios; 12/8 se trata como shuffle en 4/4 por limite tecnico,no,0,,,Alta utilidad pedagogica; version simplificada. | V6 confianza=alta. | APP_SAFE: slash chords simplificados a acorde base para evitar fallos de playback.
Si - nueva V5,Nueva incorporacion,Cancion tipica/deseable para acompanar en guitarra con arreglo principiante.,353,Anti-Hero,Taylor Swift,EN,pop,2,60,92,4/4,pop/rock binario,8,1 & 2 & 3 & 4 &,C/G/Am segun voz,0-3 opcional,EADGBE,A; E; B; C#m,4,D - D U - U D U,D D - U D U - U,D - D - D U D U,D - - - - - - -,D - D U - U D U,D=abajo; U=arriba; -=silencio/no golpe; x=apagado si aparece,D,-,D,U,-,U,D,U,A [D - D U - U D U],E [D - D U - U D U],B [D - D U - U D U],C#m [D - D U - U D U],,,,,,,,,,,,,A A A A A A A A,E E E E E E E E,B B B B B B B B,C#m C#m C#m C#m C#m C#m C#m C#m,,,,,,,,,,,,,D - D U - U D U,D - D U - U D U,D - D U - U D U,D - D U - U D U,,,,,,,,,,,,,A | E | B | C#m,acompanamiento_v6_musical_simplificado,"cambios reales de acordes, groove y estructura corta reconocible",V6: max 16 compases; subdivision max 8; no se rellenan compases vacios; 12/8 se trata como shuffle en 4/4 por limite tecnico,no,0,,,Alta utilidad pedagogica; version simplificada. | V6 confianza=alta. | APP_SAFE: slash chords simplificados a acorde base para evitar fallos de playback.
Si - nueva V5,Nueva incorporacion,Cancion tipica/deseable para acompanar en guitarra con arreglo principiante.,354,Flowers,Miley Cyrus,EN,pop,2,60,92,4/4,pop/rock binario,8,1 & 2 & 3 & 4 &,C/G/Am segun voz,0-3 opcional,EADGBE,Am; Dm; G; C,4,D - D U - U D U,D D - U D U - U,D - D - D U D U,D - - - - - - -,D - D U - U D U,D=abajo; U=arriba; -=silencio/no golpe; x=apagado si aparece,D,-,D,U,-,U,D,U,Am [D - D U - U D U],Dm [D - D U - U D U],G [D - D U - U D U],C [D - D U - U D U],,,,,,,,,,,,,Am Am Am Am Am Am Am Am,Dm Dm Dm Dm Dm Dm Dm Dm,G G G G G G G G,C C C C C C C C,,,,,,,,,,,,,D - D U - U D U,D - D U - U D U,D - D U - U D U,D - D U - U D U,,,,,,,,,,,,,Am | Dm | G | C,acompanamiento_v6_musical_simplificado,"cambios reales de acordes, groove y estructura corta reconocible",V6: max 16 compases; subdivision max 8; no se rellenan compases vacios; 12/8 se trata como shuffle en 4/4 por limite tecnico,no,0,,,Alta utilidad pedagogica; version simplificada. | V6 confianza=alta. | APP_SAFE: slash chords simplificados a acorde base para evitar fallos de playback.
Si - nueva V5,Nueva incorporacion,Cancion tipica/deseable para acompanar en guitarra con arreglo principiante.,355,Wrecking Ball,Miley Cyrus,EN,pop,2,60,92,4/4,rock binario,8,1 & 2 & 3 & 4 &,C/G/Am segun voz,0-3 opcional,EADGBE,C; G; Am; F,4,D D - U D U - U,D D D D D D D D,D D - U D U - U,D - - - - - - -,D D - U D U - U,D=abajo; U=arriba; -=silencio/no golpe; x=apagado si aparece,D,D,-,U,D,U,-,U,C [D D - U D U - U],G [D D - U D U - U],Am [D D - U D U - U],F [D D - U D U - U],,,,,,,,,,,,,C C C C C C C C,G G G G G G G G,Am Am Am Am Am Am Am Am,F F F F F F F F,,,,,,,,,,,,,D D - U D U - U,D D - U D U - U,D D - U D U - U,D D - U D U - U,,,,,,,,,,,,,C | G | Am | F,acompanamiento_v6_musical_simplificado,"cambios reales de acordes, groove y estructura corta reconocible",V6: max 16 compases; subdivision max 8; no se rellenan compases vacios; 12/8 se trata como shuffle en 4/4 por limite tecnico,no,0,,,Alta utilidad pedagogica; version simplificada. | V6 confianza=alta. | APP_SAFE: slash chords simplificados a acorde base para evitar fallos de playback.
Si - nueva V5,Nueva incorporacion,Cancion tipica/deseable para acompanar en guitarra con arreglo principiante.,356,Price Tag,Jessie J,EN,pop,2,60,92,4/4,reggae/offbeat,8,1 & 2 & 3 & 4 &,C/G/Am segun voz,0-3 opcional,EADGBE,F; Am; Dm; Bb,4,- U - U - U - U,- U - U - U - U,- U - U - U - U,D - - - - - - -,- U - U - U - U,D=abajo; U=arriba; -=silencio/no golpe; x=apagado si aparece,-,U,-,U,-,U,-,U,F [- U - U - U - U],Am [- U - U - U - U],Dm [- U - U - U - U],Bb [- U - U - U - U],,,,,,,,,,,,,F F F F F F F F,Am Am Am Am Am Am Am Am,Dm Dm Dm Dm Dm Dm Dm Dm,Bb Bb Bb Bb Bb Bb Bb Bb,,,,,,,,,,,,,- U - U - U - U,- U - U - U - U,- U - U - U - U,- U - U - U - U,,,,,,,,,,,,,F | Am | Dm | Bb,acompanamiento_v6_musical_simplificado,"cambios reales de acordes, groove y estructura corta reconocible",V6: max 16 compases; subdivision max 8; no se rellenan compases vacios; 12/8 se trata como shuffle en 4/4 por limite tecnico,no,0,,,Alta utilidad pedagogica; version simplificada. | V6 confianza=alta. | APP_SAFE: slash chords simplificados a acorde base para evitar fallos de playback.
Si - nueva V5,Nueva incorporacion,Cancion tipica/deseable para acompanar en guitarra con arreglo principiante.,357,Counting Stars,OneRepublic,EN,pop rock,2,60,92,4/4,rock binario,8,1 & 2 & 3 & 4 &,C/G/Am segun voz,0-3 opcional,EADGBE,Am; C; G; F,4,D D - U D U - U,D D D D D D D D,D D - U D U - U,D - - - - - - -,D D - U D U - U,D=abajo; U=arriba; -=silencio/no golpe; x=apagado si aparece,D,D,-,U,D,U,-,U,Am [D D - U D U - U],C [D D - U D U - U],G [D D - U D U - U],F [D D - U D U - U],,,,,,,,,,,,,Am Am Am Am Am Am Am Am,C C C C C C C C,G G G G G G G G,F F F F F F F F,,,,,,,,,,,,,D D - U D U - U,D D - U D U - U,D D - U D U - U,D D - U D U - U,,,,,,,,,,,,,Am | C | G | F,acompanamiento_v6_musical_simplificado,"cambios reales de acordes, groove y estructura corta reconocible",V6: max 16 compases; subdivision max 8; no se rellenan compases vacios; 12/8 se trata como shuffle en 4/4 por limite tecnico,no,0,,,Alta utilidad pedagogica; version simplificada. | V6 confianza=alta. | APP_SAFE: slash chords simplificados a acorde base para evitar fallos de playback.
Si - nueva V5,Nueva incorporacion,Cancion tipica/deseable para acompanar en guitarra con arreglo principiante.,358,Apologize,OneRepublic,EN,pop,2,60,92,4/4,balada 4/4,8,1 & 2 & 3 & 4 &,C/G/Am segun voz,0-3 opcional,EADGBE,Am; F; C; G,4,D - - U D - D U,D - - U - U D -,D - - U D - D U,D - - - - - - -,D - - U D - D U,D=abajo; U=arriba; -=silencio/no golpe; x=apagado si aparece,D,-,-,U,D,-,D,U,Am [D - - U D - D U],F [D - - U D - D U],C [D - - U D - D U],G [D - - U D - D U],,,,,,,,,,,,,Am Am Am Am Am Am Am Am,F F F F F F F F,C C C C C C C C,G G G G G G G G,,,,,,,,,,,,,D - - U D - D U,D - - U D - D U,D - - U D - D U,D - - U D - D U,,,,,,,,,,,,,Am | F | C | G,acompanamiento_v6_musical_simplificado,"cambios reales de acordes, groove y estructura corta reconocible",V6: max 16 compases; subdivision max 8; no se rellenan compases vacios; 12/8 se trata como shuffle en 4/4 por limite tecnico,no,0,,,Alta utilidad pedagogica; version simplificada. | V6 confianza=alta. | APP_SAFE: slash chords simplificados a acorde base para evitar fallos de playback.
Si - nueva V5,Nueva incorporacion,Cancion tipica/deseable para acompanar en guitarra con arreglo principiante.,359,Hey Ya - acoustic easy,OutKast,EN,pop,2,60,92,4/4,pop/rock binario,8,1 & 2 & 3 & 4 &,C/G/Am segun voz,0-3 opcional,EADGBE,G; C; D; E,4,D - D U - U D U,D D - U D U - U,D - D - D U D U,D - - - - - - -,D - D U - U D U,D=abajo; U=arriba; -=silencio/no golpe; x=apagado si aparece,D,-,D,U,-,U,D,U,G [D - D U - U D U],C [D - D U - U D U],D [D - D U - U D U],E [D - D U - U D U],,,,,,,,,,,,,G G G G G G G G,C C C C C C C C,D D D D D D D D,E E E E E E E E,,,,,,,,,,,,,D - D U - U D U,D - D U - U D U,D - D U - U D U,D - D U - U D U,,,,,,,,,,,,,G | C | D | E,acompanamiento_v6_musical_simplificado,"cambios reales de acordes, groove y estructura corta reconocible",V6: max 16 compases; subdivision max 8; no se rellenan compases vacios; 12/8 se trata como shuffle en 4/4 por limite tecnico,no,0,,,Alta utilidad pedagogica; version simplificada. | V6 confianza=alta. | APP_SAFE: slash chords simplificados a acorde base para evitar fallos de playback.
Si - nueva V5,Nueva incorporacion,Cancion tipica/deseable para acompanar en guitarra con arreglo principiante.,360,Perfect Day,Lou Reed,EN,pop,2,60,92,4/4,balada 4/4,8,1 & 2 & 3 & 4 &,C/G/Am segun voz,0-3 opcional,EADGBE,Am; D; G; C,4,D - - U D - D U,D - - U - U D -,D - - U D - D U,D - - - - - - -,D - - U D - D U,D=abajo; U=arriba; -=silencio/no golpe; x=apagado si aparece,D,-,-,U,D,-,D,U,Am [D - - U D - D U],D [D - - U D - D U],G [D - - U D - D U],C [D - - U D - D U],,,,,,,,,,,,,Am Am Am Am Am Am Am Am,D D D D D D D D,G G G G G G G G,C C C C C C C C,,,,,,,,,,,,,D - - U D - D U,D - - U D - D U,D - - U D - D U,D - - U D - D U,,,,,,,,,,,,,Am | D | G | C,acompanamiento_v6_musical_simplificado,"cambios reales de acordes, groove y estructura corta reconocible",V6: max 16 compases; subdivision max 8; no se rellenan compases vacios; 12/8 se trata como shuffle en 4/4 por limite tecnico,no,0,,,Alta utilidad pedagogica; version simplificada. | V6 confianza=alta. | APP_SAFE: slash chords simplificados a acorde base para evitar fallos de playback.
Si - nueva V5,Nueva incorporacion,Cancion tipica/deseable para acompanar en guitarra con arreglo principiante.,361,Stuck in the Middle with You,Stealers Wheel,EN,rock,2,60,92,4/4,country/folk,8,1 & 2 & 3 & 4 &,C/G/Am segun voz,0-3 opcional,EADGBE,D; G; A,4,D - D - D U D U,D - D U D - D U,D - D - D U D U,D - - - - - - -,D - D - D U D U,D=abajo; U=arriba; -=silencio/no golpe; x=apagado si aparece,D,-,D,-,D,U,D,U,D [D - D - D U D U],G [D - D - D U D U],A [D - D - D U D U],D [D - D - D U D U],,,,,,,,,,,,,D D D D D D D D,G G G G G G G G,A A A A A A A A,D D D D D D D D,,,,,,,,,,,,,D - D - D U D U,D - D - D U D U,D - D - D U D U,D - D - D U D U,,,,,,,,,,,,,D | G | A | D,acompanamiento_v6_musical_simplificado,"cambios reales de acordes, groove y estructura corta reconocible",V6: max 16 compases; subdivision max 8; no se rellenan compases vacios; 12/8 se trata como shuffle en 4/4 por limite tecnico,no,0,,,Alta utilidad pedagogica; version simplificada. | V6 confianza=alta. | APP_SAFE: slash chords simplificados a acorde base para evitar fallos de playback.
Si - nueva V5,Nueva incorporacion,Cancion tipica/deseable para acompanar en guitarra con arreglo principiante.,362,Margaritaville,Jimmy Buffett,EN,country pop,2,60,92,4/4,country/folk,8,1 & 2 & 3 & 4 &,C/G/Am segun voz,0-3 opcional,EADGBE,D; G; A,4,D - D - D U D U,D - D U D - D U,D - D - D U D U,D - - - - - - -,D - D - D U D U,D=abajo; U=arriba; -=silencio/no golpe; x=apagado si aparece,D,-,D,-,D,U,D,U,D [D - D - D U D U],G [D - D - D U D U],A [D - D - D U D U],D [D - D - D U D U],,,,,,,,,,,,,D D D D D D D D,G G G G G G G G,A A A A A A A A,D D D D D D D D,,,,,,,,,,,,,D - D - D U D U,D - D - D U D U,D - D - D U D U,D - D - D U D U,,,,,,,,,,,,,D | G | A | D,acompanamiento_v6_musical_simplificado,"cambios reales de acordes, groove y estructura corta reconocible",V6: max 16 compases; subdivision max 8; no se rellenan compases vacios; 12/8 se trata como shuffle en 4/4 por limite tecnico,no,0,,,Alta utilidad pedagogica; version simplificada. | V6 confianza=alta. | APP_SAFE: slash chords simplificados a acorde base para evitar fallos de playback.
Si - nueva V5,Nueva incorporacion,Cancion tipica/deseable para acompanar en guitarra con arreglo principiante.,363,Island in the Sun,Weezer,EN,rock,2,60,92,4/4,pop/rock binario,8,1 & 2 & 3 & 4 &,C/G/Am segun voz,0-3 opcional,EADGBE,Em; Am; D; G,4,D - - U - U D -,D - D U - U D U,D - - U D - D U,D - - - - - - -,D - - U - U D -,D=abajo; U=arriba; -=silencio/no golpe; x=apagado si aparece,D,-,-,U,-,U,D,-,Em [D - - U - U D -],Am [D - - U - U D -],D [D - - U - U D -],G [D - - U - U D -],,,,,,,,,,,,,Em Em Em Em Em Em Em Em,Am Am Am Am Am Am Am Am,D D D D D D D D,G G G G G G G G,,,,,,,,,,,,,D - - U - U D -,D - - U - U D -,D - - U - U D -,D - - U - U D -,,,,,,,,,,,,,Em | Am | D | G,acompanamiento_v6_musical_simplificado,"cambios reales de acordes, groove y estructura corta reconocible",V6: max 16 compases; subdivision max 8; no se rellenan compases vacios; 12/8 se trata como shuffle en 4/4 por limite tecnico,no,0,,,Alta utilidad pedagogica; version simplificada. | V6 confianza=alta. | APP_SAFE: slash chords simplificados a acorde base para evitar fallos de playback.
Si - nueva V5,Nueva incorporacion,Cancion tipica/deseable para acompanar en guitarra con arreglo principiante.,364,Buddy Holly - easy,Weezer,EN,rock,2,60,92,4/4,rock binario,8,1 & 2 & 3 & 4 &,C/G/Am segun voz,0-3 opcional,EADGBE,G; D; Em; C,4,D D - U D U - U,D D D D D D D D,D D - U D U - U,D - - - - - - -,D D - U D U - U,D=abajo; U=arriba; -=silencio/no golpe; x=apagado si aparece,D,D,-,U,D,U,-,U,G [D D - U D U - U],D [D D - U D U - U],Em [D D - U D U - U],C [D D - U D U - U],,,,,,,,,,,,,G G G G G G G G,D D D D D D D D,Em Em Em Em Em Em Em Em,C C C C C C C C,,,,,,,,,,,,,D D - U D U - U,D D - U D U - U,D D - U D U - U,D D - U D U - U,,,,,,,,,,,,,G | D | Em | C,acompanamiento_v6_musical_simplificado,"cambios reales de acordes, groove y estructura corta reconocible",V6: max 16 compases; subdivision max 8; no se rellenan compases vacios; 12/8 se trata como shuffle en 4/4 por limite tecnico,no,0,,,Alta utilidad pedagogica; version simplificada. | V6 confianza=alta. | APP_SAFE: slash chords simplificados a acorde base para evitar fallos de playback.
Si - nueva V5,Nueva incorporacion,Cancion tipica/deseable para acompanar en guitarra con arreglo principiante.,365,Teenage Dirtbag - easy,Wheatus,EN,rock,2,60,92,4/4,rock binario,8,1 & 2 & 3 & 4 &,C/G/Am segun voz,0-3 opcional,EADGBE,E; B; A,4,D D - U D U - U,D D D D D D D D,D D - U D U - U,D - - - - - - -,D D - U D U - U,D=abajo; U=arriba; -=silencio/no golpe; x=apagado si aparece,D,D,-,U,D,U,-,U,E [D D - U D U - U],B [D D - U D U - U],A [D D - U D U - U],A [D D - U D U - U],,,,,,,,,,,,,E E E E E E E E,B B B B B B B B,A A A A A A A A,A A A A A A A A,,,,,,,,,,,,,D D - U D U - U,D D - U D U - U,D D - U D U - U,D D - U D U - U,,,,,,,,,,,,,E | B | A | A,acompanamiento_v6_musical_simplificado,"cambios reales de acordes, groove y estructura corta reconocible",V6: max 16 compases; subdivision max 8; no se rellenan compases vacios; 12/8 se trata como shuffle en 4/4 por limite tecnico,no,0,,,Alta utilidad pedagogica; version simplificada. | V6 confianza=alta. | APP_SAFE: slash chords simplificados a acorde base para evitar fallos de playback.
Si - nueva V5,Nueva incorporacion,Cancion tipica/deseable para acompanar en guitarra con arreglo principiante.,366,Complicated,Avril Lavigne,EN,pop rock,2,60,92,4/4,pop/rock binario,8,1 & 2 & 3 & 4 &,C/G/Am segun voz,0-3 opcional,EADGBE,Dm; Bb; F; C,4,D - D U - U D U,D D - U D U - U,D - D - D U D U,D - - - - - - -,D - D U - U D U,D=abajo; U=arriba; -=silencio/no golpe; x=apagado si aparece,D,-,D,U,-,U,D,U,Dm [D - D U - U D U],Bb [D - D U - U D U],F [D - D U - U D U],C [D - D U - U D U],,,,,,,,,,,,,Dm Dm Dm Dm Dm Dm Dm Dm,Bb Bb Bb Bb Bb Bb Bb Bb,F F F F F F F F,C C C C C C C C,,,,,,,,,,,,,D - D U - U D U,D - D U - U D U,D - D U - U D U,D - D U - U D U,,,,,,,,,,,,,Dm | Bb | F | C,acompanamiento_v6_musical_simplificado,"cambios reales de acordes, groove y estructura corta reconocible",V6: max 16 compases; subdivision max 8; no se rellenan compases vacios; 12/8 se trata como shuffle en 4/4 por limite tecnico,no,0,,,Alta utilidad pedagogica; version simplificada. | V6 confianza=alta. | APP_SAFE: slash chords simplificados a acorde base para evitar fallos de playback.
Si - nueva V5,Nueva incorporacion,Cancion tipica/deseable para acompanar en guitarra con arreglo principiante.,367,Sk8er Boi - easy,Avril Lavigne,EN,pop punk,2,60,92,4/4,rock binario,8,1 & 2 & 3 & 4 &,C/G/Am segun voz,0-3 opcional,EADGBE,D; A; Bm; G,4,D D - U D U - U,D D D D D D D D,D D - U D U - U,D - - - - - - -,D D - U D U - U,D=abajo; U=arriba; -=silencio/no golpe; x=apagado si aparece,D,D,-,U,D,U,-,U,D [D D - U D U - U],A [D D - U D U - U],Bm [D D - U D U - U],G [D D - U D U - U],,,,,,,,,,,,,D D D D D D D D,A A A A A A A A,Bm Bm Bm Bm Bm Bm Bm Bm,G G G G G G G G,,,,,,,,,,,,,D D - U D U - U,D D - U D U - U,D D - U D U - U,D D - U D U - U,,,,,,,,,,,,,D | A | Bm | G,acompanamiento_v6_musical_simplificado,"cambios reales de acordes, groove y estructura corta reconocible",V6: max 16 compases; subdivision max 8; no se rellenan compases vacios; 12/8 se trata como shuffle en 4/4 por limite tecnico,no,0,,,Alta utilidad pedagogica; version simplificada. | V6 confianza=alta. | APP_SAFE: slash chords simplificados a acorde base para evitar fallos de playback.
Si - nueva V5,Nueva incorporacion,Cancion tipica/deseable para acompanar en guitarra con arreglo principiante.,368,I Try,Macy Gray,EN,soul pop,2,60,92,4/4,pop/rock binario,8,1 & 2 & 3 & 4 &,C/G/Am segun voz,0-3 opcional,EADGBE,G; D; Em; C,4,D - - U - U D -,D - D U - U D U,D - - U D - D U,D - - - - - - -,D - - U - U D -,D=abajo; U=arriba; -=silencio/no golpe; x=apagado si aparece,D,-,-,U,-,U,D,-,G [D - - U - U D -],D [D - - U - U D -],Em [D - - U - U D -],C [D - - U - U D -],,,,,,,,,,,,,G G G G G G G G,D D D D D D D D,Em Em Em Em Em Em Em Em,C C C C C C C C,,,,,,,,,,,,,D - - U - U D -,D - - U - U D -,D - - U - U D -,D - - U - U D -,,,,,,,,,,,,,G | D | Em | C,acompanamiento_v6_musical_simplificado,"cambios reales de acordes, groove y estructura corta reconocible",V6: max 16 compases; subdivision max 8; no se rellenan compases vacios; 12/8 se trata como shuffle en 4/4 por limite tecnico,no,0,,,Alta utilidad pedagogica; version simplificada. | V6 confianza=alta. | APP_SAFE: slash chords simplificados a acorde base para evitar fallos de playback.
Si - nueva V5,Nueva incorporacion,Cancion tipica/deseable para acompanar en guitarra con arreglo principiante.,369,A Thousand Miles - easy,Vanessa Carlton,EN,pop,2,60,92,4/4,pop/rock binario,8,1 & 2 & 3 & 4 &,C/G/Am segun voz,0-3 opcional,EADGBE,B; F#; G#m; E,4,D - D U - U D U,D D - U D U - U,D - D - D U D U,D - - - - - - -,D - D U - U D U,D=abajo; U=arriba; -=silencio/no golpe; x=apagado si aparece,D,-,D,U,-,U,D,U,B [D - D U - U D U],F# [D - D U - U D U],G#m [D - D U - U D U],E [D - D U - U D U],,,,,,,,,,,,,B B B B B B B B,F# F# F# F# F# F# F# F#,G#m G#m G#m G#m G#m G#m G#m G#m,E E E E E E E E,,,,,,,,,,,,,D - D U - U D U,D - D U - U D U,D - D U - U D U,D - D U - U D U,,,,,,,,,,,,,B | F# | G#m | E,acompanamiento_v6_musical_simplificado,"cambios reales de acordes, groove y estructura corta reconocible",V6: max 16 compases; subdivision max 8; no se rellenan compases vacios; 12/8 se trata como shuffle en 4/4 por limite tecnico,no,0,,,Alta utilidad pedagogica; version simplificada. | V6 confianza=alta. | APP_SAFE: slash chords simplificados a acorde base para evitar fallos de playback.
Si - nueva V5,Nueva incorporacion,Cancion tipica/deseable para acompanar en guitarra con arreglo principiante.,370,Torn,Natalie Imbruglia,EN,pop rock,2,60,92,4/4,pop/rock binario,8,1 & 2 & 3 & 4 &,C/G/Am segun voz,0-3 opcional,EADGBE,F; C; G; Am,4,D - D U - U D U,D D - U D U - U,D - D - D U D U,D - - - - - - -,D - D U - U D U,D=abajo; U=arriba; -=silencio/no golpe; x=apagado si aparece,D,-,D,U,-,U,D,U,F [D - D U - U D U],C [D - D U - U D U],G [D - D U - U D U],Am [D - D U - U D U],,,,,,,,,,,,,F F F F F F F F,C C C C C C C C,G G G G G G G G,Am Am Am Am Am Am Am Am,,,,,,,,,,,,,D - D U - U D U,D - D U - U D U,D - D U - U D U,D - D U - U D U,,,,,,,,,,,,,F | C | G | Am,acompanamiento_v6_musical_simplificado,"cambios reales de acordes, groove y estructura corta reconocible",V6: max 16 compases; subdivision max 8; no se rellenan compases vacios; 12/8 se trata como shuffle en 4/4 por limite tecnico,no,0,,,Alta utilidad pedagogica; version simplificada. | V6 confianza=alta. | APP_SAFE: slash chords simplificados a acorde base para evitar fallos de playback.
Si - nueva V5,Nueva incorporacion,Cancion tipica/deseable para acompanar en guitarra con arreglo principiante.,371,Ironic,Alanis Morissette,EN,pop rock,2,60,92,4/4,pop/rock binario,8,1 & 2 & 3 & 4 &,C/G/Am segun voz,0-3 opcional,EADGBE,G; D; C; Em,4,D - D U - U D U,D D - U D U - U,D - D - D U D U,D - - - - - - -,D - D U - U D U,D=abajo; U=arriba; -=silencio/no golpe; x=apagado si aparece,D,-,D,U,-,U,D,U,G [D - D U - U D U],D [D - D U - U D U],C [D - D U - U D U],Em [D - D U - U D U],,,,,,,,,,,,,G G G G G G G G,D D D D D D D D,C C C C C C C C,Em Em Em Em Em Em Em Em,,,,,,,,,,,,,D - D U - U D U,D - D U - U D U,D - D U - U D U,D - D U - U D U,,,,,,,,,,,,,G | D | C | Em,acompanamiento_v6_musical_simplificado,"cambios reales de acordes, groove y estructura corta reconocible",V6: max 16 compases; subdivision max 8; no se rellenan compases vacios; 12/8 se trata como shuffle en 4/4 por limite tecnico,no,0,,,Alta utilidad pedagogica; version simplificada. | V6 confianza=alta. | APP_SAFE: slash chords simplificados a acorde base para evitar fallos de playback.
Si - nueva V5,Nueva incorporacion,Cancion tipica/deseable para acompanar en guitarra con arreglo principiante.,372,Hand in My Pocket,Alanis Morissette,EN,pop rock,2,60,92,4/4,pop/rock binario,8,1 & 2 & 3 & 4 &,C/G/Am segun voz,0-3 opcional,EADGBE,G; C; D,4,D - D U - U D U,D D - U D U - U,D - D - D U D U,D - - - - - - -,D - D U - U D U,D=abajo; U=arriba; -=silencio/no golpe; x=apagado si aparece,D,-,D,U,-,U,D,U,G [D - D U - U D U],C [D - D U - U D U],D [D - D U - U D U],G [D - D U - U D U],,,,,,,,,,,,,G G G G G G G G,C C C C C C C C,D D D D D D D D,G G G G G G G G,,,,,,,,,,,,,D - D U - U D U,D - D U - U D U,D - D U - U D U,D - D U - U D U,,,,,,,,,,,,,G | C | D | G,acompanamiento_v6_musical_simplificado,"cambios reales de acordes, groove y estructura corta reconocible",V6: max 16 compases; subdivision max 8; no se rellenan compases vacios; 12/8 se trata como shuffle en 4/4 por limite tecnico,no,0,,,Alta utilidad pedagogica; version simplificada. | V6 confianza=alta. | APP_SAFE: slash chords simplificados a acorde base para evitar fallos de playback.
Si - nueva V5,Nueva incorporacion,Cancion tipica/deseable para acompanar en guitarra con arreglo principiante.,373,Breakfast in America - easy,Supertramp,EN,pop,2,60,92,4/4,pop/rock binario,8,1 & 2 & 3 & 4 &,C/G/Am segun voz,0-3 opcional,EADGBE,C; F; G; Am,4,D - D U - U D U,D D - U D U - U,D - D - D U D U,D - - - - - - -,D - D U - U D U,D=abajo; U=arriba; -=silencio/no golpe; x=apagado si aparece,D,-,D,U,-,U,D,U,C [D - D U - U D U],F [D - D U - U D U],G [D - D U - U D U],Am [D - D U - U D U],,,,,,,,,,,,,C C C C C C C C,F F F F F F F F,G G G G G G G G,Am Am Am Am Am Am Am Am,,,,,,,,,,,,,D - D U - U D U,D - D U - U D U,D - D U - U D U,D - D U - U D U,,,,,,,,,,,,,C | F | G | Am,acompanamiento_v6_musical_simplificado,"cambios reales de acordes, groove y estructura corta reconocible",V6: max 16 compases; subdivision max 8; no se rellenan compases vacios; 12/8 se trata como shuffle en 4/4 por limite tecnico,no,0,,,Alta utilidad pedagogica; version simplificada. | V6 confianza=alta. | APP_SAFE: slash chords simplificados a acorde base para evitar fallos de playback.
Si - nueva V5,Nueva incorporacion,Cancion tipica/deseable para acompanar en guitarra con arreglo principiante.,374,Sweet Child O Mine - chords easy,Guns N Roses,EN,rock,2,60,92,4/4,rock binario,8,1 & 2 & 3 & 4 &,C/G/Am segun voz,0-3 opcional,EADGBE,D; C; G,4,D D - U D U - U,D D D D D D D D,D D - U D U - U,D - - - - - - -,D D - U D U - U,D=abajo; U=arriba; -=silencio/no golpe; x=apagado si aparece,D,D,-,U,D,U,-,U,D [D D - U D U - U],C [D D - U D U - U],G [D D - U D U - U],D [D D - U D U - U],,,,,,,,,,,,,D D D D D D D D,C C C C C C C C,G G G G G G G G,D D D D D D D D,,,,,,,,,,,,,D D - U D U - U,D D - U D U - U,D D - U D U - U,D D - U D U - U,,,,,,,,,,,,,D | C | G | D,acompanamiento_v6_musical_simplificado,"cambios reales de acordes, groove y estructura corta reconocible",V6: max 16 compases; subdivision max 8; no se rellenan compases vacios; 12/8 se trata como shuffle en 4/4 por limite tecnico,no,0,,,Alta utilidad pedagogica; version simplificada. | V6 confianza=alta. | APP_SAFE: slash chords simplificados a acorde base para evitar fallos de playback.
Si - nueva V5,Nueva incorporacion,Cancion tipica/deseable para acompanar en guitarra con arreglo principiante.,375,More Than Words - simplified,Extreme,EN,balada,2,60,92,4/4,balada 4/4,8,1 & 2 & 3 & 4 &,C/G/Am segun voz,0-3 opcional,EADGBE,G; Cadd9; Am; D,4,D - - U D - D U,D - - U - U D -,D - - U D - D U,D - - - - - - -,D - - U D - D U,D=abajo; U=arriba; -=silencio/no golpe; x=apagado si aparece,D,-,-,U,D,-,D,U,G [D - - U D - D U],Cadd9 [D - - U D - D U],Am [D - - U D - D U],D [D - - U D - D U],,,,,,,,,,,,,G G G G G G G G,Cadd9 Cadd9 Cadd9 Cadd9 Cadd9 Cadd9 Cadd9 Cadd9,Am Am Am Am Am Am Am Am,D D D D D D D D,,,,,,,,,,,,,D - - U D - D U,D - - U D - D U,D - - U D - D U,D - - U D - D U,,,,,,,,,,,,,G | Cadd9 | Am | D,acompanamiento_v6_musical_simplificado,"cambios reales de acordes, groove y estructura corta reconocible",V6: max 16 compases; subdivision max 8; no se rellenan compases vacios; 12/8 se trata como shuffle en 4/4 por limite tecnico,no,0,,,Alta utilidad pedagogica; version simplificada. | V6 confianza=alta. | APP_SAFE: slash chords simplificados a acorde base para evitar fallos de playback.
Si - nueva V5,Nueva incorporacion,Cancion tipica/deseable para acompanar en guitarra con arreglo principiante.,376,Time of Your Life,Green Day,EN,pop punk,2,60,92,4/4,folk/acustico,8,1 & 2 & 3 & 4 &,C/G/Am segun voz,0-3 opcional,EADGBE,G; Cadd9; D; Em,8,D - D U D - D U,D - D - D U D U,D - D U D - D U,D - - - - - - -,D - D U D - D U,D=abajo; U=arriba; -=silencio/no golpe; x=apagado si aparece,D,-,D,U,D,-,D,U,G [D - D U D - D U],Cadd9 [D - D U D - D U],D [D - D U D - D U],D [D - D U D - D U],Em [D - D - D U D U],D [D - D - D U D U],Cadd9 [D - D - D U D U],G [D - - - - - - -],,,,,,,,,G G G G G G G G,Cadd9 Cadd9 Cadd9 Cadd9 Cadd9 Cadd9 Cadd9 Cadd9,D D D D D D D D,D D D D D D D D,Em Em Em Em Em Em Em Em,D D D D D D D D,Cadd9 Cadd9 Cadd9 Cadd9 Cadd9 Cadd9 Cadd9 Cadd9,G G G G G G G G,,,,,,,,,D - D U D - D U,D - D U D - D U,D - D U D - D U,D - D U D - D U,D - D - D U D U,D - D - D U D U,D - D - D U D U,D - - - - - - -,,,,,,,,,G | Cadd9 | D | D | Em | D | Cadd9 | G,acompanamiento_v6_musical_simplificado,"cambios reales de acordes, groove y estructura corta reconocible",V6: max 16 compases; subdivision max 8; no se rellenan compases vacios; 12/8 se trata como shuffle en 4/4 por limite tecnico,no,0,,,Alta utilidad pedagogica; version simplificada. | V6 confianza=alta. | APP_SAFE: slash chords simplificados a acorde base para evitar fallos de playback.
Si - nueva V5,Nueva incorporacion,Cancion tipica/deseable para acompanar en guitarra con arreglo principiante.,377,Basket Case - easy,Green Day,EN,punk rock,2,60,92,4/4,rock/power chords,8,1 & 2 & 3 & 4 &,C/G/Am segun voz,0-3 opcional,EADGBE,E; B; C#m; G#m; A,8,D D D D D D D D,D D - U D U - U,D D D D D D D D,D - - - - - - -,D D D D D D D D,D=abajo; U=arriba; -=silencio/no golpe; x=apagado si aparece,D,D,D,D,D,D,D,D,E [D D D D D D D D],B [D D D D D D D D],C#m [D D D D D D D D],G#m [D D D D D D D D],A [D D - U D U - U],E [D D - U D U - U],B [D D - U D U - U],B [D - - - - - - -],,,,,,,,,E E E E E E E E,B B B B B B B B,C#m C#m C#m C#m C#m C#m C#m C#m,G#m G#m G#m G#m G#m G#m G#m G#m,A A A A A A A A,E E E E E E E E,B B B B B B B B,B B B B B B B B,,,,,,,,,D D D D D D D D,D D D D D D D D,D D D D D D D D,D D D D D D D D,D D - U D U - U,D D - U D U - U,D D - U D U - U,D - - - - - - -,,,,,,,,,E | B | C#m | G#m | A | E | B | B,acompanamiento_v6_musical_simplificado,"cambios reales de acordes, groove y estructura corta reconocible",V6: max 16 compases; subdivision max 8; no se rellenan compases vacios; 12/8 se trata como shuffle en 4/4 por limite tecnico,no,0,,,Alta utilidad pedagogica; version simplificada. | V6 confianza=alta. | APP_SAFE: slash chords simplificados a acorde base para evitar fallos de playback.
Si - nueva V5,Nueva incorporacion,Cancion tipica/deseable para acompanar en guitarra con arreglo principiante.,378,I Wanna Be Sedated,Ramones,EN,punk,2,60,92,4/4,rock/power chords,8,1 & 2 & 3 & 4 &,C/G/Am segun voz,0-3 opcional,EADGBE,E; A; B,4,D D D D D D D D,D D - U D U - U,D D D D D D D D,D - - - - - - -,D D D D D D D D,D=abajo; U=arriba; -=silencio/no golpe; x=apagado si aparece,D,D,D,D,D,D,D,D,E [D D D D D D D D],A [D D D D D D D D],B [D D D D D D D D],E [D D D D D D D D],,,,,,,,,,,,,E E E E E E E E,A A A A A A A A,B B B B B B B B,E E E E E E E E,,,,,,,,,,,,,D D D D D D D D,D D D D D D D D,D D D D D D D D,D D D D D D D D,,,,,,,,,,,,,E | A | B | E,acompanamiento_v6_musical_simplificado,"cambios reales de acordes, groove y estructura corta reconocible",V6: max 16 compases; subdivision max 8; no se rellenan compases vacios; 12/8 se trata como shuffle en 4/4 por limite tecnico,no,0,,,Alta utilidad pedagogica; version simplificada. | V6 confianza=alta. | APP_SAFE: slash chords simplificados a acorde base para evitar fallos de playback.
Si - nueva V5,Nueva incorporacion,Cancion tipica/deseable para acompanar en guitarra con arreglo principiante.,379,La Flaca,Jarabe de Palo,ES,pop rock,2,60,92,4/4,rumba pop,8,1 & 2 & 3 & 4 &,C/G/Am segun voz,0-3 opcional,EADGBE,Am; Dm; E,4,D - D U - U D U,D - U - D U - U,D - D U - U D U,D - - - - - - -,D - D U - U D U,D=abajo; U=arriba; -=silencio/no golpe; x=apagado si aparece,D,-,D,U,-,U,D,U,Am [D - D U - U D U],Dm [D - D U - U D U],E [D - D U - U D U],Am [D - D U - U D U],,,,,,,,,,,,,Am Am Am Am Am Am Am Am,Dm Dm Dm Dm Dm Dm Dm Dm,E E E E E E E E,Am Am Am Am Am Am Am Am,,,,,,,,,,,,,D - D U - U D U,D - D U - U D U,D - D U - U D U,D - D U - U D U,,,,,,,,,,,,,Am | Dm | E | Am,acompanamiento_v6_musical_simplificado,"cambios reales de acordes, groove y estructura corta reconocible",V6: max 16 compases; subdivision max 8; no se rellenan compases vacios; 12/8 se trata como shuffle en 4/4 por limite tecnico,no,0,,,Alta utilidad pedagogica; version simplificada. | V6 confianza=alta. | APP_SAFE: slash chords simplificados a acorde base para evitar fallos de playback.
Si - nueva V5,Nueva incorporacion,Cancion tipica/deseable para acompanar en guitarra con arreglo principiante.,380,Por la boca vive el pez,Fito & Fitipaldis,ES,rock español,2,60,92,4/4,rumba pop,8,1 & 2 & 3 & 4 &,C/G/Am segun voz,0-3 opcional,EADGBE,G; D; C; Em,4,D - D U - U D U,D - U - D U - U,D - D U - U D U,D - - - - - - -,D - D U - U D U,D=abajo; U=arriba; -=silencio/no golpe; x=apagado si aparece,D,-,D,U,-,U,D,U,G [D - D U - U D U],D [D - D U - U D U],C [D - D U - U D U],Em [D - D U - U D U],,,,,,,,,,,,,G G G G G G G G,D D D D D D D D,C C C C C C C C,Em Em Em Em Em Em Em Em,,,,,,,,,,,,,D - D U - U D U,D - D U - U D U,D - D U - U D U,D - D U - U D U,,,,,,,,,,,,,G | D | C | Em,acompanamiento_v6_musical_simplificado,"cambios reales de acordes, groove y estructura corta reconocible",V6: max 16 compases; subdivision max 8; no se rellenan compases vacios; 12/8 se trata como shuffle en 4/4 por limite tecnico,no,0,,,Alta utilidad pedagogica; version simplificada. | V6 confianza=alta. | APP_SAFE: slash chords simplificados a acorde base para evitar fallos de playback.
Si - nueva V5,Nueva incorporacion,Cancion tipica/deseable para acompanar en guitarra con arreglo principiante.,381,Me equivocaria otra vez,Fito & Fitipaldis,ES,rock español,2,60,92,4/4,rumba pop,8,1 & 2 & 3 & 4 &,C/G/Am segun voz,0-3 opcional,EADGBE,C; G; Am; F,4,D - D U - U D U,D - U - D U - U,D - D U - U D U,D - - - - - - -,D - D U - U D U,D=abajo; U=arriba; -=silencio/no golpe; x=apagado si aparece,D,-,D,U,-,U,D,U,C [D - D U - U D U],G [D - D U - U D U],Am [D - D U - U D U],F [D - D U - U D U],,,,,,,,,,,,,C C C C C C C C,G G G G G G G G,Am Am Am Am Am Am Am Am,F F F F F F F F,,,,,,,,,,,,,D - D U - U D U,D - D U - U D U,D - D U - U D U,D - D U - U D U,,,,,,,,,,,,,C | G | Am | F,acompanamiento_v6_musical_simplificado,"cambios reales de acordes, groove y estructura corta reconocible",V6: max 16 compases; subdivision max 8; no se rellenan compases vacios; 12/8 se trata como shuffle en 4/4 por limite tecnico,no,0,,,Alta utilidad pedagogica; version simplificada. | V6 confianza=alta. | APP_SAFE: slash chords simplificados a acorde base para evitar fallos de playback.
Si - nueva V5,Nueva incorporacion,Cancion tipica/deseable para acompanar en guitarra con arreglo principiante.,382,19 dias y 500 noches - easy,Joaquin Sabina,ES,cancion autor,2,60,92,4/4,rumba pop,8,1 & 2 & 3 & 4 &,C/G/Am segun voz,0-3 opcional,EADGBE,Am; E; Dm; G; C; F,8,D - D U - U D U,D - U - D U - U,D - D U - U D U,D - - - - - - -,D - D U - U D U,D=abajo; U=arriba; -=silencio/no golpe; x=apagado si aparece,D,-,D,U,-,U,D,U,Am [D - D U - U D U],E [D - D U - U D U],Dm [D - D U - U D U],G [D - D U - U D U],C [D - U - D U - U],F [D - U - D U - U],E [D - U - D U - U],E [D - - - - - - -],,,,,,,,,Am Am Am Am Am Am Am Am,E E E E E E E E,Dm Dm Dm Dm Dm Dm Dm Dm,G G G G G G G G,C C C C C C C C,F F F F F F F F,E E E E E E E E,E E E E E E E E,,,,,,,,,D - D U - U D U,D - D U - U D U,D - D U - U D U,D - D U - U D U,D - U - D U - U,D - U - D U - U,D - U - D U - U,D - - - - - - -,,,,,,,,,Am | E | Dm | G | C | F | E | E,acompanamiento_v6_musical_simplificado,"cambios reales de acordes, groove y estructura corta reconocible",V6: max 16 compases; subdivision max 8; no se rellenan compases vacios; 12/8 se trata como shuffle en 4/4 por limite tecnico,no,0,,,Alta utilidad pedagogica; version simplificada. | V6 confianza=alta. | APP_SAFE: slash chords simplificados a acorde base para evitar fallos de playback.
Si - nueva V5,Nueva incorporacion,Cancion tipica/deseable para acompanar en guitarra con arreglo principiante.,383,Ojala que llueva cafe,Juan Luis Guerra,ES,merengue/folk,2,60,92,4/4,latin/rumba pop,8,1 & 2 & 3 & 4 &,C/G/Am segun voz,0-3 opcional,EADGBE,G; D; C,4,D - U - D U - U,D - D U - U D U,D - U - D U - U,D - - - - - - -,D - U - D U - U,D=abajo; U=arriba; -=silencio/no golpe; x=apagado si aparece,D,-,U,-,D,U,-,U,G [D - U - D U - U],D [D - U - D U - U],C [D - U - D U - U],G [D - U - D U - U],,,,,,,,,,,,,G G G G G G G G,D D D D D D D D,C C C C C C C C,G G G G G G G G,,,,,,,,,,,,,D - U - D U - U,D - U - D U - U,D - U - D U - U,D - U - D U - U,,,,,,,,,,,,,G | D | C | G,acompanamiento_v6_musical_simplificado,"cambios reales de acordes, groove y estructura corta reconocible",V6: max 16 compases; subdivision max 8; no se rellenan compases vacios; 12/8 se trata como shuffle en 4/4 por limite tecnico,no,0,,,Alta utilidad pedagogica; version simplificada. | V6 confianza=alta. | APP_SAFE: slash chords simplificados a acorde base para evitar fallos de playback.
Si - nueva V5,Nueva incorporacion,Cancion tipica/deseable para acompanar en guitarra con arreglo principiante.,384,Bachata Rosa - easy,Juan Luis Guerra,ES,bachata,2,60,92,4/4,latin/rumba pop,8,1 & 2 & 3 & 4 &,C/G/Am segun voz,0-3 opcional,EADGBE,G; D; Em; C,4,D - U - D U - U,D - D U - U D U,D - U - D U - U,D - - - - - - -,D - U - D U - U,D=abajo; U=arriba; -=silencio/no golpe; x=apagado si aparece,D,-,U,-,D,U,-,U,G [D - U - D U - U],D [D - U - D U - U],Em [D - U - D U - U],C [D - U - D U - U],,,,,,,,,,,,,G G G G G G G G,D D D D D D D D,Em Em Em Em Em Em Em Em,C C C C C C C C,,,,,,,,,,,,,D - U - D U - U,D - U - D U - U,D - U - D U - U,D - U - D U - U,,,,,,,,,,,,,G | D | Em | C,acompanamiento_v6_musical_simplificado,"cambios reales de acordes, groove y estructura corta reconocible",V6: max 16 compases; subdivision max 8; no se rellenan compases vacios; 12/8 se trata como shuffle en 4/4 por limite tecnico,no,0,,,Alta utilidad pedagogica; version simplificada. | V6 confianza=alta. | APP_SAFE: slash chords simplificados a acorde base para evitar fallos de playback.
Si - nueva V5,Nueva incorporacion,Cancion tipica/deseable para acompanar en guitarra con arreglo principiante.,385,Me gustas tu,Manu Chao,ES,mestizaje,2,60,92,4/4,latin/rumba pop,8,1 & 2 & 3 & 4 &,C/G/Am segun voz,0-3 opcional,EADGBE,Am; G; F; E,4,D - U - D U - U,D - D U - U D U,D - U - D U - U,D - - - - - - -,D - U - D U - U,D=abajo; U=arriba; -=silencio/no golpe; x=apagado si aparece,D,-,U,-,D,U,-,U,Am [D - U - D U - U],G [D - U - D U - U],F [D - U - D U - U],E [D - U - D U - U],,,,,,,,,,,,,Am Am Am Am Am Am Am Am,G G G G G G G G,F F F F F F F F,E E E E E E E E,,,,,,,,,,,,,D - U - D U - U,D - U - D U - U,D - U - D U - U,D - U - D U - U,,,,,,,,,,,,,Am | G | F | E,acompanamiento_v6_musical_simplificado,"cambios reales de acordes, groove y estructura corta reconocible",V6: max 16 compases; subdivision max 8; no se rellenan compases vacios; 12/8 se trata como shuffle en 4/4 por limite tecnico,no,0,,,Alta utilidad pedagogica; version simplificada. | V6 confianza=alta. | APP_SAFE: slash chords simplificados a acorde base para evitar fallos de playback.
Si - nueva V5,Nueva incorporacion,Cancion tipica/deseable para acompanar en guitarra con arreglo principiante.,386,Clandestino,Manu Chao,ES,mestizaje,2,60,92,4/4,latin/rumba pop,8,1 & 2 & 3 & 4 &,C/G/Am segun voz,0-3 opcional,EADGBE,Am; G; F; E,4,D - U - D U - U,D - D U - U D U,D - U - D U - U,D - - - - - - -,D - U - D U - U,D=abajo; U=arriba; -=silencio/no golpe; x=apagado si aparece,D,-,U,-,D,U,-,U,Am [D - U - D U - U],G [D - U - D U - U],F [D - U - D U - U],E [D - U - D U - U],,,,,,,,,,,,,Am Am Am Am Am Am Am Am,G G G G G G G G,F F F F F F F F,E E E E E E E E,,,,,,,,,,,,,D - U - D U - U,D - U - D U - U,D - U - D U - U,D - U - D U - U,,,,,,,,,,,,,Am | G | F | E,acompanamiento_v6_musical_simplificado,"cambios reales de acordes, groove y estructura corta reconocible",V6: max 16 compases; subdivision max 8; no se rellenan compases vacios; 12/8 se trata como shuffle en 4/4 por limite tecnico,no,0,,,Alta utilidad pedagogica; version simplificada. | V6 confianza=alta. | APP_SAFE: slash chords simplificados a acorde base para evitar fallos de playback.
Si - nueva V5,Nueva incorporacion,Cancion tipica/deseable para acompanar en guitarra con arreglo principiante.,387,Devuelveme a mi chica,Hombres G,ES,pop rock,2,60,92,4/4,rock binario,8,1 & 2 & 3 & 4 &,C/G/Am segun voz,0-3 opcional,EADGBE,G; D; C,4,D D - U D U - U,D D D D D D D D,D D - U D U - U,D - - - - - - -,D D - U D U - U,D=abajo; U=arriba; -=silencio/no golpe; x=apagado si aparece,D,D,-,U,D,U,-,U,G [D D - U D U - U],D [D D - U D U - U],C [D D - U D U - U],G [D D - U D U - U],,,,,,,,,,,,,G G G G G G G G,D D D D D D D D,C C C C C C C C,G G G G G G G G,,,,,,,,,,,,,D D - U D U - U,D D - U D U - U,D D - U D U - U,D D - U D U - U,,,,,,,,,,,,,G | D | C | G,acompanamiento_v6_musical_simplificado,"cambios reales de acordes, groove y estructura corta reconocible",V6: max 16 compases; subdivision max 8; no se rellenan compases vacios; 12/8 se trata como shuffle en 4/4 por limite tecnico,no,0,,,Alta utilidad pedagogica; version simplificada. | V6 confianza=alta. | APP_SAFE: slash chords simplificados a acorde base para evitar fallos de playback.
Si - nueva V5,Nueva incorporacion,Cancion tipica/deseable para acompanar en guitarra con arreglo principiante.,388,Marta tiene un marcapasos,Hombres G,ES,pop rock,2,60,92,4/4,rock binario,8,1 & 2 & 3 & 4 &,C/G/Am segun voz,0-3 opcional,EADGBE,G; D; C,4,D D - U D U - U,D D D D D D D D,D D - U D U - U,D - - - - - - -,D D - U D U - U,D=abajo; U=arriba; -=silencio/no golpe; x=apagado si aparece,D,D,-,U,D,U,-,U,G [D D - U D U - U],D [D D - U D U - U],C [D D - U D U - U],G [D D - U D U - U],,,,,,,,,,,,,G G G G G G G G,D D D D D D D D,C C C C C C C C,G G G G G G G G,,,,,,,,,,,,,D D - U D U - U,D D - U D U - U,D D - U D U - U,D D - U D U - U,,,,,,,,,,,,,G | D | C | G,acompanamiento_v6_musical_simplificado,"cambios reales de acordes, groove y estructura corta reconocible",V6: max 16 compases; subdivision max 8; no se rellenan compases vacios; 12/8 se trata como shuffle en 4/4 por limite tecnico,no,0,,,Alta utilidad pedagogica; version simplificada. | V6 confianza=alta. | APP_SAFE: slash chords simplificados a acorde base para evitar fallos de playback.
Si - nueva V5,Nueva incorporacion,Cancion tipica/deseable para acompanar en guitarra con arreglo principiante.,389,Chiquilla,Seguridad Social,ES,rock español,2,60,92,4/4,rock binario,8,1 & 2 & 3 & 4 &,C/G/Am segun voz,0-3 opcional,EADGBE,G; D; C,4,D D - U D U - U,D D D D D D D D,D D - U D U - U,D - - - - - - -,D D - U D U - U,D=abajo; U=arriba; -=silencio/no golpe; x=apagado si aparece,D,D,-,U,D,U,-,U,G [D D - U D U - U],D [D D - U D U - U],C [D D - U D U - U],G [D D - U D U - U],,,,,,,,,,,,,G G G G G G G G,D D D D D D D D,C C C C C C C C,G G G G G G G G,,,,,,,,,,,,,D D - U D U - U,D D - U D U - U,D D - U D U - U,D D - U D U - U,,,,,,,,,,,,,G | D | C | G,acompanamiento_v6_musical_simplificado,"cambios reales de acordes, groove y estructura corta reconocible",V6: max 16 compases; subdivision max 8; no se rellenan compases vacios; 12/8 se trata como shuffle en 4/4 por limite tecnico,no,0,,,Alta utilidad pedagogica; version simplificada. | V6 confianza=alta. | APP_SAFE: slash chords simplificados a acorde base para evitar fallos de playback.
Si - nueva V5,Nueva incorporacion,Cancion tipica/deseable para acompanar en guitarra con arreglo principiante.,390,Sufre mamon,Hombres G,ES,pop rock,2,60,92,4/4,rock binario,8,1 & 2 & 3 & 4 &,C/G/Am segun voz,0-3 opcional,EADGBE,G; D; C,4,D D - U D U - U,D D D D D D D D,D D - U D U - U,D - - - - - - -,D D - U D U - U,D=abajo; U=arriba; -=silencio/no golpe; x=apagado si aparece,D,D,-,U,D,U,-,U,G [D D - U D U - U],D [D D - U D U - U],C [D D - U D U - U],G [D D - U D U - U],,,,,,,,,,,,,G G G G G G G G,D D D D D D D D,C C C C C C C C,G G G G G G G G,,,,,,,,,,,,,D D - U D U - U,D D - U D U - U,D D - U D U - U,D D - U D U - U,,,,,,,,,,,,,G | D | C | G,acompanamiento_v6_musical_simplificado,"cambios reales de acordes, groove y estructura corta reconocible",V6: max 16 compases; subdivision max 8; no se rellenan compases vacios; 12/8 se trata como shuffle en 4/4 por limite tecnico,no,0,,,Alta utilidad pedagogica; version simplificada. | V6 confianza=alta. | APP_SAFE: slash chords simplificados a acorde base para evitar fallos de playback.
Si - nueva V5,Nueva incorporacion,Cancion tipica/deseable para acompanar en guitarra con arreglo principiante.,391,Como Camaron,Estopa,ES,rumba pop,2,60,92,4/4,rumba pop,8,1 & 2 & 3 & 4 &,C/G/Am segun voz,0-3 opcional,EADGBE,Am; G; F; E,4,D - D U - U D U,D - U - D U - U,D - D U - U D U,D - - - - - - -,D - D U - U D U,D=abajo; U=arriba; -=silencio/no golpe; x=apagado si aparece,D,-,D,U,-,U,D,U,Am [D - D U - U D U],G [D - D U - U D U],F [D - D U - U D U],E [D - D U - U D U],,,,,,,,,,,,,Am Am Am Am Am Am Am Am,G G G G G G G G,F F F F F F F F,E E E E E E E E,,,,,,,,,,,,,D - D U - U D U,D - D U - U D U,D - D U - U D U,D - D U - U D U,,,,,,,,,,,,,Am | G | F | E,acompanamiento_v6_musical_simplificado,"cambios reales de acordes, groove y estructura corta reconocible",V6: max 16 compases; subdivision max 8; no se rellenan compases vacios; 12/8 se trata como shuffle en 4/4 por limite tecnico,no,0,,,Alta utilidad pedagogica; version simplificada. | V6 confianza=alta. | APP_SAFE: slash chords simplificados a acorde base para evitar fallos de playback.
Si - nueva V5,Nueva incorporacion,Cancion tipica/deseable para acompanar en guitarra con arreglo principiante.,392,Vino tinto,Estopa,ES,rumba pop,2,60,92,4/4,rumba pop,8,1 & 2 & 3 & 4 &,C/G/Am segun voz,0-3 opcional,EADGBE,Am; G; F; E,4,D - D U - U D U,D - U - D U - U,D - D U - U D U,D - - - - - - -,D - D U - U D U,D=abajo; U=arriba; -=silencio/no golpe; x=apagado si aparece,D,-,D,U,-,U,D,U,Am [D - D U - U D U],G [D - D U - U D U],F [D - D U - U D U],E [D - D U - U D U],,,,,,,,,,,,,Am Am Am Am Am Am Am Am,G G G G G G G G,F F F F F F F F,E E E E E E E E,,,,,,,,,,,,,D - D U - U D U,D - D U - U D U,D - D U - U D U,D - D U - U D U,,,,,,,,,,,,,Am | G | F | E,acompanamiento_v6_musical_simplificado,"cambios reales de acordes, groove y estructura corta reconocible",V6: max 16 compases; subdivision max 8; no se rellenan compases vacios; 12/8 se trata como shuffle en 4/4 por limite tecnico,no,0,,,Alta utilidad pedagogica; version simplificada. | V6 confianza=alta. | APP_SAFE: slash chords simplificados a acorde base para evitar fallos de playback.
Si - nueva V5,Nueva incorporacion,Cancion tipica/deseable para acompanar en guitarra con arreglo principiante.,393,Por la raja de tu falda,Estopa,ES,rumba pop,2,60,92,4/4,rumba pop,8,1 & 2 & 3 & 4 &,C/G/Am segun voz,0-3 opcional,EADGBE,Am; G; F; E,4,D - D U - U D U,D - U - D U - U,D - D U - U D U,D - - - - - - -,D - D U - U D U,D=abajo; U=arriba; -=silencio/no golpe; x=apagado si aparece,D,-,D,U,-,U,D,U,Am [D - D U - U D U],G [D - D U - U D U],F [D - D U - U D U],E [D - D U - U D U],,,,,,,,,,,,,Am Am Am Am Am Am Am Am,G G G G G G G G,F F F F F F F F,E E E E E E E E,,,,,,,,,,,,,D - D U - U D U,D - D U - U D U,D - D U - U D U,D - D U - U D U,,,,,,,,,,,,,Am | G | F | E,acompanamiento_v6_musical_simplificado,"cambios reales de acordes, groove y estructura corta reconocible",V6: max 16 compases; subdivision max 8; no se rellenan compases vacios; 12/8 se trata como shuffle en 4/4 por limite tecnico,no,0,,,Alta utilidad pedagogica; version simplificada. | V6 confianza=alta. | APP_SAFE: slash chords simplificados a acorde base para evitar fallos de playback.
Si - nueva V5,Nueva incorporacion,Cancion tipica/deseable para acompanar en guitarra con arreglo principiante.,394,Cuando zarpa el amor,Camela,ES,tecno-rumba,2,60,92,4/4,latin/rumba pop,8,1 & 2 & 3 & 4 &,C/G/Am segun voz,0-3 opcional,EADGBE,Am; G; F; E,4,D - U - D U - U,D - D U - U D U,D - U - D U - U,D - - - - - - -,D - U - D U - U,D=abajo; U=arriba; -=silencio/no golpe; x=apagado si aparece,D,-,U,-,D,U,-,U,Am [D - U - D U - U],G [D - U - D U - U],F [D - U - D U - U],E [D - U - D U - U],,,,,,,,,,,,,Am Am Am Am Am Am Am Am,G G G G G G G G,F F F F F F F F,E E E E E E E E,,,,,,,,,,,,,D - U - D U - U,D - U - D U - U,D - U - D U - U,D - U - D U - U,,,,,,,,,,,,,Am | G | F | E,acompanamiento_v6_musical_simplificado,"cambios reales de acordes, groove y estructura corta reconocible",V6: max 16 compases; subdivision max 8; no se rellenan compases vacios; 12/8 se trata como shuffle en 4/4 por limite tecnico,no,0,,,Alta utilidad pedagogica; version simplificada. | V6 confianza=alta. | APP_SAFE: slash chords simplificados a acorde base para evitar fallos de playback.
Si - nueva V5,Nueva incorporacion,Cancion tipica/deseable para acompanar en guitarra con arreglo principiante.,395,Mi gran noche,Raphael,ES,pop,2,60,92,4/4,pop/rock binario,8,1 & 2 & 3 & 4 &,C/G/Am segun voz,0-3 opcional,EADGBE,C; G; F,4,D - D U - U D U,D D - U D U - U,D - D - D U D U,D - - - - - - -,D - D U - U D U,D=abajo; U=arriba; -=silencio/no golpe; x=apagado si aparece,D,-,D,U,-,U,D,U,C [D - D U - U D U],G [D - D U - U D U],F [D - D U - U D U],C [D - D U - U D U],,,,,,,,,,,,,C C C C C C C C,G G G G G G G G,F F F F F F F F,C C C C C C C C,,,,,,,,,,,,,D - D U - U D U,D - D U - U D U,D - D U - U D U,D - D U - U D U,,,,,,,,,,,,,C | G | F | C,acompanamiento_v6_musical_simplificado,"cambios reales de acordes, groove y estructura corta reconocible",V6: max 16 compases; subdivision max 8; no se rellenan compases vacios; 12/8 se trata como shuffle en 4/4 por limite tecnico,no,0,,,Alta utilidad pedagogica; version simplificada. | V6 confianza=alta. | APP_SAFE: slash chords simplificados a acorde base para evitar fallos de playback.
Si - nueva V5,Nueva incorporacion,Cancion tipica/deseable para acompanar en guitarra con arreglo principiante.,396,Bailando,Enrique Iglesias,ES,pop latino,2,60,92,4/4,latin/rumba pop,8,1 & 2 & 3 & 4 &,C/G/Am segun voz,0-3 opcional,EADGBE,Am; F; C; G,4,D - U - D U - U,D - D U - U D U,D - U - D U - U,D - - - - - - -,D - U - D U - U,D=abajo; U=arriba; -=silencio/no golpe; x=apagado si aparece,D,-,U,-,D,U,-,U,Am [D - U - D U - U],F [D - U - D U - U],C [D - U - D U - U],G [D - U - D U - U],,,,,,,,,,,,,Am Am Am Am Am Am Am Am,F F F F F F F F,C C C C C C C C,G G G G G G G G,,,,,,,,,,,,,D - U - D U - U,D - U - D U - U,D - U - D U - U,D - U - D U - U,,,,,,,,,,,,,Am | F | C | G,acompanamiento_v6_musical_simplificado,"cambios reales de acordes, groove y estructura corta reconocible",V6: max 16 compases; subdivision max 8; no se rellenan compases vacios; 12/8 se trata como shuffle en 4/4 por limite tecnico,no,0,,,Alta utilidad pedagogica; version simplificada. | V6 confianza=alta. | APP_SAFE: slash chords simplificados a acorde base para evitar fallos de playback.
Si - nueva V5,Nueva incorporacion,Cancion tipica/deseable para acompanar en guitarra con arreglo principiante.,397,Heroe,Enrique Iglesias,ES,balada pop,2,60,92,4/4,balada 4/4,8,1 & 2 & 3 & 4 &,C/G/Am segun voz,0-3 opcional,EADGBE,G; D; Em; C,4,D - - U D - D U,D - - U - U D -,D - - U D - D U,D - - - - - - -,D - - U D - D U,D=abajo; U=arriba; -=silencio/no golpe; x=apagado si aparece,D,-,-,U,D,-,D,U,G [D - - U D - D U],D [D - - U D - D U],Em [D - - U D - D U],C [D - - U D - D U],,,,,,,,,,,,,G G G G G G G G,D D D D D D D D,Em Em Em Em Em Em Em Em,C C C C C C C C,,,,,,,,,,,,,D - - U D - D U,D - - U D - D U,D - - U D - D U,D - - U D - D U,,,,,,,,,,,,,G | D | Em | C,acompanamiento_v6_musical_simplificado,"cambios reales de acordes, groove y estructura corta reconocible",V6: max 16 compases; subdivision max 8; no se rellenan compases vacios; 12/8 se trata como shuffle en 4/4 por limite tecnico,no,0,,,Alta utilidad pedagogica; version simplificada. | V6 confianza=alta. | APP_SAFE: slash chords simplificados a acorde base para evitar fallos de playback.
Si - nueva V5,Nueva incorporacion,Cancion tipica/deseable para acompanar en guitarra con arreglo principiante.,398,Despacito - easy,Luis Fonsi,ES,pop latino,2,60,92,4/4,latin/rumba pop,8,1 & 2 & 3 & 4 &,C/G/Am segun voz,0-3 opcional,EADGBE,Bm; G; D; A,4,D - U - D U - U,D - D U - U D U,D - U - D U - U,D - - - - - - -,D - U - D U - U,D=abajo; U=arriba; -=silencio/no golpe; x=apagado si aparece,D,-,U,-,D,U,-,U,Bm [D - U - D U - U],G [D - U - D U - U],D [D - U - D U - U],A [D - U - D U - U],,,,,,,,,,,,,Bm Bm Bm Bm Bm Bm Bm Bm,G G G G G G G G,D D D D D D D D,A A A A A A A A,,,,,,,,,,,,,D - U - D U - U,D - U - D U - U,D - U - D U - U,D - U - D U - U,,,,,,,,,,,,,Bm | G | D | A,acompanamiento_v6_musical_simplificado,"cambios reales de acordes, groove y estructura corta reconocible",V6: max 16 compases; subdivision max 8; no se rellenan compases vacios; 12/8 se trata como shuffle en 4/4 por limite tecnico,no,0,,,Alta utilidad pedagogica; version simplificada. | V6 confianza=alta. | APP_SAFE: slash chords simplificados a acorde base para evitar fallos de playback.
Si - nueva V5,Nueva incorporacion,Cancion tipica/deseable para acompanar en guitarra con arreglo principiante.,399,Vagabundo,Sebastian Yatra / Manuel Turizo,ES,pop latino,2,60,92,4/4,latin/rumba pop,8,1 & 2 & 3 & 4 &,C/G/Am segun voz,0-3 opcional,EADGBE,G; D; Em; C,4,D - U - D U - U,D - D U - U D U,D - U - D U - U,D - - - - - - -,D - U - D U - U,D=abajo; U=arriba; -=silencio/no golpe; x=apagado si aparece,D,-,U,-,D,U,-,U,G [D - U - D U - U],D [D - U - D U - U],Em [D - U - D U - U],C [D - U - D U - U],,,,,,,,,,,,,G G G G G G G G,D D D D D D D D,Em Em Em Em Em Em Em Em,C C C C C C C C,,,,,,,,,,,,,D - U - D U - U,D - U - D U - U,D - U - D U - U,D - U - D U - U,,,,,,,,,,,,,G | D | Em | C,acompanamiento_v6_musical_simplificado,"cambios reales de acordes, groove y estructura corta reconocible",V6: max 16 compases; subdivision max 8; no se rellenan compases vacios; 12/8 se trata como shuffle en 4/4 por limite tecnico,no,0,,,Alta utilidad pedagogica; version simplificada. | V6 confianza=alta. | APP_SAFE: slash chords simplificados a acorde base para evitar fallos de playback.
Si - nueva V5,Nueva incorporacion,Cancion tipica/deseable para acompanar en guitarra con arreglo principiante.,400,Tacones Rojos,Sebastian Yatra,ES,pop latino,2,60,92,4/4,latin/rumba pop,8,1 & 2 & 3 & 4 &,C/G/Am segun voz,0-3 opcional,EADGBE,C; G; Am; F,4,D - U - D U - U,D - D U - U D U,D - U - D U - U,D - - - - - - -,D - U - D U - U,D=abajo; U=arriba; -=silencio/no golpe; x=apagado si aparece,D,-,U,-,D,U,-,U,C [D - U - D U - U],G [D - U - D U - U],Am [D - U - D U - U],F [D - U - D U - U],,,,,,,,,,,,,C C C C C C C C,G G G G G G G G,Am Am Am Am Am Am Am Am,F F F F F F F F,,,,,,,,,,,,,D - U - D U - U,D - U - D U - U,D - U - D U - U,D - U - D U - U,,,,,,,,,,,,,C | G | Am | F,acompanamiento_v6_musical_simplificado,"cambios reales de acordes, groove y estructura corta reconocible",V6: max 16 compases; subdivision max 8; no se rellenan compases vacios; 12/8 se trata como shuffle en 4/4 por limite tecnico,no,0,,,Alta utilidad pedagogica; version simplificada. | V6 confianza=alta. | APP_SAFE: slash chords simplificados a acorde base para evitar fallos de playback.
Si - nueva V5,Nueva incorporacion,Cancion tipica/deseable para acompanar en guitarra con arreglo principiante.,401,La Bachata,Manuel Turizo,ES,bachata pop,2,60,92,4/4,latin/rumba pop,8,1 & 2 & 3 & 4 &,C/G/Am segun voz,0-3 opcional,EADGBE,G; D; Em; C,4,D - U - D U - U,D - D U - U D U,D - U - D U - U,D - - - - - - -,D - U - D U - U,D=abajo; U=arriba; -=silencio/no golpe; x=apagado si aparece,D,-,U,-,D,U,-,U,G [D - U - D U - U],D [D - U - D U - U],Em [D - U - D U - U],C [D - U - D U - U],,,,,,,,,,,,,G G G G G G G G,D D D D D D D D,Em Em Em Em Em Em Em Em,C C C C C C C C,,,,,,,,,,,,,D - U - D U - U,D - U - D U - U,D - U - D U - U,D - U - D U - U,,,,,,,,,,,,,G | D | Em | C,acompanamiento_v6_musical_simplificado,"cambios reales de acordes, groove y estructura corta reconocible",V6: max 16 compases; subdivision max 8; no se rellenan compases vacios; 12/8 se trata como shuffle en 4/4 por limite tecnico,no,0,,,Alta utilidad pedagogica; version simplificada. | V6 confianza=alta. | APP_SAFE: slash chords simplificados a acorde base para evitar fallos de playback.
Si - nueva V5,Nueva incorporacion,Cancion tipica/deseable para acompanar en guitarra con arreglo principiante.,402,Quevedo Bzrp Session - easy,Bizarrap / Quevedo,ES,pop urbano,2,60,92,4/4,latin/rumba pop,8,1 & 2 & 3 & 4 &,C/G/Am segun voz,0-3 opcional,EADGBE,Am; F; C; G,4,D - U - D U - U,D - D U - U D U,D - U - D U - U,D - - - - - - -,D - U - D U - U,D=abajo; U=arriba; -=silencio/no golpe; x=apagado si aparece,D,-,U,-,D,U,-,U,Am [D - U - D U - U],F [D - U - D U - U],C [D - U - D U - U],G [D - U - D U - U],,,,,,,,,,,,,Am Am Am Am Am Am Am Am,F F F F F F F F,C C C C C C C C,G G G G G G G G,,,,,,,,,,,,,D - U - D U - U,D - U - D U - U,D - U - D U - U,D - U - D U - U,,,,,,,,,,,,,Am | F | C | G,acompanamiento_v6_musical_simplificado,"cambios reales de acordes, groove y estructura corta reconocible",V6: max 16 compases; subdivision max 8; no se rellenan compases vacios; 12/8 se trata como shuffle en 4/4 por limite tecnico,no,0,,,Alta utilidad pedagogica; version simplificada. | V6 confianza=alta. | APP_SAFE: slash chords simplificados a acorde base para evitar fallos de playback.
Si - nueva V5,Nueva incorporacion,Cancion tipica/deseable para acompanar en guitarra con arreglo principiante.,403,El mismo sol,Alvaro Soler,ES,pop latino,2,60,92,4/4,latin/rumba pop,8,1 & 2 & 3 & 4 &,C/G/Am segun voz,0-3 opcional,EADGBE,C; G; Am; F,4,D - U - D U - U,D - D U - U D U,D - U - D U - U,D - - - - - - -,D - U - D U - U,D=abajo; U=arriba; -=silencio/no golpe; x=apagado si aparece,D,-,U,-,D,U,-,U,C [D - U - D U - U],G [D - U - D U - U],Am [D - U - D U - U],F [D - U - D U - U],,,,,,,,,,,,,C C C C C C C C,G G G G G G G G,Am Am Am Am Am Am Am Am,F F F F F F F F,,,,,,,,,,,,,D - U - D U - U,D - U - D U - U,D - U - D U - U,D - U - D U - U,,,,,,,,,,,,,C | G | Am | F,acompanamiento_v6_musical_simplificado,"cambios reales de acordes, groove y estructura corta reconocible",V6: max 16 compases; subdivision max 8; no se rellenan compases vacios; 12/8 se trata como shuffle en 4/4 por limite tecnico,no,0,,,Alta utilidad pedagogica; version simplificada. | V6 confianza=alta. | APP_SAFE: slash chords simplificados a acorde base para evitar fallos de playback.
Si - nueva V5,Nueva incorporacion,Cancion tipica/deseable para acompanar en guitarra con arreglo principiante.,404,Sofia,Alvaro Soler,ES,pop latino,2,60,92,4/4,latin/rumba pop,8,1 & 2 & 3 & 4 &,C/G/Am segun voz,0-3 opcional,EADGBE,C; G; Am; F,4,D - U - D U - U,D - D U - U D U,D - U - D U - U,D - - - - - - -,D - U - D U - U,D=abajo; U=arriba; -=silencio/no golpe; x=apagado si aparece,D,-,U,-,D,U,-,U,C [D - U - D U - U],G [D - U - D U - U],Am [D - U - D U - U],F [D - U - D U - U],,,,,,,,,,,,,C C C C C C C C,G G G G G G G G,Am Am Am Am Am Am Am Am,F F F F F F F F,,,,,,,,,,,,,D - U - D U - U,D - U - D U - U,D - U - D U - U,D - U - D U - U,,,,,,,,,,,,,C | G | Am | F,acompanamiento_v6_musical_simplificado,"cambios reales de acordes, groove y estructura corta reconocible",V6: max 16 compases; subdivision max 8; no se rellenan compases vacios; 12/8 se trata como shuffle en 4/4 por limite tecnico,no,0,,,Alta utilidad pedagogica; version simplificada. | V6 confianza=alta. | APP_SAFE: slash chords simplificados a acorde base para evitar fallos de playback.
Si - nueva V5,Nueva incorporacion,Cancion tipica/deseable para acompanar en guitarra con arreglo principiante.,405,La cintura,Alvaro Soler,ES,pop latino,2,60,92,4/4,latin/rumba pop,8,1 & 2 & 3 & 4 &,C/G/Am segun voz,0-3 opcional,EADGBE,G; D; Em; C,4,D - U - D U - U,D - D U - U D U,D - U - D U - U,D - - - - - - -,D - U - D U - U,D=abajo; U=arriba; -=silencio/no golpe; x=apagado si aparece,D,-,U,-,D,U,-,U,G [D - U - D U - U],D [D - U - D U - U],Em [D - U - D U - U],C [D - U - D U - U],,,,,,,,,,,,,G G G G G G G G,D D D D D D D D,Em Em Em Em Em Em Em Em,C C C C C C C C,,,,,,,,,,,,,D - U - D U - U,D - U - D U - U,D - U - D U - U,D - U - D U - U,,,,,,,,,,,,,G | D | Em | C,acompanamiento_v6_musical_simplificado,"cambios reales de acordes, groove y estructura corta reconocible",V6: max 16 compases; subdivision max 8; no se rellenan compases vacios; 12/8 se trata como shuffle en 4/4 por limite tecnico,no,0,,,Alta utilidad pedagogica; version simplificada. | V6 confianza=alta. | APP_SAFE: slash chords simplificados a acorde base para evitar fallos de playback.
Si - nueva V5,Nueva incorporacion,Cancion tipica/deseable para acompanar en guitarra con arreglo principiante.,406,Zapatillas,El Canto del Loco,ES,pop rock,2,60,92,4/4,rock binario,8,1 & 2 & 3 & 4 &,C/G/Am segun voz,0-3 opcional,EADGBE,G; D; C,4,D D - U D U - U,D D D D D D D D,D D - U D U - U,D - - - - - - -,D D - U D U - U,D=abajo; U=arriba; -=silencio/no golpe; x=apagado si aparece,D,D,-,U,D,U,-,U,G [D D - U D U - U],D [D D - U D U - U],C [D D - U D U - U],G [D D - U D U - U],,,,,,,,,,,,,G G G G G G G G,D D D D D D D D,C C C C C C C C,G G G G G G G G,,,,,,,,,,,,,D D - U D U - U,D D - U D U - U,D D - U D U - U,D D - U D U - U,,,,,,,,,,,,,G | D | C | G,acompanamiento_v6_musical_simplificado,"cambios reales de acordes, groove y estructura corta reconocible",V6: max 16 compases; subdivision max 8; no se rellenan compases vacios; 12/8 se trata como shuffle en 4/4 por limite tecnico,no,0,,,Alta utilidad pedagogica; version simplificada. | V6 confianza=alta. | APP_SAFE: slash chords simplificados a acorde base para evitar fallos de playback.
Si - nueva V5,Nueva incorporacion,Cancion tipica/deseable para acompanar en guitarra con arreglo principiante.,407,Besos,El Canto del Loco,ES,pop rock,2,60,92,4/4,pop/rock binario,8,1 & 2 & 3 & 4 &,C/G/Am segun voz,0-3 opcional,EADGBE,G; D; Em; C,4,D - D U - U D U,D D - U D U - U,D - D - D U D U,D - - - - - - -,D - D U - U D U,D=abajo; U=arriba; -=silencio/no golpe; x=apagado si aparece,D,-,D,U,-,U,D,U,G [D - D U - U D U],D [D - D U - U D U],Em [D - D U - U D U],C [D - D U - U D U],,,,,,,,,,,,,G G G G G G G G,D D D D D D D D,Em Em Em Em Em Em Em Em,C C C C C C C C,,,,,,,,,,,,,D - D U - U D U,D - D U - U D U,D - D U - U D U,D - D U - U D U,,,,,,,,,,,,,G | D | Em | C,acompanamiento_v6_musical_simplificado,"cambios reales de acordes, groove y estructura corta reconocible",V6: max 16 compases; subdivision max 8; no se rellenan compases vacios; 12/8 se trata como shuffle en 4/4 por limite tecnico,no,0,,,Alta utilidad pedagogica; version simplificada. | V6 confianza=alta. | APP_SAFE: slash chords simplificados a acorde base para evitar fallos de playback.
Si - nueva V5,Nueva incorporacion,Cancion tipica/deseable para acompanar en guitarra con arreglo principiante.,408,Peter Pan,El Canto del Loco,ES,pop rock,2,60,92,4/4,pop/rock binario,8,1 & 2 & 3 & 4 &,C/G/Am segun voz,0-3 opcional,EADGBE,C; G; Am; F,4,D - D U - U D U,D D - U D U - U,D - D - D U D U,D - - - - - - -,D - D U - U D U,D=abajo; U=arriba; -=silencio/no golpe; x=apagado si aparece,D,-,D,U,-,U,D,U,C [D - D U - U D U],G [D - D U - U D U],Am [D - D U - U D U],F [D - D U - U D U],,,,,,,,,,,,,C C C C C C C C,G G G G G G G G,Am Am Am Am Am Am Am Am,F F F F F F F F,,,,,,,,,,,,,D - D U - U D U,D - D U - U D U,D - D U - U D U,D - D U - U D U,,,,,,,,,,,,,C | G | Am | F,acompanamiento_v6_musical_simplificado,"cambios reales de acordes, groove y estructura corta reconocible",V6: max 16 compases; subdivision max 8; no se rellenan compases vacios; 12/8 se trata como shuffle en 4/4 por limite tecnico,no,0,,,Alta utilidad pedagogica; version simplificada. | V6 confianza=alta. | APP_SAFE: slash chords simplificados a acorde base para evitar fallos de playback.
Si - nueva V5,Nueva incorporacion,Cancion tipica/deseable para acompanar en guitarra con arreglo principiante.,409,Puede ser,El Canto del Loco,ES,pop rock,2,60,92,4/4,pop/rock binario,8,1 & 2 & 3 & 4 &,C/G/Am segun voz,0-3 opcional,EADGBE,G; D; Em; C,4,D - D U - U D U,D D - U D U - U,D - D - D U D U,D - - - - - - -,D - D U - U D U,D=abajo; U=arriba; -=silencio/no golpe; x=apagado si aparece,D,-,D,U,-,U,D,U,G [D - D U - U D U],D [D - D U - U D U],Em [D - D U - U D U],C [D - D U - U D U],,,,,,,,,,,,,G G G G G G G G,D D D D D D D D,Em Em Em Em Em Em Em Em,C C C C C C C C,,,,,,,,,,,,,D - D U - U D U,D - D U - U D U,D - D U - U D U,D - D U - U D U,,,,,,,,,,,,,G | D | Em | C,acompanamiento_v6_musical_simplificado,"cambios reales de acordes, groove y estructura corta reconocible",V6: max 16 compases; subdivision max 8; no se rellenan compases vacios; 12/8 se trata como shuffle en 4/4 por limite tecnico,no,0,,,Alta utilidad pedagogica; version simplificada. | V6 confianza=alta. | APP_SAFE: slash chords simplificados a acorde base para evitar fallos de playback.
Si - nueva V5,Nueva incorporacion,Cancion tipica/deseable para acompanar en guitarra con arreglo principiante.,410,A fuego lento,Rosana,ES,pop,2,60,92,4/4,rumba pop,8,1 & 2 & 3 & 4 &,C/G/Am segun voz,0-3 opcional,EADGBE,G; D; Em; C,4,D - D U - U D U,D - U - D U - U,D - D U - U D U,D - - - - - - -,D - D U - U D U,D=abajo; U=arriba; -=silencio/no golpe; x=apagado si aparece,D,-,D,U,-,U,D,U,G [D - D U - U D U],D [D - D U - U D U],Em [D - D U - U D U],C [D - D U - U D U],,,,,,,,,,,,,G G G G G G G G,D D D D D D D D,Em Em Em Em Em Em Em Em,C C C C C C C C,,,,,,,,,,,,,D - D U - U D U,D - D U - U D U,D - D U - U D U,D - D U - U D U,,,,,,,,,,,,,G | D | Em | C,acompanamiento_v6_musical_simplificado,"cambios reales de acordes, groove y estructura corta reconocible",V6: max 16 compases; subdivision max 8; no se rellenan compases vacios; 12/8 se trata como shuffle en 4/4 por limite tecnico,no,0,,,Alta utilidad pedagogica; version simplificada. | V6 confianza=alta. | APP_SAFE: slash chords simplificados a acorde base para evitar fallos de playback.
Si - nueva V5,Nueva incorporacion,Cancion tipica/deseable para acompanar en guitarra con arreglo principiante.,411,El talisman,Rosana,ES,pop,2,60,92,4/4,rumba pop,8,1 & 2 & 3 & 4 &,C/G/Am segun voz,0-3 opcional,EADGBE,Am; G; F; E,4,D - D U - U D U,D - U - D U - U,D - D U - U D U,D - - - - - - -,D - D U - U D U,D=abajo; U=arriba; -=silencio/no golpe; x=apagado si aparece,D,-,D,U,-,U,D,U,Am [D - D U - U D U],G [D - D U - U D U],F [D - D U - U D U],E [D - D U - U D U],,,,,,,,,,,,,Am Am Am Am Am Am Am Am,G G G G G G G G,F F F F F F F F,E E E E E E E E,,,,,,,,,,,,,D - D U - U D U,D - D U - U D U,D - D U - U D U,D - D U - U D U,,,,,,,,,,,,,Am | G | F | E,acompanamiento_v6_musical_simplificado,"cambios reales de acordes, groove y estructura corta reconocible",V6: max 16 compases; subdivision max 8; no se rellenan compases vacios; 12/8 se trata como shuffle en 4/4 por limite tecnico,no,0,,,Alta utilidad pedagogica; version simplificada. | V6 confianza=alta. | APP_SAFE: slash chords simplificados a acorde base para evitar fallos de playback.
Si - nueva V5,Nueva incorporacion,Cancion tipica/deseable para acompanar en guitarra con arreglo principiante.,412,Antes de verte,Coti,ES,pop,2,60,92,4/4,pop/rock binario,8,1 & 2 & 3 & 4 &,C/G/Am segun voz,0-3 opcional,EADGBE,G; D; Em; C,4,D - D U - U D U,D D - U D U - U,D - D - D U D U,D - - - - - - -,D - D U - U D U,D=abajo; U=arriba; -=silencio/no golpe; x=apagado si aparece,D,-,D,U,-,U,D,U,G [D - D U - U D U],D [D - D U - U D U],Em [D - D U - U D U],C [D - D U - U D U],,,,,,,,,,,,,G G G G G G G G,D D D D D D D D,Em Em Em Em Em Em Em Em,C C C C C C C C,,,,,,,,,,,,,D - D U - U D U,D - D U - U D U,D - D U - U D U,D - D U - U D U,,,,,,,,,,,,,G | D | Em | C,acompanamiento_v6_musical_simplificado,"cambios reales de acordes, groove y estructura corta reconocible",V6: max 16 compases; subdivision max 8; no se rellenan compases vacios; 12/8 se trata como shuffle en 4/4 por limite tecnico,no,0,,,Alta utilidad pedagogica; version simplificada. | V6 confianza=alta. | APP_SAFE: slash chords simplificados a acorde base para evitar fallos de playback.
Si - nueva V5,Nueva incorporacion,Cancion tipica/deseable para acompanar en guitarra con arreglo principiante.,413,Nada fue un error,Coti,ES,pop,2,60,92,4/4,pop/rock binario,8,1 & 2 & 3 & 4 &,C/G/Am segun voz,0-3 opcional,EADGBE,G; D; C,4,D - D U - U D U,D D - U D U - U,D - D - D U D U,D - - - - - - -,D - D U - U D U,D=abajo; U=arriba; -=silencio/no golpe; x=apagado si aparece,D,-,D,U,-,U,D,U,G [D - D U - U D U],D [D - D U - U D U],C [D - D U - U D U],G [D - D U - U D U],,,,,,,,,,,,,G G G G G G G G,D D D D D D D D,C C C C C C C C,G G G G G G G G,,,,,,,,,,,,,D - D U - U D U,D - D U - U D U,D - D U - U D U,D - D U - U D U,,,,,,,,,,,,,G | D | C | G,acompanamiento_v6_musical_simplificado,"cambios reales de acordes, groove y estructura corta reconocible",V6: max 16 compases; subdivision max 8; no se rellenan compases vacios; 12/8 se trata como shuffle en 4/4 por limite tecnico,no,0,,,Alta utilidad pedagogica; version simplificada. | V6 confianza=alta. | APP_SAFE: slash chords simplificados a acorde base para evitar fallos de playback.
Si - nueva V5,Nueva incorporacion,Cancion tipica/deseable para acompanar en guitarra con arreglo principiante.,414,Color cafe,Los Piojos,ES,rock argentino,2,60,92,4/4,latin/rumba pop,8,1 & 2 & 3 & 4 &,C/G/Am segun voz,0-3 opcional,EADGBE,G; D; Em; C,4,D - U - D U - U,D - D U - U D U,D - U - D U - U,D - - - - - - -,D - U - D U - U,D=abajo; U=arriba; -=silencio/no golpe; x=apagado si aparece,D,-,U,-,D,U,-,U,G [D - U - D U - U],D [D - U - D U - U],Em [D - U - D U - U],C [D - U - D U - U],,,,,,,,,,,,,G G G G G G G G,D D D D D D D D,Em Em Em Em Em Em Em Em,C C C C C C C C,,,,,,,,,,,,,D - U - D U - U,D - U - D U - U,D - U - D U - U,D - U - D U - U,,,,,,,,,,,,,G | D | Em | C,acompanamiento_v6_musical_simplificado,"cambios reales de acordes, groove y estructura corta reconocible",V6: max 16 compases; subdivision max 8; no se rellenan compases vacios; 12/8 se trata como shuffle en 4/4 por limite tecnico,no,0,,,Alta utilidad pedagogica; version simplificada. | V6 confianza=alta. | APP_SAFE: slash chords simplificados a acorde base para evitar fallos de playback.
Si - nueva V5,Nueva incorporacion,Cancion tipica/deseable para acompanar en guitarra con arreglo principiante.,415,Que Sera Sera,Doris Day,EN,vals/pop clásico,2,50,78,3/4,vals/balada ternaria,6,1 & 2 & 3 &,C/G/Am segun voz,0-3 opcional,EADGBE,C; G7; F,8,D - D U D U,D - D U D U,D - D - D U,D - - - - -,D - D U D U,D=abajo; U=arriba; -=silencio/no golpe; x=apagado si aparece,D,-,D,U,D,U,,,C [D - D U D U],G7 [D - D U D U],C [D - D U D U],F [D - D U D U],C [D - D U D U],G7 [D - D U D U],C [D - D U D U],C [D - - - - -],,,,,,,,,C C C C C C,G7 G7 G7 G7 G7 G7,C C C C C C,F F F F F F,C C C C C C,G7 G7 G7 G7 G7 G7,C C C C C C,C C C C C C,,,,,,,,,D - D U D U,D - D U D U,D - D U D U,D - D U D U,D - D U D U,D - D U D U,D - D U D U,D - - - - -,,,,,,,,,C | G7 | C | F | C | G7 | C | C,acompanamiento_v6_musical_simplificado,"cambios reales de acordes, groove y estructura corta reconocible",V6: max 16 compases; subdivision max 8; no se rellenan compases vacios; 12/8 se trata como shuffle en 4/4 por limite tecnico,no,0,,,Alta utilidad pedagogica; version simplificada. | V6 confianza=alta. | APP_SAFE: slash chords simplificados a acorde base para evitar fallos de playback.
Si - nueva V5,Nueva incorporacion,Cancion tipica/deseable para acompanar en guitarra con arreglo principiante.,416,Edelweiss,The Sound of Music,EN,vals,2,50,78,3/4,vals/balada ternaria,6,1 & 2 & 3 &,C/G/Am segun voz,0-3 opcional,EADGBE,C; G; F,8,D - D U D U,D - D U D U,D - D - D U,D - - - - -,D - D U D U,D=abajo; U=arriba; -=silencio/no golpe; x=apagado si aparece,D,-,D,U,D,U,,,C [D - D U D U],G [D - D U D U],C [D - D U D U],F [D - D U D U],C [D - D U D U],G [D - D U D U],C [D - D U D U],C [D - - - - -],,,,,,,,,C C C C C C,G G G G G G,C C C C C C,F F F F F F,C C C C C C,G G G G G G,C C C C C C,C C C C C C,,,,,,,,,D - D U D U,D - D U D U,D - D U D U,D - D U D U,D - D U D U,D - D U D U,D - D U D U,D - - - - -,,,,,,,,,C | G | C | F | C | G | C | C,acompanamiento_v6_musical_simplificado,"cambios reales de acordes, groove y estructura corta reconocible",V6: max 16 compases; subdivision max 8; no se rellenan compases vacios; 12/8 se trata como shuffle en 4/4 por limite tecnico,no,0,,,Alta utilidad pedagogica; version simplificada. | V6 confianza=alta. | APP_SAFE: slash chords simplificados a acorde base para evitar fallos de playback.
Si - nueva V5,Nueva incorporacion,Cancion tipica/deseable para acompanar en guitarra con arreglo principiante.,417,Molly Malone,Traditional,EN,folk irlandés,2,50,78,3/4,vals/balada ternaria,6,1 & 2 & 3 &,C/G/Am segun voz,0-3 opcional,EADGBE,C; G; Am; F,8,D - D U D U,D - D U D U,D - D - D U,D - - - - -,D - D U D U,D=abajo; U=arriba; -=silencio/no golpe; x=apagado si aparece,D,-,D,U,D,U,,,C [D - D U D U],G [D - D U D U],Am [D - D U D U],F [D - D U D U],C [D - D U D U],G [D - D U D U],C [D - D U D U],C [D - - - - -],,,,,,,,,C C C C C C,G G G G G G,Am Am Am Am Am Am,F F F F F F,C C C C C C,G G G G G G,C C C C C C,C C C C C C,,,,,,,,,D - D U D U,D - D U D U,D - D U D U,D - D U D U,D - D U D U,D - D U D U,D - D U D U,D - - - - -,,,,,,,,,C | G | Am | F | C | G | C | C,acompanamiento_v6_musical_simplificado,"cambios reales de acordes, groove y estructura corta reconocible",V6: max 16 compases; subdivision max 8; no se rellenan compases vacios; 12/8 se trata como shuffle en 4/4 por limite tecnico,no,0,,,Alta utilidad pedagogica; version simplificada. | V6 confianza=alta. | APP_SAFE: slash chords simplificados a acorde base para evitar fallos de playback.
Si - nueva V5,Nueva incorporacion,Cancion tipica/deseable para acompanar en guitarra con arreglo principiante.,418,The Times They Are A-Changin,Bob Dylan,EN,folk vals,2,50,78,3/4,vals/balada ternaria,6,1 & 2 & 3 &,C/G/Am segun voz,0-3 opcional,EADGBE,G; C; D,8,D - D U D U,D - D U D U,D - D - D U,D - - - - -,D - D U D U,D=abajo; U=arriba; -=silencio/no golpe; x=apagado si aparece,D,-,D,U,D,U,,,G [D - D U D U],C [D - D U D U],G [D - D U D U],D [D - D U D U],G [D - D U D U],C [D - D U D U],D [D - D U D U],G [D - - - - -],,,,,,,,,G G G G G G,C C C C C C,G G G G G G,D D D D D D,G G G G G G,C C C C C C,D D D D D D,G G G G G G,,,,,,,,,D - D U D U,D - D U D U,D - D U D U,D - D U D U,D - D U D U,D - D U D U,D - D U D U,D - - - - -,,,,,,,,,G | C | G | D | G | C | D | G,acompanamiento_v6_musical_simplificado,"cambios reales de acordes, groove y estructura corta reconocible",V6: max 16 compases; subdivision max 8; no se rellenan compases vacios; 12/8 se trata como shuffle en 4/4 por limite tecnico,no,0,,,Alta utilidad pedagogica; version simplificada. | V6 confianza=alta. | APP_SAFE: slash chords simplificados a acorde base para evitar fallos de playback.
Si - nueva V5,Nueva incorporacion,Cancion tipica/deseable para acompanar en guitarra con arreglo principiante.,419,Piano Man - easy,Billy Joel,EN,balada 3/4,2,50,78,3/4,vals/balada ternaria,6,1 & 2 & 3 &,C/G/Am segun voz,0-3 opcional,EADGBE,C; G; F; Am,8,D - D U D U,D - D U D U,D - D - D U,D - - - - -,D - D U D U,D=abajo; U=arriba; -=silencio/no golpe; x=apagado si aparece,D,-,D,U,D,U,,,C [D - D U D U],G [D - D U D U],F [D - D U D U],C [D - D U D U],Am [D - D U D U],F [D - D U D U],G [D - D U D U],C [D - - - - -],,,,,,,,,C C C C C C,G G G G G G,F F F F F F,C C C C C C,Am Am Am Am Am Am,F F F F F F,G G G G G G,C C C C C C,,,,,,,,,D - D U D U,D - D U D U,D - D U D U,D - D U D U,D - D U D U,D - D U D U,D - D U D U,D - - - - -,,,,,,,,,C | G | F | C | Am | F | G | C,acompanamiento_v6_musical_simplificado,"cambios reales de acordes, groove y estructura corta reconocible",V6: max 16 compases; subdivision max 8; no se rellenan compases vacios; 12/8 se trata como shuffle en 4/4 por limite tecnico,no,0,,,Alta utilidad pedagogica; version simplificada. | V6 confianza=alta. | APP_SAFE: slash chords simplificados a acorde base para evitar fallos de playback.
Si - nueva V5,Nueva incorporacion,Cancion tipica/deseable para acompanar en guitarra con arreglo principiante.,420,Manic Depression - chords easy,Jimi Hendrix,EN,rock 3/4,2,50,78,3/4,vals/balada ternaria,6,1 & 2 & 3 &,C/G/Am segun voz,0-3 opcional,EADGBE,E; G; A,4,D - D U D U,D - D U D U,D - D - D U,D - - - - -,D - D U D U,D=abajo; U=arriba; -=silencio/no golpe; x=apagado si aparece,D,-,D,U,D,U,,,E [D - D U D U],G [D - D U D U],A [D - D U D U],E [D - D U D U],,,,,,,,,,,,,E E E E E E,G G G G G G,A A A A A A,E E E E E E,,,,,,,,,,,,,D - D U D U,D - D U D U,D - D U D U,D - D U D U,,,,,,,,,,,,,E | G | A | E,acompanamiento_v6_musical_simplificado,"cambios reales de acordes, groove y estructura corta reconocible",V6: max 16 compases; subdivision max 8; no se rellenan compases vacios; 12/8 se trata como shuffle en 4/4 por limite tecnico,no,0,,,Alta utilidad pedagogica; version simplificada. | V6 confianza=alta. | APP_SAFE: slash chords simplificados a acorde base para evitar fallos de playback.
Si - nueva V5,Nueva incorporacion,Cancion tipica/deseable para acompanar en guitarra con arreglo principiante.,421,Are You Lonesome Tonight,Elvis Presley,EN,balada 3/4,2,50,78,3/4,vals/balada ternaria,6,1 & 2 & 3 &,C/G/Am segun voz,0-3 opcional,EADGBE,C; Em; F; G,8,D - D U D U,D - D U D U,D - D - D U,D - - - - -,D - D U D U,D=abajo; U=arriba; -=silencio/no golpe; x=apagado si aparece,D,-,D,U,D,U,,,C [D - D U D U],Em [D - D U D U],F [D - D U D U],G [D - D U D U],C [D - D U D U],G [D - D U D U],C [D - D U D U],C [D - - - - -],,,,,,,,,C C C C C C,Em Em Em Em Em Em,F F F F F F,G G G G G G,C C C C C C,G G G G G G,C C C C C C,C C C C C C,,,,,,,,,D - D U D U,D - D U D U,D - D U D U,D - D U D U,D - D U D U,D - D U D U,D - D U D U,D - - - - -,,,,,,,,,C | Em | F | G | C | G | C | C,acompanamiento_v6_musical_simplificado,"cambios reales de acordes, groove y estructura corta reconocible",V6: max 16 compases; subdivision max 8; no se rellenan compases vacios; 12/8 se trata como shuffle en 4/4 por limite tecnico,no,0,,,Alta utilidad pedagogica; version simplificada. | V6 confianza=alta. | APP_SAFE: slash chords simplificados a acorde base para evitar fallos de playback.
Si - nueva V5,Nueva incorporacion,Cancion tipica/deseable para acompanar en guitarra con arreglo principiante.,422,Irene Goodnight,Lead Belly,EN,folk 3/4,2,50,78,3/4,vals/balada ternaria,6,1 & 2 & 3 &,C/G/Am segun voz,0-3 opcional,EADGBE,G; C; D,8,D - D U D U,D - D U D U,D - D - D U,D - - - - -,D - D U D U,D=abajo; U=arriba; -=silencio/no golpe; x=apagado si aparece,D,-,D,U,D,U,,,G [D - D U D U],C [D - D U D U],G [D - D U D U],D [D - D U D U],G [D - D U D U],C [D - D U D U],D [D - D U D U],G [D - - - - -],,,,,,,,,G G G G G G,C C C C C C,G G G G G G,D D D D D D,G G G G G G,C C C C C C,D D D D D D,G G G G G G,,,,,,,,,D - D U D U,D - D U D U,D - D U D U,D - D U D U,D - D U D U,D - D U D U,D - D U D U,D - - - - -,,,,,,,,,G | C | G | D | G | C | D | G,acompanamiento_v6_musical_simplificado,"cambios reales de acordes, groove y estructura corta reconocible",V6: max 16 compases; subdivision max 8; no se rellenan compases vacios; 12/8 se trata como shuffle en 4/4 por limite tecnico,no,0,,,Alta utilidad pedagogica; version simplificada. | V6 confianza=alta. | APP_SAFE: slash chords simplificados a acorde base para evitar fallos de playback.
Si - nueva V5,Nueva incorporacion,Cancion tipica/deseable para acompanar en guitarra con arreglo principiante.,423,Down in the Valley,Traditional,EN,folk 3/4,2,50,78,3/4,vals/balada ternaria,6,1 & 2 & 3 &,C/G/Am segun voz,0-3 opcional,EADGBE,G; C; D,8,D - D U D U,D - D U D U,D - D - D U,D - - - - -,D - D U D U,D=abajo; U=arriba; -=silencio/no golpe; x=apagado si aparece,D,-,D,U,D,U,,,G [D - D U D U],C [D - D U D U],G [D - D U D U],D [D - D U D U],G [D - D U D U],C [D - D U D U],D [D - D U D U],G [D - - - - -],,,,,,,,,G G G G G G,C C C C C C,G G G G G G,D D D D D D,G G G G G G,C C C C C C,D D D D D D,G G G G G G,,,,,,,,,D - D U D U,D - D U D U,D - D U D U,D - D U D U,D - D U D U,D - D U D U,D - D U D U,D - - - - -,,,,,,,,,G | C | G | D | G | C | D | G,acompanamiento_v6_musical_simplificado,"cambios reales de acordes, groove y estructura corta reconocible",V6: max 16 compases; subdivision max 8; no se rellenan compases vacios; 12/8 se trata como shuffle en 4/4 por limite tecnico,no,0,,,Alta utilidad pedagogica; version simplificada. | V6 confianza=alta. | APP_SAFE: slash chords simplificados a acorde base para evitar fallos de playback.
Si - nueva V5,Nueva incorporacion,Cancion tipica/deseable para acompanar en guitarra con arreglo principiante.,424,Clementine,Traditional,EN,folk 3/4,2,50,78,3/4,vals/balada ternaria,6,1 & 2 & 3 &,C/G/Am segun voz,0-3 opcional,EADGBE,G; D; C,8,D - D U D U,D - D U D U,D - D - D U,D - - - - -,D - D U D U,D=abajo; U=arriba; -=silencio/no golpe; x=apagado si aparece,D,-,D,U,D,U,,,G [D - D U D U],D [D - D U D U],G [D - D U D U],C [D - D U D U],G [D - D U D U],D [D - D U D U],G [D - D U D U],G [D - - - - -],,,,,,,,,G G G G G G,D D D D D D,G G G G G G,C C C C C C,G G G G G G,D D D D D D,G G G G G G,G G G G G G,,,,,,,,,D - D U D U,D - D U D U,D - D U D U,D - D U D U,D - D U D U,D - D U D U,D - D U D U,D - - - - -,,,,,,,,,G | D | G | C | G | D | G | G,acompanamiento_v6_musical_simplificado,"cambios reales de acordes, groove y estructura corta reconocible",V6: max 16 compases; subdivision max 8; no se rellenan compases vacios; 12/8 se trata como shuffle en 4/4 por limite tecnico,no,0,,,Alta utilidad pedagogica; version simplificada. | V6 confianza=alta. | APP_SAFE: slash chords simplificados a acorde base para evitar fallos de playback.
Si - nueva V5,Nueva incorporacion,Cancion tipica/deseable para acompanar en guitarra con arreglo principiante.,425,All Through the Night,Traditional,EN,folk 3/4,2,50,78,3/4,vals/balada ternaria,6,1 & 2 & 3 &,C/G/Am segun voz,0-3 opcional,EADGBE,C; F; G,8,D - D U D U,D - D U D U,D - D - D U,D - - - - -,D - D U D U,D=abajo; U=arriba; -=silencio/no golpe; x=apagado si aparece,D,-,D,U,D,U,,,C [D - D U D U],F [D - D U D U],C [D - D U D U],G [D - D U D U],C [D - D U D U],F [D - D U D U],G [D - D U D U],C [D - - - - -],,,,,,,,,C C C C C C,F F F F F F,C C C C C C,G G G G G G,C C C C C C,F F F F F F,G G G G G G,C C C C C C,,,,,,,,,D - D U D U,D - D U D U,D - D U D U,D - D U D U,D - D U D U,D - D U D U,D - D U D U,D - - - - -,,,,,,,,,C | F | C | G | C | F | G | C,acompanamiento_v6_musical_simplificado,"cambios reales de acordes, groove y estructura corta reconocible",V6: max 16 compases; subdivision max 8; no se rellenan compases vacios; 12/8 se trata como shuffle en 4/4 por limite tecnico,no,0,,,Alta utilidad pedagogica; version simplificada. | V6 confianza=alta. | APP_SAFE: slash chords simplificados a acorde base para evitar fallos de playback.
Si - nueva V5,Nueva incorporacion,Cancion tipica/deseable para acompanar en guitarra con arreglo principiante.,426,Scarborough Fair - simplified,Simon & Garfunkel,EN,folk 3/4,2,50,78,3/4,vals/balada ternaria,6,1 & 2 & 3 &,C/G/Am segun voz,0-3 opcional,EADGBE,Am; G; Em,8,D - D U D U,D - D U D U,D - D - D U,D - - - - -,D - D U D U,D=abajo; U=arriba; -=silencio/no golpe; x=apagado si aparece,D,-,D,U,D,U,,,Am [D - D U D U],G [D - D U D U],Am [D - D U D U],Em [D - D U D U],Am [D - D U D U],G [D - D U D U],Em [D - D U D U],Am [D - - - - -],,,,,,,,,Am Am Am Am Am Am,G G G G G G,Am Am Am Am Am Am,Em Em Em Em Em Em,Am Am Am Am Am Am,G G G G G G,Em Em Em Em Em Em,Am Am Am Am Am Am,,,,,,,,,D - D U D U,D - D U D U,D - D U D U,D - D U D U,D - D U D U,D - D U D U,D - D U D U,D - - - - -,,,,,,,,,Am | G | Am | Em | Am | G | Em | Am,acompanamiento_v6_musical_simplificado,"cambios reales de acordes, groove y estructura corta reconocible",V6: max 16 compases; subdivision max 8; no se rellenan compases vacios; 12/8 se trata como shuffle en 4/4 por limite tecnico,no,0,,,Alta utilidad pedagogica; version simplificada. | V6 confianza=alta. | APP_SAFE: slash chords simplificados a acorde base para evitar fallos de playback.
Si - nueva V5,Nueva incorporacion,Cancion tipica/deseable para acompanar en guitarra con arreglo principiante.,427,Greensleeves - easy,Traditional,EN,folk 3/4,2,50,78,3/4,vals/balada ternaria,6,1 & 2 & 3 &,C/G/Am segun voz,0-3 opcional,EADGBE,Am; G; E,8,D - D U D U,D - D U D U,D - D - D U,D - - - - -,D - D U D U,D=abajo; U=arriba; -=silencio/no golpe; x=apagado si aparece,D,-,D,U,D,U,,,Am [D - D U D U],G [D - D U D U],Am [D - D U D U],E [D - D U D U],Am [D - D U D U],G [D - D U D U],E [D - D U D U],Am [D - - - - -],,,,,,,,,Am Am Am Am Am Am,G G G G G G,Am Am Am Am Am Am,E E E E E E,Am Am Am Am Am Am,G G G G G G,E E E E E E,Am Am Am Am Am Am,,,,,,,,,D - D U D U,D - D U D U,D - D U D U,D - D U D U,D - D U D U,D - D U D U,D - D U D U,D - - - - -,,,,,,,,,Am | G | Am | E | Am | G | E | Am,acompanamiento_v6_musical_simplificado,"cambios reales de acordes, groove y estructura corta reconocible",V6: max 16 compases; subdivision max 8; no se rellenan compases vacios; 12/8 se trata como shuffle en 4/4 por limite tecnico,no,0,,,Alta utilidad pedagogica; version simplificada. | V6 confianza=alta. | APP_SAFE: slash chords simplificados a acorde base para evitar fallos de playback.
Si - nueva V5,Nueva incorporacion,Cancion tipica/deseable para acompanar en guitarra con arreglo principiante.,428,Norwegian Wood - waltz easy,The Beatles,EN,folk 3/4,2,50,78,3/4,vals/balada ternaria,6,1 & 2 & 3 &,C/G/Am segun voz,0-3 opcional,EADGBE,D; C; G,4,D - D U D U,D - D U D U,D - D - D U,D - - - - -,D - D U D U,D=abajo; U=arriba; -=silencio/no golpe; x=apagado si aparece,D,-,D,U,D,U,,,D [D - D U D U],C [D - D U D U],G [D - D U D U],D [D - D U D U],,,,,,,,,,,,,D D D D D D,C C C C C C,G G G G G G,D D D D D D,,,,,,,,,,,,,D - D U D U,D - D U D U,D - D U D U,D - D U D U,,,,,,,,,,,,,D | C | G | D,acompanamiento_v6_musical_simplificado,"cambios reales de acordes, groove y estructura corta reconocible",V6: max 16 compases; subdivision max 8; no se rellenan compases vacios; 12/8 se trata como shuffle en 4/4 por limite tecnico,no,0,,,Alta utilidad pedagogica; version simplificada. | V6 confianza=alta. | APP_SAFE: slash chords simplificados a acorde base para evitar fallos de playback.
Si - nueva V5,Nueva incorporacion,Cancion tipica/deseable para acompanar en guitarra con arreglo principiante.,429,Norwegian Wood,The Beatles,EN,folk 3/4,2,50,78,3/4,vals/balada ternaria,6,1 & 2 & 3 &,C/G/Am segun voz,0-3 opcional,EADGBE,D; C; G,4,D - D U D U,D - D U D U,D - D - D U,D - - - - -,D - D U D U,D=abajo; U=arriba; -=silencio/no golpe; x=apagado si aparece,D,-,D,U,D,U,,,D [D - D U D U],C [D - D U D U],G [D - D U D U],D [D - D U D U],,,,,,,,,,,,,D D D D D D,C C C C C C,G G G G G G,D D D D D D,,,,,,,,,,,,,D - D U D U,D - D U D U,D - D U D U,D - D U D U,,,,,,,,,,,,,D | C | G | D,acompanamiento_v6_musical_simplificado,"cambios reales de acordes, groove y estructura corta reconocible",V6: max 16 compases; subdivision max 8; no se rellenan compases vacios; 12/8 se trata como shuffle en 4/4 por limite tecnico,no,0,,,Alta utilidad pedagogica; version simplificada. | V6 confianza=alta. | APP_SAFE: slash chords simplificados a acorde base para evitar fallos de playback.
Si - nueva V5,Nueva incorporacion,Cancion tipica/deseable para acompanar en guitarra con arreglo principiante.,430,Moon River - easy,Henry Mancini,EN,balada 3/4,2,50,78,3/4,vals/balada ternaria,6,1 & 2 & 3 &,C/G/Am segun voz,0-3 opcional,EADGBE,C; Am; F; G,8,D - D U D U,D - D U D U,D - D - D U,D - - - - -,D - D U D U,D=abajo; U=arriba; -=silencio/no golpe; x=apagado si aparece,D,-,D,U,D,U,,,C [D - D U D U],Am [D - D U D U],F [D - D U D U],G [D - D U D U],C [D - D U D U],Am [D - D U D U],F [D - D U D U],G [D - - - - -],,,,,,,,,C C C C C C,Am Am Am Am Am Am,F F F F F F,G G G G G G,C C C C C C,Am Am Am Am Am Am,F F F F F F,G G G G G G,,,,,,,,,D - D U D U,D - D U D U,D - D U D U,D - D U D U,D - D U D U,D - D U D U,D - D U D U,D - - - - -,,,,,,,,,C | Am | F | G | C | Am | F | G,acompanamiento_v6_musical_simplificado,"cambios reales de acordes, groove y estructura corta reconocible",V6: max 16 compases; subdivision max 8; no se rellenan compases vacios; 12/8 se trata como shuffle en 4/4 por limite tecnico,no,0,,,Alta utilidad pedagogica; version simplificada. | V6 confianza=alta. | APP_SAFE: slash chords simplificados a acorde base para evitar fallos de playback.
Si - nueva V5,Nueva incorporacion,Cancion tipica/deseable para acompanar en guitarra con arreglo principiante.,431,Annies Song,John Denver,EN,folk 3/4,2,50,78,3/4,vals/balada ternaria,6,1 & 2 & 3 &,C/G/Am segun voz,0-3 opcional,EADGBE,D; G; A; Bm,8,D - D U D U,D - D U D U,D - D - D U,D - - - - -,D - D U D U,D=abajo; U=arriba; -=silencio/no golpe; x=apagado si aparece,D,-,D,U,D,U,,,D [D - D U D U],G [D - D U D U],A [D - D U D U],D [D - D U D U],Bm [D - D U D U],G [D - D U D U],A [D - D U D U],D [D - - - - -],,,,,,,,,D D D D D D,G G G G G G,A A A A A A,D D D D D D,Bm Bm Bm Bm Bm Bm,G G G G G G,A A A A A A,D D D D D D,,,,,,,,,D - D U D U,D - D U D U,D - D U D U,D - D U D U,D - D U D U,D - D U D U,D - D U D U,D - - - - -,,,,,,,,,D | G | A | D | Bm | G | A | D,acompanamiento_v6_musical_simplificado,"cambios reales de acordes, groove y estructura corta reconocible",V6: max 16 compases; subdivision max 8; no se rellenan compases vacios; 12/8 se trata como shuffle en 4/4 por limite tecnico,no,0,,,Alta utilidad pedagogica; version simplificada. | V6 confianza=alta. | APP_SAFE: slash chords simplificados a acorde base para evitar fallos de playback.
Si - nueva V5,Nueva incorporacion,Cancion tipica/deseable para acompanar en guitarra con arreglo principiante.,432,When Irish Eyes Are Smiling,Traditional,EN,folk 3/4,2,50,78,3/4,vals/balada ternaria,6,1 & 2 & 3 &,C/G/Am segun voz,0-3 opcional,EADGBE,C; G; F,8,D - D U D U,D - D U D U,D - D - D U,D - - - - -,D - D U D U,D=abajo; U=arriba; -=silencio/no golpe; x=apagado si aparece,D,-,D,U,D,U,,,C [D - D U D U],G [D - D U D U],F [D - D U D U],C [D - D U D U],C [D - D U D U],G [D - D U D U],C [D - D U D U],C [D - - - - -],,,,,,,,,C C C C C C,G G G G G G,F F F F F F,C C C C C C,C C C C C C,G G G G G G,C C C C C C,C C C C C C,,,,,,,,,D - D U D U,D - D U D U,D - D U D U,D - D U D U,D - D U D U,D - D U D U,D - D U D U,D - - - - -,,,,,,,,,C | G | F | C | C | G | C | C,acompanamiento_v6_musical_simplificado,"cambios reales de acordes, groove y estructura corta reconocible",V6: max 16 compases; subdivision max 8; no se rellenan compases vacios; 12/8 se trata como shuffle en 4/4 por limite tecnico,no,0,,,Alta utilidad pedagogica; version simplificada. | V6 confianza=alta. | APP_SAFE: slash chords simplificados a acorde base para evitar fallos de playback.
Si - nueva V5,Nueva incorporacion,Cancion tipica/deseable para acompanar en guitarra con arreglo principiante.,433,Las Mananitas,Traditional,ES,tradicional 3/4,2,50,78,3/4,vals/balada ternaria,6,1 & 2 & 3 &,C/G/Am segun voz,0-3 opcional,EADGBE,C; G7; F,8,D - D U D U,D - D U D U,D - D - D U,D - - - - -,D - D U D U,D=abajo; U=arriba; -=silencio/no golpe; x=apagado si aparece,D,-,D,U,D,U,,,C [D - D U D U],G7 [D - D U D U],C [D - D U D U],F [D - D U D U],C [D - D U D U],G7 [D - D U D U],C [D - D U D U],C [D - - - - -],,,,,,,,,C C C C C C,G7 G7 G7 G7 G7 G7,C C C C C C,F F F F F F,C C C C C C,G7 G7 G7 G7 G7 G7,C C C C C C,C C C C C C,,,,,,,,,D - D U D U,D - D U D U,D - D U D U,D - D U D U,D - D U D U,D - D U D U,D - D U D U,D - - - - -,,,,,,,,,C | G7 | C | F | C | G7 | C | C,acompanamiento_v6_musical_simplificado,"cambios reales de acordes, groove y estructura corta reconocible",V6: max 16 compases; subdivision max 8; no se rellenan compases vacios; 12/8 se trata como shuffle en 4/4 por limite tecnico,no,0,,,Alta utilidad pedagogica; version simplificada. | V6 confianza=alta. | APP_SAFE: slash chords simplificados a acorde base para evitar fallos de playback.
Si - nueva V5,Nueva incorporacion,Cancion tipica/deseable para acompanar en guitarra con arreglo principiante.,434,Cielito Lindo - vals easy,Traditional,ES,tradicional 3/4,2,50,78,3/4,vals/balada ternaria,6,1 & 2 & 3 &,C/G/Am segun voz,0-3 opcional,EADGBE,C; G7; F,8,D - D U D U,D - D U D U,D - D - D U,D - - - - -,D - D U D U,D=abajo; U=arriba; -=silencio/no golpe; x=apagado si aparece,D,-,D,U,D,U,,,C [D - D U D U],G7 [D - D U D U],C [D - D U D U],F [D - D U D U],C [D - D U D U],G7 [D - D U D U],C [D - D U D U],C [D - - - - -],,,,,,,,,C C C C C C,G7 G7 G7 G7 G7 G7,C C C C C C,F F F F F F,C C C C C C,G7 G7 G7 G7 G7 G7,C C C C C C,C C C C C C,,,,,,,,,D - D U D U,D - D U D U,D - D U D U,D - D U D U,D - D U D U,D - D U D U,D - D U D U,D - - - - -,,,,,,,,,C | G7 | C | F | C | G7 | C | C,acompanamiento_v6_musical_simplificado,"cambios reales de acordes, groove y estructura corta reconocible",V6: max 16 compases; subdivision max 8; no se rellenan compases vacios; 12/8 se trata como shuffle en 4/4 por limite tecnico,no,0,,,Alta utilidad pedagogica; version simplificada. | V6 confianza=alta. | APP_SAFE: slash chords simplificados a acorde base para evitar fallos de playback.
Si - nueva V5,Nueva incorporacion,Cancion tipica/deseable para acompanar en guitarra con arreglo principiante.,435,La Paloma,Sebastian Iradier,ES,habanera/3/4 simplificada,2,50,78,3/4,vals/balada ternaria,6,1 & 2 & 3 &,C/G/Am segun voz,0-3 opcional,EADGBE,C; G7; F,8,D - D U D U,D - D U D U,D - D - D U,D - - - - -,D - D U D U,D=abajo; U=arriba; -=silencio/no golpe; x=apagado si aparece,D,-,D,U,D,U,,,C [D - D U D U],G7 [D - D U D U],F [D - D U D U],C [D - D U D U],C [D - D U D U],G7 [D - D U D U],C [D - D U D U],C [D - - - - -],,,,,,,,,C C C C C C,G7 G7 G7 G7 G7 G7,F F F F F F,C C C C C C,C C C C C C,G7 G7 G7 G7 G7 G7,C C C C C C,C C C C C C,,,,,,,,,D - D U D U,D - D U D U,D - D U D U,D - D U D U,D - D U D U,D - D U D U,D - D U D U,D - - - - -,,,,,,,,,C | G7 | F | C | C | G7 | C | C,acompanamiento_v6_musical_simplificado,"cambios reales de acordes, groove y estructura corta reconocible",V6: max 16 compases; subdivision max 8; no se rellenan compases vacios; 12/8 se trata como shuffle en 4/4 por limite tecnico,no,0,,,Alta utilidad pedagogica; version simplificada. | V6 confianza=alta. | APP_SAFE: slash chords simplificados a acorde base para evitar fallos de playback.
Si - nueva V5,Nueva incorporacion,Cancion tipica/deseable para acompanar en guitarra con arreglo principiante.,436,El Reloj - easy,Los Panchos,ES,bolero 3/4 simplificado,2,50,78,3/4,vals/balada ternaria,6,1 & 2 & 3 &,C/G/Am segun voz,0-3 opcional,EADGBE,C; G7; Am; Dm,8,D - D U D U,D - D U D U,D - D - D U,D - - - - -,D - D U D U,D=abajo; U=arriba; -=silencio/no golpe; x=apagado si aparece,D,-,D,U,D,U,,,C [D - D U D U],G7 [D - D U D U],Am [D - D U D U],Dm [D - D U D U],G7 [D - D U D U],C [D - D U D U],C [D - D U D U],C [D - - - - -],,,,,,,,,C C C C C C,G7 G7 G7 G7 G7 G7,Am Am Am Am Am Am,Dm Dm Dm Dm Dm Dm,G7 G7 G7 G7 G7 G7,C C C C C C,C C C C C C,C C C C C C,,,,,,,,,D - D U D U,D - D U D U,D - D U D U,D - D U D U,D - D U D U,D - D U D U,D - D U D U,D - - - - -,,,,,,,,,C | G7 | Am | Dm | G7 | C | C | C,acompanamiento_v6_musical_simplificado,"cambios reales de acordes, groove y estructura corta reconocible",V6: max 16 compases; subdivision max 8; no se rellenan compases vacios; 12/8 se trata como shuffle en 4/4 por limite tecnico,no,0,,,Alta utilidad pedagogica; version simplificada. | V6 confianza=alta. | APP_SAFE: slash chords simplificados a acorde base para evitar fallos de playback.
Si - nueva V5,Nueva incorporacion,Cancion tipica/deseable para acompanar en guitarra con arreglo principiante.,437,Noche de ronda - easy,Agustin Lara,ES,bolero 3/4,2,50,78,3/4,vals/balada ternaria,6,1 & 2 & 3 &,C/G/Am segun voz,0-3 opcional,EADGBE,C; G7; F; Dm,8,D - D U D U,D - D U D U,D - D - D U,D - - - - -,D - D U D U,D=abajo; U=arriba; -=silencio/no golpe; x=apagado si aparece,D,-,D,U,D,U,,,C [D - D U D U],G7 [D - D U D U],F [D - D U D U],C [D - D U D U],Dm [D - D U D U],G7 [D - D U D U],C [D - D U D U],C [D - - - - -],,,,,,,,,C C C C C C,G7 G7 G7 G7 G7 G7,F F F F F F,C C C C C C,Dm Dm Dm Dm Dm Dm,G7 G7 G7 G7 G7 G7,C C C C C C,C C C C C C,,,,,,,,,D - D U D U,D - D U D U,D - D U D U,D - D U D U,D - D U D U,D - D U D U,D - D U D U,D - - - - -,,,,,,,,,C | G7 | F | C | Dm | G7 | C | C,acompanamiento_v6_musical_simplificado,"cambios reales de acordes, groove y estructura corta reconocible",V6: max 16 compases; subdivision max 8; no se rellenan compases vacios; 12/8 se trata como shuffle en 4/4 por limite tecnico,no,0,,,Alta utilidad pedagogica; version simplificada. | V6 confianza=alta. | APP_SAFE: slash chords simplificados a acorde base para evitar fallos de playback.
Si - nueva V5,Nueva incorporacion,Cancion tipica/deseable para acompanar en guitarra con arreglo principiante.,438,Ansiedad - easy,Nat King Cole / popular,ES,vals/bolero,2,50,78,3/4,vals/balada ternaria,6,1 & 2 & 3 &,C/G/Am segun voz,0-3 opcional,EADGBE,C; G7; F,8,D - D U D U,D - D U D U,D - D - D U,D - - - - -,D - D U D U,D=abajo; U=arriba; -=silencio/no golpe; x=apagado si aparece,D,-,D,U,D,U,,,C [D - D U D U],G7 [D - D U D U],F [D - D U D U],C [D - D U D U],C [D - D U D U],G7 [D - D U D U],C [D - D U D U],C [D - - - - -],,,,,,,,,C C C C C C,G7 G7 G7 G7 G7 G7,F F F F F F,C C C C C C,C C C C C C,G7 G7 G7 G7 G7 G7,C C C C C C,C C C C C C,,,,,,,,,D - D U D U,D - D U D U,D - D U D U,D - D U D U,D - D U D U,D - D U D U,D - D U D U,D - - - - -,,,,,,,,,C | G7 | F | C | C | G7 | C | C,acompanamiento_v6_musical_simplificado,"cambios reales de acordes, groove y estructura corta reconocible",V6: max 16 compases; subdivision max 8; no se rellenan compases vacios; 12/8 se trata como shuffle en 4/4 por limite tecnico,no,0,,,Alta utilidad pedagogica; version simplificada. | V6 confianza=alta. | APP_SAFE: slash chords simplificados a acorde base para evitar fallos de playback.
Si - nueva V5,Nueva incorporacion,Cancion tipica/deseable para acompanar en guitarra con arreglo principiante.,439,La Bikina - easy,Ruben Fuentes,ES,vals mexicano,2,50,78,3/4,vals/balada ternaria,6,1 & 2 & 3 &,C/G/Am segun voz,0-3 opcional,EADGBE,Am; E7; Dm,8,D - D U D U,D - D U D U,D - D - D U,D - - - - -,D - D U D U,D=abajo; U=arriba; -=silencio/no golpe; x=apagado si aparece,D,-,D,U,D,U,,,Am [D - D U D U],E7 [D - D U D U],Am [D - D U D U],Dm [D - D U D U],Am [D - D U D U],E7 [D - D U D U],Am [D - D U D U],Am [D - - - - -],,,,,,,,,Am Am Am Am Am Am,E7 E7 E7 E7 E7 E7,Am Am Am Am Am Am,Dm Dm Dm Dm Dm Dm,Am Am Am Am Am Am,E7 E7 E7 E7 E7 E7,Am Am Am Am Am Am,Am Am Am Am Am Am,,,,,,,,,D - D U D U,D - D U D U,D - D U D U,D - D U D U,D - D U D U,D - D U D U,D - D U D U,D - - - - -,,,,,,,,,Am | E7 | Am | Dm | Am | E7 | Am | Am,acompanamiento_v6_musical_simplificado,"cambios reales de acordes, groove y estructura corta reconocible",V6: max 16 compases; subdivision max 8; no se rellenan compases vacios; 12/8 se trata como shuffle en 4/4 por limite tecnico,no,0,,,Alta utilidad pedagogica; version simplificada. | V6 confianza=alta. | APP_SAFE: slash chords simplificados a acorde base para evitar fallos de playback.
Si - nueva V5,Nueva incorporacion,Cancion tipica/deseable para acompanar en guitarra con arreglo principiante.,440,Nothing Else Matters - simplified,Metallica,EN,rock balada 6/8,2,46,72,6/8,balada/arpegio 6/8,6,1 2 3 4 5 6,C/G/Am segun voz,0-3 opcional,EADGBE,Em; D; C; G,8,D - - D - U,D - U D - U,D - - D - U,D - - - - -,D - - D - U,D=abajo; U=arriba; -=silencio/no golpe; x=apagado si aparece,D,-,-,D,-,U,,,Em [D - - D - U],D [D - - D - U],C [D - - D - U],G [D - - D - U],Em [D - U D - U],D [D - U D - U],C [D - U D - U],C [D - - - - -],,,,,,,,,Em Em Em Em Em Em,D D D D D D,C C C C C C,G G G G G G,Em Em Em Em Em Em,D D D D D D,C C C C C C,C C C C C C,,,,,,,,,D - - D - U,D - - D - U,D - - D - U,D - - D - U,D - U D - U,D - U D - U,D - U D - U,D - - - - -,,,,,,,,,Em | D | C | G | Em | D | C | C,acompanamiento_v6_musical_simplificado,"cambios reales de acordes, groove y estructura corta reconocible",V6: max 16 compases; subdivision max 8; no se rellenan compases vacios; 12/8 se trata como shuffle en 4/4 por limite tecnico,no,0,,,Alta utilidad pedagogica; version simplificada. | V6 confianza=alta. | APP_SAFE: slash chords simplificados a acorde base para evitar fallos de playback.
Si - nueva V5,Nueva incorporacion,Cancion tipica/deseable para acompanar en guitarra con arreglo principiante.,441,Kiss from a Rose - easy,Seal,EN,soul pop 6/8,2,46,72,6/8,balada/arpegio 6/8,6,1 2 3 4 5 6,C/G/Am segun voz,0-3 opcional,EADGBE,G; D; C; Em,8,D - - D - U,D - U D - U,D - - D - U,D - - - - -,D - - D - U,D=abajo; U=arriba; -=silencio/no golpe; x=apagado si aparece,D,-,-,D,-,U,,,G [D - - D - U],D [D - - D - U],C [D - - D - U],Em [D - - D - U],G [D - U D - U],D [D - U D - U],C [D - U D - U],C [D - - - - -],,,,,,,,,G G G G G G,D D D D D D,C C C C C C,Em Em Em Em Em Em,G G G G G G,D D D D D D,C C C C C C,C C C C C C,,,,,,,,,D - - D - U,D - - D - U,D - - D - U,D - - D - U,D - U D - U,D - U D - U,D - U D - U,D - - - - -,,,,,,,,,G | D | C | Em | G | D | C | C,acompanamiento_v6_musical_simplificado,"cambios reales de acordes, groove y estructura corta reconocible",V6: max 16 compases; subdivision max 8; no se rellenan compases vacios; 12/8 se trata como shuffle en 4/4 por limite tecnico,no,0,,,Alta utilidad pedagogica; version simplificada. | V6 confianza=alta. | APP_SAFE: slash chords simplificados a acorde base para evitar fallos de playback.
Si - nueva V5,Nueva incorporacion,Cancion tipica/deseable para acompanar en guitarra con arreglo principiante.,442,Unchained Melody,The Righteous Brothers,EN,balada 6/8,2,46,72,6/8,balada/arpegio 6/8,6,1 2 3 4 5 6,C/G/Am segun voz,0-3 opcional,EADGBE,C; Am; F; G,8,D - - D - U,D - U D - U,D - - D - U,D - - - - -,D - - D - U,D=abajo; U=arriba; -=silencio/no golpe; x=apagado si aparece,D,-,-,D,-,U,,,C [D - - D - U],Am [D - - D - U],F [D - - D - U],G [D - - D - U],C [D - U D - U],Am [D - U D - U],F [D - U D - U],G [D - - - - -],,,,,,,,,C C C C C C,Am Am Am Am Am Am,F F F F F F,G G G G G G,C C C C C C,Am Am Am Am Am Am,F F F F F F,G G G G G G,,,,,,,,,D - - D - U,D - - D - U,D - - D - U,D - - D - U,D - U D - U,D - U D - U,D - U D - U,D - - - - -,,,,,,,,,C | Am | F | G | C | Am | F | G,acompanamiento_v6_musical_simplificado,"cambios reales de acordes, groove y estructura corta reconocible",V6: max 16 compases; subdivision max 8; no se rellenan compases vacios; 12/8 se trata como shuffle en 4/4 por limite tecnico,no,0,,,Alta utilidad pedagogica; version simplificada. | V6 confianza=alta. | APP_SAFE: slash chords simplificados a acorde base para evitar fallos de playback.
Si - nueva V5,Nueva incorporacion,Cancion tipica/deseable para acompanar en guitarra con arreglo principiante.,443,We Are the Champions - easy,Queen,EN,rock 6/8,2,46,72,6/8,balada/arpegio 6/8,6,1 2 3 4 5 6,C/G/Am segun voz,0-3 opcional,EADGBE,Am; Dm; G; C; F; E,8,D - - D - U,D - U D - U,D - - D - U,D - - - - -,D - - D - U,D=abajo; U=arriba; -=silencio/no golpe; x=apagado si aparece,D,-,-,D,-,U,,,Am [D - - D - U],Dm [D - - D - U],G [D - - D - U],C [D - - D - U],F [D - U D - U],Dm [D - U D - U],E [D - U D - U],E [D - - - - -],,,,,,,,,Am Am Am Am Am Am,Dm Dm Dm Dm Dm Dm,G G G G G G,C C C C C C,F F F F F F,Dm Dm Dm Dm Dm Dm,E E E E E E,E E E E E E,,,,,,,,,D - - D - U,D - - D - U,D - - D - U,D - - D - U,D - U D - U,D - U D - U,D - U D - U,D - - - - -,,,,,,,,,Am | Dm | G | C | F | Dm | E | E,acompanamiento_v6_musical_simplificado,"cambios reales de acordes, groove y estructura corta reconocible",V6: max 16 compases; subdivision max 8; no se rellenan compases vacios; 12/8 se trata como shuffle en 4/4 por limite tecnico,no,0,,,Alta utilidad pedagogica; version simplificada. | V6 confianza=alta. | APP_SAFE: slash chords simplificados a acorde base para evitar fallos de playback.
Si - nueva V5,Nueva incorporacion,Cancion tipica/deseable para acompanar en guitarra con arreglo principiante.,444,House of the Rising Sun - arpegio easy,The Animals,EN,folk rock 6/8,2,46,72,6/8,balada/arpegio 6/8,6,1 2 3 4 5 6,C/G/Am segun voz,0-3 opcional,EADGBE,Am; C; D; F; E,8,D - U D - U,D - - D - U,D - U D - U,D - - - - -,D - U D - U,D=abajo; U=arriba; -=silencio/no golpe; x=apagado si aparece,D,-,U,D,-,U,,,Am [D - U D - U],C [D - U D - U],D [D - U D - U],F [D - U D - U],Am [D - - D - U],C [D - - D - U],E [D - - D - U],E [D - - - - -],,,,,,,,,Am Am Am Am Am Am,C C C C C C,D D D D D D,F F F F F F,Am Am Am Am Am Am,C C C C C C,E E E E E E,E E E E E E,,,,,,,,,D - U D - U,D - U D - U,D - U D - U,D - U D - U,D - - D - U,D - - D - U,D - - D - U,D - - - - -,,,,,,,,,Am | C | D | F | Am | C | E | E,acompanamiento_v6_musical_simplificado,"cambios reales de acordes, groove y estructura corta reconocible",V6: max 16 compases; subdivision max 8; no se rellenan compases vacios; 12/8 se trata como shuffle en 4/4 por limite tecnico,no,0,,,Alta utilidad pedagogica; version simplificada. | V6 confianza=alta. | APP_SAFE: slash chords simplificados a acorde base para evitar fallos de playback.
Si - nueva V5,Nueva incorporacion,Cancion tipica/deseable para acompanar en guitarra con arreglo principiante.,445,Hallelujah - 6/8 easy,Leonard Cohen,EN,balada 6/8,2,46,72,6/8,balada/arpegio 6/8,6,1 2 3 4 5 6,C/G/Am segun voz,0-3 opcional,EADGBE,C; Am; F; G,8,D - - D - U,D - U D - U,D - - D - U,D - - - - -,D - - D - U,D=abajo; U=arriba; -=silencio/no golpe; x=apagado si aparece,D,-,-,D,-,U,,,C [D - - D - U],Am [D - - D - U],C [D - - D - U],Am [D - - D - U],F [D - U D - U],G [D - U D - U],C [D - U D - U],G [D - - - - -],,,,,,,,,C C C C C C,Am Am Am Am Am Am,C C C C C C,Am Am Am Am Am Am,F F F F F F,G G G G G G,C C C C C C,G G G G G G,,,,,,,,,D - - D - U,D - - D - U,D - - D - U,D - - D - U,D - U D - U,D - U D - U,D - U D - U,D - - - - -,,,,,,,,,C | Am | C | Am | F | G | C | G,acompanamiento_v6_musical_simplificado,"cambios reales de acordes, groove y estructura corta reconocible",V6: max 16 compases; subdivision max 8; no se rellenan compases vacios; 12/8 se trata como shuffle en 4/4 por limite tecnico,no,0,,,Alta utilidad pedagogica; version simplificada. | V6 confianza=alta. | APP_SAFE: slash chords simplificados a acorde base para evitar fallos de playback.
Si - nueva V5,Nueva incorporacion,Cancion tipica/deseable para acompanar en guitarra con arreglo principiante.,446,Everybody Hurts - 6/8 easy,R.E.M.,EN,balada 6/8,2,46,72,6/8,balada/arpegio 6/8,6,1 2 3 4 5 6,C/G/Am segun voz,0-3 opcional,EADGBE,D; G; Em; A,8,D - U D - U,D - - D - U,D - U D - U,D - - - - -,D - U D - U,D=abajo; U=arriba; -=silencio/no golpe; x=apagado si aparece,D,-,U,D,-,U,,,D [D - U D - U],G [D - U D - U],D [D - U D - U],G [D - U D - U],Em [D - - D - U],A [D - - D - U],Em [D - - D - U],A [D - - - - -],,,,,,,,,D D D D D D,G G G G G G,D D D D D D,G G G G G G,Em Em Em Em Em Em,A A A A A A,Em Em Em Em Em Em,A A A A A A,,,,,,,,,D - U D - U,D - U D - U,D - U D - U,D - U D - U,D - - D - U,D - - D - U,D - - D - U,D - - - - -,,,,,,,,,D | G | D | G | Em | A | Em | A,acompanamiento_v6_musical_simplificado,"cambios reales de acordes, groove y estructura corta reconocible",V6: max 16 compases; subdivision max 8; no se rellenan compases vacios; 12/8 se trata como shuffle en 4/4 por limite tecnico,no,0,,,Alta utilidad pedagogica; version simplificada. | V6 confianza=alta. | APP_SAFE: slash chords simplificados a acorde base para evitar fallos de playback.
Si - nueva V5,Nueva incorporacion,Cancion tipica/deseable para acompanar en guitarra con arreglo principiante.,447,Perfect - 6/8 easy,Ed Sheeran,EN,balada 6/8,2,46,72,6/8,balada/arpegio 6/8,6,1 2 3 4 5 6,C/G/Am segun voz,0-3 opcional,EADGBE,G; Em; C; D,4,D - - D - U,D - U D - U,D - - D - U,D - - - - -,D - - D - U,D=abajo; U=arriba; -=silencio/no golpe; x=apagado si aparece,D,-,-,D,-,U,,,G [D - - D - U],Em [D - - D - U],C [D - - D - U],D [D - - D - U],,,,,,,,,,,,,G G G G G G,Em Em Em Em Em Em,C C C C C C,D D D D D D,,,,,,,,,,,,,D - - D - U,D - - D - U,D - - D - U,D - - D - U,,,,,,,,,,,,,G | Em | C | D,acompanamiento_v6_musical_simplificado,"cambios reales de acordes, groove y estructura corta reconocible",V6: max 16 compases; subdivision max 8; no se rellenan compases vacios; 12/8 se trata como shuffle en 4/4 por limite tecnico,no,0,,,Alta utilidad pedagogica; version simplificada. | V6 confianza=alta. | APP_SAFE: slash chords simplificados a acorde base para evitar fallos de playback.
Si - nueva V5,Nueva incorporacion,Cancion tipica/deseable para acompanar en guitarra con arreglo principiante.,448,Thinking Out Loud - 6/8 easy,Ed Sheeran,EN,balada 6/8,2,46,72,6/8,balada/arpegio 6/8,6,1 2 3 4 5 6,C/G/Am segun voz,0-3 opcional,EADGBE,D; D; G; A; Bm,8,D - - D - U,D - U D - U,D - - D - U,D - - - - -,D - - D - U,D=abajo; U=arriba; -=silencio/no golpe; x=apagado si aparece,D,-,-,D,-,U,,,D [D - - D - U],D [D - - D - U],G [D - - D - U],A [D - - D - U],Bm [D - U D - U],A [D - U D - U],G [D - U D - U],D [D - - - - -],,,,,,,,,D D D D D D,D D D D D D,G G G G G G,A A A A A A,Bm Bm Bm Bm Bm Bm,A A A A A A,G G G G G G,D D D D D D,,,,,,,,,D - - D - U,D - - D - U,D - - D - U,D - - D - U,D - U D - U,D - U D - U,D - U D - U,D - - - - -,,,,,,,,,D | D | G | A | Bm | A | G | D,acompanamiento_v6_musical_simplificado,"cambios reales de acordes, groove y estructura corta reconocible",V6: max 16 compases; subdivision max 8; no se rellenan compases vacios; 12/8 se trata como shuffle en 4/4 por limite tecnico,no,0,,,Alta utilidad pedagogica; version simplificada. | V6 confianza=alta. | APP_SAFE: slash chords simplificados a acorde base para evitar fallos de playback.
Si - nueva V5,Nueva incorporacion,Cancion tipica/deseable para acompanar en guitarra con arreglo principiante.,449,Someone Like You - 6/8 easy,Adele,EN,balada 6/8,2,46,72,6/8,balada/arpegio 6/8,6,1 2 3 4 5 6,C/G/Am segun voz,0-3 opcional,EADGBE,A; E; F#m; D,4,D - - D - U,D - U D - U,D - - D - U,D - - - - -,D - - D - U,D=abajo; U=arriba; -=silencio/no golpe; x=apagado si aparece,D,-,-,D,-,U,,,A [D - - D - U],E [D - - D - U],F#m [D - - D - U],D [D - - D - U],,,,,,,,,,,,,A A A A A A,E E E E E E,F#m F#m F#m F#m F#m F#m,D D D D D D,,,,,,,,,,,,,D - - D - U,D - - D - U,D - - D - U,D - - D - U,,,,,,,,,,,,,A | E | F#m | D,acompanamiento_v6_musical_simplificado,"cambios reales de acordes, groove y estructura corta reconocible",V6: max 16 compases; subdivision max 8; no se rellenan compases vacios; 12/8 se trata como shuffle en 4/4 por limite tecnico,no,0,,,Alta utilidad pedagogica; version simplificada. | V6 confianza=alta. | APP_SAFE: slash chords simplificados a acorde base para evitar fallos de playback.
Si - nueva V5,Nueva incorporacion,Cancion tipica/deseable para acompanar en guitarra con arreglo principiante.,450,A Thousand Years,Christina Perri,EN,balada 6/8,2,46,72,6/8,balada/arpegio 6/8,6,1 2 3 4 5 6,C/G/Am segun voz,0-3 opcional,EADGBE,G; D; Em; C,4,D - - D - U,D - U D - U,D - - D - U,D - - - - -,D - - D - U,D=abajo; U=arriba; -=silencio/no golpe; x=apagado si aparece,D,-,-,D,-,U,,,G [D - - D - U],D [D - - D - U],Em [D - - D - U],C [D - - D - U],,,,,,,,,,,,,G G G G G G,D D D D D D,Em Em Em Em Em Em,C C C C C C,,,,,,,,,,,,,D - - D - U,D - - D - U,D - - D - U,D - - D - U,,,,,,,,,,,,,G | D | Em | C,acompanamiento_v6_musical_simplificado,"cambios reales de acordes, groove y estructura corta reconocible",V6: max 16 compases; subdivision max 8; no se rellenan compases vacios; 12/8 se trata como shuffle en 4/4 por limite tecnico,no,0,,,Alta utilidad pedagogica; version simplificada. | V6 confianza=alta. | APP_SAFE: slash chords simplificados a acorde base para evitar fallos de playback.
Si - nueva V5,Nueva incorporacion,Cancion tipica/deseable para acompanar en guitarra con arreglo principiante.,451,Stay,Rihanna feat. Mikky Ekko,EN,balada 6/8,2,46,72,6/8,balada/arpegio 6/8,6,1 2 3 4 5 6,C/G/Am segun voz,0-3 opcional,EADGBE,C; Dm; Am; F,4,D - - D - U,D - U D - U,D - - D - U,D - - - - -,D - - D - U,D=abajo; U=arriba; -=silencio/no golpe; x=apagado si aparece,D,-,-,D,-,U,,,C [D - - D - U],Dm [D - - D - U],Am [D - - D - U],F [D - - D - U],,,,,,,,,,,,,C C C C C C,Dm Dm Dm Dm Dm Dm,Am Am Am Am Am Am,F F F F F F,,,,,,,,,,,,,D - - D - U,D - - D - U,D - - D - U,D - - D - U,,,,,,,,,,,,,C | Dm | Am | F,acompanamiento_v6_musical_simplificado,"cambios reales de acordes, groove y estructura corta reconocible",V6: max 16 compases; subdivision max 8; no se rellenan compases vacios; 12/8 se trata como shuffle en 4/4 por limite tecnico,no,0,,,Alta utilidad pedagogica; version simplificada. | V6 confianza=alta. | APP_SAFE: slash chords simplificados a acorde base para evitar fallos de playback.
Si - nueva V5,Nueva incorporacion,Cancion tipica/deseable para acompanar en guitarra con arreglo principiante.,452,Gravity - easy,John Mayer,EN,soul 6/8,2,46,72,6/8,balada/arpegio 6/8,6,1 2 3 4 5 6,C/G/Am segun voz,0-3 opcional,EADGBE,G; C,4,D - - D - U,D - U D - U,D - - D - U,D - - - - -,D - - D - U,D=abajo; U=arriba; -=silencio/no golpe; x=apagado si aparece,D,-,-,D,-,U,,,G [D - - D - U],C [D - - D - U],G [D - - D - U],C [D - - D - U],,,,,,,,,,,,,G G G G G G,C C C C C C,G G G G G G,C C C C C C,,,,,,,,,,,,,D - - D - U,D - - D - U,D - - D - U,D - - D - U,,,,,,,,,,,,,G | C | G | C,acompanamiento_v6_musical_simplificado,"cambios reales de acordes, groove y estructura corta reconocible",V6: max 16 compases; subdivision max 8; no se rellenan compases vacios; 12/8 se trata como shuffle en 4/4 por limite tecnico,no,0,,,Alta utilidad pedagogica; version simplificada. | V6 confianza=alta. | APP_SAFE: slash chords simplificados a acorde base para evitar fallos de playback.
Si - nueva V5,Nueva incorporacion,Cancion tipica/deseable para acompanar en guitarra con arreglo principiante.,453,Slow Dancing in a Burning Room - easy,John Mayer,EN,blues pop 6/8,2,46,72,6/8,balada/arpegio 6/8,6,1 2 3 4 5 6,C/G/Am segun voz,0-3 opcional,EADGBE,C#m; A; E; B,4,D - - D - U,D - U D - U,D - - D - U,D - - - - -,D - - D - U,D=abajo; U=arriba; -=silencio/no golpe; x=apagado si aparece,D,-,-,D,-,U,,,C#m [D - - D - U],A [D - - D - U],E [D - - D - U],B [D - - D - U],,,,,,,,,,,,,C#m C#m C#m C#m C#m C#m,A A A A A A,E E E E E E,B B B B B B,,,,,,,,,,,,,D - - D - U,D - - D - U,D - - D - U,D - - D - U,,,,,,,,,,,,,C#m | A | E | B,acompanamiento_v6_musical_simplificado,"cambios reales de acordes, groove y estructura corta reconocible",V6: max 16 compases; subdivision max 8; no se rellenan compases vacios; 12/8 se trata como shuffle en 4/4 por limite tecnico,no,0,,,Alta utilidad pedagogica; version simplificada. | V6 confianza=alta. | APP_SAFE: slash chords simplificados a acorde base para evitar fallos de playback.
Si - nueva V5,Nueva incorporacion,Cancion tipica/deseable para acompanar en guitarra con arreglo principiante.,454,Tennessee Whiskey - easy,Chris Stapleton,EN,country soul 6/8,2,46,72,6/8,balada/arpegio 6/8,6,1 2 3 4 5 6,C/G/Am segun voz,0-3 opcional,EADGBE,A; Bm,2,D - - D - U,D - U D - U,D - - D - U,D - - - - -,D - - D - U,D=abajo; U=arriba; -=silencio/no golpe; x=apagado si aparece,D,-,-,D,-,U,,,A [D - - D - U],Bm [D - - D - U],,,,,,,,,,,,,,,A A A A A A,Bm Bm Bm Bm Bm Bm,,,,,,,,,,,,,,,D - - D - U,D - - D - U,,,,,,,,,,,,,,,A | Bm,acompanamiento_v6_musical_simplificado,"cambios reales de acordes, groove y estructura corta reconocible",V6: max 16 compases; subdivision max 8; no se rellenan compases vacios; 12/8 se trata como shuffle en 4/4 por limite tecnico,no,0,,,Alta utilidad pedagogica; version simplificada. | V6 confianza=alta. | APP_SAFE: slash chords simplificados a acorde base para evitar fallos de playback.
Si - nueva V5,Nueva incorporacion,Cancion tipica/deseable para acompanar en guitarra con arreglo principiante.,455,Make You Feel My Love,Bob Dylan / Adele,EN,balada 6/8,2,46,72,6/8,balada/arpegio 6/8,6,1 2 3 4 5 6,C/G/Am segun voz,0-3 opcional,EADGBE,G; D; Em; C,8,D - - D - U,D - U D - U,D - - D - U,D - - - - -,D - - D - U,D=abajo; U=arriba; -=silencio/no golpe; x=apagado si aparece,D,-,-,D,-,U,,,G [D - - D - U],D [D - - D - U],Em [D - - D - U],C [D - - D - U],G [D - U D - U],D [D - U D - U],C [D - U D - U],G [D - - - - -],,,,,,,,,G G G G G G,D D D D D D,Em Em Em Em Em Em,C C C C C C,G G G G G G,D D D D D D,C C C C C C,G G G G G G,,,,,,,,,D - - D - U,D - - D - U,D - - D - U,D - - D - U,D - U D - U,D - U D - U,D - U D - U,D - - - - -,,,,,,,,,G | D | Em | C | G | D | C | G,acompanamiento_v6_musical_simplificado,"cambios reales de acordes, groove y estructura corta reconocible",V6: max 16 compases; subdivision max 8; no se rellenan compases vacios; 12/8 se trata como shuffle en 4/4 por limite tecnico,no,0,,,Alta utilidad pedagogica; version simplificada. | V6 confianza=alta. | APP_SAFE: slash chords simplificados a acorde base para evitar fallos de playback.
Si - nueva V5,Nueva incorporacion,Cancion tipica/deseable para acompanar en guitarra con arreglo principiante.,456,If I Ain’t Got You - easy,Alicia Keys,EN,soul 6/8,2,46,72,6/8,balada/arpegio 6/8,6,1 2 3 4 5 6,C/G/Am segun voz,0-3 opcional,EADGBE,G; Em; C; D,4,D - - D - U,D - U D - U,D - - D - U,D - - - - -,D - - D - U,D=abajo; U=arriba; -=silencio/no golpe; x=apagado si aparece,D,-,-,D,-,U,,,G [D - - D - U],Em [D - - D - U],C [D - - D - U],D [D - - D - U],,,,,,,,,,,,,G G G G G G,Em Em Em Em Em Em,C C C C C C,D D D D D D,,,,,,,,,,,,,D - - D - U,D - - D - U,D - - D - U,D - - D - U,,,,,,,,,,,,,G | Em | C | D,acompanamiento_v6_musical_simplificado,"cambios reales de acordes, groove y estructura corta reconocible",V6: max 16 compases; subdivision max 8; no se rellenan compases vacios; 12/8 se trata como shuffle en 4/4 por limite tecnico,no,0,,,Alta utilidad pedagogica; version simplificada. | V6 confianza=alta. | APP_SAFE: slash chords simplificados a acorde base para evitar fallos de playback.
Si - nueva V5,Nueva incorporacion,Cancion tipica/deseable para acompanar en guitarra con arreglo principiante.,457,Can You Feel the Love Tonight - easy,Elton John,EN,balada 6/8,2,46,72,6/8,balada/arpegio 6/8,6,1 2 3 4 5 6,C/G/Am segun voz,0-3 opcional,EADGBE,C; G; Am; F,4,D - - D - U,D - U D - U,D - - D - U,D - - - - -,D - - D - U,D=abajo; U=arriba; -=silencio/no golpe; x=apagado si aparece,D,-,-,D,-,U,,,C [D - - D - U],G [D - - D - U],Am [D - - D - U],F [D - - D - U],,,,,,,,,,,,,C C C C C C,G G G G G G,Am Am Am Am Am Am,F F F F F F,,,,,,,,,,,,,D - - D - U,D - - D - U,D - - D - U,D - - D - U,,,,,,,,,,,,,C | G | Am | F,acompanamiento_v6_musical_simplificado,"cambios reales de acordes, groove y estructura corta reconocible",V6: max 16 compases; subdivision max 8; no se rellenan compases vacios; 12/8 se trata como shuffle en 4/4 por limite tecnico,no,0,,,Alta utilidad pedagogica; version simplificada. | V6 confianza=alta. | APP_SAFE: slash chords simplificados a acorde base para evitar fallos de playback.
Si - nueva V5,Nueva incorporacion,Cancion tipica/deseable para acompanar en guitarra con arreglo principiante.,458,With or Without You - 6/8 feel,U2,EN,rock 6/8 feel,2,46,72,4/4,pop/rock binario,8,1 & 2 & 3 & 4 &,C/G/Am segun voz,0-3 opcional,EADGBE,D; A; Bm; G,4,D - D U - U D U,D D - U D U - U,D - D - D U D U,D - - - - - - -,D - D U - U D U,D=abajo; U=arriba; -=silencio/no golpe; x=apagado si aparece,D,-,D,U,-,U,D,U,D [D - D U - U D U],A [D - D U - U D U],Bm [D - D U - U D U],G [D - D U - U D U],,,,,,,,,,,,,D D D D D D D D,A A A A A A A A,Bm Bm Bm Bm Bm Bm Bm Bm,G G G G G G G G,,,,,,,,,,,,,D - D U - U D U,D - D U - U D U,D - D U - U D U,D - D U - U D U,,,,,,,,,,,,,D | A | Bm | G,acompanamiento_v6_musical_simplificado,"cambios reales de acordes, groove y estructura corta reconocible",V6: max 16 compases; subdivision max 8; no se rellenan compases vacios; 12/8 se trata como shuffle en 4/4 por limite tecnico,no,0,,,Alta utilidad pedagogica; version simplificada. | V6 confianza=alta. | APP_SAFE: slash chords simplificados a acorde base para evitar fallos de playback.
Si - nueva V5,Nueva incorporacion,Cancion tipica/deseable para acompanar en guitarra con arreglo principiante.,459,Love Me Tender,Elvis Presley,EN,balada 6/8,2,46,72,6/8,balada/arpegio 6/8,6,1 2 3 4 5 6,C/G/Am segun voz,0-3 opcional,EADGBE,D; E7; A,4,D - - D - U,D - U D - U,D - - D - U,D - - - - -,D - - D - U,D=abajo; U=arriba; -=silencio/no golpe; x=apagado si aparece,D,-,-,D,-,U,,,D [D - - D - U],E7 [D - - D - U],A [D - - D - U],D [D - - D - U],,,,,,,,,,,,,D D D D D D,E7 E7 E7 E7 E7 E7,A A A A A A,D D D D D D,,,,,,,,,,,,,D - - D - U,D - - D - U,D - - D - U,D - - D - U,,,,,,,,,,,,,D | E7 | A | D,acompanamiento_v6_musical_simplificado,"cambios reales de acordes, groove y estructura corta reconocible",V6: max 16 compases; subdivision max 8; no se rellenan compases vacios; 12/8 se trata como shuffle en 4/4 por limite tecnico,no,0,,,Alta utilidad pedagogica; version simplificada. | V6 confianza=alta. | APP_SAFE: slash chords simplificados a acorde base para evitar fallos de playback.
Si - nueva V5,Nueva incorporacion,Cancion tipica/deseable para acompanar en guitarra con arreglo principiante.,460,Blue Bayou - easy,Roy Orbison,EN,balada 6/8,2,46,72,6/8,balada/arpegio 6/8,6,1 2 3 4 5 6,C/G/Am segun voz,0-3 opcional,EADGBE,G; D; C,4,D - - D - U,D - U D - U,D - - D - U,D - - - - -,D - - D - U,D=abajo; U=arriba; -=silencio/no golpe; x=apagado si aparece,D,-,-,D,-,U,,,G [D - - D - U],D [D - - D - U],C [D - - D - U],G [D - - D - U],,,,,,,,,,,,,G G G G G G,D D D D D D,C C C C C C,G G G G G G,,,,,,,,,,,,,D - - D - U,D - - D - U,D - - D - U,D - - D - U,,,,,,,,,,,,,G | D | C | G,acompanamiento_v6_musical_simplificado,"cambios reales de acordes, groove y estructura corta reconocible",V6: max 16 compases; subdivision max 8; no se rellenan compases vacios; 12/8 se trata como shuffle en 4/4 por limite tecnico,no,0,,,Alta utilidad pedagogica; version simplificada. | V6 confianza=alta. | APP_SAFE: slash chords simplificados a acorde base para evitar fallos de playback.
Si - nueva V5,Nueva incorporacion,Cancion tipica/deseable para acompanar en guitarra con arreglo principiante.,461,Try a Little Tenderness - easy,Otis Redding,EN,soul 6/8,2,46,72,6/8,balada/arpegio 6/8,6,1 2 3 4 5 6,C/G/Am segun voz,0-3 opcional,EADGBE,G; Em; C; D,4,D - - D - U,D - U D - U,D - - D - U,D - - - - -,D - - D - U,D=abajo; U=arriba; -=silencio/no golpe; x=apagado si aparece,D,-,-,D,-,U,,,G [D - - D - U],Em [D - - D - U],C [D - - D - U],D [D - - D - U],,,,,,,,,,,,,G G G G G G,Em Em Em Em Em Em,C C C C C C,D D D D D D,,,,,,,,,,,,,D - - D - U,D - - D - U,D - - D - U,D - - D - U,,,,,,,,,,,,,G | Em | C | D,acompanamiento_v6_musical_simplificado,"cambios reales de acordes, groove y estructura corta reconocible",V6: max 16 compases; subdivision max 8; no se rellenan compases vacios; 12/8 se trata como shuffle en 4/4 por limite tecnico,no,0,,,Alta utilidad pedagogica; version simplificada. | V6 confianza=alta. | APP_SAFE: slash chords simplificados a acorde base para evitar fallos de playback.
Si - nueva V5,Nueva incorporacion,Cancion tipica/deseable para acompanar en guitarra con arreglo principiante.,462,Stand by Me - 6/8 ballad version,Ben E. King,EN,balada 6/8,2,46,72,4/4,pop/rock binario,8,1 & 2 & 3 & 4 &,C/G/Am segun voz,0-3 opcional,EADGBE,G; Em; C; D,4,D - - U - U D -,D - D U - U D U,D - - U D - D U,D - - - - - - -,D - - U - U D -,D=abajo; U=arriba; -=silencio/no golpe; x=apagado si aparece,D,-,-,U,-,U,D,-,G [D - - U - U D -],Em [D - - U - U D -],C(1-4) / D(5-8) [D - - U - U D -],G [D - - U - U D -],,,,,,,,,,,,,G G G G G G G G,Em Em Em Em Em Em Em Em,C C C C D D D D,G G G G G G G G,,,,,,,,,,,,,D - - U - U D -,D - - U - U D -,D - - U - U D -,D - - U - U D -,,,,,,,,,,,,,G | Em | C(1-4) / D(5-8) | G,acompanamiento_v6_musical_simplificado,"cambios reales de acordes, groove y estructura corta reconocible",V6: max 16 compases; subdivision max 8; no se rellenan compases vacios; 12/8 se trata como shuffle en 4/4 por limite tecnico,si,1,3,,Alta utilidad pedagogica; version simplificada. | V6 confianza=alta. | APP_SAFE: slash chords simplificados a acorde base para evitar fallos de playback.
Si - nueva V5,Nueva incorporacion,Cancion tipica/deseable para acompanar en guitarra con arreglo principiante.,463,La Vie en Rose - easy,Edith Piaf,FR,chanson 6/8,2,46,72,6/8,balada/arpegio 6/8,6,1 2 3 4 5 6,C/G/Am segun voz,0-3 opcional,EADGBE,C; Dm; G,4,D - - D - U,D - U D - U,D - - D - U,D - - - - -,D - - D - U,D=abajo; U=arriba; -=silencio/no golpe; x=apagado si aparece,D,-,-,D,-,U,,,C [D - - D - U],Dm [D - - D - U],G [D - - D - U],C [D - - D - U],,,,,,,,,,,,,C C C C C C,Dm Dm Dm Dm Dm Dm,G G G G G G,C C C C C C,,,,,,,,,,,,,D - - D - U,D - - D - U,D - - D - U,D - - D - U,,,,,,,,,,,,,C | Dm | G | C,acompanamiento_v6_musical_simplificado,"cambios reales de acordes, groove y estructura corta reconocible",V6: max 16 compases; subdivision max 8; no se rellenan compases vacios; 12/8 se trata como shuffle en 4/4 por limite tecnico,no,0,,,Alta utilidad pedagogica; version simplificada. | V6 confianza=alta. | APP_SAFE: slash chords simplificados a acorde base para evitar fallos de playback.
Si - nueva V5,Nueva incorporacion,Cancion tipica/deseable para acompanar en guitarra con arreglo principiante.,464,La llorona - easy,Traditional,ES,tradicional 6/8,2,46,72,6/8,balada/arpegio 6/8,6,1 2 3 4 5 6,C/G/Am segun voz,0-3 opcional,EADGBE,Am; E7; Dm,4,D - - D - U,D - U D - U,D - - D - U,D - - - - -,D - - D - U,D=abajo; U=arriba; -=silencio/no golpe; x=apagado si aparece,D,-,-,D,-,U,,,Am [D - - D - U],E7 [D - - D - U],Dm [D - - D - U],Am [D - - D - U],,,,,,,,,,,,,Am Am Am Am Am Am,E7 E7 E7 E7 E7 E7,Dm Dm Dm Dm Dm Dm,Am Am Am Am Am Am,,,,,,,,,,,,,D - - D - U,D - - D - U,D - - D - U,D - - D - U,,,,,,,,,,,,,Am | E7 | Dm | Am,acompanamiento_v6_musical_simplificado,"cambios reales de acordes, groove y estructura corta reconocible",V6: max 16 compases; subdivision max 8; no se rellenan compases vacios; 12/8 se trata como shuffle en 4/4 por limite tecnico,no,0,,,Alta utilidad pedagogica; version simplificada. | V6 confianza=alta. | APP_SAFE: slash chords simplificados a acorde base para evitar fallos de playback.
Si - nueva V5,Nueva incorporacion,Cancion tipica/deseable para acompanar en guitarra con arreglo principiante.,465,Volver Volver - easy,Vicente Fernandez,ES,ranchera 6/8,2,46,72,6/8,balada/arpegio 6/8,6,1 2 3 4 5 6,C/G/Am segun voz,0-3 opcional,EADGBE,G; D; C,4,D - - D - U,D - U D - U,D - - D - U,D - - - - -,D - - D - U,D=abajo; U=arriba; -=silencio/no golpe; x=apagado si aparece,D,-,-,D,-,U,,,G [D - - D - U],D [D - - D - U],C [D - - D - U],G [D - - D - U],,,,,,,,,,,,,G G G G G G,D D D D D D,C C C C C C,G G G G G G,,,,,,,,,,,,,D - - D - U,D - - D - U,D - - D - U,D - - D - U,,,,,,,,,,,,,G | D | C | G,acompanamiento_v6_musical_simplificado,"cambios reales de acordes, groove y estructura corta reconocible",V6: max 16 compases; subdivision max 8; no se rellenan compases vacios; 12/8 se trata como shuffle en 4/4 por limite tecnico,no,0,,,Alta utilidad pedagogica; version simplificada. | V6 confianza=alta. | APP_SAFE: slash chords simplificados a acorde base para evitar fallos de playback.
Si - nueva V5,Nueva incorporacion,Cancion tipica/deseable para acompanar en guitarra con arreglo principiante.,466,Cucurrucucu Paloma - easy,Tomas Mendez,ES,ranchera 6/8,2,46,72,6/8,balada/arpegio 6/8,6,1 2 3 4 5 6,C/G/Am segun voz,0-3 opcional,EADGBE,C; G7; F,4,D - - D - U,D - U D - U,D - - D - U,D - - - - -,D - - D - U,D=abajo; U=arriba; -=silencio/no golpe; x=apagado si aparece,D,-,-,D,-,U,,,C [D - - D - U],G7 [D - - D - U],F [D - - D - U],C [D - - D - U],,,,,,,,,,,,,C C C C C C,G7 G7 G7 G7 G7 G7,F F F F F F,C C C C C C,,,,,,,,,,,,,D - - D - U,D - - D - U,D - - D - U,D - - D - U,,,,,,,,,,,,,C | G7 | F | C,acompanamiento_v6_musical_simplificado,"cambios reales de acordes, groove y estructura corta reconocible",V6: max 16 compases; subdivision max 8; no se rellenan compases vacios; 12/8 se trata como shuffle en 4/4 por limite tecnico,no,0,,,Alta utilidad pedagogica; version simplificada. | V6 confianza=alta. | APP_SAFE: slash chords simplificados a acorde base para evitar fallos de playback.
Si - nueva V5,Nueva incorporacion,Cancion tipica/deseable para acompanar en guitarra con arreglo principiante.,467,Historia de un Amor - easy,Carlos Eleta Almaran,ES,bolero 6/8,2,46,72,6/8,balada/arpegio 6/8,6,1 2 3 4 5 6,C/G/Am segun voz,0-3 opcional,EADGBE,Am; Dm; E7,4,D - - D - U,D - U D - U,D - - D - U,D - - - - -,D - - D - U,D=abajo; U=arriba; -=silencio/no golpe; x=apagado si aparece,D,-,-,D,-,U,,,Am [D - - D - U],Dm [D - - D - U],E7 [D - - D - U],Am [D - - D - U],,,,,,,,,,,,,Am Am Am Am Am Am,Dm Dm Dm Dm Dm Dm,E7 E7 E7 E7 E7 E7,Am Am Am Am Am Am,,,,,,,,,,,,,D - - D - U,D - - D - U,D - - D - U,D - - D - U,,,,,,,,,,,,,Am | Dm | E7 | Am,acompanamiento_v6_musical_simplificado,"cambios reales de acordes, groove y estructura corta reconocible",V6: max 16 compases; subdivision max 8; no se rellenan compases vacios; 12/8 se trata como shuffle en 4/4 por limite tecnico,no,0,,,Alta utilidad pedagogica; version simplificada. | V6 confianza=alta. | APP_SAFE: slash chords simplificados a acorde base para evitar fallos de playback.
Si - nueva V5,Nueva incorporacion,Cancion tipica/deseable para acompanar en guitarra con arreglo principiante.,468,Besame Mucho - easy,Consuelo Velazquez,ES,bolero 6/8,2,46,72,6/8,balada/arpegio 6/8,6,1 2 3 4 5 6,C/G/Am segun voz,0-3 opcional,EADGBE,Am; Dm; E7,4,D - - D - U,D - U D - U,D - - D - U,D - - - - -,D - - D - U,D=abajo; U=arriba; -=silencio/no golpe; x=apagado si aparece,D,-,-,D,-,U,,,Am [D - - D - U],Dm [D - - D - U],E7 [D - - D - U],Am [D - - D - U],,,,,,,,,,,,,Am Am Am Am Am Am,Dm Dm Dm Dm Dm Dm,E7 E7 E7 E7 E7 E7,Am Am Am Am Am Am,,,,,,,,,,,,,D - - D - U,D - - D - U,D - - D - U,D - - D - U,,,,,,,,,,,,,Am | Dm | E7 | Am,acompanamiento_v6_musical_simplificado,"cambios reales de acordes, groove y estructura corta reconocible",V6: max 16 compases; subdivision max 8; no se rellenan compases vacios; 12/8 se trata como shuffle en 4/4 por limite tecnico,no,0,,,Alta utilidad pedagogica; version simplificada. | V6 confianza=alta. | APP_SAFE: slash chords simplificados a acorde base para evitar fallos de playback.
Si - nueva V5,Nueva incorporacion,Cancion tipica/deseable para acompanar en guitarra con arreglo principiante.,469,Sabor a Mi - easy,Los Panchos,ES,bolero 6/8,2,46,72,6/8,balada/arpegio 6/8,6,1 2 3 4 5 6,C/G/Am segun voz,0-3 opcional,EADGBE,C; G7; Am; Dm,4,D - - D - U,D - U D - U,D - - D - U,D - - - - -,D - - D - U,D=abajo; U=arriba; -=silencio/no golpe; x=apagado si aparece,D,-,-,D,-,U,,,C [D - - D - U],G7 [D - - D - U],Am [D - - D - U],Dm [D - - D - U],,,,,,,,,,,,,C C C C C C,G7 G7 G7 G7 G7 G7,Am Am Am Am Am Am,Dm Dm Dm Dm Dm Dm,,,,,,,,,,,,,D - - D - U,D - - D - U,D - - D - U,D - - D - U,,,,,,,,,,,,,C | G7 | Am | Dm,acompanamiento_v6_musical_simplificado,"cambios reales de acordes, groove y estructura corta reconocible",V6: max 16 compases; subdivision max 8; no se rellenan compases vacios; 12/8 se trata como shuffle en 4/4 por limite tecnico,no,0,,,Alta utilidad pedagogica; version simplificada. | V6 confianza=alta. | APP_SAFE: slash chords simplificados a acorde base para evitar fallos de playback.
Si - nueva V5,Nueva incorporacion,Cancion tipica/deseable para acompanar en guitarra con arreglo principiante.,470,Contigo Aprendi - easy,Armando Manzanero,ES,bolero 6/8,2,46,72,6/8,balada/arpegio 6/8,6,1 2 3 4 5 6,C/G/Am segun voz,0-3 opcional,EADGBE,C; G; Am; F,4,D - - D - U,D - U D - U,D - - D - U,D - - - - -,D - - D - U,D=abajo; U=arriba; -=silencio/no golpe; x=apagado si aparece,D,-,-,D,-,U,,,C [D - - D - U],G [D - - D - U],Am [D - - D - U],F [D - - D - U],,,,,,,,,,,,,C C C C C C,G G G G G G,Am Am Am Am Am Am,F F F F F F,,,,,,,,,,,,,D - - D - U,D - - D - U,D - - D - U,D - - D - U,,,,,,,,,,,,,C | G | Am | F,acompanamiento_v6_musical_simplificado,"cambios reales de acordes, groove y estructura corta reconocible",V6: max 16 compases; subdivision max 8; no se rellenan compases vacios; 12/8 se trata como shuffle en 4/4 por limite tecnico,no,0,,,Alta utilidad pedagogica; version simplificada. | V6 confianza=alta. | APP_SAFE: slash chords simplificados a acorde base para evitar fallos de playback.
Si - nueva V5,Nueva incorporacion,Cancion tipica/deseable para acompanar en guitarra con arreglo principiante.,471,Esta tarde vi llover - easy,Armando Manzanero,ES,bolero 6/8,2,46,72,6/8,balada/arpegio 6/8,6,1 2 3 4 5 6,C/G/Am segun voz,0-3 opcional,EADGBE,C; G; Am; F,4,D - - D - U,D - U D - U,D - - D - U,D - - - - -,D - - D - U,D=abajo; U=arriba; -=silencio/no golpe; x=apagado si aparece,D,-,-,D,-,U,,,C [D - - D - U],G [D - - D - U],Am [D - - D - U],F [D - - D - U],,,,,,,,,,,,,C C C C C C,G G G G G G,Am Am Am Am Am Am,F F F F F F,,,,,,,,,,,,,D - - D - U,D - - D - U,D - - D - U,D - - D - U,,,,,,,,,,,,,C | G | Am | F,acompanamiento_v6_musical_simplificado,"cambios reales de acordes, groove y estructura corta reconocible",V6: max 16 compases; subdivision max 8; no se rellenan compases vacios; 12/8 se trata como shuffle en 4/4 por limite tecnico,no,0,,,Alta utilidad pedagogica; version simplificada. | V6 confianza=alta. | APP_SAFE: slash chords simplificados a acorde base para evitar fallos de playback.
Si - nueva V5,Nueva incorporacion,Cancion tipica/deseable para acompanar en guitarra con arreglo principiante.,472,Somos Novios - easy,Armando Manzanero,ES,bolero 6/8,2,46,72,6/8,balada/arpegio 6/8,6,1 2 3 4 5 6,C/G/Am segun voz,0-3 opcional,EADGBE,C; G; Am; F,4,D - - D - U,D - U D - U,D - - D - U,D - - - - -,D - - D - U,D=abajo; U=arriba; -=silencio/no golpe; x=apagado si aparece,D,-,-,D,-,U,,,C [D - - D - U],G [D - - D - U],Am [D - - D - U],F [D - - D - U],,,,,,,,,,,,,C C C C C C,G G G G G G,Am Am Am Am Am Am,F F F F F F,,,,,,,,,,,,,D - - D - U,D - - D - U,D - - D - U,D - - D - U,,,,,,,,,,,,,C | G | Am | F,acompanamiento_v6_musical_simplificado,"cambios reales de acordes, groove y estructura corta reconocible",V6: max 16 compases; subdivision max 8; no se rellenan compases vacios; 12/8 se trata como shuffle en 4/4 por limite tecnico,no,0,,,Alta utilidad pedagogica; version simplificada. | V6 confianza=alta. | APP_SAFE: slash chords simplificados a acorde base para evitar fallos de playback.
Si - nueva V5,Nueva incorporacion,Cancion tipica/deseable para acompanar en guitarra con arreglo principiante.,473,Lagrimas Negras - easy,Bebo Valdes / popular,ES,bolero son 6/8,2,46,72,6/8,balada/arpegio 6/8,6,1 2 3 4 5 6,C/G/Am segun voz,0-3 opcional,EADGBE,Am; E7; Dm,4,D - - D - U,D - U D - U,D - - D - U,D - - - - -,D - - D - U,D=abajo; U=arriba; -=silencio/no golpe; x=apagado si aparece,D,-,-,D,-,U,,,Am [D - - D - U],E7 [D - - D - U],Dm [D - - D - U],Am [D - - D - U],,,,,,,,,,,,,Am Am Am Am Am Am,E7 E7 E7 E7 E7 E7,Dm Dm Dm Dm Dm Dm,Am Am Am Am Am Am,,,,,,,,,,,,,D - - D - U,D - - D - U,D - - D - U,D - - D - U,,,,,,,,,,,,,Am | E7 | Dm | Am,acompanamiento_v6_musical_simplificado,"cambios reales de acordes, groove y estructura corta reconocible",V6: max 16 compases; subdivision max 8; no se rellenan compases vacios; 12/8 se trata como shuffle en 4/4 por limite tecnico,no,0,,,Alta utilidad pedagogica; version simplificada. | V6 confianza=alta. | APP_SAFE: slash chords simplificados a acorde base para evitar fallos de playback.
Si - nueva V5,Nueva incorporacion,Cancion tipica/deseable para acompanar en guitarra con arreglo principiante.,474,Quizas Quizas Quizas - easy,Osvaldo Farres,ES,bolero 6/8,2,46,72,6/8,balada/arpegio 6/8,6,1 2 3 4 5 6,C/G/Am segun voz,0-3 opcional,EADGBE,Am; E7; Dm,4,D - - D - U,D - U D - U,D - - D - U,D - - - - -,D - - D - U,D=abajo; U=arriba; -=silencio/no golpe; x=apagado si aparece,D,-,-,D,-,U,,,Am [D - - D - U],E7 [D - - D - U],Dm [D - - D - U],Am [D - - D - U],,,,,,,,,,,,,Am Am Am Am Am Am,E7 E7 E7 E7 E7 E7,Dm Dm Dm Dm Dm Dm,Am Am Am Am Am Am,,,,,,,,,,,,,D - - D - U,D - - D - U,D - - D - U,D - - D - U,,,,,,,,,,,,,Am | E7 | Dm | Am,acompanamiento_v6_musical_simplificado,"cambios reales de acordes, groove y estructura corta reconocible",V6: max 16 compases; subdivision max 8; no se rellenan compases vacios; 12/8 se trata como shuffle en 4/4 por limite tecnico,no,0,,,Alta utilidad pedagogica; version simplificada. | V6 confianza=alta. | APP_SAFE: slash chords simplificados a acorde base para evitar fallos de playback.
Si - nueva V5,Nueva incorporacion,Cancion tipica/deseable para acompanar en guitarra con arreglo principiante.,475,La Barca - easy,Luis Miguel / Roberto Cantoral,ES,bolero 6/8,2,46,72,6/8,balada/arpegio 6/8,6,1 2 3 4 5 6,C/G/Am segun voz,0-3 opcional,EADGBE,C; G; Am; F,4,D - - D - U,D - U D - U,D - - D - U,D - - - - -,D - - D - U,D=abajo; U=arriba; -=silencio/no golpe; x=apagado si aparece,D,-,-,D,-,U,,,C [D - - D - U],G [D - - D - U],Am [D - - D - U],F [D - - D - U],,,,,,,,,,,,,C C C C C C,G G G G G G,Am Am Am Am Am Am,F F F F F F,,,,,,,,,,,,,D - - D - U,D - - D - U,D - - D - U,D - - D - U,,,,,,,,,,,,,C | G | Am | F,acompanamiento_v6_musical_simplificado,"cambios reales de acordes, groove y estructura corta reconocible",V6: max 16 compases; subdivision max 8; no se rellenan compases vacios; 12/8 se trata como shuffle en 4/4 por limite tecnico,no,0,,,Alta utilidad pedagogica; version simplificada. | V6 confianza=alta. | APP_SAFE: slash chords simplificados a acorde base para evitar fallos de playback.
Si - nueva V5,Nueva incorporacion,Cancion tipica/deseable para acompanar en guitarra con arreglo principiante.,476,Perfidia - easy,Alberto Dominguez,ES,bolero 6/8,2,46,72,6/8,balada/arpegio 6/8,6,1 2 3 4 5 6,C/G/Am segun voz,0-3 opcional,EADGBE,C; G7; F,4,D - - D - U,D - U D - U,D - - D - U,D - - - - -,D - - D - U,D=abajo; U=arriba; -=silencio/no golpe; x=apagado si aparece,D,-,-,D,-,U,,,C [D - - D - U],G7 [D - - D - U],F [D - - D - U],C [D - - D - U],,,,,,,,,,,,,C C C C C C,G7 G7 G7 G7 G7 G7,F F F F F F,C C C C C C,,,,,,,,,,,,,D - - D - U,D - - D - U,D - - D - U,D - - D - U,,,,,,,,,,,,,C | G7 | F | C,acompanamiento_v6_musical_simplificado,"cambios reales de acordes, groove y estructura corta reconocible",V6: max 16 compases; subdivision max 8; no se rellenan compases vacios; 12/8 se trata como shuffle en 4/4 por limite tecnico,no,0,,,Alta utilidad pedagogica; version simplificada. | V6 confianza=alta. | APP_SAFE: slash chords simplificados a acorde base para evitar fallos de playback.
Si - nueva V5,Nueva incorporacion,Cancion tipica/deseable para acompanar en guitarra con arreglo principiante.,477,Solamente una vez - easy,Agustin Lara,ES,bolero 6/8,2,46,72,6/8,balada/arpegio 6/8,6,1 2 3 4 5 6,C/G/Am segun voz,0-3 opcional,EADGBE,C; G7; F,4,D - - D - U,D - U D - U,D - - D - U,D - - - - -,D - - D - U,D=abajo; U=arriba; -=silencio/no golpe; x=apagado si aparece,D,-,-,D,-,U,,,C [D - - D - U],G7 [D - - D - U],F [D - - D - U],C [D - - D - U],,,,,,,,,,,,,C C C C C C,G7 G7 G7 G7 G7 G7,F F F F F F,C C C C C C,,,,,,,,,,,,,D - - D - U,D - - D - U,D - - D - U,D - - D - U,,,,,,,,,,,,,C | G7 | F | C,acompanamiento_v6_musical_simplificado,"cambios reales de acordes, groove y estructura corta reconocible",V6: max 16 compases; subdivision max 8; no se rellenan compases vacios; 12/8 se trata como shuffle en 4/4 por limite tecnico,no,0,,,Alta utilidad pedagogica; version simplificada. | V6 confianza=alta. | APP_SAFE: slash chords simplificados a acorde base para evitar fallos de playback.
Si - nueva V5,Nueva incorporacion,Cancion tipica/deseable para acompanar en guitarra con arreglo principiante.,478,Granada - easy,Agustin Lara,ES,cancion 6/8,2,46,72,6/8,balada/arpegio 6/8,6,1 2 3 4 5 6,C/G/Am segun voz,0-3 opcional,EADGBE,Am; E7; Dm,4,D - - D - U,D - U D - U,D - - D - U,D - - - - -,D - - D - U,D=abajo; U=arriba; -=silencio/no golpe; x=apagado si aparece,D,-,-,D,-,U,,,Am [D - - D - U],E7 [D - - D - U],Dm [D - - D - U],Am [D - - D - U],,,,,,,,,,,,,Am Am Am Am Am Am,E7 E7 E7 E7 E7 E7,Dm Dm Dm Dm Dm Dm,Am Am Am Am Am Am,,,,,,,,,,,,,D - - D - U,D - - D - U,D - - D - U,D - - D - U,,,,,,,,,,,,,Am | E7 | Dm | Am,acompanamiento_v6_musical_simplificado,"cambios reales de acordes, groove y estructura corta reconocible",V6: max 16 compases; subdivision max 8; no se rellenan compases vacios; 12/8 se trata como shuffle en 4/4 por limite tecnico,no,0,,,Alta utilidad pedagogica; version simplificada. | V6 confianza=alta. | APP_SAFE: slash chords simplificados a acorde base para evitar fallos de playback.
Si - nueva V5,Nueva incorporacion,Cancion tipica/deseable para acompanar en guitarra con arreglo principiante.,479,Before You Accuse Me,Bo Diddley / Eric Clapton,EN,blues shuffle,2,54,88,4/4,shuffle/blues ternario representado en 4/4,8,1 & 2 & 3 & 4 &,C/G/Am segun voz,0-3 opcional,EADGBE,E; A; B7,12,D - U - D - U -,D - U - D - U -,D - U - D - U -,D - - - - - - -,D - U - D - U -,D=abajo; U=arriba; -=silencio/no golpe; x=apagado si aparece,D,-,U,-,D,-,U,-,E [D - U - D - U -],E [D - U - D - U -],E [D - U - D - U -],E [D - U - D - U -],A [D - U - D - U -],A [D - U - D - U -],E [D - U - D - U -],E [D - U - D - U -],B7 [D - U - D - U -],A [D - U - D - U -],E [D - U - D - U -],B7 [D - - - - - - -],,,,,E E E E E E E E,E E E E E E E E,E E E E E E E E,E E E E E E E E,A A A A A A A A,A A A A A A A A,E E E E E E E E,E E E E E E E E,B7 B7 B7 B7 B7 B7 B7 B7,A A A A A A A A,E E E E E E E E,B7 B7 B7 B7 B7 B7 B7 B7,,,,,D - U - D - U -,D - U - D - U -,D - U - D - U -,D - U - D - U -,D - U - D - U -,D - U - D - U -,D - U - D - U -,D - U - D - U -,D - U - D - U -,D - U - D - U -,D - U - D - U -,D - - - - - - -,,,,,E | E | E | E | A | A | E | E | B7 | A | E | B7,acompanamiento_v6_musical_simplificado,"cambios reales de acordes, groove y estructura corta reconocible",V6: max 16 compases; subdivision max 8; no se rellenan compases vacios; 12/8 se trata como shuffle en 4/4 por limite tecnico,no,0,,,Alta utilidad pedagogica; version simplificada. | V6 confianza=alta. 12/8 feel encoded as 4/4 shuffle with 8 subdivisions max. | APP_SAFE: slash chords simplificados a acorde base para evitar fallos de playback.
Si - nueva V5,Nueva incorporacion,Cancion tipica/deseable para acompanar en guitarra con arreglo principiante.,480,Rock Me Baby,B.B. King,EN,blues shuffle,2,54,88,4/4,shuffle/blues ternario representado en 4/4,8,1 & 2 & 3 & 4 &,C/G/Am segun voz,0-3 opcional,EADGBE,E; A; B7,12,D - U - D - U -,D - U - D - U -,D - U - D - U -,D - - - - - - -,D - U - D - U -,D=abajo; U=arriba; -=silencio/no golpe; x=apagado si aparece,D,-,U,-,D,-,U,-,E [D - U - D - U -],E [D - U - D - U -],E [D - U - D - U -],E [D - U - D - U -],A [D - U - D - U -],A [D - U - D - U -],E [D - U - D - U -],E [D - U - D - U -],B7 [D - U - D - U -],A [D - U - D - U -],E [D - U - D - U -],B7 [D - - - - - - -],,,,,E E E E E E E E,E E E E E E E E,E E E E E E E E,E E E E E E E E,A A A A A A A A,A A A A A A A A,E E E E E E E E,E E E E E E E E,B7 B7 B7 B7 B7 B7 B7 B7,A A A A A A A A,E E E E E E E E,B7 B7 B7 B7 B7 B7 B7 B7,,,,,D - U - D - U -,D - U - D - U -,D - U - D - U -,D - U - D - U -,D - U - D - U -,D - U - D - U -,D - U - D - U -,D - U - D - U -,D - U - D - U -,D - U - D - U -,D - U - D - U -,D - - - - - - -,,,,,E | E | E | E | A | A | E | E | B7 | A | E | B7,acompanamiento_v6_musical_simplificado,"cambios reales de acordes, groove y estructura corta reconocible",V6: max 16 compases; subdivision max 8; no se rellenan compases vacios; 12/8 se trata como shuffle en 4/4 por limite tecnico,no,0,,,Alta utilidad pedagogica; version simplificada. | V6 confianza=alta. 12/8 feel encoded as 4/4 shuffle with 8 subdivisions max. | APP_SAFE: slash chords simplificados a acorde base para evitar fallos de playback.
Si - nueva V5,Nueva incorporacion,Cancion tipica/deseable para acompanar en guitarra con arreglo principiante.,481,Stormy Monday - easy,T-Bone Walker,EN,blues 12/8,2,54,88,4/4,shuffle/blues ternario representado en 4/4,8,1 & 2 & 3 & 4 &,C/G/Am segun voz,0-3 opcional,EADGBE,G; C; D7,12,D - U - D - U -,D - U - D - U -,D - U - D - U -,D - - - - - - -,D - U - D - U -,D=abajo; U=arriba; -=silencio/no golpe; x=apagado si aparece,D,-,U,-,D,-,U,-,G [D - U - D - U -],G [D - U - D - U -],G [D - U - D - U -],G [D - U - D - U -],C [D - U - D - U -],C [D - U - D - U -],G [D - U - D - U -],G [D - U - D - U -],D7 [D - U - D - U -],C [D - U - D - U -],G [D - U - D - U -],D7 [D - - - - - - -],,,,,G G G G G G G G,G G G G G G G G,G G G G G G G G,G G G G G G G G,C C C C C C C C,C C C C C C C C,G G G G G G G G,G G G G G G G G,D7 D7 D7 D7 D7 D7 D7 D7,C C C C C C C C,G G G G G G G G,D7 D7 D7 D7 D7 D7 D7 D7,,,,,D - U - D - U -,D - U - D - U -,D - U - D - U -,D - U - D - U -,D - U - D - U -,D - U - D - U -,D - U - D - U -,D - U - D - U -,D - U - D - U -,D - U - D - U -,D - U - D - U -,D - - - - - - -,,,,,G | G | G | G | C | C | G | G | D7 | C | G | D7,acompanamiento_v6_musical_simplificado,"cambios reales de acordes, groove y estructura corta reconocible",V6: max 16 compases; subdivision max 8; no se rellenan compases vacios; 12/8 se trata como shuffle en 4/4 por limite tecnico,no,0,,,Alta utilidad pedagogica; version simplificada. | V6 confianza=alta. 12/8 feel encoded as 4/4 shuffle with 8 subdivisions max. | APP_SAFE: slash chords simplificados a acorde base para evitar fallos de playback.
Si - nueva V5,Nueva incorporacion,Cancion tipica/deseable para acompanar en guitarra con arreglo principiante.,482,Route 66 - easy,Chuck Berry / Stones,EN,rock and roll shuffle,2,54,88,4/4,shuffle/blues ternario representado en 4/4,8,1 & 2 & 3 & 4 &,C/G/Am segun voz,0-3 opcional,EADGBE,A; D; E,12,D - U - D - U -,D - U - D - U -,D - U - D - U -,D - - - - - - -,D - U - D - U -,D=abajo; U=arriba; -=silencio/no golpe; x=apagado si aparece,D,-,U,-,D,-,U,-,A [D - U - D - U -],A [D - U - D - U -],A [D - U - D - U -],A [D - U - D - U -],D [D - U - D - U -],D [D - U - D - U -],A [D - U - D - U -],A [D - U - D - U -],E [D - U - D - U -],D [D - U - D - U -],A [D - U - D - U -],E [D - - - - - - -],,,,,A A A A A A A A,A A A A A A A A,A A A A A A A A,A A A A A A A A,D D D D D D D D,D D D D D D D D,A A A A A A A A,A A A A A A A A,E E E E E E E E,D D D D D D D D,A A A A A A A A,E E E E E E E E,,,,,D - U - D - U -,D - U - D - U -,D - U - D - U -,D - U - D - U -,D - U - D - U -,D - U - D - U -,D - U - D - U -,D - U - D - U -,D - U - D - U -,D - U - D - U -,D - U - D - U -,D - - - - - - -,,,,,A | A | A | A | D | D | A | A | E | D | A | E,acompanamiento_v6_musical_simplificado,"cambios reales de acordes, groove y estructura corta reconocible",V6: max 16 compases; subdivision max 8; no se rellenan compases vacios; 12/8 se trata como shuffle en 4/4 por limite tecnico,no,0,,,Alta utilidad pedagogica; version simplificada. | V6 confianza=alta. 12/8 feel encoded as 4/4 shuffle with 8 subdivisions max. | APP_SAFE: slash chords simplificados a acorde base para evitar fallos de playback.
Si - nueva V5,Nueva incorporacion,Cancion tipica/deseable para acompanar en guitarra con arreglo principiante.,483,Johnny B Goode - chords easy,Chuck Berry,EN,rock and roll shuffle,2,54,88,4/4,shuffle/blues ternario representado en 4/4,8,1 & 2 & 3 & 4 &,C/G/Am segun voz,0-3 opcional,EADGBE,A; D; E,12,D - U - D - U -,D - U - D - U -,D - U - D - U -,D - - - - - - -,D - U - D - U -,D=abajo; U=arriba; -=silencio/no golpe; x=apagado si aparece,D,-,U,-,D,-,U,-,A [D - U - D - U -],A [D - U - D - U -],A [D - U - D - U -],A [D - U - D - U -],D [D - U - D - U -],D [D - U - D - U -],A [D - U - D - U -],A [D - U - D - U -],E [D - U - D - U -],D [D - U - D - U -],A [D - U - D - U -],E [D - - - - - - -],,,,,A A A A A A A A,A A A A A A A A,A A A A A A A A,A A A A A A A A,D D D D D D D D,D D D D D D D D,A A A A A A A A,A A A A A A A A,E E E E E E E E,D D D D D D D D,A A A A A A A A,E E E E E E E E,,,,,D - U - D - U -,D - U - D - U -,D - U - D - U -,D - U - D - U -,D - U - D - U -,D - U - D - U -,D - U - D - U -,D - U - D - U -,D - U - D - U -,D - U - D - U -,D - U - D - U -,D - - - - - - -,,,,,A | A | A | A | D | D | A | A | E | D | A | E,acompanamiento_v6_musical_simplificado,"cambios reales de acordes, groove y estructura corta reconocible",V6: max 16 compases; subdivision max 8; no se rellenan compases vacios; 12/8 se trata como shuffle en 4/4 por limite tecnico,no,0,,,Alta utilidad pedagogica; version simplificada. | V6 confianza=alta. | APP_SAFE: slash chords simplificados a acorde base para evitar fallos de playback.
Si - nueva V5,Nueva incorporacion,Cancion tipica/deseable para acompanar en guitarra con arreglo principiante.,484,Sweet Little Sixteen - easy,Chuck Berry,EN,rock and roll shuffle,2,54,88,4/4,shuffle/blues ternario representado en 4/4,8,1 & 2 & 3 & 4 &,C/G/Am segun voz,0-3 opcional,EADGBE,C; F; G,12,D - U - D - U -,D - U - D - U -,D - U - D - U -,D - - - - - - -,D - U - D - U -,D=abajo; U=arriba; -=silencio/no golpe; x=apagado si aparece,D,-,U,-,D,-,U,-,C [D - U - D - U -],C [D - U - D - U -],C [D - U - D - U -],C [D - U - D - U -],F [D - U - D - U -],F [D - U - D - U -],C [D - U - D - U -],C [D - U - D - U -],G [D - U - D - U -],F [D - U - D - U -],C [D - U - D - U -],G [D - - - - - - -],,,,,C C C C C C C C,C C C C C C C C,C C C C C C C C,C C C C C C C C,F F F F F F F F,F F F F F F F F,C C C C C C C C,C C C C C C C C,G G G G G G G G,F F F F F F F F,C C C C C C C C,G G G G G G G G,,,,,D - U - D - U -,D - U - D - U -,D - U - D - U -,D - U - D - U -,D - U - D - U -,D - U - D - U -,D - U - D - U -,D - U - D - U -,D - U - D - U -,D - U - D - U -,D - U - D - U -,D - - - - - - -,,,,,C | C | C | C | F | F | C | C | G | F | C | G,acompanamiento_v6_musical_simplificado,"cambios reales de acordes, groove y estructura corta reconocible",V6: max 16 compases; subdivision max 8; no se rellenan compases vacios; 12/8 se trata como shuffle en 4/4 por limite tecnico,no,0,,,Alta utilidad pedagogica; version simplificada. | V6 confianza=alta. 12/8 feel encoded as 4/4 shuffle with 8 subdivisions max. | APP_SAFE: slash chords simplificados a acorde base para evitar fallos de playback.
Si - nueva V5,Nueva incorporacion,Cancion tipica/deseable para acompanar en guitarra con arreglo principiante.,485,Roll Over Beethoven - easy,Chuck Berry,EN,rock and roll shuffle,2,54,88,4/4,shuffle/blues ternario representado en 4/4,8,1 & 2 & 3 & 4 &,C/G/Am segun voz,0-3 opcional,EADGBE,D; G; A,12,D - U - D - U -,D - U - D - U -,D - U - D - U -,D - - - - - - -,D - U - D - U -,D=abajo; U=arriba; -=silencio/no golpe; x=apagado si aparece,D,-,U,-,D,-,U,-,D [D - U - D - U -],D [D - U - D - U -],D [D - U - D - U -],D [D - U - D - U -],G [D - U - D - U -],G [D - U - D - U -],D [D - U - D - U -],D [D - U - D - U -],A [D - U - D - U -],G [D - U - D - U -],D [D - U - D - U -],A [D - - - - - - -],,,,,D D D D D D D D,D D D D D D D D,D D D D D D D D,D D D D D D D D,G G G G G G G G,G G G G G G G G,D D D D D D D D,D D D D D D D D,A A A A A A A A,G G G G G G G G,D D D D D D D D,A A A A A A A A,,,,,D - U - D - U -,D - U - D - U -,D - U - D - U -,D - U - D - U -,D - U - D - U -,D - U - D - U -,D - U - D - U -,D - U - D - U -,D - U - D - U -,D - U - D - U -,D - U - D - U -,D - - - - - - -,,,,,D | D | D | D | G | G | D | D | A | G | D | A,acompanamiento_v6_musical_simplificado,"cambios reales de acordes, groove y estructura corta reconocible",V6: max 16 compases; subdivision max 8; no se rellenan compases vacios; 12/8 se trata como shuffle en 4/4 por limite tecnico,no,0,,,Alta utilidad pedagogica; version simplificada. | V6 confianza=alta. 12/8 feel encoded as 4/4 shuffle with 8 subdivisions max. | APP_SAFE: slash chords simplificados a acorde base para evitar fallos de playback.
Si - nueva V5,Nueva incorporacion,Cancion tipica/deseable para acompanar en guitarra con arreglo principiante.,486,That’ll Be the Day,Buddy Holly,EN,rock and roll shuffle,2,54,88,4/4,shuffle/blues ternario representado en 4/4,8,1 & 2 & 3 & 4 &,C/G/Am segun voz,0-3 opcional,EADGBE,A; D; E,12,D - U - D - U -,D - U - D - U -,D - U - D - U -,D - - - - - - -,D - U - D - U -,D=abajo; U=arriba; -=silencio/no golpe; x=apagado si aparece,D,-,U,-,D,-,U,-,A [D - U - D - U -],A [D - U - D - U -],A [D - U - D - U -],A [D - U - D - U -],D [D - U - D - U -],D [D - U - D - U -],A [D - U - D - U -],A [D - U - D - U -],E [D - U - D - U -],D [D - U - D - U -],A [D - U - D - U -],E [D - - - - - - -],,,,,A A A A A A A A,A A A A A A A A,A A A A A A A A,A A A A A A A A,D D D D D D D D,D D D D D D D D,A A A A A A A A,A A A A A A A A,E E E E E E E E,D D D D D D D D,A A A A A A A A,E E E E E E E E,,,,,D - U - D - U -,D - U - D - U -,D - U - D - U -,D - U - D - U -,D - U - D - U -,D - U - D - U -,D - U - D - U -,D - U - D - U -,D - U - D - U -,D - U - D - U -,D - U - D - U -,D - - - - - - -,,,,,A | A | A | A | D | D | A | A | E | D | A | E,acompanamiento_v6_musical_simplificado,"cambios reales de acordes, groove y estructura corta reconocible",V6: max 16 compases; subdivision max 8; no se rellenan compases vacios; 12/8 se trata como shuffle en 4/4 por limite tecnico,no,0,,,Alta utilidad pedagogica; version simplificada. | V6 confianza=alta. | APP_SAFE: slash chords simplificados a acorde base para evitar fallos de playback.
Si - nueva V5,Nueva incorporacion,Cancion tipica/deseable para acompanar en guitarra con arreglo principiante.,487,Peggy Sue,Buddy Holly,EN,rock and roll shuffle,2,54,88,4/4,shuffle/blues ternario representado en 4/4,8,1 & 2 & 3 & 4 &,C/G/Am segun voz,0-3 opcional,EADGBE,A; D; E,12,D - U - D - U -,D - U - D - U -,D - U - D - U -,D - - - - - - -,D - U - D - U -,D=abajo; U=arriba; -=silencio/no golpe; x=apagado si aparece,D,-,U,-,D,-,U,-,A [D - U - D - U -],A [D - U - D - U -],A [D - U - D - U -],A [D - U - D - U -],D [D - U - D - U -],D [D - U - D - U -],A [D - U - D - U -],A [D - U - D - U -],E [D - U - D - U -],D [D - U - D - U -],A [D - U - D - U -],E [D - - - - - - -],,,,,A A A A A A A A,A A A A A A A A,A A A A A A A A,A A A A A A A A,D D D D D D D D,D D D D D D D D,A A A A A A A A,A A A A A A A A,E E E E E E E E,D D D D D D D D,A A A A A A A A,E E E E E E E E,,,,,D - U - D - U -,D - U - D - U -,D - U - D - U -,D - U - D - U -,D - U - D - U -,D - U - D - U -,D - U - D - U -,D - U - D - U -,D - U - D - U -,D - U - D - U -,D - U - D - U -,D - - - - - - -,,,,,A | A | A | A | D | D | A | A | E | D | A | E,acompanamiento_v6_musical_simplificado,"cambios reales de acordes, groove y estructura corta reconocible",V6: max 16 compases; subdivision max 8; no se rellenan compases vacios; 12/8 se trata como shuffle en 4/4 por limite tecnico,no,0,,,Alta utilidad pedagogica; version simplificada. | V6 confianza=alta. 12/8 feel encoded as 4/4 shuffle with 8 subdivisions max. | APP_SAFE: slash chords simplificados a acorde base para evitar fallos de playback.
Si - nueva V5,Nueva incorporacion,Cancion tipica/deseable para acompanar en guitarra con arreglo principiante.,488,Not Fade Away,Buddy Holly,EN,bo diddley/shuffle,2,54,88,4/4,shuffle/blues ternario representado en 4/4,8,1 & 2 & 3 & 4 &,C/G/Am segun voz,0-3 opcional,EADGBE,E; A; B7,12,D - U - D - U -,D - U - D - U -,D - U - D - U -,D - - - - - - -,D - U - D - U -,D=abajo; U=arriba; -=silencio/no golpe; x=apagado si aparece,D,-,U,-,D,-,U,-,E [D - U - D - U -],E [D - U - D - U -],E [D - U - D - U -],E [D - U - D - U -],A [D - U - D - U -],A [D - U - D - U -],E [D - U - D - U -],E [D - U - D - U -],B7 [D - U - D - U -],A [D - U - D - U -],E [D - U - D - U -],B7 [D - - - - - - -],,,,,E E E E E E E E,E E E E E E E E,E E E E E E E E,E E E E E E E E,A A A A A A A A,A A A A A A A A,E E E E E E E E,E E E E E E E E,B7 B7 B7 B7 B7 B7 B7 B7,A A A A A A A A,E E E E E E E E,B7 B7 B7 B7 B7 B7 B7 B7,,,,,D - U - D - U -,D - U - D - U -,D - U - D - U -,D - U - D - U -,D - U - D - U -,D - U - D - U -,D - U - D - U -,D - U - D - U -,D - U - D - U -,D - U - D - U -,D - U - D - U -,D - - - - - - -,,,,,E | E | E | E | A | A | E | E | B7 | A | E | B7,acompanamiento_v6_musical_simplificado,"cambios reales de acordes, groove y estructura corta reconocible",V6: max 16 compases; subdivision max 8; no se rellenan compases vacios; 12/8 se trata como shuffle en 4/4 por limite tecnico,no,0,,,Alta utilidad pedagogica; version simplificada. | V6 confianza=alta. 12/8 feel encoded as 4/4 shuffle with 8 subdivisions max. | APP_SAFE: slash chords simplificados a acorde base para evitar fallos de playback.
Si - nueva V5,Nueva incorporacion,Cancion tipica/deseable para acompanar en guitarra con arreglo principiante.,489,Ring of Fire - shuffle easy,Johnny Cash,EN,country shuffle,2,54,88,4/4,country/folk,8,1 & 2 & 3 & 4 &,C/G/Am segun voz,0-3 opcional,EADGBE,G; C; D,4,D - D - D U D U,D - D U D - D U,D - D - D U D U,D - - - - - - -,D - D - D U D U,D=abajo; U=arriba; -=silencio/no golpe; x=apagado si aparece,D,-,D,-,D,U,D,U,G [D - D - D U D U],C [D - D - D U D U],G [D - D - D U D U],D [D - D - D U D U],,,,,,,,,,,,,G G G G G G G G,C C C C C C C C,G G G G G G G G,D D D D D D D D,,,,,,,,,,,,,D - D - D U D U,D - D - D U D U,D - D - D U D U,D - D - D U D U,,,,,,,,,,,,,G | C | G | D,acompanamiento_v6_musical_simplificado,"cambios reales de acordes, groove y estructura corta reconocible",V6: max 16 compases; subdivision max 8; no se rellenan compases vacios; 12/8 se trata como shuffle en 4/4 por limite tecnico,no,0,,,Alta utilidad pedagogica; version simplificada. | V6 confianza=alta. | APP_SAFE: slash chords simplificados a acorde base para evitar fallos de playback.
Si - nueva V5,Nueva incorporacion,Cancion tipica/deseable para acompanar en guitarra con arreglo principiante.,490,I Walk the Line - easy,Johnny Cash,EN,country shuffle,2,54,88,4/4,shuffle/blues ternario representado en 4/4,8,1 & 2 & 3 & 4 &,C/G/Am segun voz,0-3 opcional,EADGBE,A; D; E,12,D - U - D - U -,D - U - D - U -,D - U - D - U -,D - - - - - - -,D - U - D - U -,D=abajo; U=arriba; -=silencio/no golpe; x=apagado si aparece,D,-,U,-,D,-,U,-,A [D - U - D - U -],A [D - U - D - U -],A [D - U - D - U -],A [D - U - D - U -],D [D - U - D - U -],D [D - U - D - U -],A [D - U - D - U -],A [D - U - D - U -],E [D - U - D - U -],D [D - U - D - U -],A [D - U - D - U -],E [D - - - - - - -],,,,,A A A A A A A A,A A A A A A A A,A A A A A A A A,A A A A A A A A,D D D D D D D D,D D D D D D D D,A A A A A A A A,A A A A A A A A,E E E E E E E E,D D D D D D D D,A A A A A A A A,E E E E E E E E,,,,,D - U - D - U -,D - U - D - U -,D - U - D - U -,D - U - D - U -,D - U - D - U -,D - U - D - U -,D - U - D - U -,D - U - D - U -,D - U - D - U -,D - U - D - U -,D - U - D - U -,D - - - - - - -,,,,,A | A | A | A | D | D | A | A | E | D | A | E,acompanamiento_v6_musical_simplificado,"cambios reales de acordes, groove y estructura corta reconocible",V6: max 16 compases; subdivision max 8; no se rellenan compases vacios; 12/8 se trata como shuffle en 4/4 por limite tecnico,no,0,,,Alta utilidad pedagogica; version simplificada. | V6 confianza=alta. 12/8 feel encoded as 4/4 shuffle with 8 subdivisions max. | APP_SAFE: slash chords simplificados a acorde base para evitar fallos de playback.
Si - nueva V5,Nueva incorporacion,Cancion tipica/deseable para acompanar en guitarra con arreglo principiante.,491,Jambalaya,Hank Williams,EN,country shuffle,2,54,88,4/4,country/folk,8,1 & 2 & 3 & 4 &,C/G/Am segun voz,0-3 opcional,EADGBE,C; G7,4,D - D - D U D U,D - D U D - D U,D - D - D U D U,D - - - - - - -,D - D - D U D U,D=abajo; U=arriba; -=silencio/no golpe; x=apagado si aparece,D,-,D,-,D,U,D,U,C [D - D - D U D U],C [D - D - D U D U],G7 [D - D - D U D U],C [D - D - D U D U],,,,,,,,,,,,,C C C C C C C C,C C C C C C C C,G7 G7 G7 G7 G7 G7 G7 G7,C C C C C C C C,,,,,,,,,,,,,D - D - D U D U,D - D - D U D U,D - D - D U D U,D - D - D U D U,,,,,,,,,,,,,C | C | G7 | C,acompanamiento_v6_musical_simplificado,"cambios reales de acordes, groove y estructura corta reconocible",V6: max 16 compases; subdivision max 8; no se rellenan compases vacios; 12/8 se trata como shuffle en 4/4 por limite tecnico,no,0,,,Alta utilidad pedagogica; version simplificada. | V6 confianza=alta. | APP_SAFE: slash chords simplificados a acorde base para evitar fallos de playback.
Si - nueva V5,Nueva incorporacion,Cancion tipica/deseable para acompanar en guitarra con arreglo principiante.,492,Your Cheatin Heart,Hank Williams,EN,country shuffle,2,54,88,4/4,shuffle/blues ternario representado en 4/4,8,1 & 2 & 3 & 4 &,C/G/Am segun voz,0-3 opcional,EADGBE,C; F; G7,12,D - U - D - U -,D - U - D - U -,D - U - D - U -,D - - - - - - -,D - U - D - U -,D=abajo; U=arriba; -=silencio/no golpe; x=apagado si aparece,D,-,U,-,D,-,U,-,C [D - U - D - U -],C [D - U - D - U -],C [D - U - D - U -],C [D - U - D - U -],F [D - U - D - U -],F [D - U - D - U -],C [D - U - D - U -],C [D - U - D - U -],G7 [D - U - D - U -],F [D - U - D - U -],C [D - U - D - U -],G7 [D - - - - - - -],,,,,C C C C C C C C,C C C C C C C C,C C C C C C C C,C C C C C C C C,F F F F F F F F,F F F F F F F F,C C C C C C C C,C C C C C C C C,G7 G7 G7 G7 G7 G7 G7 G7,F F F F F F F F,C C C C C C C C,G7 G7 G7 G7 G7 G7 G7 G7,,,,,D - U - D - U -,D - U - D - U -,D - U - D - U -,D - U - D - U -,D - U - D - U -,D - U - D - U -,D - U - D - U -,D - U - D - U -,D - U - D - U -,D - U - D - U -,D - U - D - U -,D - - - - - - -,,,,,C | C | C | C | F | F | C | C | G7 | F | C | G7,acompanamiento_v6_musical_simplificado,"cambios reales de acordes, groove y estructura corta reconocible",V6: max 16 compases; subdivision max 8; no se rellenan compases vacios; 12/8 se trata como shuffle en 4/4 por limite tecnico,no,0,,,Alta utilidad pedagogica; version simplificada. | V6 confianza=alta. 12/8 feel encoded as 4/4 shuffle with 8 subdivisions max. | APP_SAFE: slash chords simplificados a acorde base para evitar fallos de playback.
Si - nueva V5,Nueva incorporacion,Cancion tipica/deseable para acompanar en guitarra con arreglo principiante.,493,Move It On Over,Hank Williams,EN,country shuffle,2,54,88,4/4,shuffle/blues ternario representado en 4/4,8,1 & 2 & 3 & 4 &,C/G/Am segun voz,0-3 opcional,EADGBE,G; C; D,12,D - U - D - U -,D - U - D - U -,D - U - D - U -,D - - - - - - -,D - U - D - U -,D=abajo; U=arriba; -=silencio/no golpe; x=apagado si aparece,D,-,U,-,D,-,U,-,G [D - U - D - U -],G [D - U - D - U -],G [D - U - D - U -],G [D - U - D - U -],C [D - U - D - U -],C [D - U - D - U -],G [D - U - D - U -],G [D - U - D - U -],D [D - U - D - U -],C [D - U - D - U -],G [D - U - D - U -],D [D - - - - - - -],,,,,G G G G G G G G,G G G G G G G G,G G G G G G G G,G G G G G G G G,C C C C C C C C,C C C C C C C C,G G G G G G G G,G G G G G G G G,D D D D D D D D,C C C C C C C C,G G G G G G G G,D D D D D D D D,,,,,D - U - D - U -,D - U - D - U -,D - U - D - U -,D - U - D - U -,D - U - D - U -,D - U - D - U -,D - U - D - U -,D - U - D - U -,D - U - D - U -,D - U - D - U -,D - U - D - U -,D - - - - - - -,,,,,G | G | G | G | C | C | G | G | D | C | G | D,acompanamiento_v6_musical_simplificado,"cambios reales de acordes, groove y estructura corta reconocible",V6: max 16 compases; subdivision max 8; no se rellenan compases vacios; 12/8 se trata como shuffle en 4/4 por limite tecnico,no,0,,,Alta utilidad pedagogica; version simplificada. | V6 confianza=alta. 12/8 feel encoded as 4/4 shuffle with 8 subdivisions max. | APP_SAFE: slash chords simplificados a acorde base para evitar fallos de playback.
Si - nueva V5,Nueva incorporacion,Cancion tipica/deseable para acompanar en guitarra con arreglo principiante.,494,Kansas City,Wilbert Harrison,EN,blues shuffle,2,54,88,4/4,shuffle/blues ternario representado en 4/4,8,1 & 2 & 3 & 4 &,C/G/Am segun voz,0-3 opcional,EADGBE,A; D; E,12,D - U - D - U -,D - U - D - U -,D - U - D - U -,D - - - - - - -,D - U - D - U -,D=abajo; U=arriba; -=silencio/no golpe; x=apagado si aparece,D,-,U,-,D,-,U,-,A [D - U - D - U -],A [D - U - D - U -],A [D - U - D - U -],A [D - U - D - U -],D [D - U - D - U -],D [D - U - D - U -],A [D - U - D - U -],A [D - U - D - U -],E [D - U - D - U -],D [D - U - D - U -],A [D - U - D - U -],E [D - - - - - - -],,,,,A A A A A A A A,A A A A A A A A,A A A A A A A A,A A A A A A A A,D D D D D D D D,D D D D D D D D,A A A A A A A A,A A A A A A A A,E E E E E E E E,D D D D D D D D,A A A A A A A A,E E E E E E E E,,,,,D - U - D - U -,D - U - D - U -,D - U - D - U -,D - U - D - U -,D - U - D - U -,D - U - D - U -,D - U - D - U -,D - U - D - U -,D - U - D - U -,D - U - D - U -,D - U - D - U -,D - - - - - - -,,,,,A | A | A | A | D | D | A | A | E | D | A | E,acompanamiento_v6_musical_simplificado,"cambios reales de acordes, groove y estructura corta reconocible",V6: max 16 compases; subdivision max 8; no se rellenan compases vacios; 12/8 se trata como shuffle en 4/4 por limite tecnico,no,0,,,Alta utilidad pedagogica; version simplificada. | V6 confianza=alta. 12/8 feel encoded as 4/4 shuffle with 8 subdivisions max. | APP_SAFE: slash chords simplificados a acorde base para evitar fallos de playback.
Si - nueva V5,Nueva incorporacion,Cancion tipica/deseable para acompanar en guitarra con arreglo principiante.,495,Messin with the Kid - easy,Junior Wells,EN,blues shuffle,2,54,88,4/4,shuffle/blues ternario representado en 4/4,8,1 & 2 & 3 & 4 &,C/G/Am segun voz,0-3 opcional,EADGBE,E; A; B7,12,D - U - D - U -,D - U - D - U -,D - U - D - U -,D - - - - - - -,D - U - D - U -,D=abajo; U=arriba; -=silencio/no golpe; x=apagado si aparece,D,-,U,-,D,-,U,-,E [D - U - D - U -],E [D - U - D - U -],E [D - U - D - U -],E [D - U - D - U -],A [D - U - D - U -],A [D - U - D - U -],E [D - U - D - U -],E [D - U - D - U -],B7 [D - U - D - U -],A [D - U - D - U -],E [D - U - D - U -],B7 [D - - - - - - -],,,,,E E E E E E E E,E E E E E E E E,E E E E E E E E,E E E E E E E E,A A A A A A A A,A A A A A A A A,E E E E E E E E,E E E E E E E E,B7 B7 B7 B7 B7 B7 B7 B7,A A A A A A A A,E E E E E E E E,B7 B7 B7 B7 B7 B7 B7 B7,,,,,D - U - D - U -,D - U - D - U -,D - U - D - U -,D - U - D - U -,D - U - D - U -,D - U - D - U -,D - U - D - U -,D - U - D - U -,D - U - D - U -,D - U - D - U -,D - U - D - U -,D - - - - - - -,,,,,E | E | E | E | A | A | E | E | B7 | A | E | B7,acompanamiento_v6_musical_simplificado,"cambios reales de acordes, groove y estructura corta reconocible",V6: max 16 compases; subdivision max 8; no se rellenan compases vacios; 12/8 se trata como shuffle en 4/4 por limite tecnico,no,0,,,Alta utilidad pedagogica; version simplificada. | V6 confianza=alta. 12/8 feel encoded as 4/4 shuffle with 8 subdivisions max. | APP_SAFE: slash chords simplificados a acorde base para evitar fallos de playback.
Si - nueva V5,Nueva incorporacion,Cancion tipica/deseable para acompanar en guitarra con arreglo principiante.,496,Boom Boom - easy,John Lee Hooker,EN,blues shuffle,2,54,88,4/4,shuffle/blues ternario representado en 4/4,8,1 & 2 & 3 & 4 &,C/G/Am segun voz,0-3 opcional,EADGBE,E; A; B7,12,D - U - D - U -,D - U - D - U -,D - U - D - U -,D - - - - - - -,D - U - D - U -,D=abajo; U=arriba; -=silencio/no golpe; x=apagado si aparece,D,-,U,-,D,-,U,-,E [D - U - D - U -],E [D - U - D - U -],E [D - U - D - U -],E [D - U - D - U -],A [D - U - D - U -],A [D - U - D - U -],E [D - U - D - U -],E [D - U - D - U -],B7 [D - U - D - U -],A [D - U - D - U -],E [D - U - D - U -],B7 [D - - - - - - -],,,,,E E E E E E E E,E E E E E E E E,E E E E E E E E,E E E E E E E E,A A A A A A A A,A A A A A A A A,E E E E E E E E,E E E E E E E E,B7 B7 B7 B7 B7 B7 B7 B7,A A A A A A A A,E E E E E E E E,B7 B7 B7 B7 B7 B7 B7 B7,,,,,D - U - D - U -,D - U - D - U -,D - U - D - U -,D - U - D - U -,D - U - D - U -,D - U - D - U -,D - U - D - U -,D - U - D - U -,D - U - D - U -,D - U - D - U -,D - U - D - U -,D - - - - - - -,,,,,E | E | E | E | A | A | E | E | B7 | A | E | B7,acompanamiento_v6_musical_simplificado,"cambios reales de acordes, groove y estructura corta reconocible",V6: max 16 compases; subdivision max 8; no se rellenan compases vacios; 12/8 se trata como shuffle en 4/4 por limite tecnico,no,0,,,Alta utilidad pedagogica; version simplificada. | V6 confianza=alta. 12/8 feel encoded as 4/4 shuffle with 8 subdivisions max. | APP_SAFE: slash chords simplificados a acorde base para evitar fallos de playback.
Si - nueva V5,Nueva incorporacion,Cancion tipica/deseable para acompanar en guitarra con arreglo principiante.,497,Dimples - easy,John Lee Hooker,EN,blues shuffle,2,54,88,4/4,shuffle/blues ternario representado en 4/4,8,1 & 2 & 3 & 4 &,C/G/Am segun voz,0-3 opcional,EADGBE,E; A; B7,12,D - U - D - U -,D - U - D - U -,D - U - D - U -,D - - - - - - -,D - U - D - U -,D=abajo; U=arriba; -=silencio/no golpe; x=apagado si aparece,D,-,U,-,D,-,U,-,E [D - U - D - U -],E [D - U - D - U -],E [D - U - D - U -],E [D - U - D - U -],A [D - U - D - U -],A [D - U - D - U -],E [D - U - D - U -],E [D - U - D - U -],B7 [D - U - D - U -],A [D - U - D - U -],E [D - U - D - U -],B7 [D - - - - - - -],,,,,E E E E E E E E,E E E E E E E E,E E E E E E E E,E E E E E E E E,A A A A A A A A,A A A A A A A A,E E E E E E E E,E E E E E E E E,B7 B7 B7 B7 B7 B7 B7 B7,A A A A A A A A,E E E E E E E E,B7 B7 B7 B7 B7 B7 B7 B7,,,,,D - U - D - U -,D - U - D - U -,D - U - D - U -,D - U - D - U -,D - U - D - U -,D - U - D - U -,D - U - D - U -,D - U - D - U -,D - U - D - U -,D - U - D - U -,D - U - D - U -,D - - - - - - -,,,,,E | E | E | E | A | A | E | E | B7 | A | E | B7,acompanamiento_v6_musical_simplificado,"cambios reales de acordes, groove y estructura corta reconocible",V6: max 16 compases; subdivision max 8; no se rellenan compases vacios; 12/8 se trata como shuffle en 4/4 por limite tecnico,no,0,,,Alta utilidad pedagogica; version simplificada. | V6 confianza=alta. 12/8 feel encoded as 4/4 shuffle with 8 subdivisions max. | APP_SAFE: slash chords simplificados a acorde base para evitar fallos de playback.
Si - nueva V5,Nueva incorporacion,Cancion tipica/deseable para acompanar en guitarra con arreglo principiante.,498,Pride and Joy - simplified,Stevie Ray Vaughan,EN,blues shuffle,2,54,88,4/4,shuffle/blues ternario representado en 4/4,8,1 & 2 & 3 & 4 &,C/G/Am segun voz,0-3 opcional,EADGBE,E; A; B7,12,D - U - D - U -,D - U - D - U -,D - U - D - U -,D - - - - - - -,D - U - D - U -,D=abajo; U=arriba; -=silencio/no golpe; x=apagado si aparece,D,-,U,-,D,-,U,-,E [D - U - D - U -],E [D - U - D - U -],E [D - U - D - U -],E [D - U - D - U -],A [D - U - D - U -],A [D - U - D - U -],E [D - U - D - U -],E [D - U - D - U -],B7 [D - U - D - U -],A [D - U - D - U -],E [D - U - D - U -],B7 [D - - - - - - -],,,,,E E E E E E E E,E E E E E E E E,E E E E E E E E,E E E E E E E E,A A A A A A A A,A A A A A A A A,E E E E E E E E,E E E E E E E E,B7 B7 B7 B7 B7 B7 B7 B7,A A A A A A A A,E E E E E E E E,B7 B7 B7 B7 B7 B7 B7 B7,,,,,D - U - D - U -,D - U - D - U -,D - U - D - U -,D - U - D - U -,D - U - D - U -,D - U - D - U -,D - U - D - U -,D - U - D - U -,D - U - D - U -,D - U - D - U -,D - U - D - U -,D - - - - - - -,,,,,E | E | E | E | A | A | E | E | B7 | A | E | B7,acompanamiento_v6_musical_simplificado,"cambios reales de acordes, groove y estructura corta reconocible",V6: max 16 compases; subdivision max 8; no se rellenan compases vacios; 12/8 se trata como shuffle en 4/4 por limite tecnico,no,0,,,Alta utilidad pedagogica; version simplificada. | V6 confianza=alta. 12/8 feel encoded as 4/4 shuffle with 8 subdivisions max. | APP_SAFE: slash chords simplificados a acorde base para evitar fallos de playback.
Si - nueva V5,Nueva incorporacion,Cancion tipica/deseable para acompanar en guitarra con arreglo principiante.,499,Mary Had a Little Lamb - blues easy,Stevie Ray Vaughan,EN,blues shuffle,2,54,88,4/4,shuffle/blues ternario representado en 4/4,8,1 & 2 & 3 & 4 &,C/G/Am segun voz,0-3 opcional,EADGBE,E; A; B7,12,D - U - D - U -,D - U - D - U -,D - U - D - U -,D - - - - - - -,D - U - D - U -,D=abajo; U=arriba; -=silencio/no golpe; x=apagado si aparece,D,-,U,-,D,-,U,-,E [D - U - D - U -],E [D - U - D - U -],E [D - U - D - U -],E [D - U - D - U -],A [D - U - D - U -],A [D - U - D - U -],E [D - U - D - U -],E [D - U - D - U -],B7 [D - U - D - U -],A [D - U - D - U -],E [D - U - D - U -],B7 [D - - - - - - -],,,,,E E E E E E E E,E E E E E E E E,E E E E E E E E,E E E E E E E E,A A A A A A A A,A A A A A A A A,E E E E E E E E,E E E E E E E E,B7 B7 B7 B7 B7 B7 B7 B7,A A A A A A A A,E E E E E E E E,B7 B7 B7 B7 B7 B7 B7 B7,,,,,D - U - D - U -,D - U - D - U -,D - U - D - U -,D - U - D - U -,D - U - D - U -,D - U - D - U -,D - U - D - U -,D - U - D - U -,D - U - D - U -,D - U - D - U -,D - U - D - U -,D - - - - - - -,,,,,E | E | E | E | A | A | E | E | B7 | A | E | B7,acompanamiento_v6_musical_simplificado,"cambios reales de acordes, groove y estructura corta reconocible",V6: max 16 compases; subdivision max 8; no se rellenan compases vacios; 12/8 se trata como shuffle en 4/4 por limite tecnico,no,0,,,Alta utilidad pedagogica; version simplificada. | V6 confianza=alta. | APP_SAFE: slash chords simplificados a acorde base para evitar fallos de playback.
Si - nueva V5,Nueva incorporacion,Cancion tipica/deseable para acompanar en guitarra con arreglo principiante.,500,Crossroads - easy,Robert Johnson / Cream,EN,blues shuffle,2,54,88,4/4,shuffle/blues ternario representado en 4/4,8,1 & 2 & 3 & 4 &,C/G/Am segun voz,0-3 opcional,EADGBE,A; D; E,12,D - U - D - U -,D - U - D - U -,D - U - D - U -,D - - - - - - -,D - U - D - U -,D=abajo; U=arriba; -=silencio/no golpe; x=apagado si aparece,D,-,U,-,D,-,U,-,A [D - U - D - U -],A [D - U - D - U -],A [D - U - D - U -],A [D - U - D - U -],D [D - U - D - U -],D [D - U - D - U -],A [D - U - D - U -],A [D - U - D - U -],E [D - U - D - U -],D [D - U - D - U -],A [D - U - D - U -],E [D - - - - - - -],,,,,A A A A A A A A,A A A A A A A A,A A A A A A A A,A A A A A A A A,D D D D D D D D,D D D D D D D D,A A A A A A A A,A A A A A A A A,E E E E E E E E,D D D D D D D D,A A A A A A A A,E E E E E E E E,,,,,D - U - D - U -,D - U - D - U -,D - U - D - U -,D - U - D - U -,D - U - D - U -,D - U - D - U -,D - U - D - U -,D - U - D - U -,D - U - D - U -,D - U - D - U -,D - U - D - U -,D - - - - - - -,,,,,A | A | A | A | D | D | A | A | E | D | A | E,acompanamiento_v6_musical_simplificado,"cambios reales de acordes, groove y estructura corta reconocible",V6: max 16 compases; subdivision max 8; no se rellenan compases vacios; 12/8 se trata como shuffle en 4/4 por limite tecnico,no,0,,,Alta utilidad pedagogica; version simplificada. | V6 confianza=alta. 12/8 feel encoded as 4/4 shuffle with 8 subdivisions max. | APP_SAFE: slash chords simplificados a acorde base para evitar fallos de playback.
Si - nueva V5,Nueva incorporacion,Cancion tipica/deseable para acompanar en guitarra con arreglo principiante.,501,Sweet Home Chicago - shuffle easy,Robert Johnson,EN,blues shuffle,2,54,88,4/4,shuffle/blues ternario representado en 4/4,8,1 & 2 & 3 & 4 &,C/G/Am segun voz,0-3 opcional,EADGBE,E7; A7; B7,12,D - U - D - U -,D - U - D - U -,D - U - D - U -,D - - - - - - -,D - U - D - U -,D=abajo; U=arriba; -=silencio/no golpe; x=apagado si aparece,D,-,U,-,D,-,U,-,E7 [D - U - D - U -],E7 [D - U - D - U -],E7 [D - U - D - U -],E7 [D - U - D - U -],A7 [D - U - D - U -],A7 [D - U - D - U -],E7 [D - U - D - U -],E7 [D - U - D - U -],B7 [D - U - D - U -],A7 [D - U - D - U -],E7 [D - U - D - U -],B7 [D - - - - - - -],,,,,E7 E7 E7 E7 E7 E7 E7 E7,E7 E7 E7 E7 E7 E7 E7 E7,E7 E7 E7 E7 E7 E7 E7 E7,E7 E7 E7 E7 E7 E7 E7 E7,A7 A7 A7 A7 A7 A7 A7 A7,A7 A7 A7 A7 A7 A7 A7 A7,E7 E7 E7 E7 E7 E7 E7 E7,E7 E7 E7 E7 E7 E7 E7 E7,B7 B7 B7 B7 B7 B7 B7 B7,A7 A7 A7 A7 A7 A7 A7 A7,E7 E7 E7 E7 E7 E7 E7 E7,B7 B7 B7 B7 B7 B7 B7 B7,,,,,D - U - D - U -,D - U - D - U -,D - U - D - U -,D - U - D - U -,D - U - D - U -,D - U - D - U -,D - U - D - U -,D - U - D - U -,D - U - D - U -,D - U - D - U -,D - U - D - U -,D - - - - - - -,,,,,E7 | E7 | E7 | E7 | A7 | A7 | E7 | E7 | B7 | A7 | E7 | B7,acompanamiento_v6_musical_simplificado,"cambios reales de acordes, groove y estructura corta reconocible",V6: max 16 compases; subdivision max 8; no se rellenan compases vacios; 12/8 se trata como shuffle en 4/4 por limite tecnico,no,0,,,Alta utilidad pedagogica; version simplificada. | V6 confianza=alta. | APP_SAFE: slash chords simplificados a acorde base para evitar fallos de playback.
Si - nueva V5,Nueva incorporacion,Cancion tipica/deseable para acompanar en guitarra con arreglo principiante.,502,La Grange - easy,ZZ Top,EN,blues rock shuffle,2,54,88,4/4,shuffle/blues ternario representado en 4/4,8,1 & 2 & 3 & 4 &,C/G/Am segun voz,0-3 opcional,EADGBE,A; D; E,12,D - U - D - U -,D - U - D - U -,D - U - D - U -,D - - - - - - -,D - U - D - U -,D=abajo; U=arriba; -=silencio/no golpe; x=apagado si aparece,D,-,U,-,D,-,U,-,A [D - U - D - U -],A [D - U - D - U -],A [D - U - D - U -],A [D - U - D - U -],D [D - U - D - U -],D [D - U - D - U -],A [D - U - D - U -],A [D - U - D - U -],E [D - U - D - U -],D [D - U - D - U -],A [D - U - D - U -],E [D - - - - - - -],,,,,A A A A A A A A,A A A A A A A A,A A A A A A A A,A A A A A A A A,D D D D D D D D,D D D D D D D D,A A A A A A A A,A A A A A A A A,E E E E E E E E,D D D D D D D D,A A A A A A A A,E E E E E E E E,,,,,D - U - D - U -,D - U - D - U -,D - U - D - U -,D - U - D - U -,D - U - D - U -,D - U - D - U -,D - U - D - U -,D - U - D - U -,D - U - D - U -,D - U - D - U -,D - U - D - U -,D - - - - - - -,,,,,A | A | A | A | D | D | A | A | E | D | A | E,acompanamiento_v6_musical_simplificado,"cambios reales de acordes, groove y estructura corta reconocible",V6: max 16 compases; subdivision max 8; no se rellenan compases vacios; 12/8 se trata como shuffle en 4/4 por limite tecnico,no,0,,,Alta utilidad pedagogica; version simplificada. | V6 confianza=alta. 12/8 feel encoded as 4/4 shuffle with 8 subdivisions max. | APP_SAFE: slash chords simplificados a acorde base para evitar fallos de playback.
Si - nueva V5,Nueva incorporacion,Cancion tipica/deseable para acompanar en guitarra con arreglo principiante.,503,Got My Mojo Working - easy,Muddy Waters,EN,blues shuffle,2,54,88,4/4,shuffle/blues ternario representado en 4/4,8,1 & 2 & 3 & 4 &,C/G/Am segun voz,0-3 opcional,EADGBE,E; A; B7,12,D - U - D - U -,D - U - D - U -,D - U - D - U -,D - - - - - - -,D - U - D - U -,D=abajo; U=arriba; -=silencio/no golpe; x=apagado si aparece,D,-,U,-,D,-,U,-,E [D - U - D - U -],E [D - U - D - U -],E [D - U - D - U -],E [D - U - D - U -],A [D - U - D - U -],A [D - U - D - U -],E [D - U - D - U -],E [D - U - D - U -],B7 [D - U - D - U -],A [D - U - D - U -],E [D - U - D - U -],B7 [D - - - - - - -],,,,,E E E E E E E E,E E E E E E E E,E E E E E E E E,E E E E E E E E,A A A A A A A A,A A A A A A A A,E E E E E E E E,E E E E E E E E,B7 B7 B7 B7 B7 B7 B7 B7,A A A A A A A A,E E E E E E E E,B7 B7 B7 B7 B7 B7 B7 B7,,,,,D - U - D - U -,D - U - D - U -,D - U - D - U -,D - U - D - U -,D - U - D - U -,D - U - D - U -,D - U - D - U -,D - U - D - U -,D - U - D - U -,D - U - D - U -,D - U - D - U -,D - - - - - - -,,,,,E | E | E | E | A | A | E | E | B7 | A | E | B7,acompanamiento_v6_musical_simplificado,"cambios reales de acordes, groove y estructura corta reconocible",V6: max 16 compases; subdivision max 8; no se rellenan compases vacios; 12/8 se trata como shuffle en 4/4 por limite tecnico,no,0,,,Alta utilidad pedagogica; version simplificada. | V6 confianza=alta. 12/8 feel encoded as 4/4 shuffle with 8 subdivisions max. | APP_SAFE: slash chords simplificados a acorde base para evitar fallos de playback.
Si - nueva V5,Nueva incorporacion,Cancion tipica/deseable para acompanar en guitarra con arreglo principiante.,504,I Just Want to Make Love to You - easy,Muddy Waters,EN,blues shuffle,2,54,88,4/4,shuffle/blues ternario representado en 4/4,8,1 & 2 & 3 & 4 &,C/G/Am segun voz,0-3 opcional,EADGBE,E; A; B7,12,D - U - D - U -,D - U - D - U -,D - U - D - U -,D - - - - - - -,D - U - D - U -,D=abajo; U=arriba; -=silencio/no golpe; x=apagado si aparece,D,-,U,-,D,-,U,-,E [D - U - D - U -],E [D - U - D - U -],E [D - U - D - U -],E [D - U - D - U -],A [D - U - D - U -],A [D - U - D - U -],E [D - U - D - U -],E [D - U - D - U -],B7 [D - U - D - U -],A [D - U - D - U -],E [D - U - D - U -],B7 [D - - - - - - -],,,,,E E E E E E E E,E E E E E E E E,E E E E E E E E,E E E E E E E E,A A A A A A A A,A A A A A A A A,E E E E E E E E,E E E E E E E E,B7 B7 B7 B7 B7 B7 B7 B7,A A A A A A A A,E E E E E E E E,B7 B7 B7 B7 B7 B7 B7 B7,,,,,D - U - D - U -,D - U - D - U -,D - U - D - U -,D - U - D - U -,D - U - D - U -,D - U - D - U -,D - U - D - U -,D - U - D - U -,D - U - D - U -,D - U - D - U -,D - U - D - U -,D - - - - - - -,,,,,E | E | E | E | A | A | E | E | B7 | A | E | B7,acompanamiento_v6_musical_simplificado,"cambios reales de acordes, groove y estructura corta reconocible",V6: max 16 compases; subdivision max 8; no se rellenan compases vacios; 12/8 se trata como shuffle en 4/4 por limite tecnico,no,0,,,Alta utilidad pedagogica; version simplificada. | V6 confianza=alta. 12/8 feel encoded as 4/4 shuffle with 8 subdivisions max. | APP_SAFE: slash chords simplificados a acorde base para evitar fallos de playback.
Si - nueva V5,Nueva incorporacion,Cancion tipica/deseable para acompanar en guitarra con arreglo principiante.,505,Hoochie Coochie Man - easy,Muddy Waters,EN,blues shuffle,2,54,88,4/4,shuffle/blues ternario representado en 4/4,8,1 & 2 & 3 & 4 &,C/G/Am segun voz,0-3 opcional,EADGBE,A; D; E,12,D - U - D - U -,D - U - D - U -,D - U - D - U -,D - - - - - - -,D - U - D - U -,D=abajo; U=arriba; -=silencio/no golpe; x=apagado si aparece,D,-,U,-,D,-,U,-,A [D - U - D - U -],A [D - U - D - U -],A [D - U - D - U -],A [D - U - D - U -],D [D - U - D - U -],D [D - U - D - U -],A [D - U - D - U -],A [D - U - D - U -],E [D - U - D - U -],D [D - U - D - U -],A [D - U - D - U -],E [D - - - - - - -],,,,,A A A A A A A A,A A A A A A A A,A A A A A A A A,A A A A A A A A,D D D D D D D D,D D D D D D D D,A A A A A A A A,A A A A A A A A,E E E E E E E E,D D D D D D D D,A A A A A A A A,E E E E E E E E,,,,,D - U - D - U -,D - U - D - U -,D - U - D - U -,D - U - D - U -,D - U - D - U -,D - U - D - U -,D - U - D - U -,D - U - D - U -,D - U - D - U -,D - U - D - U -,D - U - D - U -,D - - - - - - -,,,,,A | A | A | A | D | D | A | A | E | D | A | E,acompanamiento_v6_musical_simplificado,"cambios reales de acordes, groove y estructura corta reconocible",V6: max 16 compases; subdivision max 8; no se rellenan compases vacios; 12/8 se trata como shuffle en 4/4 por limite tecnico,no,0,,,Alta utilidad pedagogica; version simplificada. | V6 confianza=alta. 12/8 feel encoded as 4/4 shuffle with 8 subdivisions max. | APP_SAFE: slash chords simplificados a acorde base para evitar fallos de playback.
Si - nueva V5,Nueva incorporacion,Cancion tipica/deseable para acompanar en guitarra con arreglo principiante.,506,Spoonful - easy,Howlin Wolf,EN,blues shuffle,2,54,88,4/4,shuffle/blues ternario representado en 4/4,8,1 & 2 & 3 & 4 &,C/G/Am segun voz,0-3 opcional,EADGBE,E; A; B7,12,D - U - D - U -,D - U - D - U -,D - U - D - U -,D - - - - - - -,D - U - D - U -,D=abajo; U=arriba; -=silencio/no golpe; x=apagado si aparece,D,-,U,-,D,-,U,-,E [D - U - D - U -],E [D - U - D - U -],E [D - U - D - U -],E [D - U - D - U -],A [D - U - D - U -],A [D - U - D - U -],E [D - U - D - U -],E [D - U - D - U -],B7 [D - U - D - U -],A [D - U - D - U -],E [D - U - D - U -],B7 [D - - - - - - -],,,,,E E E E E E E E,E E E E E E E E,E E E E E E E E,E E E E E E E E,A A A A A A A A,A A A A A A A A,E E E E E E E E,E E E E E E E E,B7 B7 B7 B7 B7 B7 B7 B7,A A A A A A A A,E E E E E E E E,B7 B7 B7 B7 B7 B7 B7 B7,,,,,D - U - D - U -,D - U - D - U -,D - U - D - U -,D - U - D - U -,D - U - D - U -,D - U - D - U -,D - U - D - U -,D - U - D - U -,D - U - D - U -,D - U - D - U -,D - U - D - U -,D - - - - - - -,,,,,E | E | E | E | A | A | E | E | B7 | A | E | B7,acompanamiento_v6_musical_simplificado,"cambios reales de acordes, groove y estructura corta reconocible",V6: max 16 compases; subdivision max 8; no se rellenan compases vacios; 12/8 se trata como shuffle en 4/4 por limite tecnico,no,0,,,Alta utilidad pedagogica; version simplificada. | V6 confianza=alta. 12/8 feel encoded as 4/4 shuffle with 8 subdivisions max. | APP_SAFE: slash chords simplificados a acorde base para evitar fallos de playback.
Si - nueva V5,Nueva incorporacion,Cancion tipica/deseable para acompanar en guitarra con arreglo principiante.,507,Smokestack Lightning - easy,Howlin Wolf,EN,blues shuffle,2,54,88,4/4,shuffle/blues ternario representado en 4/4,8,1 & 2 & 3 & 4 &,C/G/Am segun voz,0-3 opcional,EADGBE,E; A,4,D - U - D - U -,D - U - D - U -,D - U - D - U -,D - - - - - - -,D - U - D - U -,D=abajo; U=arriba; -=silencio/no golpe; x=apagado si aparece,D,-,U,-,D,-,U,-,E [D - U - D - U -],E [D - U - D - U -],A [D - U - D - U -],E [D - U - D - U -],,,,,,,,,,,,,E E E E E E E E,E E E E E E E E,A A A A A A A A,E E E E E E E E,,,,,,,,,,,,,D - U - D - U -,D - U - D - U -,D - U - D - U -,D - U - D - U -,,,,,,,,,,,,,E | E | A | E,acompanamiento_v6_musical_simplificado,"cambios reales de acordes, groove y estructura corta reconocible",V6: max 16 compases; subdivision max 8; no se rellenan compases vacios; 12/8 se trata como shuffle en 4/4 por limite tecnico,no,0,,,Alta utilidad pedagogica; version simplificada. | V6 confianza=alta. Drone/blues feel simplified. | APP_SAFE: slash chords simplificados a acorde base para evitar fallos de playback.
Si - nueva V5,Nueva incorporacion,Cancion tipica/deseable para acompanar en guitarra con arreglo principiante.,508,Dust My Broom - easy,Elmore James,EN,blues shuffle,2,54,88,4/4,shuffle/blues ternario representado en 4/4,8,1 & 2 & 3 & 4 &,C/G/Am segun voz,0-3 opcional,EADGBE,E; A; B7,12,D - U - D - U -,D - U - D - U -,D - U - D - U -,D - - - - - - -,D - U - D - U -,D=abajo; U=arriba; -=silencio/no golpe; x=apagado si aparece,D,-,U,-,D,-,U,-,E [D - U - D - U -],E [D - U - D - U -],E [D - U - D - U -],E [D - U - D - U -],A [D - U - D - U -],A [D - U - D - U -],E [D - U - D - U -],E [D - U - D - U -],B7 [D - U - D - U -],A [D - U - D - U -],E [D - U - D - U -],B7 [D - - - - - - -],,,,,E E E E E E E E,E E E E E E E E,E E E E E E E E,E E E E E E E E,A A A A A A A A,A A A A A A A A,E E E E E E E E,E E E E E E E E,B7 B7 B7 B7 B7 B7 B7 B7,A A A A A A A A,E E E E E E E E,B7 B7 B7 B7 B7 B7 B7 B7,,,,,D - U - D - U -,D - U - D - U -,D - U - D - U -,D - U - D - U -,D - U - D - U -,D - U - D - U -,D - U - D - U -,D - U - D - U -,D - U - D - U -,D - U - D - U -,D - U - D - U -,D - - - - - - -,,,,,E | E | E | E | A | A | E | E | B7 | A | E | B7,acompanamiento_v6_musical_simplificado,"cambios reales de acordes, groove y estructura corta reconocible",V6: max 16 compases; subdivision max 8; no se rellenan compases vacios; 12/8 se trata como shuffle en 4/4 por limite tecnico,no,0,,,Alta utilidad pedagogica; version simplificada. | V6 confianza=alta. 12/8 feel encoded as 4/4 shuffle with 8 subdivisions max. | APP_SAFE: slash chords simplificados a acorde base para evitar fallos de playback.
Si - nueva V5,Nueva incorporacion,Cancion tipica/deseable para acompanar en guitarra con arreglo principiante.,509,Key to the Highway - easy,Big Bill Broonzy,EN,blues 12/8,2,54,88,4/4,shuffle/blues ternario representado en 4/4,8,1 & 2 & 3 & 4 &,C/G/Am segun voz,0-3 opcional,EADGBE,A; D; E,12,D - U - D - U -,D - U - D - U -,D - U - D - U -,D - - - - - - -,D - U - D - U -,D=abajo; U=arriba; -=silencio/no golpe; x=apagado si aparece,D,-,U,-,D,-,U,-,A [D - U - D - U -],A [D - U - D - U -],A [D - U - D - U -],A [D - U - D - U -],D [D - U - D - U -],D [D - U - D - U -],A [D - U - D - U -],A [D - U - D - U -],E [D - U - D - U -],D [D - U - D - U -],A [D - U - D - U -],E [D - - - - - - -],,,,,A A A A A A A A,A A A A A A A A,A A A A A A A A,A A A A A A A A,D D D D D D D D,D D D D D D D D,A A A A A A A A,A A A A A A A A,E E E E E E E E,D D D D D D D D,A A A A A A A A,E E E E E E E E,,,,,D - U - D - U -,D - U - D - U -,D - U - D - U -,D - U - D - U -,D - U - D - U -,D - U - D - U -,D - U - D - U -,D - U - D - U -,D - U - D - U -,D - U - D - U -,D - U - D - U -,D - - - - - - -,,,,,A | A | A | A | D | D | A | A | E | D | A | E,acompanamiento_v6_musical_simplificado,"cambios reales de acordes, groove y estructura corta reconocible",V6: max 16 compases; subdivision max 8; no se rellenan compases vacios; 12/8 se trata como shuffle en 4/4 por limite tecnico,no,0,,,Alta utilidad pedagogica; version simplificada. | V6 confianza=alta. 12/8 feel encoded as 4/4 shuffle with 8 subdivisions max. | APP_SAFE: slash chords simplificados a acorde base para evitar fallos de playback.
Si - nueva V5,Nueva incorporacion,Cancion tipica/deseable para acompanar en guitarra con arreglo principiante.,510,Further On Up the Road - easy,Bobby Bland,EN,blues shuffle,2,54,88,4/4,shuffle/blues ternario representado en 4/4,8,1 & 2 & 3 & 4 &,C/G/Am segun voz,0-3 opcional,EADGBE,G; C; D,12,D - U - D - U -,D - U - D - U -,D - U - D - U -,D - - - - - - -,D - U - D - U -,D=abajo; U=arriba; -=silencio/no golpe; x=apagado si aparece,D,-,U,-,D,-,U,-,G [D - U - D - U -],G [D - U - D - U -],G [D - U - D - U -],G [D - U - D - U -],C [D - U - D - U -],C [D - U - D - U -],G [D - U - D - U -],G [D - U - D - U -],D [D - U - D - U -],C [D - U - D - U -],G [D - U - D - U -],D [D - - - - - - -],,,,,G G G G G G G G,G G G G G G G G,G G G G G G G G,G G G G G G G G,C C C C C C C C,C C C C C C C C,G G G G G G G G,G G G G G G G G,D D D D D D D D,C C C C C C C C,G G G G G G G G,D D D D D D D D,,,,,D - U - D - U -,D - U - D - U -,D - U - D - U -,D - U - D - U -,D - U - D - U -,D - U - D - U -,D - U - D - U -,D - U - D - U -,D - U - D - U -,D - U - D - U -,D - U - D - U -,D - - - - - - -,,,,,G | G | G | G | C | C | G | G | D | C | G | D,acompanamiento_v6_musical_simplificado,"cambios reales de acordes, groove y estructura corta reconocible",V6: max 16 compases; subdivision max 8; no se rellenan compases vacios; 12/8 se trata como shuffle en 4/4 por limite tecnico,no,0,,,Alta utilidad pedagogica; version simplificada. | V6 confianza=alta. 12/8 feel encoded as 4/4 shuffle with 8 subdivisions max. | APP_SAFE: slash chords simplificados a acorde base para evitar fallos de playback.
Si - nueva V5,Nueva incorporacion,Cancion tipica/deseable para acompanar en guitarra con arreglo principiante.,511,Shake Rattle and Roll,Big Joe Turner,EN,rock and roll shuffle,2,54,88,4/4,shuffle/blues ternario representado en 4/4,8,1 & 2 & 3 & 4 &,C/G/Am segun voz,0-3 opcional,EADGBE,C; F; G,12,D - U - D - U -,D - U - D - U -,D - U - D - U -,D - - - - - - -,D - U - D - U -,D=abajo; U=arriba; -=silencio/no golpe; x=apagado si aparece,D,-,U,-,D,-,U,-,C [D - U - D - U -],C [D - U - D - U -],C [D - U - D - U -],C [D - U - D - U -],F [D - U - D - U -],F [D - U - D - U -],C [D - U - D - U -],C [D - U - D - U -],G [D - U - D - U -],F [D - U - D - U -],C [D - U - D - U -],G [D - - - - - - -],,,,,C C C C C C C C,C C C C C C C C,C C C C C C C C,C C C C C C C C,F F F F F F F F,F F F F F F F F,C C C C C C C C,C C C C C C C C,G G G G G G G G,F F F F F F F F,C C C C C C C C,G G G G G G G G,,,,,D - U - D - U -,D - U - D - U -,D - U - D - U -,D - U - D - U -,D - U - D - U -,D - U - D - U -,D - U - D - U -,D - U - D - U -,D - U - D - U -,D - U - D - U -,D - U - D - U -,D - - - - - - -,,,,,C | C | C | C | F | F | C | C | G | F | C | G,acompanamiento_v6_musical_simplificado,"cambios reales de acordes, groove y estructura corta reconocible",V6: max 16 compases; subdivision max 8; no se rellenan compases vacios; 12/8 se trata como shuffle en 4/4 por limite tecnico,no,0,,,Alta utilidad pedagogica; version simplificada. | V6 confianza=alta. 12/8 feel encoded as 4/4 shuffle with 8 subdivisions max. | APP_SAFE: slash chords simplificados a acorde base para evitar fallos de playback.
